station_id,n_active_seasons,coverage,first_active,last_active,max_gap_seasons,median_obs,min_obs,max_obs,cv_obs,n_seasons_any_obs,ok_coverage,ok_gap,ok_starts_early,ok_ends_late,ok_density,ok_stability,selected,fail_reasons,period,n_seasons_in_period,station_name,latitude,longitude,elevation_m
0-20000-0-11423,49,1.0,1976.0,2024.0,0,21.0,12.0,25.0,0.1608250371066138,49,True,True,True,True,True,True,True,,1976-2025,49,Přimda,49.669444,12.678056,742.76
0-20000-0-11457,49,1.0,1976.0,2024.0,0,23.0,17.0,26.0,0.08737475377203248,49,True,True,True,True,True,True,True,,1976-2025,49,Churáňov,49.068333,13.615278,1117.8
0-20000-0-11487,49,1.0,1976.0,2024.0,0,21.0,13.0,26.0,0.14033749634964152,49,True,True,True,True,True,True,True,,1976-2025,49,Kocelovice,49.467222,13.838611,519.0
0-20000-0-11628,49,1.0,1976.0,2024.0,0,22.0,11.0,26.0,0.1762147432599994,49,True,True,True,True,True,True,True,,1976-2025,49,Košetice  Křešín  Kramolín,49.573504,15.08046,532.29
0-20000-0-11659,49,1.0,1976.0,2024.0,0,22.0,13.0,26.0,0.14787609340160796,49,True,True,True,True,True,True,True,,1976-2025,49,Přibyslav  Hřiště,49.582785,15.7625,532.5
0-20000-0-11766,49,1.0,1976.0,2024.0,0,22.0,16.0,26.0,0.10336947754225546,49,True,True,True,True,True,True,True,,1976-2025,49,Červená,49.777222,17.541944,748.13
0-20000-0-11782,49,1.0,1976.0,2024.0,0,23.0,11.0,26.0,0.16311915523570852,49,True,True,True,True,True,True,True,,1976-2025,49,Mošnov,49.691944,18.112778,252.8
0-20000-0-11787,49,1.0,1976.0,2024.0,0,25.0,16.0,26.0,0.08842207340620771,49,True,True,True,True,True,True,True,,1976-2025,49,Lysá hora,49.546111,18.4475,1322.03
0-203-0-10406025001,49,1.0,1976.0,2024.0,0,23.0,11.0,26.0,0.16502792387167256,49,True,True,True,True,True,True,True,,1976-2025,49,Dolní Chvatliny,49.983593,15.065951,290.0
0-203-0-10501025001,49,1.0,1976.0,2024.0,0,24.0,16.0,26.0,0.0832881569084059,49,True,True,True,True,True,True,True,,1976-2025,49,Jilemnice,50.6014,15.5125,462.0
0-203-0-10501036001,49,1.0,1976.0,2024.0,0,22.0,12.0,26.0,0.11395820472681094,49,True,True,True,True,True,True,True,,1976-2025,49,Nová Paka,50.49,15.5136,450.0
0-203-0-10601011001,49,1.0,1976.0,2024.0,0,22.0,13.0,26.0,0.14531893546652352,49,True,True,True,True,True,True,True,,1976-2025,49,Borová Lada,48.99055,13.661958,898.0
0-203-0-10601050001,49,1.0,1976.0,2024.0,0,23.0,13.0,26.0,0.15800815335878365,49,True,True,True,True,True,True,True,,1976-2025,49,Stožec,48.8570531,13.8217247,797.0
0-203-0-10801005002,49,1.0,1976.0,2024.0,0,24.0,18.0,26.0,0.07173211065772077,49,True,True,True,True,True,True,True,,1976-2025,49,Filipova Huť,49.0298283,13.5197133,1110.0
0-203-0-10801069001,49,1.0,1976.0,2024.0,0,21.0,15.0,26.0,0.12162606385262999,49,True,True,True,True,True,True,True,,1976-2025,49,Čachrov,49.264136,13.301694,729.0
0-203-0-10801117001,49,1.0,1976.0,2024.0,0,22.0,10.0,26.0,0.1355604901636684,49,True,True,True,True,True,True,True,,1976-2025,49,Chanovice,49.4031031,13.7176939,533.0
0-203-0-10802009001,49,1.0,1976.0,2024.0,0,20.0,10.0,26.0,0.17027743411918125,49,True,True,True,True,True,True,True,,1976-2025,49,Vimperk,49.0657822,13.7824278,637.0
0-203-0-10901012001,49,1.0,1976.0,2024.0,0,22.0,12.0,25.0,0.13144019785128216,49,True,True,True,True,True,True,True,,1976-2025,49,Nížkov,49.5325,15.8067,531.0
0-203-0-10901046001,49,1.0,1976.0,2024.0,0,24.0,13.0,26.0,0.10553026196275186,49,True,True,True,True,True,True,True,,1976-2025,49,Polná,49.4864,15.7061,490.0
0-203-0-10901060001,49,1.0,1976.0,2024.0,0,23.0,11.0,26.0,0.12326961883542747,49,True,True,True,True,True,True,True,,1976-2025,49,Štoky,49.501462,15.590799,530.0
0-203-0-10901104001,49,1.0,1976.0,2024.0,0,23.0,12.0,26.0,0.11125414712285238,49,True,True,True,True,True,True,True,,1976-2025,49,Habry,49.751989,15.486748,470.0
0-203-0-10901110001,49,1.0,1976.0,2024.0,0,23.0,10.0,26.0,0.12481476396347406,49,True,True,True,True,True,True,True,,1976-2025,49,Světlá nad Sázavou,49.6728,15.4075,410.0
0-203-0-10901127001,49,1.0,1976.0,2024.0,0,23.0,11.0,26.0,0.16663805503296567,49,True,True,True,True,True,True,True,,1976-2025,49,Ledeč nad Sázavou,49.698597,15.284048,408.0
0-203-0-10901141001,49,1.0,1976.0,2024.0,0,24.0,11.0,26.0,0.12959945363528064,49,True,True,True,True,True,True,True,,1976-2025,49,Řendějov  Nový Samechov,49.76873,15.08814,444.0
0-203-0-11001016001,49,1.0,1976.0,2024.0,0,22.0,12.0,26.0,0.1488662618309989,49,True,True,True,True,True,True,True,,1976-2025,49,Tachov,49.798357,12.623135,487.0
0-203-0-11001058001,49,1.0,1976.0,2024.0,0,22.0,13.0,26.0,0.14973705642401883,49,True,True,True,True,True,True,True,,1976-2025,49,Tři Sekery,49.943647,12.616463,672.0
0-203-0-11002086001,49,1.0,1976.0,2024.0,0,23.0,15.0,26.0,0.09190874908227951,49,True,True,True,True,True,True,True,,1976-2025,49,Chudenice,49.465405,13.176262,490.0
0-203-0-11002097001,49,1.0,1976.0,2024.0,0,23.0,17.0,26.0,0.08409403268457223,49,True,True,True,True,True,True,True,,1976-2025,49,Dnešice,49.601994,13.269301,378.0
0-203-0-11005011001,49,1.0,1976.0,2024.0,0,23.0,11.0,26.0,0.1589791815467964,49,True,True,True,True,True,True,True,,1976-2025,49,Žinkovy,49.486555,13.491503,475.0
0-203-0-11102023001,49,1.0,1976.0,2024.0,0,22.0,10.0,26.0,0.1732359677267592,49,True,True,True,True,True,True,True,,1976-2025,49,Žlutice,50.09822,13.160412,569.0
0-203-0-11102028001,49,1.0,1976.0,2024.0,0,22.0,12.0,26.0,0.14778854254341572,49,True,True,True,True,True,True,True,,1976-2025,49,Verušičky,50.140984,13.172377,582.0
0-203-0-11102036001,49,1.0,1976.0,2024.0,0,23.0,14.0,25.0,0.11433522368111951,49,True,True,True,True,True,True,True,,1976-2025,49,Bezvěrov,49.993664,13.054363,699.0
0-203-0-11301046001,49,1.0,1976.0,2024.0,0,22.0,10.0,26.0,0.15946478041953208,49,True,True,True,True,True,True,True,,1976-2025,49,Luby,50.256881,12.400238,524.0
0-203-0-11301161001,49,1.0,1976.0,2024.0,0,23.0,16.0,26.0,0.11392408589265472,49,True,True,True,True,True,True,True,,1976-2025,49,Nejdek,50.335684,12.715486,609.0
0-203-0-11401097301,49,1.0,1976.0,2024.0,0,22.0,10.0,26.0,0.193030812396778,49,True,True,True,True,True,True,True,,1976-2025,49,Dubí,50.68056,13.80214,402.0
0-203-0-11453,49,1.0,1976.0,2024.0,0,22.0,12.0,26.0,0.1616635236074649,49,True,True,True,True,True,True,True,,1976-2025,49,Hojsova Stráž,49.212473,13.197146,866.0
0-203-0-11483,49,1.0,1976.0,2024.0,0,22.0,16.0,26.0,0.10482630199530271,49,True,True,True,True,True,True,True,,1976-2025,49,Rožmitál pod Třemšínem,49.605,13.8664,524.0
0-203-0-11497,49,1.0,1976.0,2024.0,0,22.0,17.0,26.0,0.1005738945144118,49,True,True,True,True,True,True,True,,1976-2025,49,Husinec,49.0522,13.9883,483.0
0-203-0-11528,49,1.0,1976.0,2024.0,0,21.0,14.0,25.0,0.13023122011636898,49,True,True,True,True,True,True,True,,1976-2025,49,Nadějkov  Větrov,49.5169,14.4653,616.0
0-203-0-11542,49,1.0,1976.0,2024.0,0,23.0,17.0,26.0,0.07471603372852482,49,True,True,True,True,True,True,True,,1976-2025,49,České Budějovice  ul. S.K.Neumanna,48.9644,14.4672,388.0
0-203-0-11549,49,1.0,1976.0,2024.0,0,22.0,17.0,26.0,0.09973810951167256,49,True,True,True,True,True,True,True,,1976-2025,49,Vyšší Brod,48.6177092,14.3141131,559.0
0-203-0-11644,49,1.0,1976.0,2024.0,0,24.0,16.0,26.0,0.11148690280977158,49,True,True,True,True,True,True,True,,1976-2025,49,Benecko,50.6713,15.5499,780.0
0-203-0-11685,49,1.0,1976.0,2024.0,0,20.0,11.0,25.0,0.14359707769981928,49,True,True,True,True,True,True,True,,1976-2025,49,Nedvězí,49.6344,16.3097,722.0
0-203-0-11703,49,1.0,1976.0,2024.0,0,23.0,13.0,26.0,0.11228320211604609,49,True,True,True,True,True,True,True,,1976-2025,49,Staré Město pod Sněžníkem  Kunčice,50.1925131,16.943146,649.0
0-203-0-11765,49,1.0,1976.0,2024.0,0,23.0,11.0,26.0,0.15089228536744623,49,True,True,True,True,True,True,True,,1976-2025,49,Bělotín,49.5869,17.8042,306.0
0-203-0-11781,49,1.0,1976.0,2024.0,0,23.0,15.0,26.0,0.09732099459378067,49,True,True,True,True,True,True,True,,1976-2025,49,Bohumín  Záblatí,49.882,18.3692,237.0
0-203-0-11789,49,1.0,1976.0,2024.0,0,24.0,13.0,26.0,0.15308825656526612,49,True,True,True,True,True,True,True,,1976-2025,49,Huslenky  Kychová,49.3,18.1261,450.0
0-203-0-11790,49,1.0,1976.0,2024.0,0,21.0,15.0,25.0,0.11823037643177622,49,True,True,True,True,True,True,True,,1976-2025,49,Ostrava  Poruba,49.825331,18.15942,240.0
0-203-0-11792,49,1.0,1976.0,2024.0,0,23.0,12.0,26.0,0.15655833962560692,49,True,True,True,True,True,True,True,,1976-2025,49,Jablunkov  Návsí,49.5875,18.7503,380.0
0-203-0-11794,49,1.0,1976.0,2024.0,0,23.0,14.0,26.0,0.11884171583905069,49,True,True,True,True,True,True,True,,1976-2025,49,Horní Bečva,49.4311,18.2983,565.0
0-203-0-11798,49,1.0,1976.0,2024.0,0,21.0,11.0,26.0,0.1723191154544974,49,True,True,True,True,True,True,True,,1976-2025,49,Mořkov,49.5414,18.057778,345.0
0-203-0-20101147002,49,1.0,1976.0,2024.0,0,23.0,12.0,26.0,0.16142600046050287,49,True,True,True,True,True,True,True,,1976-2025,49,Hukvaldy  Rychaltice,49.6428,18.2208,292.0
0-203-0-20202005001,49,1.0,1976.0,2024.0,0,20.0,10.0,26.0,0.17148301798231078,49,True,True,True,True,True,True,True,,1976-2025,49,Malá Morávka  Karlov,50.025278,17.259444,775.0
0-203-0-20301008002,49,1.0,1976.0,2024.0,0,23.0,17.0,25.0,0.09287928872930432,49,True,True,True,True,True,True,True,,1976-2025,49,Staré Hamry  Samčanka,49.468936,18.43389,527.0
0-203-0-20408003001,49,1.0,1976.0,2024.0,0,22.0,10.0,25.0,0.1967520091154639,49,True,True,True,True,True,True,True,,1976-2025,49,Rumburk,50.95156,14.57086,390.0
0-203-0-40202009001,49,1.0,1976.0,2024.0,0,23.0,11.0,26.0,0.14044168141158106,49,True,True,True,True,True,True,True,,1976-2025,49,Všeruby,49.343587,12.983841,445.0
0-203-0-41001078001,49,1.0,1976.0,2024.0,0,24.0,12.0,26.0,0.13997616602902532,49,True,True,True,True,True,True,True,,1976-2025,49,Velké Losiny,50.038056,17.051365,411.0
0-203-0-41501010001,49,1.0,1976.0,2024.0,0,22.0,11.0,26.0,0.16561736717249348,49,True,True,True,True,True,True,True,,1976-2025,49,Polička,49.716111,16.269167,552.0
0-203-0-41501048001,49,1.0,1976.0,2024.0,0,21.0,11.0,26.0,0.1923450744189812,49,True,True,True,True,True,True,True,,1976-2025,49,Olešnice,49.5586,16.4166,543.0
0-20000-0-11464,48,0.9795918367346939,1976.0,2024.0,1,20.0,11.0,26.0,0.17394789647186315,49,True,True,True,True,True,True,True,,1976-2025,49,Milešovka,50.555,13.93083,830.5
0-20000-0-11603,48,0.9795918367346939,1977.0,2024.0,1,22.0,12.0,26.0,0.16163316530805935,49,True,True,True,True,True,True,True,,1976-2025,49,Liberec,50.76972,15.02389,397.72
0-20000-0-11710,48,0.9795918367346939,1976.0,2024.0,1,22.0,10.0,26.0,0.18244633640811142,49,True,True,True,True,True,True,True,,1976-2025,49,Luká,49.652222,16.953333,510.0
0-203-0-10407027001,48,0.9795918367346939,1976.0,2024.0,1,23.0,11.0,26.0,0.1368571289729076,48,True,True,True,True,True,True,True,,1976-2025,49,Kostomlaty nad Labem,50.181641,14.961299,185.0
0-203-0-10501063001,48,0.9795918367346939,1976.0,2024.0,1,23.0,10.0,26.0,0.14957917872662235,49,True,True,True,True,True,True,True,,1976-2025,49,Smržovka,50.7294,15.2511,550.0
0-203-0-10502005001,48,0.9795918367346939,1976.0,2024.0,1,23.0,11.0,26.0,0.16045342329852402,49,True,True,True,True,True,True,True,,1976-2025,49,Železný Brod,50.6408,15.2517,290.0
0-203-0-10502072001,48,0.9795918367346939,1976.0,2024.0,1,22.0,11.0,25.0,0.11065002108821248,49,True,True,True,True,True,True,True,,1976-2025,49,Bakov nad Jizerou,50.4804,14.9391,220.0
0-203-0-10502101001,48,0.9795918367346939,1976.0,2024.0,1,24.0,12.0,26.0,0.11614388969802437,49,True,True,True,True,True,True,True,,1976-2025,49,Mladá Boleslav,50.42267,14.91405,221.0
0-203-0-10504033001,48,0.9795918367346939,1976.0,2024.0,1,23.0,11.0,26.0,0.13702135361132362,49,True,True,True,True,True,True,True,,1976-2025,49,Bašť  Baštěk,50.205,14.4622,230.0
0-203-0-10504037001,48,0.9795918367346939,1976.0,2024.0,1,22.0,14.0,26.0,0.1323628642189982,49,True,True,True,True,True,True,True,,1976-2025,49,Mšeno,50.44061,14.63399,340.0
0-203-0-10602014001,48,0.9795918367346939,1976.0,2024.0,1,22.0,10.0,25.0,0.1386935080717867,49,True,True,True,True,True,True,True,,1976-2025,49,Malonty,48.6854828,14.5802869,694.0
0-203-0-10602032201,48,0.9795918367346939,1976.0,2024.0,1,21.0,15.0,25.0,0.1043353126676414,49,True,True,True,True,True,True,True,,1976-2025,49,Soběnov,48.7476228,14.5355644,526.0
0-203-0-10702007001,48,0.9795918367346939,1976.0,2024.0,1,22.0,15.0,26.0,0.11103779180989123,49,True,True,True,True,True,True,True,,1976-2025,49,Hranice,48.8188419,14.8469519,479.0
0-203-0-10702028001,48,0.9795918367346939,1976.0,2024.0,1,22.0,12.0,26.0,0.13762456472134577,48,True,True,True,True,True,True,True,,1976-2025,49,Chlum u Třeboně,48.9581153,14.9351097,462.0
0-203-0-10703011001,48,0.9795918367346939,1976.0,2024.0,1,23.0,19.0,26.0,0.07697753197984936,49,True,True,True,True,True,True,True,,1976-2025,49,Kamenice nad Lipou  Vodná,49.2831,15.0633,557.0
0-203-0-10703017001,48,0.9795918367346939,1976.0,2024.0,1,22.0,11.0,26.0,0.13792631597723928,49,True,True,True,True,True,True,True,,1976-2025,49,Nová Včelnice,49.2229981,15.0685064,509.0
0-203-0-10703027001,48,0.9795918367346939,1976.0,2024.0,1,23.0,19.0,26.0,0.08870532754677876,49,True,True,True,True,True,True,True,,1976-2025,49,Lodhéřov,49.2131911,14.9622222,526.0
0-203-0-10704050001,48,0.9795918367346939,1976.0,2024.0,1,22.0,14.0,26.0,0.13461724180498255,49,True,True,True,True,True,True,True,,1976-2025,49,Planá nad Lužnicí,49.3533,14.6969,404.0
0-203-0-10704094001,48,0.9795918367346939,1976.0,2024.0,1,22.0,18.0,26.0,0.08874303580963766,49,True,True,True,True,True,True,True,,1976-2025,49,Jistebnice,49.484444,14.529167,580.0
0-203-0-10801119001,48,0.9795918367346939,1976.0,2024.0,1,22.0,15.0,26.0,0.1247305442677923,49,True,True,True,True,True,True,True,,1976-2025,49,Horažďovická Lhota  Smrkovec,49.3398103,13.5981892,483.0
0-203-0-10802017001,48,0.9795918367346939,1976.0,2024.0,1,21.0,10.0,26.0,0.15884002597495914,49,True,True,True,True,True,True,True,,1976-2025,49,Vacov  Peckov,49.1352075,13.7263994,738.0
0-203-0-10802073001,48,0.9795918367346939,1976.0,2024.0,1,22.0,16.0,26.0,0.09512996963878614,49,True,True,True,True,True,True,True,,1976-2025,49,Sedlice,49.3756828,13.9416925,511.0
0-203-0-10804016002,48,0.9795918367346939,1976.0,2024.0,1,22.0,19.0,26.0,0.0849215274398338,49,True,True,True,True,True,True,True,,1976-2025,49,Závišín,49.487222,13.923056,501.0
0-203-0-10805038001,48,0.9795918367346939,1976.0,2024.0,1,22.0,11.0,25.0,0.15552315827194782,49,True,True,True,True,True,True,True,,1976-2025,49,Nečín  Bělohrad,49.7067,14.2017,465.0
0-203-0-10805047001,48,0.9795918367346939,1976.0,2024.0,1,23.0,16.0,26.0,0.08490885001994784,49,True,True,True,True,True,True,True,,1976-2025,49,Střezimíř,49.5381,14.6181,588.0
0-203-0-10901114001,48,0.9795918367346939,1976.0,2024.0,1,24.0,16.0,26.0,0.08819776660317093,49,True,True,True,True,True,True,True,,1976-2025,49,Humpolec,49.54701,15.352715,515.0
0-203-0-10902055001,48,0.9795918367346939,1976.0,2024.0,1,24.0,13.0,26.0,0.10403288452396794,49,True,True,True,True,True,True,True,,1976-2025,49,Pacov,49.46355,15.02348,494.0
0-203-0-10903058001,48,0.9795918367346939,1976.0,2024.0,1,22.0,12.0,26.0,0.1595957352429571,49,True,True,True,True,True,True,True,,1976-2025,49,Veliš,49.6664,14.8233,451.0
0-203-0-10903081001,48,0.9795918367346939,1976.0,2024.0,1,23.5,12.0,26.0,0.13261519244143505,49,True,True,True,True,True,True,True,,1976-2025,49,Postupice,49.7306,14.7833,421.0
0-203-0-10903144001,48,0.9795918367346939,1976.0,2024.0,1,22.5,12.0,26.0,0.11607819404276419,49,True,True,True,True,True,True,True,,1976-2025,49,Votice,49.6433,14.6333,450.0
0-203-0-10903164001,48,0.9795918367346939,1976.0,2024.0,1,23.0,12.0,26.0,0.11061672373060064,49,True,True,True,True,True,True,True,,1976-2025,49,Maršovice  Zahrádka,49.7325,14.5886,358.0
0-203-0-10904008001,48,0.9795918367346939,1976.0,2024.0,1,23.0,10.0,26.0,0.12211202755135198,49,True,True,True,True,True,True,True,,1976-2025,49,Mníšek pod Brdy,49.8694,14.2625,367.0
0-203-0-11001044001,48,0.9795918367346939,1976.0,2024.0,1,23.0,13.0,26.0,0.11500772393598838,49,True,True,True,True,True,True,True,,1976-2025,49,Planá,49.870952,12.735097,505.0
0-203-0-11001107001,48,0.9795918367346939,1976.0,2024.0,1,23.0,10.0,26.0,0.1423704466240155,49,True,True,True,True,True,True,True,,1976-2025,49,Staré Sedlo  Darmyšl,49.639765,12.878357,448.0
0-203-0-11001177001,48,0.9795918367346939,1976.0,2024.0,1,23.0,14.0,26.0,0.1089715990924916,49,True,True,True,True,True,True,True,,1976-2025,49,Úlice,49.759189,13.143405,428.0
0-203-0-11001186001,48,0.9795918367346939,1976.0,2024.0,1,23.0,15.0,26.0,0.12150459649019951,49,True,True,True,True,True,True,True,,1976-2025,49,Plzeň  Radčice,49.765499,13.323199,320.0
0-203-0-11003009001,48,0.9795918367346939,1976.0,2024.0,1,22.5,13.0,26.0,0.14793622996612402,49,True,True,True,True,True,True,True,,1976-2025,49,Nýrsko,49.290206,13.135924,457.0
0-203-0-11003028001,48,0.9795918367346939,1976.0,2024.0,1,22.0,13.0,26.0,0.13978366890222593,49,True,True,True,True,True,True,True,,1976-2025,49,Strážov,49.30562,13.246905,477.0
0-203-0-11003072001,48,0.9795918367346939,1976.0,2024.0,1,23.0,11.0,26.0,0.15044065957411518,49,True,True,True,True,True,True,True,,1976-2025,49,Lužany,49.54908,13.317522,358.0
0-203-0-11003082001,48,0.9795918367346939,1976.0,2024.0,1,23.0,14.0,26.0,0.11830324440809367,49,True,True,True,True,True,True,True,,1976-2025,49,Netunice,49.61559,13.432035,464.0
0-203-0-11005023001,48,0.9795918367346939,1976.0,2024.0,1,21.5,10.0,26.0,0.17552872435130712,49,True,True,True,True,True,True,True,,1976-2025,49,Životice,49.470036,13.681495,484.0
0-203-0-11005040001,48,0.9795918367346939,1976.0,2024.0,1,23.0,13.0,26.0,0.12167656083299913,49,True,True,True,True,True,True,True,,1976-2025,49,Seč,49.587397,13.506002,398.0
0-203-0-11005050001,48,0.9795918367346939,1976.0,2024.0,1,23.0,11.0,26.0,0.13067580948782082,49,True,True,True,True,True,True,True,,1976-2025,49,Spálené Poříčí,49.615175,13.604538,420.0
0-203-0-11101013001,48,0.9795918367346939,1976.0,2024.0,1,22.0,13.0,26.0,0.15930257064663517,49,True,True,True,True,True,True,True,,1976-2025,49,Strašice,49.742781,13.753217,526.0
0-203-0-11101025001,48,0.9795918367346939,1976.0,2024.0,1,22.0,14.0,26.0,0.11924496572525065,49,True,True,True,True,True,True,True,,1976-2025,49,Holoubkov  Medový Újezd,49.77498,13.71137,433.0
0-203-0-11101047001,48,0.9795918367346939,1976.0,2024.0,1,22.0,14.0,26.0,0.13117433272799817,49,True,True,True,True,True,True,True,,1976-2025,49,Úněšov  Číhaná,49.894104,13.128163,573.0
0-203-0-11101060001,48,0.9795918367346939,1976.0,2024.0,1,24.0,16.0,26.0,0.10691181200451738,49,True,True,True,True,True,True,True,,1976-2025,49,Hromnice,49.848142,13.445309,336.0
0-203-0-11102044001,48,0.9795918367346939,1976.0,2024.0,1,23.0,12.0,26.0,0.1379790499069974,49,True,True,True,True,True,True,True,,1976-2025,49,Manětín,49.992466,13.22757,436.0
0-203-0-11102069001,48,0.9795918367346939,1976.0,2024.0,1,23.0,12.0,26.0,0.12585793731694053,49,True,True,True,True,True,True,True,,1976-2025,49,Plasy,49.933074,13.382176,330.0
0-203-0-11102088001,48,0.9795918367346939,1976.0,2024.0,1,23.0,15.0,26.0,0.11598066755322176,49,True,True,True,True,True,True,True,,1976-2025,49,Liblín,49.916487,13.5451,299.0
0-203-0-11102119001,48,0.9795918367346939,1976.0,2024.0,1,23.0,13.0,26.0,0.12698507671877796,49,True,True,True,True,True,True,True,,1976-2025,49,Slabce  Modřejovice,49.992453,13.690636,389.0
0-203-0-11102153001,48,0.9795918367346939,1976.0,2024.0,1,22.0,10.0,26.0,0.17553934495754295,49,True,True,True,True,True,True,True,,1976-2025,49,Karlova Ves,49.990212,13.861277,405.0
0-203-0-111040030,48,0.9795918367346939,1976.0,2024.0,1,22.0,11.0,26.0,0.12935827469237032,49,True,True,True,True,True,True,True,,1976-2025,49,Podlesí,49.6897,13.9806,510.0
0-203-0-11202007001,48,0.9795918367346939,1976.0,2024.0,1,23.0,12.0,26.0,0.11956359365104555,49,True,True,True,True,True,True,True,,1976-2025,49,Praha  Suchdol,50.1436,14.3906,268.0
0-203-0-11202034001,48,0.9795918367346939,1976.0,2024.0,1,23.5,12.0,26.0,0.09606949674705735,49,True,True,True,True,True,True,True,,1976-2025,49,Koleč,50.1991,14.2377,238.0
0-203-0-11302052001,48,0.9795918367346939,1976.0,2024.0,1,23.0,14.0,26.0,0.1362834505055946,49,True,True,True,True,True,True,True,,1976-2025,49,Šemnice  Radošov,50.277061,12.994221,351.0
0-203-0-11403005001,48,0.9795918367346939,1976.0,2024.0,1,22.0,11.0,25.0,0.1665684708764266,49,True,True,True,True,True,True,True,,1976-2025,49,Křižany,50.738722,14.907056,395.0
0-203-0-11403041001,48,0.9795918367346939,1976.0,2024.0,1,22.0,10.0,26.0,0.20295478314970497,49,True,True,True,True,True,True,True,,1976-2025,49,Mařenice,50.80967,14.676,395.0
0-203-0-11405014001,48,0.9795918367346939,1976.0,2024.0,1,22.0,12.0,26.0,0.16568337391590282,49,True,True,True,True,True,True,True,,1976-2025,49,Chřibská  Horní Chřibská,50.85289,14.52456,440.0
0-203-0-11501049001,48,0.9795918367346939,1976.0,2024.0,1,23.0,13.0,26.0,0.12534635343116685,49,True,True,True,True,True,True,True,,1976-2025,49,Šluknov,51.002722,14.45525,352.0
0-203-0-11551,48,0.9795918367346939,1976.0,2024.0,1,21.5,10.0,25.0,0.19713333937122912,49,True,True,True,True,True,True,True,,1976-2025,49,Varnsdorf,50.90556,14.60222,367.0
0-203-0-11602,48,0.9795918367346939,1976.0,2024.0,1,21.0,11.0,26.0,0.14218537602538328,49,True,True,True,True,True,True,True,,1976-2025,49,Bedřichov,50.81511,15.13708,777.0
0-203-0-11635,48,0.9795918367346939,1976.0,2024.0,1,22.0,11.0,26.0,0.1188785974295868,49,True,True,True,True,True,True,True,,1976-2025,49,Jindřichův Hradec  Děbolín,49.1556,14.9575,524.0
0-203-0-11687,48,0.9795918367346939,1976.0,2024.0,1,21.0,10.0,25.0,0.16928810313091136,49,True,True,True,True,True,True,True,,1976-2025,49,Velké Meziříčí,49.3528,16.0086,452.0
0-203-0-11701,48,0.9795918367346939,1976.0,2024.0,1,22.0,16.0,25.0,0.11270857297888094,48,True,True,True,True,True,True,True,,1976-2025,49,Javorník,50.3956,17.0075,284.0
0-203-0-11784,48,0.9795918367346939,1976.0,2024.0,1,22.0,10.0,26.0,0.20297228827494002,49,True,True,True,True,True,True,True,,1976-2025,49,Lučina,49.7308,18.4425,300.0
0-203-0-20101025001,48,0.9795918367346939,1976.0,2024.0,1,22.0,11.0,26.0,0.17057262363043818,49,True,True,True,True,True,True,True,,1976-2025,49,Budišov nad Budišovkou,49.797195,17.618216,530.0
0-203-0-20101096001,48,0.9795918367346939,1976.0,2024.0,1,24.0,10.0,26.0,0.1460156334971116,49,True,True,True,True,True,True,True,,1976-2025,49,Fulnek  Kostelec,49.7235,17.93251,340.0
0-203-0-20101115001,48,0.9795918367346939,1976.0,2024.0,1,22.0,13.0,26.0,0.13874955903685737,49,True,True,True,True,True,True,True,,1976-2025,49,Skřipov,49.8178,17.9139,485.0
0-203-0-20101153101,48,0.9795918367346939,1976.0,2024.0,1,22.0,12.0,26.0,0.12860194997923452,49,True,True,True,True,True,True,True,,1976-2025,49,Klimkovice,49.7844,18.1347,240.0
0-203-0-20201004001,48,0.9795918367346939,1976.0,2024.0,1,23.0,13.0,26.0,0.13772083983135974,49,True,True,True,True,True,True,True,,1976-2025,49,Vidly,50.1056,17.2717,774.0
0-203-0-20201038001,48,0.9795918367346939,1976.0,2024.0,1,22.0,12.0,26.0,0.15467960838455727,48,True,True,True,True,True,True,True,,1976-2025,49,Heřmanovice,50.1985,17.3816,665.0
0-203-0-20301050204,48,0.9795918367346939,1976.0,2024.0,1,23.0,12.0,26.0,0.14733022187495257,49,True,True,True,True,True,True,True,,1976-2025,49,Raškovice,49.622266,18.468383,397.0
0-203-0-40103004001,48,0.9795918367346939,1976.0,2024.0,1,22.5,11.0,26.0,0.20031957093999164,49,True,True,True,True,True,True,True,,1976-2025,49,Nemanice  Nemaničky,49.431422,12.716909,529.0
0-203-0-41501037001,48,0.9795918367346939,1976.0,2024.0,1,23.0,10.0,26.0,0.17921034131456742,49,True,True,True,True,True,True,True,,1976-2025,49,Vír,49.5642,16.3139,473.0
0-203-0-41501076001,48,0.9795918367346939,1976.0,2024.0,1,24.0,13.0,26.0,0.1368458790993248,48,True,True,True,True,True,True,True,,1976-2025,49,Nové Město na Moravě,49.5581,16.0689,601.0
0-203-0-41601028001,48,0.9795918367346939,1976.0,2024.0,1,23.0,13.0,25.0,0.126588732456313,49,True,True,True,True,True,True,True,,1976-2025,49,Šimanov,49.4614,15.4486,630.0
0-203-0-41601054001,48,0.9795918367346939,1976.0,2023.0,1,23.5,11.0,26.0,0.19961868411453634,49,True,True,True,True,True,True,True,,1976-2025,49,Vysoké Studnice,49.3931,15.7303,568.0
0-203-0-41601087001,48,0.9795918367346939,1976.0,2024.0,1,23.0,10.0,26.0,0.176218787944106,49,True,True,True,True,True,True,True,,1976-2025,49,Třebíč  Podklášteří,49.2236,15.87,463.0
0-20000-0-11502,47,0.9591836734693877,1978.0,2024.0,2,22.0,12.0,26.0,0.1565856873376665,48,True,True,True,True,True,True,True,,1976-2025,49,Ústí nad Labem  Kočkov,50.68333,14.04111,375.39
0-203-0-10501011001,47,0.9591836734693877,1976.0,2024.0,2,24.0,10.0,26.0,0.12411016798985078,49,True,True,True,True,True,True,True,,1976-2025,49,Rokytnice nad Jizerou  Vilémov,50.7319,15.4229,525.0
0-203-0-10501030001,47,0.9591836734693877,1976.0,2024.0,2,23.0,11.0,26.0,0.11748610168893948,49,True,True,True,True,True,True,True,,1976-2025,49,Roprachtice,50.651199,15.414138,550.0
0-203-0-10502050001,47,0.9591836734693877,1976.0,2024.0,1,24.0,13.0,26.0,0.11848964925336922,49,True,True,True,True,True,True,True,,1976-2025,49,Boseň  Mužský,50.5222,15.0404,382.0
0-203-0-10503013001,47,0.9591836734693877,1976.0,2024.0,2,23.0,16.0,26.0,0.09145645672628006,49,True,True,True,True,True,True,True,,1976-2025,49,Brodce,50.3347,14.8661,220.0
0-203-0-10601176001,47,0.9591836734693877,1976.0,2024.0,1,22.0,13.0,26.0,0.13304467022499902,49,True,True,True,True,True,True,True,,1976-2025,49,Chvalšiny,48.854722,14.208611,592.0
0-203-0-10601188001,47,0.9591836734693877,1976.0,2024.0,1,20.0,15.0,25.0,0.12739132719155907,49,True,True,True,True,True,True,True,,1976-2025,49,Přídolí,48.7814842,14.3564461,653.0
0-203-0-10603060001,47,0.9591836734693877,1976.0,2024.0,1,21.0,14.0,26.0,0.14865310332464693,49,True,True,True,True,True,True,True,,1976-2025,49,Hluboká nad Vltavou,49.0536578,14.4334833,410.0
0-203-0-10702020001,47,0.9591836734693877,1976.0,2023.0,1,23.0,12.0,26.0,0.10356563584846049,48,True,True,True,True,True,True,True,,1976-2025,49,Nová Bystřice,49.0190528,15.0986103,583.0
0-203-0-10704104001,47,0.9591836734693877,1976.0,2024.0,1,21.0,14.0,26.0,0.11532540037157334,49,True,True,True,True,True,True,True,,1976-2025,49,Milevsko,49.452778,14.368611,453.0
0-203-0-10705023001,47,0.9591836734693877,1976.0,2024.0,1,21.0,11.0,26.0,0.1375880965575755,49,True,True,True,True,True,True,True,,1976-2025,49,Kovářov  Vepice,49.525278,14.301389,527.0
0-203-0-10801028001,47,0.9591836734693877,1976.0,2024.0,2,23.0,19.0,26.0,0.0902707241927895,47,True,True,True,True,True,True,True,,1976-2025,49,Prášily,49.1069,13.3786,883.0
0-203-0-10804001001,47,0.9591836734693877,1976.0,2023.0,1,23.0,17.0,26.0,0.09910878523310972,48,True,True,True,True,True,True,True,,1976-2025,49,Radošice  Mladý Smolivec,49.5023517,13.7266981,552.0
0-203-0-10902100001,47,0.9591836734693877,1976.0,2024.0,1,23.0,10.0,26.0,0.11695045819457418,49,True,True,True,True,True,True,True,,1976-2025,49,Dolní Kralovice  Střítež,49.66272,15.159775,420.0
0-203-0-11002037001,47,0.9591836734693877,1976.0,2024.0,2,24.0,16.0,26.0,0.09654825952990242,49,True,True,True,True,True,True,True,,1976-2025,49,Horšovský Týn,49.528213,12.943746,374.0
0-203-0-11002055001,47,0.9591836734693877,1976.0,2024.0,2,24.0,16.0,26.0,0.09000669915496541,49,True,True,True,True,True,True,True,,1976-2025,49,Kdyně,49.393642,13.045733,475.0
0-203-0-11005051001,47,0.9591836734693877,1976.0,2024.0,1,23.0,11.0,26.0,0.13032048469424135,49,True,True,True,True,True,True,True,,1976-2025,49,Nezvěstice,49.635765,13.528521,371.0
0-203-0-11101055001,47,0.9591836734693877,1976.0,2024.0,1,21.0,11.0,26.0,0.16727507563214888,49,True,True,True,True,True,True,True,,1976-2025,49,Horní Bělá  Vrtbo,49.884347,13.248312,513.0
0-203-0-11103001001,47,0.9591836734693877,1976.0,2024.0,1,23.0,10.0,26.0,0.15714257203353052,49,True,True,True,True,True,True,True,,1976-2025,49,Oráčov,50.10814,13.54839,401.0
0-203-0-11103045001,47,0.9591836734693877,1976.0,2024.0,2,22.0,14.0,26.0,0.12932452370061856,49,True,True,True,True,True,True,True,,1976-2025,49,Nové Strašecí,50.1456,13.8942,482.0
0-203-0-11103049001,47,0.9591836734693877,1976.0,2024.0,2,23.0,15.0,26.0,0.10540032332206074,49,True,True,True,True,True,True,True,,1976-2025,49,Zbečno,50.0614,13.935,262.0
0-203-0-11401043001,47,0.9591836734693877,1976.0,2024.0,1,22.0,12.0,26.0,0.17447696297136378,48,True,True,True,True,True,True,True,,1976-2025,49,Měrunice  Žichov,50.47908,13.79031,367.0
0-203-0-11401094001,47,0.9591836734693877,1976.0,2024.0,1,23.0,10.0,26.0,0.17084841799010234,49,True,True,True,True,True,True,True,,1976-2025,49,Telnice  Varvažov,50.725083,13.964611,340.0
0-203-0-11403025001,47,0.9591836734693877,1976.0,2024.0,1,23.0,10.0,26.0,0.19248482518438467,49,True,True,True,True,True,True,True,,1976-2025,49,Mimoň,50.65975,14.72494,278.0
0-203-0-11413,47,0.9591836734693877,1976.0,2024.0,2,21.0,10.0,26.0,0.2195886235413769,48,True,True,True,True,True,True,True,,1976-2025,49,Mariánské Lázně  vodárna,49.990619,12.695966,696.0
0-203-0-11502020001,47,0.9591836734693877,1976.0,2024.0,2,21.0,11.0,25.0,0.17808775307079164,49,True,True,True,True,True,True,True,,1976-2025,49,Petrovice  Krásný Les,50.767361,13.937667,631.0
0-203-0-11503029001,47,0.9591836734693877,1976.0,2024.0,1,22.0,10.0,25.0,0.17179664747999146,49,True,True,True,True,True,True,True,,1976-2025,49,Český Jiřetín  Fláje,50.68706,13.58558,740.0
0-203-0-11583,47,0.9591836734693877,1976.0,2024.0,1,21.0,14.0,26.0,0.13526111776802568,49,True,True,True,True,True,True,True,,1976-2025,49,Černovice  Dobešov,49.3575,14.9625,580.0
0-203-0-11604,47,0.9591836734693877,1977.0,2024.0,1,23.0,12.0,26.0,0.13294005832202505,49,True,True,True,True,True,True,True,,1976-2025,49,Nové Město pod Smrkem,50.92358,15.23381,473.0
0-203-0-11705,47,0.9591836734693877,1976.0,2024.0,1,23.0,11.0,26.0,0.19065050526563163,49,True,True,True,True,True,True,True,,1976-2025,49,Šumperk,49.9742,16.9675,328.0
0-203-0-11748,47,0.9591836734693877,1976.0,2022.0,2,23.0,15.0,26.0,0.1179876622167511,47,True,True,True,True,True,True,True,,1976-2025,49,Přerov,49.464444,17.458889,210.0
0-203-0-11767,47,0.9591836734693877,1976.0,2024.0,1,22.0,10.0,25.0,0.17444738296800402,48,True,True,True,True,True,True,True,,1976-2025,49,Vítkov,49.778037,17.757308,490.0
0-203-0-11793,47,0.9591836734693877,1976.0,2022.0,2,21.0,14.0,25.0,0.09835190605009884,48,True,True,True,True,True,True,True,,1976-2025,49,Bílá  Salajka,49.4132897,18.4206592,725.0
0-203-0-20101117001,47,0.9591836734693877,1976.0,2023.0,1,21.0,10.0,24.0,0.16422402103794856,48,True,True,True,True,True,True,True,,1976-2025,49,Bílovec,49.7617,17.9917,290.0
0-203-0-20202070001,47,0.9591836734693877,1976.0,2024.0,1,22.0,11.0,25.0,0.16937245192097952,49,True,True,True,True,True,True,True,,1976-2025,49,Melč,49.849444,17.756944,478.0
0-203-0-20301001001,47,0.9591836734693877,1976.0,2024.0,2,24.0,16.0,26.0,0.09344669137636011,47,True,True,True,True,True,True,True,,1976-2025,49,Bílá  Hlavatá,49.421292,18.37984,770.0
0-203-0-20404050001,47,0.9591836734693877,1976.0,2024.0,2,22.0,13.0,26.0,0.14389537736973612,47,True,True,True,True,True,True,True,,1976-2025,49,Černá Voda,50.3054197,17.142758,330.0
0-203-0-20404085001,47,0.9591836734693877,1978.0,2024.0,2,23.0,12.0,26.0,0.12583656017244377,48,True,True,True,True,True,True,True,,1976-2025,49,Ostružná  Ramzová,50.197223,17.065201,740.0
0-203-0-20404091001,47,0.9591836734693877,1976.0,2024.0,2,22.0,11.0,26.0,0.19148242916516547,49,True,True,True,True,True,True,True,,1976-2025,49,Mikulovice,50.3006,17.3231,321.0
0-203-0-41101014001,47,0.9591836734693877,1976.0,2024.0,1,22.0,15.0,26.0,0.12208108298777251,49,True,True,True,True,True,True,True,,1976-2025,49,Velké Karlovice,49.359444,18.286944,518.0
0-203-0-41402044002,47,0.9591836734693877,1976.0,2024.0,2,22.0,10.0,25.0,0.18266356722131152,49,True,True,True,True,True,True,True,,1976-2025,49,Jemnice,49.025,15.59,502.0
0-203-0-41502083001,47,0.9591836734693877,1976.0,2023.0,1,23.0,11.0,26.0,0.14471165196946814,49,True,True,True,True,True,True,True,,1976-2025,49,Rozstání,49.398026,16.835258,571.0
0-203-0-41601022101,47,0.9591836734693877,1976.0,2024.0,1,24.0,10.0,26.0,0.15761338181269358,49,True,True,True,True,True,True,True,,1976-2025,49,Třešť,49.293889,15.476111,574.0
0-20000-0-11414,46,0.9387755102040817,1978.0,2024.0,2,22.5,10.0,26.0,0.1809535338593986,47,True,True,True,True,True,True,True,,1976-2025,49,Karlovy Vary  Olšová Vrata,50.201667,12.914167,603.0
0-20000-0-11636,46,0.9387755102040817,1978.0,2024.0,2,22.5,14.0,26.0,0.13356070812528714,47,True,True,True,True,True,True,True,,1976-2025,49,Kostelní Myslová,49.159167,15.439167,569.0
0-203-0-10504048001,46,0.9387755102040817,1976.0,2024.0,1,23.0,11.0,26.0,0.16169056909954213,49,True,True,True,True,True,True,True,,1976-2025,49,Kropáčova Vrutice  Střížovice,50.3255,14.7046,210.0
0-203-0-10703036001,46,0.9387755102040817,1976.0,2023.0,1,22.0,11.0,26.0,0.1835940871542005,48,True,True,True,True,True,True,True,,1976-2025,49,Strmilov,49.1630636,15.2067203,582.0
0-203-0-10704117001,46,0.9387755102040817,1976.0,2024.0,3,22.0,13.0,26.0,0.12783770315178317,49,True,True,True,True,True,True,True,,1976-2025,49,Bernartice,49.3662453,14.3893392,485.0
0-203-0-11105036001,46,0.9387755102040817,1976.0,2023.0,2,22.5,17.0,26.0,0.09636737499749094,49,True,True,True,True,True,True,True,,1976-2025,49,Liteň,49.9033,14.1506,320.0
0-203-0-11401004201,46,0.9387755102040817,1976.0,2024.0,1,22.0,13.0,26.0,0.1470111229498836,49,True,True,True,True,True,True,True,,1976-2025,49,Boleboř,50.537395,13.415082,600.0
0-203-0-11455,46,0.9387755102040817,1976.0,2024.0,2,22.0,11.0,26.0,0.1747717587393912,49,True,True,True,True,True,True,True,,1976-2025,49,Klatovy,49.39042,13.303016,421.0
0-203-0-11552,46,0.9387755102040817,1978.0,2024.0,2,23.0,10.0,26.0,0.19282253429899573,49,True,True,True,True,True,True,True,,1976-2025,49,Jablonné v Podještědí,50.77206,14.77375,320.0
0-203-0-11578,46,0.9387755102040817,1976.0,2024.0,1,22.0,10.0,26.0,0.19168945359256997,49,True,True,True,True,True,True,True,,1976-2025,49,Vavřinec  Žíšov,49.902888,15.067741,415.0
0-203-0-11608,46,0.9387755102040817,1978.0,2024.0,2,22.0,10.0,26.0,0.17085787729562096,49,True,True,True,True,True,True,True,,1976-2025,49,Hejnice,50.88456,15.18317,396.0
0-203-0-11649,46,0.9387755102040817,1976.0,2024.0,1,22.0,10.0,26.0,0.18399343408980093,49,True,True,True,True,True,True,True,,1976-2025,49,Hradec Králové  Nový Hradec Králové,50.177649,15.838452,278.0
0-203-0-11674,46,0.9387755102040817,1978.0,2024.0,2,23.0,10.0,26.0,0.18773220862530382,47,True,True,True,True,True,True,True,,1976-2025,49,Deštné v Orlic. horách,50.306667,16.351959,656.0
0-203-0-11675,46,0.9387755102040817,1978.0,2024.0,2,21.0,11.0,25.0,0.18102861033346151,47,True,True,True,True,True,True,True,,1976-2025,49,Úpice,50.506419,16.011618,413.0
0-203-0-11726,46,0.9387755102040817,1976.0,2024.0,2,23.0,10.0,26.0,0.1690917725670613,49,True,True,True,True,True,True,True,,1976-2025,49,Mikulov,48.801911,16.6401,224.0
0-203-0-11762,46,0.9387755102040817,1976.0,2024.0,2,22.0,10.0,26.0,0.17289764854772338,48,True,True,True,True,True,True,True,,1976-2025,49,Krnov,50.078,17.6922,360.0
0-203-0-11769,46,0.9387755102040817,1977.0,2024.0,1,23.0,10.0,26.0,0.16924927456557765,49,True,True,True,True,True,True,True,,1976-2025,49,Valašské Meziříčí,49.4636,17.9742,334.0
0-203-0-11785,46,0.9387755102040817,1977.0,2024.0,1,22.0,10.0,25.0,0.18359544886243173,49,True,True,True,True,True,True,True,,1976-2025,49,Frenštát pod Radhoštěm,49.541055,18.240568,436.0
0-203-0-11788,46,0.9387755102040817,1977.0,2024.0,1,22.0,10.0,26.0,0.14714803113673075,49,True,True,True,True,True,True,True,,1976-2025,49,Vsetín,49.3442,17.9961,387.0
0-203-0-20101069001,46,0.9387755102040817,1976.0,2024.0,3,23.0,12.0,26.0,0.13646336014297392,48,True,True,True,True,True,True,True,,1976-2025,49,Nový Jičín,49.6,18.031111,291.0
0-203-0-20101139001,46,0.9387755102040817,1976.0,2024.0,2,22.0,10.0,26.0,0.20066772666740101,48,True,True,True,True,True,True,True,,1976-2025,49,Příbor,49.6403,18.1342,307.0
0-203-0-20201071001,46,0.9387755102040817,1976.0,2024.0,2,22.0,11.0,26.0,0.17548096081629483,49,True,True,True,True,True,True,True,,1976-2025,49,Lichnov,50.0127428,17.6374406,379.0
0-203-0-20404063001,46,0.9387755102040817,1976.0,2024.0,2,22.5,10.0,26.0,0.16107039116160415,49,True,True,True,True,True,True,True,,1976-2025,49,Bělá pod Pradědem  Filipovice,50.1464278,17.2064242,588.0
0-203-0-20407027001,46,0.9387755102040817,1976.0,2024.0,3,22.0,10.0,26.0,0.1504373548889563,49,True,True,True,True,True,True,True,,1976-2025,49,Mníšek  Fojtka,50.82725,15.05856,395.0
0-203-0-41101034002,46,0.9387755102040817,1976.0,2024.0,2,23.5,13.0,26.0,0.10887278227598446,48,True,True,True,True,True,True,True,,1976-2025,49,Zděchov,49.2639,18.0772,491.0
0-203-0-41101084001,46,0.9387755102040817,1976.0,2024.0,2,22.5,10.0,26.0,0.16018682461075628,48,True,True,True,True,True,True,True,,1976-2025,49,Valašská Bystřice,49.416432,18.106298,458.0
0-203-0-41402053001,46,0.9387755102040817,1976.0,2024.0,3,24.0,12.0,26.0,0.12048491612552216,49,True,True,True,True,True,True,True,,1976-2025,49,Vranov nad Dyjí,48.9056,15.8186,354.0
0-203-0-41402059001,46,0.9387755102040817,1976.0,2024.0,3,23.0,11.0,26.0,0.1412080379258657,49,True,True,True,True,True,True,True,,1976-2025,49,Lukov,48.8566,15.9077,403.0
0-203-0-41501047001,46,0.9387755102040817,1976.0,2024.0,2,24.0,11.0,26.0,0.14248118143046684,49,True,True,True,True,True,True,True,,1976-2025,49,Štěpánov nad Svratkou,49.5041,16.3341,365.0
0-203-0-41503007001,46,0.9387755102040817,1976.0,2024.0,3,22.0,14.0,26.0,0.1285594472818728,49,True,True,True,True,True,True,True,,1976-2025,49,Zastávka,49.19298,16.36313,375.0
0-203-0-41603036001,46,0.9387755102040817,1976.0,2024.0,3,23.0,13.0,26.0,0.14712826939979914,49,True,True,True,True,True,True,True,,1976-2025,49,Hrotovice,49.1105,16.0588,425.0
0-203-0-41701004001,46,0.9387755102040817,1976.0,2024.0,3,22.5,12.0,26.0,0.1432818866532663,49,True,True,True,True,True,True,True,,1976-2025,49,Hustopeče,48.9456,16.7258,201.0
0-203-0-41701113001,46,0.9387755102040817,1976.0,2024.0,3,23.5,13.0,26.0,0.12367758537712706,48,True,True,True,True,True,True,True,,1976-2025,49,Lanžhot,48.724722,16.9575,158.0
0-20000-0-11406,45,0.9183673469387755,1976.0,2024.0,2,22.0,10.0,26.0,0.20078788371601142,49,True,True,True,True,True,True,True,,1976-2025,49,Cheb,50.068333,12.391389,483.0
0-20000-0-11683,45,0.9183673469387755,1978.0,2024.0,2,20.0,11.0,26.0,0.2089477802185145,49,True,True,True,True,True,True,True,,1976-2025,49,Svratouch,49.735,16.034167,734.0
0-20000-0-11698,45,0.9183673469387755,1978.0,2024.0,2,23.0,10.0,26.0,0.14372210699572957,47,True,True,True,True,True,True,True,,1976-2025,49,Kuchařovice,48.881111,16.085278,334.0
0-203-0-10802038001,45,0.9183673469387755,1978.0,2024.0,2,21.0,14.0,26.0,0.14095605981848155,46,True,True,True,True,True,True,True,,1976-2025,49,Volyně  Nihošovice,49.1854894,13.8612525,448.0
0-203-0-10805107001,45,0.9183673469387755,1976.0,2024.0,3,24.0,10.0,26.0,0.12299616494362707,47,True,True,True,True,True,True,True,,1976-2025,49,Voznice,49.819169,14.212691,385.0
0-203-0-10903055001,45,0.9183673469387755,1976.0,2024.0,3,24.0,17.0,26.0,0.08940359115047875,46,True,True,True,True,True,True,True,,1976-2025,49,Načeradec,49.6044,14.9086,502.0
0-203-0-11303060001,45,0.9183673469387755,1976.0,2024.0,2,22.0,11.0,26.0,0.16036625855009873,48,True,True,True,True,True,True,True,,1976-2025,49,Velečín  Pastuchovice,50.07036,13.38189,470.0
0-203-0-11303115902,45,0.9183673469387755,1976.0,2024.0,2,21.0,10.0,25.0,0.1966544102320411,49,True,True,True,True,True,True,True,,1976-2025,49,Chomutov,50.46225,13.39711,362.0
0-203-0-11401,45,0.9183673469387755,1977.0,2024.0,2,22.0,11.0,26.0,0.20109685362837978,49,True,True,True,True,True,True,True,,1976-2025,49,Aš,50.220602,12.179572,675.0
0-203-0-11401047001,45,0.9183673469387755,1976.0,2024.0,1,22.0,10.0,26.0,0.19777058714417986,49,True,True,True,True,True,True,True,,1976-2025,49,Lukov,50.527833,13.883763,502.0
0-203-0-11401056001,45,0.9183673469387755,1976.0,2023.0,2,22.0,12.0,26.0,0.14768965038533963,48,True,True,True,True,True,True,True,,1976-2025,49,Hrob  Křižanov,50.654,13.71953,360.0
0-203-0-11535,45,0.9183673469387755,1978.0,2024.0,2,21.0,12.0,26.0,0.1735750226727287,47,True,True,True,True,True,True,True,,1976-2025,49,Bechyně,49.299444,14.469444,409.0
0-203-0-11557,45,0.9183673469387755,1976.0,2024.0,3,21.0,10.0,25.0,0.16094724182465,49,True,True,True,True,True,True,True,,1976-2025,49,Stráž pod Ralskem,50.70361,14.80739,310.0
0-203-0-11558,45,0.9183673469387755,1976.0,2024.0,2,21.0,10.0,25.0,0.17861398275122622,49,True,True,True,True,True,True,True,,1976-2025,49,Doksy,50.56811,14.66731,284.0
0-203-0-11656,45,0.9183673469387755,1978.0,2024.0,2,21.0,10.0,26.0,0.200662639638006,48,True,True,True,True,True,True,True,,1976-2025,49,Havlíčkův Brod,49.61188,15.579696,452.0
0-203-0-11780,45,0.9183673469387755,1976.0,2024.0,1,19.0,10.0,25.0,0.2972597006296556,49,True,True,True,True,True,True,True,,1976-2025,49,Štítná nad Vláří - Popov,49.0728,17.9711,315.0
0-203-0-20203023001,45,0.9183673469387755,1976.0,2024.0,2,22.0,10.0,26.0,0.17757485001131326,48,True,True,True,True,True,True,True,,1976-2025,49,Děhylov,49.8701994,18.1648678,292.0
0-203-0-41002099001,45,0.9183673469387755,1976.0,2024.0,3,22.0,11.0,26.0,0.17828707009271852,48,True,True,True,True,True,True,True,,1976-2025,49,Moravská Třebová  Bezděčí  Unerázka,49.7,16.7567,315.0
0-203-0-41003075001,45,0.9183673469387755,1976.0,2024.0,3,23.0,11.0,26.0,0.13895879959547192,47,True,True,True,True,True,True,True,,1976-2025,49,Šternberk,49.725,17.2986,278.0
0-203-0-41003091001,45,0.9183673469387755,1976.0,2024.0,3,23.0,11.0,26.0,0.15101221811878432,49,True,True,True,True,True,True,True,,1976-2025,49,Olomouc  Klášterní Hradisko,49.608795,17.264465,215.0
0-203-0-41503064001,45,0.9183673469387755,1976.0,2024.0,2,23.0,11.0,26.0,0.1375434385244631,49,True,True,True,True,True,True,True,,1976-2025,49,Slavkov u Brna,49.1575,16.879167,211.0
0-203-0-10502085001,46,0.9387755102040817,1979.0,2024.0,3,24.0,11.0,26.0,0.12458000373861385,46,True,True,False,True,True,True,False,starts_early,1976-2025,49,Dolní Bousov,50.437897,15.141737,244.0
0-203-0-10601002002,46,0.9387755102040817,1979.0,2024.0,3,23.0,12.0,26.0,0.1418082385990244,46,True,True,False,True,True,True,False,starts_early,1976-2025,49,Kvilda,49.0192,13.5792,1059.0
0-203-0-11301059001,46,0.9387755102040817,1979.0,2024.0,3,21.0,12.0,26.0,0.1829903084994703,46,True,True,False,True,True,True,False,starts_early,1976-2025,49,Starý Hrozňatov,50.025396,12.389416,452.0
0-203-0-11301086001,46,0.9387755102040817,1979.0,2024.0,3,23.0,14.0,26.0,0.1263042531293442,46,True,True,False,True,True,True,False,starts_early,1976-2025,49,Habartov,50.180156,12.54853,484.0
0-203-0-11302015001,46,0.9387755102040817,1979.0,2024.0,3,23.0,15.0,26.0,0.12026577704380324,46,True,True,False,True,True,True,False,starts_early,1976-2025,49,Bečov nad Teplou,50.0824,12.836679,529.0
0-203-0-11582,46,0.9387755102040817,1976.0,2021.0,3,21.0,10.0,26.0,0.1608642738921963,46,True,True,True,False,True,True,False,ends_late,1976-2025,49,Tábor  Měšice,49.41,14.702389,467.0
0-203-0-11589,46,0.9387755102040817,1979.0,2024.0,3,22.0,11.0,26.0,0.16608202006007441,49,True,True,False,True,True,True,False,starts_early,1976-2025,49,Třeboň  Lužnice,49.0617575,14.7585975,428.0
0-203-0-11593,46,0.9387755102040817,1979.0,2024.0,3,21.0,10.0,26.0,0.15467992508661865,47,True,True,False,True,True,True,False,starts_early,1976-2025,49,Byňov,48.816603,14.799947,475.0
0-203-0-11605,46,0.9387755102040817,1979.0,2024.0,3,22.5,13.0,25.0,0.12057964900734307,49,True,True,False,True,True,True,False,starts_early,1976-2025,49,Desná  Souš,50.789354,15.319286,772.0
0-203-0-11634,46,0.9387755102040817,1979.0,2024.0,3,22.0,12.0,25.0,0.12969642080205598,46,True,True,False,True,True,True,False,starts_early,1976-2025,49,Počátky,49.2605217,15.2340794,618.0
0-203-0-40201003001,46,0.9387755102040817,1979.0,2024.0,3,24.0,17.0,26.0,0.08200647466322539,49,True,True,False,True,True,True,False,starts_early,1976-2025,49,Špičák,49.169506,13.215816,973.0
0-203-0-40201004001,46,0.9387755102040817,1979.0,2024.0,3,23.0,15.0,26.0,0.11641205773540074,46,True,True,False,True,True,True,False,starts_early,1976-2025,49,Železná Ruda,49.138245,13.228729,754.0
0-203-0-40202023201,46,0.9387755102040817,1979.0,2024.0,3,22.0,11.0,26.0,0.1122291905321034,46,True,True,False,True,True,True,False,starts_early,1976-2025,49,Česká Kubice,49.367941,12.857804,549.0
0-203-0-10502049001,45,0.9183673469387755,1979.0,2024.0,3,23.0,12.0,26.0,0.1288256867282677,46,True,True,False,True,True,True,False,starts_early,1976-2025,49,Jivina,50.5539,14.9492,308.0
0-203-0-10601115201,45,0.9183673469387755,1979.0,2024.0,3,21.0,13.0,26.0,0.15807634208779,46,True,True,False,True,True,True,False,starts_early,1976-2025,49,Lipno,48.6336,14.2383,730.0
0-203-0-10702010001,45,0.9183673469387755,1979.0,2024.0,3,22.0,13.0,26.0,0.14107286365534719,46,True,True,False,True,True,True,False,starts_early,1976-2025,49,Suchdol nad Lužnicí,48.8928,14.8669,457.0
0-203-0-10702060001,45,0.9183673469387755,1979.0,2024.0,3,22.0,14.0,25.0,0.13755575012744012,46,True,True,False,True,True,True,False,starts_early,1976-2025,49,Ševětín,49.1000267,14.56552,501.0
0-203-0-10703057001,45,0.9183673469387755,1979.0,2024.0,3,21.0,10.0,26.0,0.15840547917765463,46,True,True,False,True,True,True,False,starts_early,1976-2025,49,Stráž nad Nežárkou,49.0669992,14.9129792,478.0
0-203-0-10804044001,45,0.9183673469387755,1976.0,2024.0,4,22.0,11.0,25.0,0.1418408353623508,45,True,False,True,True,True,True,False,gap,1976-2025,49,Březnice,49.5542,13.9461,493.0
0-203-0-10904009001,45,0.9183673469387755,1979.0,2024.0,3,23.0,10.0,26.0,0.13585764709975695,46,True,True,False,True,True,True,False,starts_early,1976-2025,49,Jíloviště,49.9233,14.3319,354.0
0-203-0-10904013001,45,0.9183673469387755,1979.0,2024.0,3,23.0,10.0,26.0,0.13483997249264842,46,True,True,False,True,True,True,False,starts_early,1976-2025,49,Praha  Komořany,49.9886,14.40636,213.0
0-203-0-11201026001,45,0.9183673469387755,1979.0,2024.0,3,24.0,11.0,26.0,0.1395903881753788,46,True,True,False,True,True,True,False,starts_early,1976-2025,49,Říčany,50.0003,14.6717,385.0
0-203-0-11301018001,45,0.9183673469387755,1979.0,2024.0,3,21.0,11.0,26.0,0.15294498199457326,46,True,True,False,True,True,True,False,starts_early,1976-2025,49,Hazlov,50.159224,12.270389,551.0
0-203-0-11302082001,45,0.9183673469387755,1979.0,2024.0,3,22.0,11.0,26.0,0.15799733322983187,46,True,True,False,True,True,True,False,starts_early,1976-2025,49,Stráž nad Ohří,50.338823,13.051677,330.0
0-203-0-11401020001,45,0.9183673469387755,1979.0,2023.0,3,22.0,10.0,26.0,0.16405069384001053,48,True,True,False,True,True,True,False,starts_early,1976-2025,49,Klíny,50.63875,13.55153,807.0
0-203-0-11403086001,45,0.9183673469387755,1976.0,2024.0,4,23.0,11.0,26.0,0.15899090071093924,48,True,False,True,True,True,True,False,gap,1976-2025,49,Žandov  Horní Police,50.708083,14.403417,275.0
0-203-0-11493,45,0.9183673469387755,1976.0,2024.0,4,22.0,16.0,26.0,0.10422063468948543,47,True,False,True,True,True,True,False,gap,1976-2025,49,Kašperské Hory,49.145556,13.55,728.0
0-203-0-11585,45,0.9183673469387755,1976.0,2024.0,4,22.0,14.0,26.0,0.14985474009693536,46,True,False,True,True,True,True,False,gap,1976-2025,49,Borkovice,49.207925,14.636825,419.0
0-203-0-11671,45,0.9183673469387755,1976.0,2024.0,4,21.0,11.0,26.0,0.1935241904468152,46,True,False,True,True,True,True,False,gap,1976-2025,49,Broumov,50.569966,16.343617,373.0
0-203-0-11724,45,0.9183673469387755,1976.0,2024.0,4,22.0,15.0,26.0,0.10647375747186205,48,True,False,True,True,True,True,False,gap,1976-2025,49,Pohořelice,48.9844,16.5283,180.0
0-203-0-11736,45,0.9183673469387755,1976.0,2020.0,4,21.0,11.0,26.0,0.162105964354179,46,True,False,True,False,True,True,False,gap;ends_late,1976-2025,49,Světlá Hora,50.0331,17.4011,593.0
0-203-0-41001034001,45,0.9183673469387755,1980.0,2024.0,4,22.0,16.0,26.0,0.11883011610527491,46,True,False,False,True,True,True,False,gap;starts_early,1976-2025,49,Branná  Františkov,50.1324,17.0129,548.0
0-203-0-41102012001,45,0.9183673469387755,1979.0,2024.0,3,23.0,13.0,26.0,0.11363786321087016,46,True,True,False,True,True,True,False,starts_early,1976-2025,49,Rajnochovice,49.413825,17.810276,405.0
0-203-0-41501142001,45,0.9183673469387755,1976.0,2024.0,4,24.0,20.0,26.0,0.07506496966691878,48,True,False,True,True,True,True,False,gap,1976-2025,49,Kuřim,49.3006,16.5322,291.0
0-203-0-41503125001,45,0.9183673469387755,1976.0,2024.0,4,23.0,10.0,26.0,0.16291101865742538,48,True,False,True,True,True,True,False,gap,1976-2025,49,Židlochovice,49.0319,16.6152,183.0
0-203-0-41604005001,45,0.9183673469387755,1976.0,2024.0,4,23.0,15.0,26.0,0.12158480342977229,49,True,False,True,True,True,True,False,gap,1976-2025,49,Moravské Bránice,49.0825,16.4494,210.0
0-203-0-41701013001,45,0.9183673469387755,1976.0,2024.0,4,23.0,14.0,26.0,0.12870601482277083,49,True,False,True,True,True,True,False,gap,1976-2025,49,Ždánice,49.071944,17.025556,238.0
0-20000-0-11518,44,0.8979591836734694,1976.0,2024.0,2,22.0,10.0,26.0,0.17040749285161447,49,False,True,True,True,True,True,False,coverage,1976-2025,49,Praha  Ruzyně,50.100278,14.255556,364.0
0-20000-0-11692,44,0.8979591836734694,1979.0,2024.0,3,23.0,11.0,26.0,0.15832079108530145,46,False,True,False,True,True,True,False,coverage;starts_early,1976-2025,49,Sedlec,49.170833,16.120556,474.0
0-203-0-10501060001,44,0.8979591836734694,1980.0,2024.0,4,24.0,17.0,26.0,0.06751542601427578,45,False,False,False,True,True,True,False,coverage;gap;starts_early,1976-2025,49,Josefův Důl,50.778158,15.22868,623.0
0-203-0-10601152001,44,0.8979591836734694,1979.0,2024.0,3,21.0,10.0,26.0,0.14363872826860521,46,False,True,False,True,True,True,False,coverage;starts_early,1976-2025,49,Slavkov,48.7642081,14.2431344,777.0
0-203-0-10602028001,44,0.8979591836734694,1981.0,2024.0,5,22.0,11.0,25.0,0.1556325866474542,44,False,False,False,True,True,True,False,coverage;gap;starts_early,1976-2025,49,Benešov nad Černou,48.7311,14.6283,665.0
0-203-0-10602029002,44,0.8979591836734694,1980.0,2024.0,4,22.0,11.0,26.0,0.1841324772253975,46,False,False,False,True,True,True,False,coverage;gap;starts_early,1976-2025,49,Pohorská Ves,48.6701047,14.6489614,773.0
0-203-0-10803031001,44,0.8979591836734694,1981.0,2024.0,5,21.5,10.0,25.0,0.12783675647489195,44,False,False,False,True,True,True,False,coverage;gap;starts_early,1976-2025,49,Prachatice,49.0073094,13.9934122,607.0
0-203-0-10805001001,44,0.8979591836734694,1976.0,2024.0,4,22.0,10.0,26.0,0.14536197736491407,46,False,False,True,True,True,True,False,coverage;gap,1976-2025,49,Orlík nad Vltavou,49.5033544,14.1683553,431.0
0-203-0-10901134001,44,0.8979591836734694,1976.0,2019.0,5,24.0,13.0,26.0,0.1234800118550426,45,False,False,True,False,True,True,False,coverage;gap;ends_late,1976-2025,49,Bohdaneč,49.778642,15.223688,460.0
0-203-0-10902001001,44,0.8979591836734694,1979.0,2023.0,3,22.5,16.0,26.0,0.09583318840568751,46,False,True,False,True,True,True,False,coverage;starts_early,1976-2025,49,Božejov,49.360705,15.152789,611.0
0-203-0-10903092001,44,0.8979591836734694,1976.0,2020.0,4,22.5,11.0,26.0,0.1517861108425913,45,False,False,True,False,True,True,False,coverage;gap;ends_late,1976-2025,49,Psáře,49.7536,14.9678,475.0
0-203-0-11005008001,44,0.8979591836734694,1976.0,2024.0,2,21.5,12.0,26.0,0.15113388945440495,48,False,True,True,True,True,True,False,coverage,1976-2025,49,Lovčice  Kvasetice,49.402384,13.493545,597.0
0-203-0-11103043001,44,0.8979591836734694,1979.0,2024.0,3,22.0,13.0,25.0,0.12548383809288854,46,False,True,False,True,True,True,False,coverage;starts_early,1976-2025,49,Křivoklát,50.0381,13.8808,323.0
0-203-0-11301117001,44,0.8979591836734694,1979.0,2024.0,3,23.0,12.0,26.0,0.1606067062917803,45,False,True,False,True,True,True,False,coverage;starts_early,1976-2025,49,Oloví,50.24589,12.559014,537.0
0-203-0-11302057001,44,0.8979591836734694,1979.0,2024.0,3,22.0,11.0,25.0,0.13988591431022618,45,False,True,False,True,True,True,False,coverage;starts_early,1976-2025,49,Abertamy,50.367742,12.816447,893.0
0-203-0-11303078001,44,0.8979591836734694,1976.0,2024.0,2,22.0,10.0,26.0,0.19442713289040112,49,False,True,True,True,True,True,False,coverage,1976-2025,49,Velká Černoc,50.20283,13.58406,329.0
0-203-0-11303100001,44,0.8979591836734694,1976.0,2024.0,3,22.0,11.0,26.0,0.1802784446784222,48,False,True,True,True,True,True,False,coverage,1976-2025,49,Hřivice,50.292153,13.732,270.0
0-203-0-11304046001,44,0.8979591836734694,1976.0,2024.0,5,21.0,11.0,26.0,0.16052377677696242,47,False,False,True,True,True,True,False,coverage;gap,1976-2025,49,Dlažkovice,50.47,13.95222,278.0
0-203-0-11304061001,44,0.8979591836734694,1976.0,2024.0,5,22.0,10.0,26.0,0.16130096997086688,48,False,False,True,True,True,True,False,coverage;gap,1976-2025,49,Straškov-Vodochody,50.36389,14.255,214.0
0-203-0-11402017001,44,0.8979591836734694,1976.0,2024.0,5,22.0,11.0,26.0,0.15959967303682512,49,False,False,True,True,True,True,False,coverage;gap,1976-2025,49,Děčín  Těchlovice,50.69783,14.20433,150.0
0-203-0-11402030001,44,0.8979591836734694,1976.0,2024.0,3,22.5,15.0,26.0,0.12114063071860515,49,False,True,True,True,True,True,False,coverage,1976-2025,49,Jílové,50.76642,14.10183,310.0
0-203-0-11405003001,44,0.8979591836734694,1976.0,2024.0,4,22.0,13.0,25.0,0.12689833959343938,49,False,False,True,True,True,True,False,coverage;gap,1976-2025,49,Česká Kamenice,50.80333,14.44361,328.0
0-203-0-11408,44,0.8979591836734694,1980.0,2024.0,4,23.0,16.0,26.0,0.1029893356352146,45,False,False,False,True,True,True,False,coverage;gap;starts_early,1976-2025,49,Šindelová  Obora,50.317449,12.597466,589.0
0-203-0-11428,44,0.8979591836734694,1976.0,2024.0,2,22.0,10.0,26.0,0.18405000564079282,47,False,True,True,True,True,True,False,coverage,1976-2025,49,Domažlice,49.444716,12.922385,458.0
0-203-0-11432,44,0.8979591836734694,1980.0,2024.0,4,22.0,15.0,26.0,0.11323065201417659,45,False,False,False,True,True,True,False,coverage;gap;starts_early,1976-2025,49,Nová Ves v Horách,50.59244,13.48561,725.0
0-203-0-11454,44,0.8979591836734694,1978.0,2024.0,2,20.5,11.0,24.0,0.15599702819387112,47,False,True,True,True,True,True,False,coverage,1976-2025,49,Libkov,49.366344,13.135593,574.0
0-203-0-11503,44,0.8979591836734694,1976.0,2024.0,4,22.0,11.0,25.0,0.15366575595960014,48,False,False,True,True,True,True,False,coverage;gap,1976-2025,49,Ústí nad Labem  Vaňov,50.62556,14.05831,150.0
0-203-0-11510,44,0.8979591836734694,1979.0,2024.0,3,23.0,17.0,26.0,0.10280466442025242,46,False,True,False,True,True,True,False,coverage;starts_early,1976-2025,49,Kralupy nad Vltavou,50.241923,14.289786,220.0
0-203-0-11554,44,0.8979591836734694,1976.0,2024.0,2,23.0,10.0,26.0,0.18670601923180014,48,False,True,True,True,True,True,False,coverage,1976-2025,49,Česká Lípa,50.675373,14.541141,246.0
0-203-0-11581,44,0.8979591836734694,1981.0,2024.0,5,22.0,11.0,26.0,0.13221335605908313,44,False,False,False,True,True,True,False,coverage;gap;starts_early,1976-2025,49,Hlasivo,49.4981,14.7561,547.0
0-203-0-11667,44,0.8979591836734694,1978.0,2024.0,2,22.0,11.0,26.0,0.15912239424672386,48,False,True,True,True,True,True,False,coverage,1976-2025,49,Moravské Budějovice,49.0610864,15.8064603,460.0
0-203-0-11691,44,0.8979591836734694,1976.0,2024.0,3,22.0,11.0,26.0,0.1459208140573045,48,False,True,True,True,True,True,False,coverage,1976-2025,49,Náměšť nad Oslavou,49.2101581,16.144155,390.0
0-203-0-11716,44,0.8979591836734694,1976.0,2024.0,3,19.0,11.0,25.0,0.1971361331249551,49,False,True,True,True,True,True,False,coverage,1976-2025,49,Protivanov,49.47782,16.83105,675.0
0-203-0-11742,44,0.8979591836734694,1978.0,2024.0,2,22.0,11.0,26.0,0.15036667754382466,48,False,True,True,True,True,True,False,coverage,1976-2025,49,Olomouc  Holice,49.5758,17.2844,210.0
0-203-0-11768,44,0.8979591836734694,1976.0,2024.0,5,24.0,13.0,26.0,0.11928946916300226,47,False,False,True,True,True,True,False,coverage;gap,1976-2025,49,Hranice  Drahotuše,49.5525,17.701389,247.0
0-203-0-11779,44,0.8979591836734694,1976.0,2024.0,2,19.5,10.0,26.0,0.2541483517030762,49,False,True,True,True,True,True,False,coverage,1976-2025,49,Strání,48.9033,17.7086,383.0
0-203-0-20101047201,44,0.8979591836734694,1979.0,2024.0,3,23.0,10.0,26.0,0.17831177697401535,46,False,True,False,True,True,True,False,coverage;starts_early,1976-2025,49,Odry,49.670833,17.82,305.0
0-203-0-41002054001,44,0.8979591836734694,1976.0,2024.0,5,24.0,11.0,26.0,0.1241218175318288,45,False,False,True,True,True,True,False,coverage;gap,1976-2025,49,Mírov  Míroveček,49.796164,16.839447,370.0
0-203-0-41102018001,44,0.8979591836734694,1979.0,2024.0,3,22.5,11.0,26.0,0.16432278375652243,46,False,True,False,True,True,True,False,coverage;starts_early,1976-2025,49,Kelč,49.4765261,17.8195539,323.0
0-203-0-41503106201,44,0.8979591836734694,1976.0,2024.0,5,24.0,13.0,26.0,0.13669450147192558,47,False,False,True,True,True,True,False,coverage;gap,1976-2025,49,Těšany,49.0419,16.7658,209.0
0-203-0-41602014001,44,0.8979591836734694,1980.0,2024.0,4,23.5,11.0,26.0,0.16299403381600572,45,False,False,False,True,True,True,False,coverage;gap;starts_early,1976-2025,49,Radostín,49.460278,15.9675,512.0
0-203-0-41701032001,44,0.8979591836734694,1976.0,2024.0,5,24.0,13.0,26.0,0.11160604055893042,48,False,False,True,True,True,True,False,coverage;gap,1976-2025,49,Klobouky u Brna,48.9961,16.8767,205.0
0-203-0-41701056001,44,0.8979591836734694,1976.0,2024.0,4,24.0,15.0,26.0,0.1235768390435509,49,False,False,True,True,True,True,False,coverage;gap,1976-2025,49,Valtice,48.745833,16.759167,195.0
0-20000-0-11438,43,0.8775510204081632,1978.0,2024.0,2,23.0,10.0,26.0,0.18183145848050447,46,False,True,True,True,True,True,False,coverage,1976-2025,49,Tušimice,50.37667,13.32806,321.71
0-20000-0-11679,43,0.8775510204081632,1976.0,2024.0,1,21.0,10.0,25.0,0.20263126489335737,48,False,True,True,True,True,True,False,coverage,1976-2025,49,Ústí nad Orlicí,49.980278,16.422222,401.7
0-203-0-10902018001,43,0.8775510204081632,1980.0,2024.0,4,23.0,11.0,26.0,0.14064413180469126,47,False,False,False,True,True,True,False,coverage;gap;starts_early,1976-2025,49,Pelhřimov,49.4331428,15.2339531,524.0
0-203-0-11002020001,43,0.8775510204081632,1976.0,2024.0,5,23.0,12.0,26.0,0.14858962383798463,45,False,False,True,True,True,True,False,coverage;gap,1976-2025,49,Trhanov  Chodov,49.41688,12.83535,471.0
0-203-0-11203020001,43,0.8775510204081632,1976.0,2024.0,6,21.0,11.0,25.0,0.17549683819438464,48,False,False,True,True,True,True,False,coverage;gap,1976-2025,49,Dubá  Nedamov,50.536399,14.555594,258.0
0-203-0-11302113001,43,0.8775510204081632,1979.0,2024.0,3,21.0,11.0,25.0,0.18174150087266924,48,False,True,False,True,True,True,False,coverage;starts_early,1976-2025,49,Výsluní,50.46428,13.23853,738.0
0-203-0-11304017001,43,0.8775510204081632,1976.0,2024.0,5,22.0,11.0,26.0,0.14490477362427098,48,False,False,True,True,True,True,False,coverage;gap,1976-2025,49,Cítoliby,50.3361,13.8164,235.0
0-203-0-11401048001,43,0.8775510204081632,1977.0,2024.0,4,22.0,11.0,26.0,0.1950801500821184,48,False,False,True,True,True,True,False,coverage;gap,1976-2025,49,Bílina,50.539526,13.775657,270.0
0-203-0-11532,43,0.8775510204081632,1981.0,2024.0,5,22.0,10.0,26.0,0.12585921491137672,44,False,False,False,True,True,True,False,coverage;gap;starts_early,1976-2025,49,Vráž,49.3845275,14.1288047,433.0
0-203-0-11676,43,0.8775510204081632,1978.0,2024.0,2,23.0,10.0,26.0,0.21232485392028438,46,False,True,True,True,True,True,False,coverage,1976-2025,49,Rokytnice v Orlic.horách,50.164432,16.460258,577.0
0-203-0-11686,43,0.8775510204081632,1977.0,2024.0,2,21.0,10.0,25.0,0.24467028954880024,49,False,True,True,True,True,True,False,coverage,1976-2025,49,Bystřice nad Pernštejnem,49.52416,16.25401,553.0
0-203-0-20301070001,43,0.8775510204081632,1979.0,2024.0,3,23.0,11.0,26.0,0.16814634662807995,47,False,True,False,True,True,True,False,coverage;starts_early,1976-2025,49,Havířov  Bludovice,49.7656,18.4406,259.0
0-203-0-20303032001,43,0.8775510204081632,1976.0,2019.0,5,22.0,11.0,26.0,0.17376691074071773,45,False,False,True,False,True,True,False,coverage;gap;ends_late,1976-2025,49,Tyra,49.6258,18.6494,500.0
0-203-0-20407004001,43,0.8775510204081632,1976.0,2018.0,6,24.0,13.0,26.0,0.13617474085997935,43,False,False,True,False,True,True,False,coverage;gap;ends_late,1976-2025,49,Jablonec nad Nisou,50.72922,15.17959,495.0
0-203-0-41002041001,43,0.8775510204081632,1976.0,2018.0,6,24.0,13.0,26.0,0.1475756032547374,44,False,False,True,False,True,True,False,coverage;gap;ends_late,1976-2025,49,Hoštejn,49.875125,16.7688722,305.0
0-203-0-41102038001,43,0.8775510204081632,1976.0,2024.0,3,22.0,14.0,26.0,0.14552616898471454,48,False,True,True,True,True,True,False,coverage,1976-2025,49,Potštát  Kyžlířov,49.6417,17.6764,565.0
0-203-0-41501038001,43,0.8775510204081632,1976.0,2024.0,6,23.0,10.0,26.0,0.18313328454833463,44,False,False,True,True,True,True,False,coverage;gap,1976-2025,49,Lísek,49.583611,16.183611,688.0
0-203-0-41601072001,43,0.8775510204081632,1976.0,2024.0,3,21.0,11.0,26.0,0.23875427212543845,49,False,True,True,True,True,True,False,coverage,1976-2025,49,Brtnice,49.3069,15.6753,517.0
0-203-0-41604020001,43,0.8775510204081632,1976.0,2022.0,4,24.0,16.0,26.0,0.09233792720283727,47,False,False,True,True,True,True,False,coverage;gap,1976-2025,49,Miroslav,48.9442,16.3197,238.0
0-203-0-41701068002,43,0.8775510204081632,1976.0,2024.0,4,22.0,11.0,26.0,0.17987628347007298,47,False,False,True,True,True,True,False,coverage;gap,1976-2025,49,Koryčany,49.1028,17.17,305.0
0-203-0-10501038001,42,0.8571428571428571,1983.0,2024.0,7,20.0,14.0,26.0,0.15893249652404465,42,False,False,False,True,True,True,False,coverage;gap;starts_early,1976-2025,49,Lomnice nad Popelkou,50.538491,15.379375,485.0
0-203-0-10602036001,42,0.8571428571428571,1976.0,2017.0,7,22.0,10.0,25.0,0.12048892747070886,43,False,False,True,False,True,True,False,coverage;gap;ends_late,1976-2025,49,Netřebice,48.7925114,14.4535261,616.0
0-203-0-10602062001,42,0.8571428571428571,1976.0,2018.0,6,22.0,13.0,26.0,0.13565644686870548,44,False,False,True,False,True,True,False,coverage;gap;ends_late,1976-2025,49,Trhové Sviny,48.8455767,14.6372439,468.0
0-203-0-10801017001,42,0.8571428571428571,1982.0,2024.0,6,21.5,11.0,26.0,0.13673867765325395,43,False,False,False,True,True,True,False,coverage;gap;starts_early,1976-2025,49,Srní  Vchynice - Tetov I,49.0606156,13.5041194,930.0
0-203-0-11001141001,42,0.8571428571428571,1983.0,2024.0,7,23.0,12.0,26.0,0.1621103201000727,42,False,False,False,True,True,True,False,coverage;gap;starts_early,1976-2025,49,Úterý,49.938609,13.001143,489.0
0-203-0-11203039001,42,0.8571428571428571,1976.0,2024.0,6,23.0,11.0,25.0,0.15111338710927003,47,False,False,True,True,True,True,False,coverage;gap,1976-2025,49,Roudnice nad Labem,50.42731,14.24917,175.0
0-203-0-11203051001,42,0.8571428571428571,1976.0,2021.0,3,23.0,10.0,26.0,0.14114429990136773,46,False,True,True,False,True,True,False,coverage;ends_late,1976-2025,49,Úštěk  Habřina,50.59617,14.30925,280.0
0-203-0-11304028001,42,0.8571428571428571,1976.0,2024.0,3,21.5,11.0,26.0,0.1816942402851237,48,False,True,True,True,True,True,False,coverage,1976-2025,49,Peruc,50.3386,13.9542,350.0
0-203-0-11304041001,42,0.8571428571428571,1976.0,2024.0,6,23.0,11.0,26.0,0.1579121366138999,46,False,False,True,True,True,True,False,coverage;gap,1976-2025,49,Libochovice  Poplze,50.39983,14.04575,165.0
0-203-0-11305010001,42,0.8571428571428571,1976.0,2024.0,5,21.0,11.0,25.0,0.19687992928602746,47,False,False,True,True,True,True,False,coverage;gap,1976-2025,49,Milešov,50.53642,13.94231,348.0
0-203-0-11442,42,0.8571428571428571,1977.0,2024.0,3,21.0,10.0,26.0,0.18010366673459596,47,False,True,True,True,True,True,False,coverage,1976-2025,49,Kralovice,49.981823,13.494007,449.0
0-203-0-11446,42,0.8571428571428571,1977.0,2024.0,3,22.0,11.0,26.0,0.15725176302900568,48,False,True,True,True,True,True,False,coverage,1976-2025,49,Plzeň  Bolevec,49.788378,13.386411,331.0
0-203-0-11474,42,0.8571428571428571,1976.0,2024.0,7,22.0,14.0,26.0,0.12948277820711476,48,False,False,True,True,True,True,False,coverage;gap,1976-2025,49,Lány,50.124148,13.952337,415.0
0-203-0-11501028001,42,0.8571428571428571,1976.0,2024.0,6,22.5,10.0,25.0,0.14320866151627545,47,False,False,True,True,True,True,False,coverage;gap,1976-2025,49,Lobendava,51.01965,14.31347,350.0
0-203-0-11525,42,0.8571428571428571,1976.0,2024.0,5,22.5,15.0,26.0,0.10605506359190667,44,False,False,True,True,True,True,False,coverage;gap,1976-2025,49,Kamýk nad Vltavou,49.63234,14.24637,280.0
0-203-0-11572,42,0.8571428571428571,1980.0,2024.0,4,21.0,10.0,25.0,0.1975821664110619,47,False,False,False,True,True,True,False,coverage;gap;starts_early,1976-2025,49,Ondřejov  Pecný,49.913822,14.786716,543.0
0-203-0-11709,42,0.8571428571428571,1982.0,2024.0,6,22.0,11.0,26.0,0.12367719465902932,43,False,False,False,True,True,True,False,coverage;gap;starts_early,1976-2025,49,Dubicko,49.8269,16.9662,282.0
0-203-0-11725,42,0.8571428571428571,1979.0,2024.0,3,22.0,10.0,26.0,0.1590448641132667,44,False,True,False,True,True,True,False,coverage;starts_early,1976-2025,49,Kobylí,48.9394,16.8814,175.0
0-203-0-11763,42,0.8571428571428571,1978.0,2024.0,4,22.5,16.0,25.0,0.1024741195599363,49,False,False,True,True,True,True,False,coverage;gap,1976-2025,49,Opava,49.928847,17.878541,268.0
0-203-0-20203012001,42,0.8571428571428571,1976.0,2024.0,3,22.0,10.0,26.0,0.1767808855463106,48,False,True,True,True,True,True,False,coverage,1976-2025,49,Hrabyně,49.8783,18.0533,395.0
0-203-0-20302014002,42,0.8571428571428571,1976.0,2024.0,2,23.0,11.0,26.0,0.1396453038438649,48,False,True,True,True,True,True,False,coverage,1976-2025,49,Hať,49.9458,18.2542,220.0
0-203-0-40102021001,42,0.8571428571428571,1976.0,2018.0,6,24.0,10.0,26.0,0.13863754581171503,44,False,False,True,False,True,True,False,coverage;gap;ends_late,1976-2025,49,Železná,49.583431,12.581084,511.0
0-203-0-41003064001,42,0.8571428571428571,1976.0,2019.0,5,23.5,12.0,26.0,0.17477099480411853,43,False,False,True,False,True,True,False,coverage;gap;ends_late,1976-2025,49,Štěpánov,49.68115,17.22473,225.0
0-203-0-41003127001,42,0.8571428571428571,1979.0,2024.0,3,23.0,12.0,26.0,0.1621132885869753,45,False,True,False,True,True,True,False,coverage;starts_early,1976-2025,49,Velký Újezd,49.5812756,17.4855908,381.0
0-203-0-41202048001,42,0.8571428571428571,1976.0,2024.0,5,18.5,11.0,26.0,0.25469947316117164,49,False,False,True,True,True,True,False,coverage;gap,1976-2025,49,Podivice,49.369444,17.003611,375.0
0-203-0-41502036001,42,0.8571428571428571,1981.0,2024.0,5,22.0,10.0,26.0,0.17175263299917343,44,False,False,False,True,True,True,False,coverage;gap;starts_early,1976-2025,49,Knínice u Boskovic,49.537004,16.692288,369.0
0-203-0-41602008001,42,0.8571428571428571,1980.0,2024.0,4,21.0,11.0,26.0,0.2287476208037221,45,False,False,False,True,True,True,False,coverage;gap;starts_early,1976-2025,49,Bohdalov,49.481656,15.871783,583.0
0-203-0-41603056001,42,0.8571428571428571,1981.0,2024.0,5,23.0,13.0,26.0,0.13728108964851377,44,False,False,False,True,True,True,False,coverage;gap;starts_early,1976-2025,49,Moravský Krumlov,49.040547,16.305604,255.0
0-203-0-41701105001,42,0.8571428571428571,1976.0,2022.0,4,23.0,13.0,26.0,0.13238795549516894,46,False,False,True,True,True,True,False,coverage;gap,1976-2025,49,Prušánky,48.832222,16.969722,179.0
0-203-0-42108066001,42,0.8571428571428571,1978.0,2024.0,2,18.0,10.0,26.0,0.29247540443433256,49,False,True,True,True,True,True,False,coverage,1976-2025,49,Valašské Klobouky,49.139167,18.015,402.0
0-20000-0-11433,41,0.8367346938775511,1978.0,2024.0,2,23.0,10.0,26.0,0.16642743708902763,49,False,True,True,True,True,True,False,coverage,1976-2025,49,Kopisty,50.54417,13.62278,240.0
0-20000-0-11509,41,0.8367346938775511,1978.0,2023.0,4,23.0,10.0,26.0,0.19091777142770042,46,False,False,True,True,True,True,False,coverage;gap,1976-2025,49,Doksany,50.45889,14.17,158.0
0-20000-0-11520,41,0.8367346938775511,1977.0,2024.0,4,23.0,10.0,26.0,0.14373780711568343,49,False,False,True,True,True,True,False,coverage;gap,1976-2025,49,Praha  Libuš,50.007778,14.446944,302.04
0-203-0-10601029001,41,0.8367346938775511,1976.0,2018.0,6,23.0,12.0,26.0,0.1685187402112226,43,False,False,True,False,True,True,False,coverage;gap;ends_late,1976-2025,49,Strážný,48.9054436,13.7206847,811.0
0-203-0-10601075001,41,0.8367346938775511,1976.0,2016.0,8,21.0,11.0,25.0,0.12781903309853504,42,False,False,True,False,True,True,False,coverage;gap;ends_late,1976-2025,49,Horní Planá,48.7675,14.0342,771.0
0-203-0-10602077001,41,0.8367346938775511,1976.0,2016.0,8,22.0,12.0,26.0,0.1472502448289808,41,False,False,True,False,True,True,False,coverage;gap;ends_late,1976-2025,49,Roudné,48.9356,14.4903,393.0
0-203-0-10801125001,41,0.8367346938775511,1976.0,2024.0,6,21.0,10.0,26.0,0.21274586338379087,49,False,False,True,True,True,True,False,coverage;gap,1976-2025,49,Katovice,49.2705208,13.8319189,412.0
0-203-0-10903101001,41,0.8367346938775511,1976.0,2020.0,4,23.0,13.0,26.0,0.11035003536058065,45,False,False,True,False,True,True,False,coverage;gap;ends_late,1976-2025,49,Sázava,49.876432,14.901245,350.0
0-203-0-11103015001,41,0.8367346938775511,1976.0,2019.0,5,24.0,14.0,26.0,0.13352992567908764,43,False,False,True,False,True,True,False,coverage;gap;ends_late,1976-2025,49,Rakovník,50.099245,13.738651,313.0
0-203-0-11105027001,41,0.8367346938775511,1983.0,2024.0,7,23.0,11.0,26.0,0.1305430512684442,42,False,False,False,True,True,True,False,coverage;gap;starts_early,1976-2025,49,Loděnice,49.9964,14.1567,255.0
0-203-0-11303017001,41,0.8367346938775511,1979.0,2024.0,3,22.0,11.0,26.0,0.1862951569943928,46,False,True,False,True,True,True,False,coverage;starts_early,1976-2025,49,Mašťov,50.2608,13.2828,373.0
0-203-0-11403079001,41,0.8367346938775511,1979.0,2024.0,5,22.0,14.0,25.0,0.13490644524625106,46,False,False,False,True,True,True,False,coverage;gap;starts_early,1976-2025,49,Zahrádky,50.61428,14.51467,270.0
0-203-0-11417,41,0.8367346938775511,1980.0,2024.0,4,20.0,10.0,25.0,0.20619757801364003,45,False,False,False,True,True,True,False,coverage;gap;starts_early,1976-2025,49,Krásné Údolí,50.071286,12.920958,650.0
0-203-0-11419,41,0.8367346938775511,1977.0,2024.0,5,22.0,11.0,26.0,0.17055569753279545,48,False,False,True,True,True,True,False,coverage;gap,1976-2025,49,Konstantinovy Lázně,49.884787,12.975956,530.0
0-203-0-11461,41,0.8367346938775511,1976.0,2024.0,4,21.0,12.0,26.0,0.17879586594800803,48,False,False,True,True,True,True,False,coverage;gap,1976-2025,49,Teplice,50.645153,13.836344,227.0
0-203-0-11486,41,0.8367346938775511,1977.0,2024.0,3,21.0,10.0,26.0,0.18811862964260792,49,False,True,True,True,True,True,False,coverage,1976-2025,49,Nepomuk,49.486924,13.589389,471.0
0-203-0-11498,41,0.8367346938775511,1976.0,2016.0,8,21.0,12.0,24.0,0.15993653892752982,42,False,False,True,False,True,True,False,coverage;gap;ends_late,1976-2025,49,Lenora  Houžná,48.9344,13.7694,804.0
0-203-0-11559,41,0.8367346938775511,1978.0,2024.0,5,24.0,11.0,26.0,0.1502901976306103,47,False,False,True,True,True,True,False,coverage;gap,1976-2025,49,Kořenov  Jizerka,50.819878,15.344272,858.0
0-203-0-11606,41,0.8367346938775511,1978.0,2024.0,6,22.0,13.0,26.0,0.12554137279517683,41,False,False,True,True,True,True,False,coverage;gap,1976-2025,49,Harrachov,50.781746,15.420036,675.0
0-203-0-11632,41,0.8367346938775511,1982.0,2024.0,6,21.0,16.0,25.0,0.11497350521771259,43,False,False,False,True,True,True,False,coverage;gap;starts_early,1976-2025,49,Nový Rychnov,49.385922,15.365095,619.0
0-203-0-11640,41,0.8367346938775511,1979.0,2022.0,3,24.0,13.0,26.0,0.16771595916036533,42,False,True,False,True,True,True,False,coverage;starts_early,1976-2025,49,Labská bouda,50.769883,15.544927,1320.0
0-203-0-11660,41,0.8367346938775511,1981.0,2023.0,5,21.0,12.0,26.0,0.1380087796787136,44,False,False,False,True,True,True,False,coverage;gap;starts_early,1976-2025,49,Vatín,49.52306,15.96806,558.0
0-203-0-11680,41,0.8367346938775511,1981.0,2023.0,5,21.0,11.0,25.0,0.21037003669743387,44,False,False,False,True,True,True,False,coverage;gap;starts_early,1976-2025,49,Rychnov nad Kněžnou,50.164879,16.270033,335.0
0-203-0-11741,41,0.8367346938775511,1976.0,2018.0,6,22.0,12.0,26.0,0.18885824085172043,44,False,False,True,False,True,True,False,coverage;gap;ends_late,1976-2025,49,Paseka,49.7776,17.2345,271.0
0-203-0-11770,41,0.8367346938775511,1976.0,2020.0,4,22.0,11.0,25.0,0.14328682337698778,43,False,False,True,False,True,True,False,coverage;gap;ends_late,1976-2025,49,Hošťálková,49.3514,17.8683,385.0
0-203-0-11777,41,0.8367346938775511,1978.0,2024.0,2,19.0,11.0,26.0,0.27147326950921075,48,False,True,True,True,True,True,False,coverage,1976-2025,49,Vizovice,49.22297,17.84361,313.0
0-203-0-20301015001,41,0.8367346938775511,1976.0,2016.0,8,23.0,13.0,26.0,0.12975712449550014,41,False,False,True,False,True,True,False,coverage;gap;ends_late,1976-2025,49,Šance,49.5125,18.4189,509.0
0-203-0-20301027102,41,0.8367346938775511,1976.0,2016.0,8,22.0,11.0,26.0,0.15977026745846246,41,False,False,True,False,True,True,False,coverage;gap;ends_late,1976-2025,49,Frýdlant nad Ostravicí  Lubno,49.6011,18.3858,398.0
0-203-0-20303046001,41,0.8367346938775511,1976.0,2018.0,6,22.0,10.0,26.0,0.17838699151209997,44,False,False,True,False,True,True,False,coverage;gap;ends_late,1976-2025,49,Český Těšín,49.753611,18.608611,274.0
0-203-0-20402001001,41,0.8367346938775511,1976.0,2024.0,5,23.0,13.0,26.0,0.1433859376516996,46,False,False,True,True,True,True,False,coverage;gap,1976-2025,49,Jindřichov,50.2525,17.5231,358.2
0-203-0-41301014002,41,0.8367346938775511,1980.0,2024.0,4,18.0,10.0,25.0,0.2515829978824499,46,False,False,False,True,True,True,False,coverage;gap;starts_early,1976-2025,49,Zlín  Velíková,49.2875,17.7606,392.0
0-203-0-41402080001,41,0.8367346938775511,1981.0,2024.0,5,22.0,13.0,26.0,0.17706202791567904,45,False,False,False,True,True,True,False,coverage;gap;starts_early,1976-2025,49,Šatov,48.789167,16.020556,238.0
0-203-0-41501135001,41,0.8367346938775511,1976.0,2019.0,5,23.0,13.0,26.0,0.12331896285103003,44,False,False,True,False,True,True,False,coverage;gap;ends_late,1976-2025,49,Velká Bíteš,49.2918,16.221,485.0
0-203-0-41502007002,41,0.8367346938775511,1977.0,2024.0,4,20.0,11.0,26.0,0.255750638273538,49,False,False,True,True,True,True,False,coverage;gap,1976-2025,49,Březová nad Svitavou,49.6597,16.5003,387.0
0-203-0-41502105102,41,0.8367346938775511,1976.0,2024.0,3,19.0,10.0,25.0,0.23224835368827274,49,False,True,True,True,True,True,False,coverage,1976-2025,49,Babice nad Svitavou,49.2889,16.6958,470.0
0-203-0-41601100001,41,0.8367346938775511,1979.0,2024.0,3,21.0,10.0,26.0,0.25781084538229776,46,False,True,False,True,True,True,False,coverage;starts_early,1976-2025,49,Budišov,49.2717,16.0039,485.0
0-20000-0-11567,40,0.8163265306122449,1979.0,2024.0,4,22.0,10.0,25.0,0.1425509819783086,46,False,False,False,True,True,True,False,coverage;gap;starts_early,1976-2025,49,Praha  Kbely,50.123333,14.538056,284.5
0-203-0-10602066001,40,0.8163265306122449,1980.0,2024.0,4,20.5,11.0,26.0,0.18990315574559524,43,False,False,False,True,True,True,False,coverage;gap;starts_early,1976-2025,49,Besednice,48.7915,14.5549319,593.0
0-203-0-10903037001,40,0.8163265306122449,1976.0,2017.0,7,24.0,15.0,26.0,0.09209667835534674,42,False,False,True,False,True,True,False,coverage;gap;ends_late,1976-2025,49,Šebířov  Vrcholtovice,49.5997,14.7511,475.0
0-203-0-11301070001,40,0.8163265306122449,1979.0,2018.0,6,21.0,13.0,26.0,0.17853226683731901,41,False,False,False,False,True,True,False,coverage;gap;starts_early;ends_late,1976-2025,49,Dolní Žandov,50.019769,12.550387,537.0
0-203-0-11420,40,0.8163265306122449,1977.0,2024.0,8,24.0,16.0,26.0,0.11117277730380072,40,False,False,True,True,True,True,False,coverage;gap,1976-2025,49,Klínovec,50.3948,12.967957,1236.0
0-203-0-11451,40,0.8163265306122449,1978.0,2024.0,7,23.0,14.0,26.0,0.14371892573312248,48,False,False,True,True,True,True,False,coverage;gap,1976-2025,49,Staňkov,49.552537,13.067369,362.0
0-203-0-11491,40,0.8163265306122449,1979.0,2019.0,5,22.0,16.0,25.0,0.11188005531106085,41,False,False,False,False,True,True,False,coverage;gap;starts_early;ends_late,1976-2025,49,Strakonice  Nové Strakonice,49.2546,13.8827,404.0
0-203-0-11561,40,0.8163265306122449,1978.0,2024.0,4,20.5,12.0,26.0,0.19222394027311798,48,False,False,True,True,True,True,False,coverage;gap,1976-2025,49,Semčice,50.3671,15.0036,234.0
0-203-0-11612,40,0.8163265306122449,1978.0,2024.0,4,21.0,12.0,25.0,0.1677646922470012,46,False,False,True,True,True,True,False,coverage;gap,1976-2025,49,Holovousy,50.375735,15.5810108,321.0
0-203-0-11695,40,0.8163265306122449,1981.0,2024.0,5,22.0,13.0,26.0,0.13078298851816073,45,False,False,False,True,True,True,False,coverage;gap;starts_early,1976-2025,49,Troubsko,49.1745,16.5074,278.0
0-203-0-11713,40,0.8163265306122449,1979.0,2024.0,3,22.0,10.0,26.0,0.2015328110853631,44,False,True,False,True,True,True,False,coverage;starts_early,1976-2025,49,Jevíčko,49.6309,16.7055,362.0
0-203-0-11727,40,0.8163265306122449,1981.0,2024.0,5,22.0,15.0,26.0,0.13142149778541587,45,False,False,False,True,True,True,False,coverage;gap;starts_early,1976-2025,49,Lednice,48.792616,16.798895,177.0
0-203-0-20101072001,40,0.8163265306122449,1976.0,2018.0,6,22.0,16.0,25.0,0.11252936124788562,43,False,False,True,False,True,True,False,coverage;gap;ends_late,1976-2025,49,Hodslavice,49.5472,18.0264,340.0
0-203-0-20201017001,40,0.8163265306122449,1979.0,2023.0,3,20.5,10.0,26.0,0.23103857379333886,44,False,True,False,True,True,True,False,coverage;starts_early,1976-2025,49,Karlovice,50.0936408,17.4510033,467.0
0-203-0-20303008001,40,0.8163265306122449,1979.0,2024.0,3,23.0,13.0,26.0,0.136362168562376,45,False,True,False,True,True,True,False,coverage;starts_early,1976-2025,49,Horní Lomná,49.534088,18.637779,582.0
0-203-0-20303022001,40,0.8163265306122449,1979.0,2024.0,6,23.5,14.0,26.0,0.12843883672769785,46,False,False,False,True,True,True,False,coverage;gap;starts_early,1976-2025,49,Nýdek,49.6621492,18.7651222,425.0
0-203-0-20303075201,40,0.8163265306122449,1976.0,2024.0,3,22.0,10.0,26.0,0.17694933367388122,47,False,True,True,True,True,True,False,coverage,1976-2025,49,Dolní Lutyně  Nerad,49.9153,18.4147,208.0
0-203-0-41002036001,40,0.8163265306122449,1976.0,2024.0,9,24.0,16.0,26.0,0.13892813286083128,41,False,False,True,True,True,True,False,coverage;gap,1976-2025,49,Červená Voda,50.04034,16.742859,535.0
0-203-0-41102034001,40,0.8163265306122449,1976.0,2018.0,6,22.0,10.0,26.0,0.19590645045319302,44,False,False,True,False,True,True,False,coverage;gap;ends_late,1976-2025,49,Střítež nad Ludinou,49.605,17.7411,339.0
0-203-0-41102054001,40,0.8163265306122449,1979.0,2024.0,3,23.0,13.0,26.0,0.12282857248680497,45,False,True,False,True,True,True,False,coverage;starts_early,1976-2025,49,Lipník nad Bečvou,49.521944,17.590556,227.0
0-203-0-41602037001,40,0.8163265306122449,1985.0,2024.0,9,21.0,11.0,26.0,0.1859831038104656,41,False,False,False,True,True,True,False,coverage;gap;starts_early,1976-2025,49,Pavlínov,49.3508,15.8772,559.0
0-203-0-42109005002,40,0.8163265306122449,1980.0,2024.0,4,20.5,10.0,26.0,0.251188095904747,46,False,False,False,True,True,True,False,coverage;gap;starts_early,1976-2025,49,Starý Hrozenkov,48.9681,17.8614,412.0
0-203-0-10402021001,39,0.7959183673469388,1978.0,2024.0,4,22.0,12.0,26.0,0.16068339079044341,45,False,False,True,True,True,True,False,coverage;gap,1976-2025,49,Slatiny  Milíčeves,50.379018,15.393348,254.0
0-203-0-10503002001,39,0.7959183673469388,1976.0,2023.0,8,23.0,10.0,26.0,0.17951846683978986,42,False,False,True,True,True,True,False,coverage;gap,1976-2025,49,Katusice,50.444653,14.779398,312.0
0-203-0-10504042001,39,0.7959183673469388,1976.0,2017.0,7,24.0,14.0,26.0,0.15175612167088284,41,False,False,True,False,True,True,False,coverage;gap;ends_late,1976-2025,49,Bezno,50.3744,14.7894,280.0
0-203-0-10702039001,39,0.7959183673469388,1984.0,2024.0,8,21.0,10.0,26.0,0.1527207096642425,40,False,False,False,True,True,True,False,coverage;gap;starts_early,1976-2025,49,Ledenice,48.9334328,14.6184119,496.0
0-203-0-10801086001,39,0.7959183673469388,1976.0,2016.0,8,21.0,16.0,26.0,0.1282245024968331,41,False,False,True,False,True,True,False,coverage;gap;ends_late,1976-2025,49,Strašín,49.1779189,13.6413978,637.0
0-203-0-10803008001,39,0.7959183673469388,1984.0,2024.0,8,21.0,10.0,25.0,0.15508814135600033,41,False,False,False,True,True,True,False,coverage;gap;starts_early,1976-2025,49,Zbytiny,48.92618,13.9691961,792.0
0-203-0-11005046001,39,0.7959183673469388,1976.0,2015.0,9,23.0,17.0,26.0,0.09193523779208336,40,False,False,True,False,True,True,False,coverage;gap;ends_late,1976-2025,49,Borovno  Míšov,49.623944,13.727867,651.0
0-203-0-11522,39,0.7959183673469388,1981.0,2024.0,5,21.0,10.0,26.0,0.18091060078165513,42,False,False,False,True,True,True,False,coverage;gap;starts_early,1976-2025,49,Neumětely,49.854272,14.037548,322.0
0-203-0-11563,39,0.7959183673469388,1980.0,2024.0,4,22.0,12.0,26.0,0.13957474916821794,43,False,False,False,True,True,True,False,coverage;gap;starts_early,1976-2025,49,Brandýs nad Labem-St.B,50.189691,14.660559,179.0
0-203-0-11617,39,0.7959183673469388,1976.0,2024.0,8,22.0,13.0,26.0,0.1910857158436106,44,False,False,True,True,True,True,False,coverage;gap,1976-2025,49,Poděbrady,50.140503,15.133554,189.0
0-203-0-11771,39,0.7959183673469388,1976.0,2024.0,6,19.0,10.0,25.0,0.297170201863035,48,False,False,True,True,True,True,False,coverage;gap,1976-2025,49,Bystřice pod Hostýnem,49.3964,17.6706,314.0
0-203-0-20202077001,39,0.7959183673469388,1979.0,2024.0,4,22.0,11.0,26.0,0.17767174163911842,45,False,False,False,True,True,True,False,coverage;gap;starts_early,1976-2025,49,Hradec nad Moravicí,49.876837,17.870902,275.0
0-203-0-41001004001,39,0.7959183673469388,1976.0,2024.0,8,23.0,10.0,26.0,0.14441964555606607,41,False,False,True,True,True,True,False,coverage;gap,1976-2025,49,Malá Morava  Sklené,50.12165,16.841956,701.0
0-203-0-41401024002,39,0.7959183673469388,1976.0,2024.0,5,22.0,11.0,26.0,0.26221820644266713,49,False,False,True,True,True,True,False,coverage;gap,1976-2025,49,Dačice,49.0831,15.4344,486.0
0-203-0-41401050001,39,0.7959183673469388,1982.0,2024.0,6,21.0,11.0,26.0,0.249348108408038,43,False,False,False,True,True,True,False,coverage;gap;starts_early,1976-2025,49,Český Rudolec,49.073333,15.322222,520.0
0-203-0-41503067001,39,0.7959183673469388,1981.0,2024.0,5,22.0,10.0,26.0,0.28783328508009637,44,False,False,False,True,True,True,False,coverage;gap;starts_early,1976-2025,49,Bukovinka,49.296944,16.798889,511.0
0-20000-0-11643,38,0.7755102040816326,1987.0,2024.0,11,22.0,12.0,26.0,0.15304012689360288,38,False,False,False,True,True,True,False,coverage;gap;starts_early,1976-2025,49,Pec pod Sněžkou,50.691944,15.728889,816.3
0-203-0-10101019001,38,0.7755102040816326,1976.0,2024.0,11,22.0,10.0,26.0,0.17487148383221426,39,False,False,True,True,True,True,False,coverage;gap,1976-2025,49,Dolní Dvůr  Rudolfov,50.654592,15.655815,560.0
0-203-0-10201039001,38,0.7755102040816326,1976.0,2024.0,11,22.0,15.0,26.0,0.12903778916416347,39,False,False,True,True,True,True,False,coverage;gap,1976-2025,49,Zdobnice,50.247678,16.408505,671.0
0-203-0-10305002001,38,0.7755102040816326,1976.0,2024.0,11,22.0,11.0,26.0,0.17867392393512796,39,False,False,True,True,True,True,False,coverage;gap,1976-2025,49,Krucemburk,49.688077,15.844811,559.0
0-203-0-11101016001,38,0.7755102040816326,1976.0,2024.0,10,23.0,11.0,26.0,0.16831035608864509,40,False,False,True,True,True,True,False,coverage;gap,1976-2025,49,Dobřív,49.717616,13.689215,417.0
0-203-0-11102135001,38,0.7755102040816326,1986.0,2024.0,10,23.0,11.0,26.0,0.14990694642746383,39,False,False,False,True,True,True,False,coverage;gap;starts_early,1976-2025,49,Terešov,49.901862,13.707071,402.0
0-203-0-11447,38,0.7755102040816326,1979.0,2024.0,8,22.0,10.0,26.0,0.17071096458615992,43,False,False,False,True,True,True,False,coverage;gap;starts_early,1976-2025,49,Stříbro,49.752524,12.981105,438.0
0-203-0-11478,38,0.7755102040816326,1979.0,2024.0,5,21.5,11.0,26.0,0.14899111727019396,49,False,False,False,True,True,True,False,coverage;gap;starts_early,1976-2025,49,Zbiroh  Švabín,49.853987,13.751748,476.0
0-203-0-11562,38,0.7755102040816326,1978.0,2024.0,7,22.0,10.0,26.0,0.1614564477875188,43,False,False,True,True,True,True,False,coverage;gap,1976-2025,49,Tuhaň,50.29582,14.520416,160.0
0-203-0-11591,38,0.7755102040816326,1976.0,2024.0,11,21.0,11.0,26.0,0.1886651407515312,38,False,False,True,True,True,True,False,coverage;gap,1976-2025,49,Rudolfov  Jivno,49.003611,14.579722,562.0
0-203-0-11711,38,0.7755102040816326,1984.0,2024.0,8,22.0,15.0,25.0,0.11399862713366761,38,False,False,False,True,True,True,False,coverage;gap;starts_early,1976-2025,49,Třebařov,49.8158,16.6969,375.0
0-203-0-20402017001,38,0.7755102040816326,1976.0,2024.0,5,22.0,12.0,26.0,0.19531644847221868,45,False,False,True,True,True,True,False,coverage;gap,1976-2025,49,Osoblaha,50.2709,17.7135,238.0
0-203-0-41301102001,38,0.7755102040816326,1976.0,2024.0,4,17.5,11.0,24.0,0.21640692207705609,49,False,False,True,True,True,True,False,coverage;gap,1976-2025,49,Horní Lhota,49.155,17.8033,348.0
0-203-0-41402050001,38,0.7755102040816326,1980.0,2024.0,4,21.0,10.0,26.0,0.2839436522750569,46,False,False,False,True,True,True,False,coverage;gap;starts_early,1976-2025,49,Bítov,48.938333,15.73,425.0
0-20000-0-11538,37,0.7551020408163265,1988.0,2024.0,12,21.0,11.0,26.0,0.12998227844251808,37,False,False,False,True,True,True,False,coverage;gap;starts_early,1976-2025,49,Temelín,49.197778,14.342222,500.0
0-20000-0-11774,37,0.7551020408163265,1979.0,2024.0,3,21.0,10.0,25.0,0.26335371173333005,47,False,True,False,True,True,True,False,coverage;starts_early,1976-2025,49,Holešov,49.320556,17.57,222.25
0-203-0-10601197001,37,0.7551020408163265,1976.0,2024.0,7,21.0,11.0,26.0,0.18768607624009143,42,False,False,True,True,True,True,False,coverage;gap,1976-2025,49,Brloh,48.9269169,14.2187506,559.0
0-203-0-10601205001,37,0.7551020408163265,1977.0,2024.0,10,20.0,11.0,26.0,0.14859999015195224,39,False,False,True,True,True,True,False,coverage;gap,1976-2025,49,Křemže  Mříč,48.9075594,14.3305394,524.0
0-203-0-11402027001,37,0.7551020408163265,1988.0,2024.0,12,21.0,12.0,26.0,0.1691738673002069,37,False,False,False,True,True,True,False,coverage;gap;starts_early,1976-2025,49,Tisá,50.78694,14.02167,556.0
0-203-0-11403099001,37,0.7551020408163265,1978.0,2019.0,5,22.0,11.0,26.0,0.13902211802115635,42,False,False,True,False,True,True,False,coverage;gap;ends_late,1976-2025,49,Benešov nad Ploučnicí,50.74422,14.31186,250.0
0-203-0-11468,37,0.7551020408163265,1979.0,2024.0,5,22.0,11.0,26.0,0.17825192861850947,45,False,False,False,True,True,True,False,coverage;gap;starts_early,1976-2025,49,Žatec,50.34147,13.54319,210.0
0-203-0-11731,37,0.7551020408163265,1988.0,2024.0,12,21.0,14.0,26.0,0.1471491238544314,37,False,False,False,True,True,True,False,coverage;gap;starts_early,1976-2025,49,Jeseník,50.231111,17.183333,502.0
0-203-0-11754,37,0.7551020408163265,1978.0,2024.0,5,21.0,10.0,25.0,0.3150041547351333,49,False,False,True,True,True,True,False,coverage;gap,1976-2025,49,Staré Město,49.0917,17.4322,221.0
0-203-0-11778,37,0.7551020408163265,1977.0,2024.0,4,19.0,10.0,26.0,0.2513620220249584,47,False,False,True,True,True,True,False,coverage;gap,1976-2025,49,Luhačovice  Kladná-Žilín,49.0842,17.7925,329.0
0-203-0-20401011001,37,0.7551020408163265,1983.0,2024.0,7,22.0,10.0,26.0,0.2005237586366707,41,False,False,False,True,True,True,False,coverage;gap;starts_early,1976-2025,49,Sudice,50.0319,18.0736,217.0
0-203-0-20407036001,37,0.7551020408163265,1979.0,2019.0,5,23.0,10.0,26.0,0.18680020039819192,44,False,False,False,False,True,True,False,coverage;gap;starts_early;ends_late,1976-2025,49,Chotyně,50.83897,14.87175,260.0
0-203-0-41001042001,37,0.7551020408163265,1976.0,2024.0,12,24.0,14.0,26.0,0.1189253222272171,38,False,False,True,True,True,True,False,coverage;gap,1976-2025,49,Hanušovice,50.0819,16.940556,432.0
0-203-0-41401070001,37,0.7551020408163265,1976.0,2014.0,10,23.0,10.0,26.0,0.17565776022421378,39,False,False,True,False,True,True,False,coverage;gap;ends_late,1976-2025,49,Slavonice,48.995833,15.355556,519.0
0-203-0-10102027001,36,0.7346938775510204,1976.0,2024.0,11,22.0,10.0,26.0,0.19535041455431126,39,False,False,True,True,True,True,False,coverage;gap,1976-2025,49,Žacléř,50.661205,15.907098,644.0
0-203-0-10202005001,36,0.7346938775510204,1977.0,2024.0,11,22.0,13.0,26.0,0.1556190689913545,38,False,False,True,True,True,True,False,coverage;gap,1976-2025,49,Králíky,50.08289,16.73475,538.0
0-203-0-10406039001,36,0.7346938775510204,1989.0,2024.0,13,23.0,13.0,26.0,0.13546069802658317,36,False,False,False,True,True,True,False,coverage;gap;starts_early,1976-2025,49,Kostelec n. Černými Lesy,50.0044,14.8356,360.0
0-203-0-10407058001,36,0.7346938775510204,1988.0,2024.0,12,23.0,11.0,26.0,0.13562406205914274,37,False,False,False,True,True,True,False,coverage;gap;starts_early,1976-2025,49,Úvaly,50.0772,14.7111,260.0
0-203-0-10802067001,36,0.7346938775510204,1976.0,2024.0,12,21.0,11.0,25.0,0.1391751684068425,38,False,False,True,True,True,True,False,coverage;gap,1976-2025,49,Kestřany,49.2678992,14.0736942,381.0
0-203-0-10805078001,36,0.7346938775510204,1988.0,2024.0,12,23.0,13.0,26.0,0.11773299347295996,37,False,False,False,True,True,True,False,coverage;gap;starts_early,1976-2025,49,Jablonná,49.780786,14.452009,327.0
0-203-0-10903099001,36,0.7346938775510204,1976.0,2011.0,13,23.0,12.0,26.0,0.16547933546626942,37,False,False,True,False,True,True,False,coverage;gap;ends_late,1976-2025,49,Ledečko,49.8494,14.9469,300.0
0-203-0-11001153001,36,0.7346938775510204,1976.0,2011.0,13,23.5,14.0,26.0,0.14095952790792832,36,False,False,True,False,True,True,False,coverage;gap;ends_late,1976-2025,49,Lestkov,49.8836,12.8742,595.0
0-203-0-11104026001,36,0.7346938775510204,1987.0,2024.0,11,22.0,13.0,26.0,0.13121733952097628,38,False,False,False,True,True,True,False,coverage;gap;starts_early,1976-2025,49,Hvozdec  Mrtník,49.798186,13.872083,425.0
0-203-0-11303111001,36,0.7346938775510204,1987.0,2024.0,11,22.5,10.0,26.0,0.17969015569918503,38,False,False,False,True,True,True,False,coverage;gap;starts_early,1976-2025,49,Křimov,50.499,13.31453,570.0
0-203-0-11403051001,36,0.7346938775510204,1976.0,2014.0,10,22.0,11.0,26.0,0.20476224167157075,39,False,False,True,False,True,True,False,coverage;gap;ends_late,1976-2025,49,Nový Bor,50.75,14.55719,358.0
0-203-0-11465,36,0.7346938775510204,1979.0,2024.0,5,22.0,10.0,25.0,0.15444413016361536,45,False,False,False,True,True,True,False,coverage;gap;starts_early,1976-2025,49,Smolnice,50.30872,13.85617,345.0
0-203-0-11492,36,0.7346938775510204,1989.0,2024.0,13,21.0,11.0,26.0,0.1824804604990727,36,False,False,False,True,True,True,False,coverage;gap;starts_early,1976-2025,49,Sušice,49.23768,13.5261728,484.0
0-203-0-20301023001,36,0.7346938775510204,1976.0,2011.0,13,23.0,19.0,26.0,0.07452529194058274,37,False,False,True,False,True,True,False,coverage;gap;ends_late,1976-2025,49,Čeladná  Podolánky,49.5175,18.3389,510.0
0-203-0-20303062001,36,0.7346938775510204,1976.0,2011.0,13,24.0,16.0,26.0,0.1063727562876127,37,False,False,True,False,True,True,False,coverage;gap;ends_late,1976-2025,49,Albrechtice,49.7769,18.5147,292.0
0-203-0-40102029001,36,0.7346938775510204,1976.0,2011.0,13,23.0,14.0,26.0,0.12206415461442234,37,False,False,True,False,True,True,False,coverage;gap;ends_late,1976-2025,49,Lesná  Háje,49.715572,12.47552,710.0
0-203-0-41101042001,36,0.7346938775510204,1976.0,2011.0,13,24.0,13.0,26.0,0.15750257032057982,37,False,False,True,False,True,True,False,coverage;gap;ends_late,1976-2025,49,Francova Lhota,49.1925,18.0894,480.0
0-203-0-41202031001,36,0.7346938775510204,1976.0,2024.0,5,21.0,10.0,26.0,0.24881217382886772,48,False,False,True,True,True,True,False,coverage;gap,1976-2025,49,Morkovice-Slížany  Slížany,49.2417,17.2319,289.0
0-203-0-42106054001,36,0.7346938775510204,1976.0,2011.0,13,22.0,13.0,26.0,0.14909689266764964,37,False,False,True,False,True,True,False,coverage;gap;ends_late,1976-2025,49,Mosty u Jablunkova,49.5103,18.7569,548.0
0-203-0-42108060001,36,0.7346938775510204,1982.0,2022.0,6,18.0,11.0,26.0,0.26095042086414844,44,False,False,False,True,True,True,False,coverage;gap;starts_early,1976-2025,49,Slavičín,49.0853,17.8783,362.0
0-203-0-10102013001,35,0.7142857142857143,1990.0,2024.0,14,22.0,14.0,26.0,0.12498830161248013,35,False,False,False,True,True,True,False,coverage;gap;starts_early,1976-2025,49,Horní Maršov,50.654577,15.818973,585.0
0-203-0-10302007001,35,0.7142857142857143,1976.0,2023.0,11,21.0,10.0,25.0,0.2222815120976717,39,False,False,True,True,True,True,False,coverage;gap,1976-2025,49,Trstěnice,49.807087,16.341265,435.0
0-203-0-10805081001,35,0.7142857142857143,1976.0,2011.0,13,23.0,10.0,26.0,0.18505934173093624,37,False,False,True,False,True,True,False,coverage;gap;ends_late,1976-2025,49,Slapy,49.8222,14.4331,311.0
0-203-0-11103040001,35,0.7142857142857143,1976.0,2011.0,13,24.0,14.0,26.0,0.13933476074940956,37,False,False,True,False,True,True,False,coverage;gap;ends_late,1976-2025,49,Nový Dům,50.0897,13.829224,400.0
0-203-0-11302028001,35,0.7142857142857143,1976.0,2011.0,13,23.0,14.0,26.0,0.1474428425732659,37,False,False,True,False,True,True,False,coverage;gap;ends_late,1976-2025,49,Kolová  Pila,50.179781,12.92504,535.0
0-203-0-11401005501,35,0.7142857142857143,1976.0,2011.0,13,22.0,12.0,26.0,0.20366514246979842,37,False,False,True,False,True,True,False,coverage;gap;ends_late,1976-2025,49,Litvínov  Lounice,50.610805,13.559339,478.0
0-203-0-11405001001,35,0.7142857142857143,1976.0,2011.0,13,21.0,12.0,25.0,0.16420668507721606,37,False,False,True,False,True,True,False,coverage;gap;ends_late,1976-2025,49,Kytlice  Mlýny,50.81333,14.49222,406.0
0-203-0-11430,35,0.7142857142857143,1988.0,2024.0,12,19.0,13.0,25.0,0.17762030218307878,37,False,False,False,True,True,True,False,coverage;gap;starts_early,1976-2025,49,Měděnec,50.42936,13.13256,828.0
0-203-0-11751,35,0.7142857142857143,1980.0,2024.0,6,20.0,10.0,25.0,0.28705296704113437,48,False,False,False,True,True,True,False,coverage;gap;starts_early,1976-2025,49,Kroměříž,49.2847,17.3653,233.0
0-203-0-11761,35,0.7142857142857143,1977.0,2012.0,12,21.0,10.0,25.0,0.18287181169894184,37,False,False,True,False,True,True,False,coverage;gap;ends_late,1976-2025,49,Město Albrechtice  Žáry,50.154167,17.560556,498.0
0-203-0-20302008201,35,0.7142857142857143,1979.0,2018.0,6,22.0,11.0,26.0,0.19536038473222547,40,False,False,False,False,True,True,False,coverage;gap;starts_early;ends_late,1976-2025,49,Ostrava  Slezská Ostrava,49.844977,18.317553,269.0
0-203-0-20403023001,35,0.7142857142857143,1976.0,2015.0,9,21.0,11.0,26.0,0.17641237549055716,41,False,False,True,False,True,True,False,coverage;gap;ends_late,1976-2025,49,Božanov,50.525216,16.361634,426.0
0-203-0-40402001001,35,0.7142857142857143,1982.0,2017.0,7,23.0,10.0,26.0,0.12389380530973451,36,False,False,False,False,True,True,False,coverage;gap;starts_early;ends_late,1976-2025,49,Frymburk  Svatý Tomáš,48.639722,14.104722,972.0
0-203-0-41101029001,35,0.7142857142857143,1976.0,2011.0,13,23.0,15.0,26.0,0.12994569598890643,37,False,False,True,False,True,True,False,coverage;gap;ends_late,1976-2025,49,Halenkov,49.3203,18.1464,415.0
0-203-0-41302020001,35,0.7142857142857143,1980.0,2024.0,7,21.0,10.0,26.0,0.28046803385841335,46,False,False,False,True,True,True,False,coverage;gap;starts_early,1976-2025,49,Buchlovice,49.089008,17.335389,257.0
0-203-0-41302039002,35,0.7142857142857143,1978.0,2024.0,6,18.0,10.0,26.0,0.27681328061490296,49,False,False,True,True,True,True,False,coverage;gap,1976-2025,49,Velká nad Veličkou,48.8789,17.5167,289.0
0-203-0-41501030001,35,0.7142857142857143,1990.0,2024.0,14,23.0,12.0,26.0,0.17673224010007796,35,False,False,False,True,True,True,False,coverage;gap;starts_early,1976-2025,49,Věcov  Jimramovské Pavlovice,49.6153,16.2019,550.0
0-20000-0-11624,34,0.6938775510204082,1978.0,2024.0,8,21.0,10.0,26.0,0.19230024997953082,43,False,False,True,True,True,True,False,coverage;gap,1976-2025,49,Chotusice  letiště,49.940833,15.386389,238.2
0-203-0-10401004001,34,0.6938775510204082,1990.0,2024.0,14,21.0,10.0,25.0,0.22736623303239686,35,False,False,False,True,True,True,False,coverage;gap;starts_early,1976-2025,49,Zbýšov  Dobrovítov,49.78686,15.329835,490.0
0-203-0-10502046001,34,0.6938775510204082,1976.0,2014.0,10,24.0,18.0,26.0,0.08977285712022703,37,False,False,True,False,True,True,False,coverage;gap;ends_late,1976-2025,49,Všelibice  Vrtky,50.6194,14.9511,410.0
0-203-0-10603048001,34,0.6938775510204082,1990.0,2024.0,14,21.0,14.0,25.0,0.13422501688931596,35,False,False,False,True,True,True,False,coverage;gap;starts_early,1976-2025,49,Němčice,49.0308,14.2714,436.0
0-203-0-10801053001,34,0.6938775510204082,1976.0,2010.0,14,21.0,12.0,26.0,0.1738674132103472,35,False,False,True,False,True,True,False,coverage;gap;ends_late,1976-2025,49,Hartmanice,49.17,13.4628,725.0
0-203-0-10901004001,34,0.6938775510204082,1976.0,2010.0,14,23.0,10.0,25.0,0.14282274103879036,36,False,False,True,False,True,True,False,coverage;gap;ends_late,1976-2025,49,Žďár nad Sázavou  Stržanov,49.597833,15.936455,605.0
0-203-0-10901041001,34,0.6938775510204082,1976.0,2011.0,13,22.0,12.0,26.0,0.132646152753299,37,False,False,True,False,True,True,False,coverage;gap;ends_late,1976-2025,49,Horní Krupá,49.6739,15.5819,498.0
0-203-0-11101046001,34,0.6938775510204082,1976.0,2011.0,13,23.0,12.0,26.0,0.16284919783889168,37,False,False,True,False,True,True,False,coverage;gap;ends_late,1976-2025,49,Břasy  Darová,49.8389,13.5206,332.0
0-203-0-11104046001,34,0.6938775510204082,1976.0,2024.0,14,22.0,11.0,26.0,0.1407263957341365,36,False,False,True,True,True,True,False,coverage;gap,1976-2025,49,Zdice,49.9108,13.9714,305.0
0-203-0-11105018001,34,0.6938775510204082,1976.0,2011.0,13,23.0,15.0,26.0,0.10291027449369437,37,False,False,True,False,True,True,False,coverage;gap;ends_late,1976-2025,49,Unhošť,50.0867,14.1272,389.0
0-203-0-11302021001,34,0.6938775510204082,1976.0,2009.0,15,22.5,11.0,26.0,0.2109102730360835,35,False,False,True,False,True,True,False,coverage;gap;ends_late,1976-2025,49,Březová,50.197003,12.856646,435.0
0-203-0-11403070002,34,0.6938775510204082,1988.0,2024.0,12,22.0,11.0,26.0,0.16121612263660984,37,False,False,False,True,True,True,False,coverage;gap;starts_early,1976-2025,49,Verneřice,50.65789,14.30492,507.0
0-203-0-11488,34,0.6938775510204082,1990.0,2024.0,14,21.0,15.0,26.0,0.13098331208327266,36,False,False,False,True,True,True,False,coverage;gap;starts_early,1976-2025,49,Blatná,49.4333,13.8731,452.0
0-203-0-11504,34,0.6938775510204082,1989.0,2024.0,13,19.5,12.0,25.0,0.16382386599649687,35,False,False,False,True,True,True,False,coverage;gap;starts_early,1976-2025,49,Sněžník,50.79683,14.08536,569.0
0-203-0-11539,34,0.6938775510204082,1982.0,2017.0,7,22.0,16.0,26.0,0.10863795258985065,37,False,False,False,False,True,True,False,coverage;gap;starts_early;ends_late,1976-2025,49,Chelčice,49.119265,14.169367,451.0
0-203-0-11678,34,0.6938775510204082,1979.0,2020.0,4,22.0,11.0,26.0,0.15917656957672907,40,False,False,False,False,True,True,False,coverage;gap;starts_early;ends_late,1976-2025,49,Velichovky,50.356612,15.832503,299.0
0-203-0-11764,34,0.6938775510204082,1978.0,2011.0,13,21.0,12.0,26.0,0.17318151383647698,36,False,False,True,False,True,True,False,coverage;gap;ends_late,1976-2025,49,Bohdanovice,49.9003,17.6292,463.0
0-203-0-20101039001,34,0.6938775510204082,1976.0,2011.0,13,22.0,11.0,26.0,0.19995264628919313,37,False,False,True,False,True,True,False,coverage;gap;ends_late,1976-2025,49,Spálov,49.7036,17.7322,576.0
0-203-0-20407034001,34,0.6938775510204082,1987.0,2024.0,11,21.5,11.0,25.0,0.14742527852115475,38,False,False,False,True,True,True,False,coverage;gap;starts_early,1976-2025,49,Chrastava,50.81872,14.95861,314.0
0-203-0-41202086001,34,0.6938775510204082,1980.0,2024.0,7,21.0,10.0,25.0,0.2323082707505944,46,False,False,False,True,True,True,False,coverage;gap;starts_early,1976-2025,49,Dřevohostice,49.424444,17.586111,238.0
0-203-0-41402084001,34,0.6938775510204082,1976.0,2024.0,11,22.0,11.0,26.0,0.19452629949989939,39,False,False,True,True,True,True,False,coverage;gap,1976-2025,49,Jaroslavice,48.7553,16.2325,190.0
0-203-0-41502013001,34,0.6938775510204082,1990.0,2024.0,14,23.0,10.0,26.0,0.20856051863325778,35,False,False,False,True,True,True,False,coverage;gap;starts_early,1976-2025,49,Stvolová  Skřib,49.589167,16.550556,395.0
0-203-0-41502078001,34,0.6938775510204082,1977.0,2011.0,13,22.0,11.0,26.0,0.18863513039929822,37,False,False,True,False,True,True,False,coverage;gap;ends_late,1976-2025,49,Sloup,49.4139,16.7383,470.0
0-203-0-41603002001,34,0.6938775510204082,1976.0,2024.0,14,23.0,10.0,26.0,0.18101139374785294,36,False,False,True,True,True,True,False,coverage;gap,1976-2025,49,Štěměchy,49.1936,15.7133,617.0
0-20000-0-11652,33,0.673469387755102,1978.0,2024.0,7,21.0,11.0,25.0,0.19952474408735388,41,False,False,True,True,True,True,False,coverage;gap,1976-2025,49,Pardubice  letiště,50.016111,15.740273,224.21
0-20000-0-11723,33,0.673469387755102,1978.0,2024.0,4,23.0,10.0,26.0,0.2913750303029134,47,False,False,True,True,True,True,False,coverage;gap,1976-2025,49,Brno  Tuřany,49.153056,16.688889,241.0
0-203-0-10201001003,33,0.673469387755102,1990.0,2024.0,14,23.0,13.0,26.0,0.15115297622680882,34,False,False,False,True,True,True,False,coverage;gap;starts_early,1976-2025,49,Orlické Záhoří,50.280707,16.468455,690.0
0-203-0-10302022001,33,0.673469387755102,1990.0,2024.0,14,22.0,10.0,26.0,0.22370196533188913,35,False,False,False,True,True,True,False,coverage;gap;starts_early,1976-2025,49,Lubná,49.773006,16.190554,560.0
0-203-0-10602007001,33,0.673469387755102,1987.0,2023.0,11,21.0,10.0,25.0,0.1713184790339425,36,False,False,False,True,True,True,False,coverage;gap;starts_early,1976-2025,49,Dolní Dvořiště,48.6583611,14.4604581,606.0
0-203-0-10703073001,33,0.673469387755102,1976.0,2024.0,15,19.0,10.0,24.0,0.203101354487844,35,False,False,True,True,True,True,False,coverage;gap,1976-2025,49,Kardašova Řečice,49.1864,14.8558,450.0
0-203-0-11201006001,33,0.673469387755102,1976.0,2009.0,15,23.0,10.0,25.0,0.1449156234628097,34,False,False,True,False,True,True,False,coverage;gap;ends_late,1976-2025,49,Praha  Braník,50.0383,14.4239,260.0
0-203-0-11201024001,33,0.673469387755102,1976.0,2010.0,14,24.0,18.0,26.0,0.07922622675101292,36,False,False,True,False,True,True,False,coverage;gap;ends_late,1976-2025,49,Praha  Břevnov,50.080843,14.352689,355.0
0-203-0-11305002001,33,0.673469387755102,1976.0,2024.0,10,22.0,10.0,26.0,0.18753300808788093,40,False,False,True,True,True,True,False,coverage;gap,1976-2025,49,Litoměřice,50.543229,14.140687,206.0
0-203-0-11403070001,33,0.673469387755102,1976.0,2011.0,13,22.0,10.0,25.0,0.19833074250773947,37,False,False,True,False,True,True,False,coverage;gap;ends_late,1976-2025,49,Kravaře,50.63392,14.39306,283.0
0-203-0-11407,33,0.673469387755102,1979.0,2020.0,8,23.0,13.0,26.0,0.1573942801506192,43,False,False,False,False,True,True,False,coverage;gap;starts_early;ends_late,1976-2025,49,Františkovy Lázně,50.116796,12.351238,435.0
0-203-0-11545,33,0.673469387755102,1989.0,2021.0,13,20.0,12.0,26.0,0.15898806942209295,33,False,False,False,False,True,True,False,coverage;gap;starts_early;ends_late,1976-2025,49,Český Krumlov  Srnín,48.8493247,14.3483183,546.0
0-203-0-11610,33,0.673469387755102,1976.0,2013.0,11,22.0,11.0,26.0,0.20888914920832963,38,False,False,True,False,True,True,False,coverage;gap;ends_late,1976-2025,49,Turnov,50.589631,15.154434,253.0
0-203-0-11662,33,0.673469387755102,1984.0,2024.0,8,22.0,18.0,26.0,0.09982147809779626,33,False,False,False,True,True,True,False,coverage;gap;starts_early,1976-2025,49,Hubenov,49.3931,15.4669,570.0
0-203-0-11786,33,0.673469387755102,1976.0,2018.0,7,22.0,10.0,25.0,0.15925355358278942,37,False,False,True,False,True,True,False,coverage;gap;ends_late,1976-2025,49,Rožnov pod Radhoštěm,49.461251,18.138224,375.0
0-203-0-20101109101,33,0.673469387755102,1976.0,2011.0,13,24.0,12.0,26.0,0.13488868253879363,36,False,False,True,False,True,True,False,coverage;gap;ends_late,1976-2025,49,Ženklava,49.5617,18.1069,340.0
0-203-0-20202019001,33,0.673469387755102,1992.0,2024.0,16,22.0,16.0,26.0,0.13309796923805556,33,False,False,False,True,True,True,False,coverage;gap;starts_early,1976-2025,49,Rýmařov  Harrachov,49.955833,17.286667,643.0
0-203-0-20402004001,33,0.673469387755102,1985.0,2018.0,9,23.0,12.0,26.0,0.1825318815336768,35,False,False,False,False,True,True,False,coverage;gap;starts_early;ends_late,1976-2025,49,Třemešná,50.2053,17.5757,369.0
0-203-0-20404057002,33,0.673469387755102,1979.0,2016.0,8,23.0,12.0,26.0,0.18116423037131427,37,False,False,False,False,True,True,False,coverage;gap;starts_early;ends_late,1976-2025,49,Vidnava,50.37794,17.1917,228.0
0-203-0-41003005201,33,0.673469387755102,1976.0,2011.0,13,23.0,11.0,26.0,0.1547243570161604,37,False,False,True,False,True,True,False,coverage;gap;ends_late,1976-2025,49,Litovel,49.705,17.070408,234.0
0-203-0-41202144001,33,0.673469387755102,1976.0,2024.0,7,21.0,11.0,26.0,0.2629454872760184,45,False,False,True,True,True,True,False,coverage;gap,1976-2025,49,Kvasice,49.2453,17.4703,190.0
0-203-0-41301054101,33,0.673469387755102,1978.0,2021.0,6,21.0,11.0,26.0,0.2708800454213164,47,False,False,True,False,True,True,False,coverage;gap;ends_late,1976-2025,49,Napajedla,49.1833,17.5167,185.0
0-203-0-41302015001,33,0.673469387755102,1978.0,2024.0,7,20.0,10.0,26.0,0.29979406264967956,49,False,False,True,True,True,True,False,coverage;gap,1976-2025,49,Blatnice pod svatým Antonínkem,48.947778,17.462222,210.0
0-203-0-41302058001,33,0.673469387755102,1979.0,2024.0,6,21.0,10.0,26.0,0.26539404828219654,49,False,False,False,True,True,True,False,coverage;gap;starts_early,1976-2025,49,Radějov,48.8639,17.3348,240.0
0-203-0-41501024001,33,0.673469387755102,1992.0,2024.0,16,24.0,15.0,26.0,0.12148135700323064,33,False,False,False,True,True,True,False,coverage;gap;starts_early,1976-2025,49,Kadov,49.6351314,16.07777778,672.0
0-203-0-41502003002,33,0.673469387755102,1988.0,2024.0,12,22.0,10.0,26.0,0.2581985755454253,37,False,False,False,True,True,True,False,coverage;gap;starts_early,1976-2025,49,Hradec nad Svitavou,49.7311,16.4875,446.0
0-20000-0-11693,32,0.6530612244897959,1983.0,2024.0,7,22.0,10.0,26.0,0.24982182308334522,43,False,False,False,True,True,True,False,coverage;gap;starts_early,1976-2025,49,Dukovany,49.095556,16.134444,400.15
0-203-0-10101025001,32,0.6530612244897959,1990.0,2022.0,14,22.0,10.0,26.0,0.18962627643742092,33,False,False,False,True,True,True,False,coverage;gap;starts_early,1976-2025,49,Hostinné,50.5400231,15.7201375,351.0
0-203-0-10201047001,32,0.6530612244897959,1990.0,2024.0,14,21.0,10.0,25.0,0.2038450178410055,35,False,False,False,True,True,True,False,coverage;gap;starts_early,1976-2025,49,Slatina nad Zdobnicí,50.13555556,16.38277778,390.0
0-203-0-10202014001,32,0.6530612244897959,1990.0,2024.0,14,23.0,14.0,26.0,0.14596855203028555,33,False,False,False,True,True,True,False,coverage;gap;starts_early,1976-2025,49,Orličky,50.026453,16.667424,570.0
0-203-0-10303009001,32,0.6530612244897959,1990.0,2024.0,14,21.0,13.0,24.0,0.15256126108608953,35,False,False,False,True,True,True,False,coverage;gap;starts_early,1976-2025,49,Hamry,49.738323,15.914045,605.0
0-203-0-10303045001,32,0.6530612244897959,1990.0,2024.0,14,23.0,10.0,26.0,0.22047927592204924,35,False,False,False,True,True,True,False,coverage;gap;starts_early,1976-2025,49,Nové Hrady,49.850201,16.1475,400.0
0-203-0-11103017001,32,0.6530612244897959,1976.0,2008.0,16,23.0,14.0,26.0,0.13902180932315378,33,False,False,True,False,True,True,False,coverage;gap;ends_late,1976-2025,49,Kounov,50.214902,13.672193,418.0
0-203-0-11104016001,32,0.6530612244897959,1992.0,2024.0,16,22.5,10.0,26.0,0.16218721817849494,33,False,False,False,True,True,True,False,coverage;gap;starts_early,1976-2025,49,Rpety,49.8272,13.9369,360.0
0-203-0-11301025001,32,0.6530612244897959,1979.0,2011.0,13,23.0,15.0,26.0,0.11328800469338642,33,False,False,False,False,True,True,False,coverage;gap;starts_early;ends_late,1976-2025,49,Skalná,50.169754,12.363183,455.0
0-203-0-11574,32,0.6530612244897959,1978.0,2020.0,5,20.0,12.0,26.0,0.17011221230044474,39,False,False,True,False,True,True,False,coverage;gap;ends_late,1976-2025,49,Netvořice,49.818411,14.521178,365.0
0-203-0-11595,32,0.6530612244897959,1979.0,2011.0,13,21.5,10.0,26.0,0.15184098602522114,34,False,False,False,False,True,True,False,coverage;gap;starts_early;ends_late,1976-2025,49,Římov,48.8494,14.4889,474.0
0-203-0-11637,32,0.6530612244897959,1990.0,2024.0,14,20.5,11.0,25.0,0.20491347697000525,33,False,False,False,True,True,True,False,coverage;gap;starts_early,1976-2025,49,Vrchlabí,50.622778,15.646389,482.0
0-203-0-11797,32,0.6530612244897959,1991.0,2024.0,15,22.0,13.0,26.0,0.13977204105084387,34,False,False,False,True,True,True,False,coverage;gap;starts_early,1976-2025,49,Ropice,49.6975,18.6125,327.0
0-203-0-20202065001,32,0.6530612244897959,1976.0,2011.0,13,23.0,10.0,26.0,0.20349706703253312,36,False,False,True,False,True,True,False,coverage;gap;ends_late,1976-2025,49,Kružberk,49.8244,17.6639,435.0
0-203-0-41301088002,32,0.6530612244897959,1980.0,2024.0,7,23.0,11.0,25.0,0.24840661785018972,46,False,False,False,True,True,True,False,coverage;gap;starts_early,1976-2025,49,Bojkovice,49.0402,17.81,310.0
0-203-0-41302026001,32,0.6530612244897959,1976.0,2024.0,8,21.5,10.0,25.0,0.2616537949371717,48,False,False,True,True,True,True,False,coverage;gap,1976-2025,49,Bzenec,48.97416667,17.28916667,182.0
0-203-0-41501153002,32,0.6530612244897959,1992.0,2024.0,16,21.0,11.0,25.0,0.1582156111944523,33,False,False,False,True,True,True,False,coverage;gap;starts_early,1976-2025,49,Brno  Jundrov,49.2019,16.5608,260.0
0-203-0-41503074001,32,0.6530612244897959,1976.0,2011.0,13,22.5,14.0,26.0,0.1594060864836805,37,False,False,True,False,True,True,False,coverage;gap;ends_late,1976-2025,49,Podbřežice,49.2128,16.925,261.0
0-203-0-10103018001,31,0.6326530612244898,1990.0,2024.0,14,20.0,12.0,26.0,0.16535194438386372,35,False,False,False,True,True,True,False,coverage;gap;starts_early,1976-2025,49,Police nad Metují,50.537805,16.237511,446.0
0-203-0-10103041001,31,0.6326530612244898,1990.0,2024.0,14,22.0,11.0,26.0,0.1724639452714232,35,False,False,False,True,True,True,False,coverage;gap;starts_early,1976-2025,49,Náchod,50.395208,16.157201,336.0
0-203-0-10305021001,31,0.6326530612244898,1990.0,2024.0,14,22.0,11.0,26.0,0.2014911187587423,35,False,False,False,True,True,True,False,coverage;gap;starts_early,1976-2025,49,Běstvina  Pařížov,49.829595,15.569633,333.0
0-203-0-10407065001,31,0.6326530612244898,1976.0,2007.0,17,23.0,13.0,26.0,0.12522274386925808,33,False,False,True,False,True,True,False,coverage;gap;ends_late,1976-2025,49,Káraný,50.175931,14.731428,170.0
0-203-0-10601195001,31,0.6326530612244898,1994.0,2024.0,18,20.0,13.0,24.0,0.13980360570090963,31,False,False,False,True,True,True,False,coverage;gap;starts_early,1976-2025,49,Ktiš  Tisovka,48.9035069,14.1059625,758.0
0-203-0-10801073001,31,0.6326530612244898,1976.0,2007.0,17,21.0,12.0,26.0,0.1390282716556325,32,False,False,True,False,True,True,False,coverage;gap;ends_late,1976-2025,49,Kolinec,49.2981,13.4342,543.0
0-203-0-10801100001,31,0.6326530612244898,1994.0,2024.0,18,21.0,14.0,26.0,0.12049491079723053,31,False,False,False,True,True,True,False,coverage;gap;starts_early,1976-2025,49,Nalžovské Hory,49.3347,13.5486,495.0
0-203-0-10802028001,31,0.6326530612244898,1994.0,2024.0,18,23.0,19.0,26.0,0.0766751795805289,32,False,False,False,True,True,True,False,coverage;gap;starts_early,1976-2025,49,Zálezly,49.1075389,13.8931481,569.0
0-203-0-11001075001,31,0.6326530612244898,1976.0,2006.0,18,23.0,13.0,26.0,0.16635636419671435,32,False,False,True,False,True,True,False,coverage;gap;ends_late,1976-2025,49,Svojšín  Řebří,49.763302,12.881296,460.0
0-203-0-11001110001,31,0.6326530612244898,1993.0,2024.0,17,21.0,12.0,26.0,0.14263686703386955,31,False,False,False,True,True,True,False,coverage;gap;starts_early,1976-2025,49,Bor,49.710653,12.770725,471.0
0-203-0-11002084001,31,0.6326530612244898,1976.0,2017.0,10,23.0,11.0,26.0,0.13004724884371135,35,False,False,True,False,True,True,False,coverage;gap;ends_late,1976-2025,49,Stod,49.639696,13.166901,337.0
0-203-0-11103024001,31,0.6326530612244898,1976.0,2007.0,17,24.0,13.0,26.0,0.12010069617358599,32,False,False,True,False,True,True,False,coverage;gap;ends_late,1976-2025,49,Krušovice,50.174061,13.77522,385.0
0-203-0-11301082001,31,0.6326530612244898,1986.0,2016.0,10,21.0,12.0,25.0,0.1564838005160623,32,False,False,False,False,True,True,False,coverage;gap;starts_early;ends_late,1976-2025,49,Kynžvart  Lazy,50.05,12.62322,845.0
0-203-0-11556,31,0.6326530612244898,1976.0,2010.0,14,23.0,10.0,26.0,0.19562004808741423,36,False,False,True,False,True,True,False,coverage;gap;ends_late,1976-2025,49,Český Dub  Modlibohov,50.683677,14.981635,355.0
0-203-0-11625,31,0.6326530612244898,1976.0,2024.0,7,24.0,17.0,26.0,0.10374439576087251,41,False,False,True,True,True,True,False,coverage;gap,1976-2025,49,Nový Bydžov,50.237553,15.497443,232.0
0-203-0-41202119001,31,0.6326530612244898,1978.0,2015.0,9,17.0,10.0,25.0,0.24466360808489224,38,False,False,True,False,True,True,False,coverage;gap;ends_late,1976-2025,49,Kostelany,49.203333,17.382222,381.0
0-203-0-41403009001,31,0.6326530612244898,1976.0,2009.0,15,23.0,12.0,26.0,0.16283331600135836,34,False,False,True,False,True,True,False,coverage;gap;ends_late,1976-2025,49,Jevišovice,48.9925,15.9811,330.0
0-203-0-41403039001,31,0.6326530612244898,1980.0,2024.0,6,21.0,10.0,26.0,0.2397869469132369,45,False,False,False,True,True,True,False,coverage;gap;starts_early,1976-2025,49,Džbánice,49.0022497,16.2084664,337.0
0-203-0-41501005002,31,0.6326530612244898,1976.0,2024.0,18,22.0,17.0,25.0,0.10925038005736581,31,False,False,True,True,True,True,False,coverage;gap,1976-2025,49,Křižánky  Moravské Křižánky,49.6833,16.0667,615.0
0-203-0-41503047001,31,0.6326530612244898,1983.0,2024.0,7,23.0,11.0,26.0,0.2331779102124411,45,False,False,False,True,True,True,False,coverage;gap;starts_early,1976-2025,49,Bučovice  Kloboučky,49.129881,17.014033,238.0
0-203-0-41601014001,31,0.6326530612244898,1976.0,2007.0,17,23.0,11.0,26.0,0.2339110062862034,32,False,False,True,False,True,True,False,coverage;gap;ends_late,1976-2025,49,Rohozná,49.3544,15.4017,553.0
0-203-0-10101067001,30,0.6122448979591837,1990.0,2024.0,14,22.0,12.0,26.0,0.17657218185514792,34,False,False,False,True,True,True,False,coverage;gap;starts_early,1976-2025,49,Bílá Třemešná,50.457596,15.766135,322.0
0-203-0-10501035001,30,0.6122448979591837,1976.0,2005.0,19,22.5,13.0,26.0,0.12330609710298984,30,False,False,True,False,True,True,False,coverage;gap;ends_late,1976-2025,49,Studenec,50.55272,15.550286,532.0
0-203-0-10803012001,30,0.6122448979591837,1979.0,2008.0,16,22.0,14.0,26.0,0.14702903081789728,31,False,False,False,False,True,True,False,coverage;gap;starts_early;ends_late,1976-2025,49,Mlynářovice,48.9469,13.9014,743.0
0-203-0-11002093001,30,0.6122448979591837,1976.0,2007.0,17,23.0,13.0,26.0,0.15297371578998153,32,False,False,True,False,True,True,False,coverage;gap;ends_late,1976-2025,49,Merklín,49.55887,13.196879,377.0
0-203-0-11105048001,30,0.6122448979591837,1993.0,2024.0,17,23.0,14.0,26.0,0.09952308420993311,33,False,False,False,True,True,True,False,coverage;gap;starts_early,1976-2025,49,Praha  Zadní Kopanina,50.0072,14.3178,330.0
0-203-0-11202078001,30,0.6122448979591837,1976.0,2006.0,18,23.0,13.0,26.0,0.12757730974215778,32,False,False,True,False,True,True,False,coverage;gap;ends_late,1976-2025,49,Slaný,50.236779,14.090481,307.0
0-203-0-11547,30,0.6122448979591837,1994.0,2024.0,18,20.0,10.0,25.0,0.19748591038737753,31,False,False,False,True,True,True,False,coverage;gap;starts_early,1976-2025,49,Černá v Pošumaví,48.7355761,14.1073211,740.0
0-203-0-11622,30,0.6122448979591837,1989.0,2024.0,13,21.0,11.0,25.0,0.2137742164804915,37,False,False,False,True,True,True,False,coverage;gap;starts_early,1976-2025,49,Čáslav  Nové město,49.901695,15.3942797,251.0
0-203-0-11795,30,0.6122448979591837,1976.0,2021.0,10,21.0,10.0,26.0,0.21787243773445883,36,False,False,True,False,True,True,False,coverage;gap;ends_late,1976-2025,49,Karviná,49.8549,18.5332,224.0
0-203-0-41102072101,30,0.6122448979591837,1978.0,2011.0,13,23.0,10.0,25.0,0.1964032045308834,34,False,False,True,False,True,True,False,coverage;gap;ends_late,1976-2025,49,Dluhonice,49.4494,17.4097,205.0
0-203-0-41201009001,30,0.6122448979591837,1980.0,2024.0,8,21.0,12.0,26.0,0.1927865832122834,44,False,False,False,True,True,True,False,coverage;gap;starts_early,1976-2025,49,Náměšť na Hané,49.605,17.065,247.0
0-203-0-41301116001,30,0.6122448979591837,1976.0,2020.0,7,20.5,10.0,26.0,0.2681084985090217,44,False,False,True,False,True,True,False,coverage;gap;ends_late,1976-2025,49,Uherský Brod,49.0255,17.6555,222.0
0-203-0-41403043002,30,0.6122448979591837,1980.0,2024.0,7,20.5,12.0,26.0,0.20548485409404244,45,False,False,False,True,True,True,False,coverage;gap;starts_early,1976-2025,49,Božice,48.8344,16.2881,216.0
0-203-0-41701068003,30,0.6122448979591837,1993.0,2024.0,17,22.0,10.0,26.0,0.16771064072530573,32,False,False,False,True,True,True,False,coverage;gap;starts_early,1976-2025,49,Staré Hutě,49.1372,17.2883,427.0
0-203-0-41701099001,30,0.6122448979591837,1978.0,2024.0,7,22.0,11.0,25.0,0.2362907813126304,47,False,False,True,True,True,True,False,coverage;gap,1976-2025,49,Dubňany,48.9208,17.1028,200.0
0-203-0-10202065001,29,0.5918367346938775,1990.0,2024.0,14,22.0,10.0,25.0,0.20696901165677772,33,False,False,False,True,True,True,False,coverage;gap;starts_early,1976-2025,49,Choceň,50.009544,16.200903,282.0
0-203-0-10203008001,29,0.5918367346938775,1990.0,2024.0,14,20.0,10.0,25.0,0.19712121103860572,33,False,False,False,True,True,True,False,coverage;gap;starts_early,1976-2025,49,Dobřany,50.322178,16.281744,627.0
0-203-0-10302050001,29,0.5918367346938775,1990.0,2024.0,14,23.0,11.0,26.0,0.16449869318345534,35,False,False,False,True,True,True,False,coverage;gap;starts_early,1976-2025,49,Vysoké Mýto,49.962009,16.167796,278.0
0-203-0-10303020001,29,0.5918367346938775,1990.0,2024.0,14,21.0,11.0,26.0,0.190102184794337,34,False,False,False,True,True,True,False,coverage;gap;starts_early,1976-2025,49,Vysočina  Jančouř,49.755424,15.822131,548.0
0-203-0-10303027001,29,0.5918367346938775,1990.0,2024.0,14,22.0,11.0,26.0,0.16819064955646695,31,False,False,False,True,True,True,False,coverage;gap;starts_early,1976-2025,49,Křižanovice,49.865999,15.774205,432.0
0-203-0-10303061001,29,0.5918367346938775,1978.0,2024.0,11,21.0,10.0,25.0,0.27124773960216997,36,False,False,True,True,True,True,False,coverage;gap,1976-2025,49,Skuteč,49.834881,15.996141,457.0
0-203-0-10405023001,29,0.5918367346938775,1990.0,2023.0,14,23.0,11.0,26.0,0.18611931565709527,35,False,False,False,True,True,True,False,coverage;gap;starts_early,1976-2025,49,Libáň,50.370822,15.214447,240.0
0-203-0-10602027001,29,0.5918367346938775,1994.0,2022.0,18,21.0,18.0,25.0,0.09505254622384958,30,False,False,False,True,True,True,False,coverage;gap;starts_early,1976-2025,49,Staré Hutě  Hojná Voda,48.72333333,14.723333,821.0
0-203-0-11203017001,29,0.5918367346938775,1988.0,2024.0,12,22.0,13.0,26.0,0.13596765729011612,33,False,False,False,True,True,True,False,coverage;gap;starts_early,1976-2025,49,Hořín,50.3422,14.465,158.0
0-203-0-11305015001,29,0.5918367346938775,1976.0,2011.0,13,21.0,10.0,26.0,0.19241849890484936,37,False,False,True,False,True,True,False,coverage;gap;ends_late,1976-2025,49,Ústí nad Labem  Církvice,50.59228,14.04103,150.0
0-203-0-11611,29,0.5918367346938775,1995.0,2024.0,19,22.0,13.0,26.0,0.1600817277353383,32,False,False,False,True,True,True,False,coverage;gap;starts_early,1976-2025,49,Holenice,50.53026,15.302136,423.0
0-203-0-11650,29,0.5918367346938775,1990.0,2024.0,14,22.0,10.0,26.0,0.20535742844714613,37,False,False,False,True,True,True,False,coverage;gap;starts_early,1976-2025,49,Dobřenice,50.143231,15.638309,275.0
0-203-0-11721,29,0.5918367346938775,1981.0,2024.0,8,21.0,10.0,26.0,0.25551824580662136,45,False,False,False,True,True,True,False,coverage;gap;starts_early,1976-2025,49,Brno  Žabovřesky,49.2165,16.5677,236.0
0-203-0-11775,29,0.5918367346938775,1976.0,2024.0,9,17.0,10.0,25.0,0.31771466488129685,39,False,False,True,True,True,True,False,coverage;gap,1976-2025,49,Zlín,49.236667,17.643333,283.0
0-203-0-20202026001,29,0.5918367346938775,1994.0,2024.0,18,22.0,12.0,26.0,0.16922584955185385,32,False,False,False,True,True,True,False,coverage;gap;starts_early,1976-2025,49,Lomnice,49.8691,17.41431,594.0
0-203-0-20301042001,29,0.5918367346938775,1976.0,2005.0,19,20.0,11.0,25.0,0.18125809367395596,30,False,False,True,False,True,True,False,coverage;gap;ends_late,1976-2025,49,Morávka,49.5847,18.5389,541.0
0-203-0-41001048001,29,0.5918367346938775,1980.0,2011.0,13,23.0,10.0,26.0,0.20700311441437783,33,False,False,False,False,True,True,False,coverage;gap;starts_early;ends_late,1976-2025,49,Ruda nad Moravou  Hostice,49.9922,16.8833,360.0
0-203-0-41003136001,29,0.5918367346938775,1979.0,2011.0,13,23.0,12.0,26.0,0.16796775328675628,31,False,False,False,False,True,True,False,coverage;gap;starts_early;ends_late,1976-2025,49,Tovačov,49.4319,17.2792,199.0
0-203-0-41302005002,29,0.5918367346938775,1982.0,2024.0,7,21.0,10.0,26.0,0.2726165702182134,45,False,False,False,True,True,True,False,coverage;gap;starts_early,1976-2025,49,Hluk,48.9863,17.538,225.0
0-203-0-41601038001,29,0.5918367346938775,1976.0,2012.0,12,23.0,12.0,26.0,0.1900630595756173,31,False,False,True,False,True,True,False,coverage;gap;ends_late,1976-2025,49,Stonařov,49.284444,15.587222,584.0
0-203-0-41701001002,29,0.5918367346938775,1983.0,2024.0,7,21.0,11.0,26.0,0.25623087375686654,41,False,False,False,True,True,True,False,coverage;gap;starts_early,1976-2025,49,Dolní Věstonice,48.8872,16.6414,172.0
0-203-0-10103011001,28,0.5714285714285714,1976.0,2020.0,11,22.5,13.0,25.0,0.17455643618917738,35,False,False,True,False,True,True,False,coverage;gap;ends_late,1976-2025,49,Teplice nad Metují,50.578941,16.172543,460.0
0-203-0-10104024001,28,0.5714285714285714,1990.0,2024.0,14,22.0,11.0,26.0,0.1551292910862052,34,False,False,False,True,True,True,False,coverage;gap;starts_early,1976-2025,49,Hořiněves,50.31285,15.76283,275.0
0-203-0-10203034001,28,0.5714285714285714,1990.0,2024.0,14,22.0,11.0,26.0,0.1671487507991675,34,False,False,False,True,True,True,False,coverage;gap;starts_early,1976-2025,49,České Meziříčí,50.282295,16.041312,255.0
0-203-0-10304023001,28,0.5714285714285714,1990.0,2024.0,14,23.0,10.0,26.0,0.17833298539913892,35,False,False,False,True,True,True,False,coverage;gap;starts_early,1976-2025,49,Heřmanův Městec,49.946639,15.673986,275.0
0-203-0-10702056101,28,0.5714285714285714,1976.0,2004.0,20,20.0,15.0,25.0,0.13244992801407288,30,False,False,True,False,True,True,False,coverage;gap;ends_late,1976-2025,49,Lomnice nad Lužnicí,49.0883,14.7231,423.0
0-203-0-10804058001,28,0.5714285714285714,1976.0,2004.0,20,22.0,17.0,25.0,0.09260704229080634,29,False,False,True,False,True,True,False,coverage;gap;ends_late,1976-2025,49,Mirovice,49.5125,14.0383,444.0
0-203-0-11415,28,0.5714285714285714,1980.0,2012.0,12,20.0,10.0,26.0,0.23586237402599294,34,False,False,False,False,True,True,False,coverage;gap;starts_early;ends_late,1976-2025,49,Karlovy Vary,50.227229,12.878151,377.0
0-203-0-11490,28,0.5714285714285714,1997.0,2024.0,21,21.0,16.0,25.0,0.13461531928236645,28,False,False,False,True,True,True,False,coverage;gap;starts_early,1976-2025,49,Vlkonice,49.3022,13.5897,493.0
0-203-0-11689,28,0.5714285714285714,1976.0,2008.0,16,20.0,10.0,25.0,0.2678559802802152,33,False,False,True,False,True,True,False,coverage;gap;ends_late,1976-2025,49,Úsuší  Čížky,49.3292,16.3667,397.0
0-203-0-11756,28,0.5714285714285714,1983.0,2024.0,7,21.5,10.0,26.0,0.2379852728448584,44,False,False,False,True,True,True,False,coverage;gap;starts_early,1976-2025,49,Hodonín,48.854292,17.104872,172.0
0-203-0-41002058001,28,0.5714285714285714,1976.0,2007.0,17,23.0,13.0,26.0,0.1482871461003747,30,False,False,True,False,True,True,False,coverage;gap;ends_late,1976-2025,49,Rohle,49.8592,17.0194,341.0
0-203-0-41402018001,28,0.5714285714285714,1976.0,2016.0,8,19.5,10.0,26.0,0.30304935078865336,40,False,False,True,False,True,True,False,coverage;gap;ends_late,1976-2025,49,Budeč,49.0872,15.5861,491.0
0-203-0-41403002001,28,0.5714285714285714,1977.0,2011.0,13,19.0,13.0,26.0,0.1876226919494841,36,False,False,True,False,True,True,False,coverage;gap;ends_late,1976-2025,49,Nové Syrovice,49.0158,15.7756,432.0
0-203-0-10102006101,27,0.5510204081632653,1997.0,2024.0,21,23.0,12.0,26.0,0.14281986497340793,28,False,False,False,True,True,True,False,coverage;gap;starts_early,1976-2025,49,Pomezní boudy  Horní Malá Úpa,50.745472,15.82027,1050.0
0-203-0-10202083001,27,0.5510204081632653,1990.0,2024.0,14,23.0,13.0,26.0,0.13582830619552946,34,False,False,False,True,True,True,False,coverage;gap;starts_early,1976-2025,49,Borohrádek,50.105254,16.086691,254.0
0-203-0-10203066201,27,0.5510204081632653,1990.0,2024.0,14,23.0,10.0,26.0,0.19214964851234786,31,False,False,False,True,True,True,False,coverage;gap;starts_early,1976-2025,49,Běleč nad Orlicí,50.186901,15.94687,247.0
0-203-0-10401034001,27,0.5510204081632653,1990.0,2024.0,14,22.0,11.0,26.0,0.16389322708080323,33,False,False,False,True,True,True,False,coverage;gap;starts_early,1976-2025,49,Kutná Hora  Sedlec,49.965934,15.288261,260.0
0-203-0-10404004001,27,0.5510204081632653,1990.0,2024.0,14,24.0,11.0,26.0,0.13642148679864843,34,False,False,False,True,True,True,False,coverage;gap;starts_early,1976-2025,49,Chlumec nad Cidlinou  Lučice,50.1382625,15.4638228,213.0
0-203-0-10404014001,27,0.5510204081632653,1990.0,2024.0,14,23.0,12.0,25.0,0.16829002553541472,32,False,False,False,True,True,True,False,coverage;gap;starts_early,1976-2025,49,Žehuň,50.133757,15.287765,204.0
0-203-0-11001043001,27,0.5510204081632653,1976.0,2002.0,22,21.0,13.0,26.0,0.17199293264090654,28,False,False,True,False,True,True,False,coverage;gap;ends_late,1976-2025,49,Chodský Újezd,49.8658,12.6522,565.0
0-203-0-11003030001,27,0.5510204081632653,1976.0,2007.0,17,22.0,11.0,26.0,0.20354778793257006,29,False,False,True,False,True,True,False,coverage;gap;ends_late,1976-2025,49,Dlažov,49.3636,13.1669,504.0
0-203-0-11104027001,27,0.5510204081632653,1976.0,2011.0,13,23.0,11.0,26.0,0.14975041734619318,30,False,False,True,False,True,True,False,coverage;gap;ends_late,1976-2025,49,Zaječov  Nová Ves,49.7625,13.8425,485.0
0-203-0-11410,27,0.5510204081632653,1997.0,2024.0,21,22.0,12.0,26.0,0.1600378027175978,28,False,False,False,True,True,True,False,coverage;gap;starts_early,1976-2025,49,Dyleň,49.968079,12.502849,939.0
0-203-0-11471,27,0.5510204081632653,1980.0,2011.0,13,22.0,11.0,26.0,0.20001107764288156,31,False,False,False,False,True,True,False,coverage;gap;starts_early;ends_late,1976-2025,49,Louny,50.3533,13.8203,230.0
0-203-0-11501,27,0.5510204081632653,1977.0,2024.0,14,23.0,11.0,26.0,0.1987473595080883,35,False,False,True,True,True,True,False,coverage;gap,1976-2025,49,Děčín,50.75097,14.20258,162.0
0-203-0-11560,27,0.5510204081632653,1979.0,2011.0,13,21.0,11.0,25.0,0.17273249301842294,35,False,False,False,False,True,True,False,coverage;gap;starts_early;ends_late,1976-2025,49,Praha  Uhříněves,50.0322,14.6036,299.0
0-203-0-11670,27,0.5510204081632653,1990.0,2024.0,14,21.0,10.0,26.0,0.24622895488721888,35,False,False,False,True,True,True,False,coverage;gap;starts_early,1976-2025,49,Žamberk,50.069195,16.45477,405.0
0-203-0-11749,27,0.5510204081632653,1980.0,2024.0,7,20.0,11.0,25.0,0.2347192857087602,46,False,False,False,True,True,True,False,coverage;gap;starts_early,1976-2025,49,Ivanovice na Hané,49.3092,17.0894,243.0
0-203-0-11755,27,0.5510204081632653,1984.0,2024.0,8,22.0,10.0,25.0,0.22115963218413182,43,False,False,False,True,True,True,False,coverage;gap;starts_early,1976-2025,49,Strážnice,48.8992,17.3381,176.0
0-203-0-20402025002,27,0.5510204081632653,1976.0,2005.0,19,22.0,12.0,26.0,0.22079411000412855,29,False,False,True,False,True,True,False,coverage;gap;ends_late,1976-2025,49,Zlaté Hory,50.252778,17.3926,444.0
0-203-0-41202003001,27,0.5510204081632653,1980.0,2011.0,13,17.0,10.0,26.0,0.2697222938105427,36,False,False,False,False,True,True,False,coverage;gap;starts_early;ends_late,1976-2025,49,Vyškov  Rychtářov,49.3286,16.915,400.0
0-203-0-41301123001,27,0.5510204081632653,1990.0,2024.0,14,23.0,10.0,25.0,0.2267505597049997,36,False,False,False,True,True,True,False,coverage;gap;starts_early,1976-2025,49,Nivnice,48.98061,17.64502,241.0
0-203-0-41501070001,27,0.5510204081632653,1991.0,2019.0,15,22.0,11.0,26.0,0.16786617321341776,30,False,False,False,False,True,True,False,coverage;gap;starts_early;ends_late,1976-2025,49,Sejřek,49.4367,16.3103,519.0
0-203-0-41502018001,27,0.5510204081632653,1990.0,2019.0,14,24.0,11.0,26.0,0.14672826637369565,30,False,False,False,False,True,True,False,coverage;gap;starts_early;ends_late,1976-2025,49,Letovice,49.5544,16.5767,334.0
0-203-0-41701074001,27,0.5510204081632653,1976.0,2006.0,18,24.0,13.0,26.0,0.14196945250224424,31,False,False,True,False,True,True,False,coverage;gap;ends_late,1976-2025,49,Kyjov,49.0167,17.1167,190.0
0-203-0-41701115002,27,0.5510204081632653,1995.0,2024.0,19,23.0,11.0,26.0,0.1313514768457584,30,False,False,False,True,True,True,False,coverage;gap;starts_early,1976-2025,49,Hrušky,48.7919,16.9739,174.0
0-203-0-10103056001,26,0.5306122448979592,1996.0,2024.0,20,22.0,10.0,26.0,0.1877552652831357,28,False,False,False,True,True,True,False,coverage;gap;starts_early,1976-2025,49,Česká Skalice  Rozkoš,50.363056,16.061111,290.0
0-203-0-10202024001,26,0.5306122448979592,1990.0,2018.0,14,21.0,10.0,26.0,0.25220617806197576,30,False,False,False,False,True,True,False,coverage;gap;starts_early;ends_late,1976-2025,49,Letohrad,50.03782,16.48707,427.0
0-203-0-10203029301,26,0.5306122448979592,1990.0,2024.0,14,22.0,12.0,26.0,0.15368222551777397,33,False,False,False,True,True,True,False,coverage;gap;starts_early,1976-2025,49,Bílý Újezd  Hroška,50.234904,16.209938,319.0
0-203-0-10303098001,26,0.5306122448979592,1990.0,2024.0,14,23.0,13.0,26.0,0.14592607380746986,32,False,False,False,True,True,True,False,coverage;gap;starts_early,1976-2025,49,Hrochův Týnec,49.962057,15.909774,241.0
0-203-0-10403011001,26,0.5306122448979592,1990.0,2024.0,14,22.0,14.0,26.0,0.1378241058087698,33,False,False,False,True,True,True,False,coverage;gap;starts_early,1976-2025,49,Nechanice - Lubno,50.242972,15.659823,245.0
0-203-0-10405051001,26,0.5306122448979592,1990.0,2024.0,14,24.0,12.0,26.0,0.18072979180765425,33,False,False,False,True,True,True,False,coverage;gap;starts_early,1976-2025,49,Dymokury,50.248346,15.201165,208.0
0-203-0-11301106001,26,0.5306122448979592,1987.0,2016.0,11,23.0,13.0,26.0,0.1291647018880016,29,False,False,False,False,True,True,False,coverage;gap;starts_early;ends_late,1976-2025,49,Přebuz,50.37246,12.615467,904.0
0-203-0-11733,26,0.5306122448979592,1999.0,2024.0,23,21.5,15.0,25.0,0.1262099249640802,27,False,False,False,True,True,True,False,coverage;gap;starts_early,1976-2025,49,Karlova Studánka,50.074053,17.306832,795.0
0-203-0-20301060101,26,0.5306122448979592,1976.0,2013.0,11,23.0,11.0,25.0,0.15218021420309402,30,False,False,True,False,True,True,False,coverage;gap;ends_late,1976-2025,49,Olešná,49.6667,18.3167,308.0
0-203-0-20410022001,26,0.5306122448979592,1999.0,2024.0,23,24.0,16.0,26.0,0.10632228524327203,29,False,False,False,True,True,True,False,coverage;gap;starts_early,1976-2025,49,Višňová,50.96594,15.01814,248.0
0-203-0-40102009001,26,0.5306122448979592,1979.0,2004.0,20,22.0,14.0,26.0,0.1459970451627431,27,False,False,False,False,True,True,False,coverage;gap;starts_early;ends_late,1976-2025,49,Rozvadov,49.6686,12.5522,581.0
0-203-0-41001061001,26,0.5306122448979592,1999.0,2024.0,23,23.0,11.0,25.0,0.1671188993100325,26,False,False,False,True,True,True,False,coverage;gap;starts_early,1976-2025,49,Dlouhé stráně  Kouty nad Desnou,50.0854114,17.1794408,765.0
0-203-0-41403067001,26,0.5306122448979592,1980.0,2024.0,16,23.0,11.0,26.0,0.21556167733317969,41,False,False,False,True,True,True,False,coverage;gap;starts_early,1976-2025,49,Drnholec,48.8589,16.48,210.0
0-203-0-41604016001,26,0.5306122448979592,1980.0,2024.0,10,24.0,10.0,26.0,0.20427935948297624,45,False,False,False,True,True,True,False,coverage;gap;starts_early,1976-2025,49,Branišovice,48.9661,16.4353,200.0
0-203-0-10501078001,25,0.5102040816326531,1993.0,2020.0,17,23.0,12.0,25.0,0.14962614098026567,25,False,False,False,False,True,True,False,coverage;gap;starts_early;ends_late,1976-2025,49,Vysoké nad Jizerou,50.682981,15.408523,695.0
0-203-0-10601021001,25,0.5102040816326531,1976.0,2001.0,23,23.0,14.0,26.0,0.1910752177594474,27,False,False,True,False,True,True,False,coverage;gap;ends_late,1976-2025,49,Horní Vltavice,48.9469,13.7889,830.0
0-203-0-10704085001,25,0.5102040816326531,1979.0,2004.0,20,20.0,13.0,24.0,0.12887312837270007,27,False,False,False,False,True,True,False,coverage;gap;starts_early;ends_late,1976-2025,49,Řepeč,49.4042,14.5186,475.0
0-203-0-11102061001,25,0.5102040816326531,1976.0,2001.0,23,22.0,11.0,26.0,0.19915753108452924,27,False,False,True,False,True,True,False,coverage;gap;ends_late,1976-2025,49,Mladotice  Černá Hať,50.0083,13.3342,506.0
0-203-0-11103064001,25,0.5102040816326531,1996.0,2024.0,20,22.0,12.0,26.0,0.13916956540769432,31,False,False,False,True,True,True,False,coverage;gap;starts_early,1976-2025,49,Beroun,49.9711,14.0642,265.0
0-203-0-11303115501,25,0.5102040816326531,1976.0,2011.0,13,20.0,11.0,25.0,0.24786378607382614,32,False,False,True,False,True,True,False,coverage;gap;ends_late,1976-2025,49,Málkov  Zelená,50.448,13.327,410.0
0-203-0-11732,25,0.5102040816326531,1976.0,2000.0,24,21.0,10.0,26.0,0.22197750945727307,25,False,False,True,False,True,True,False,coverage;gap;ends_late,1976-2025,49,Zlaté Hory  Rejvíz,50.2297,17.3056,757.0
0-203-0-20202048001,25,0.5102040816326531,2000.0,2024.0,24,22.0,15.0,26.0,0.12438243202884652,25,False,False,False,True,True,True,False,coverage;gap;starts_early,1976-2025,49,Dlouhá Stráň,49.95759,17.498288,520.0
0-203-0-20303038001,25,0.5102040816326531,1979.0,2007.0,17,23.0,10.0,26.0,0.2007679291264135,27,False,False,False,False,True,True,False,coverage;gap;starts_early;ends_late,1976-2025,49,Třinec  Dolní Líštná,49.6919,18.6986,380.0
0-203-0-20303055001,25,0.5102040816326531,1976.0,2018.0,17,24.0,11.0,26.0,0.17097204227789536,28,False,False,True,False,True,True,False,coverage;gap;ends_late,1976-2025,49,Hnojník,49.6775,18.545,340.0
0-203-0-41002010001,25,0.5102040816326531,1976.0,2000.0,24,23.0,12.0,26.0,0.2019479984097889,25,False,False,True,False,True,True,False,coverage;gap;ends_late,1976-2025,49,Lanškroun,49.9028,16.625,362.0
0-203-0-41003026002,25,0.5102040816326531,1977.0,2024.0,23,23.0,11.0,25.0,0.1517407285550657,26,False,False,True,True,True,True,False,coverage;gap,1976-2025,49,Oskava,49.90482,17.134781,360.0
0-203-0-41201060001,25,0.5102040816326531,1995.0,2024.0,19,22.0,10.0,26.0,0.2179177177809395,30,False,False,False,True,True,True,False,coverage;gap;starts_early,1976-2025,49,Kralice na Hané,49.4597,17.1827,210.0
0-203-0-41502073001,25,0.5102040816326531,1992.0,2024.0,16,22.0,11.0,26.0,0.19320144409837278,36,False,False,False,True,True,True,False,coverage;gap;starts_early,1976-2025,49,Blansko,49.3597,16.6503,299.0
0-203-0-41503084002,25,0.5102040816326531,1981.0,2009.0,15,23.0,11.0,26.0,0.16199339787034897,29,False,False,False,False,True,True,False,coverage;gap;starts_early;ends_late,1976-2025,49,Kobeřice,49.0919,16.8831,288.0
0-203-0-10401002001,24,0.4897959183673469,2000.0,2024.0,24,24.0,10.0,26.0,0.14954474983027374,25,False,False,False,True,True,True,False,coverage;gap;starts_early,1976-2025,49,Konárovice,50.03844,15.284988,209.0
0-203-0-10601064001,24,0.4897959183673469,1994.0,2018.0,18,21.0,11.0,26.0,0.1710673063302135,26,False,False,False,False,True,True,False,coverage;gap;starts_early;ends_late,1976-2025,49,Jelení  Nová Pec,48.8032344,13.8896103,810.0
0-203-0-10703041001,24,0.4897959183673469,1979.0,2004.0,20,19.5,15.0,24.0,0.14642084129518979,26,False,False,False,False,True,True,False,coverage;gap;starts_early;ends_late,1976-2025,49,Kunžak,49.1219,15.19,590.0
0-203-0-10704056001,24,0.4897959183673469,1976.0,2001.0,23,19.0,11.0,24.0,0.19031364024555902,27,False,False,True,False,True,True,False,coverage;gap;ends_late,1976-2025,49,Chýnov,49.4083044,14.8120983,498.0
0-203-0-10802004001,24,0.4897959183673469,1995.0,2018.0,19,22.0,16.0,25.0,0.12566346507358087,25,False,False,False,False,True,True,False,coverage;gap;starts_early;ends_late,1976-2025,49,Kubova Huť,48.986168,13.771537,997.0
0-203-0-11002064001,24,0.4897959183673469,1976.0,1999.0,25,21.0,14.0,26.0,0.139434558609137,25,False,False,True,False,True,True,False,coverage;gap;ends_late,1976-2025,49,Koloveč,49.4836,13.1161,476.0
0-203-0-11201020003,24,0.4897959183673469,2001.0,2024.0,25,23.0,17.0,26.0,0.0775923052024427,29,False,False,False,True,True,True,False,coverage;gap;starts_early,1976-2025,49,Praha  Chodov,50.0294,14.5,297.0
0-203-0-11521,24,0.4897959183673469,2001.0,2024.0,25,23.0,19.0,26.0,0.0894025198493411,26,False,False,False,True,True,True,False,coverage;gap;starts_early,1976-2025,49,Dobřichovice,49.9335,14.27585,205.0
0-203-0-11526,24,0.4897959183673469,2001.0,2024.0,25,22.0,18.0,25.0,0.10391485062689235,26,False,False,False,True,True,True,False,coverage;gap;starts_early,1976-2025,49,Nedrahovice  Rudolec,49.631723,14.440088,348.0
0-203-0-11620,24,0.4897959183673469,2001.0,2024.0,25,22.0,13.0,26.0,0.15535443659251513,24,False,False,False,True,True,True,False,coverage;gap;starts_early,1976-2025,49,Seč,49.844725,15.6479,529.0
0-203-0-20202055001,24,0.4897959183673469,1997.0,2024.0,21,22.0,13.0,26.0,0.17780888616714297,28,False,False,False,True,True,True,False,coverage;gap;starts_early,1976-2025,49,Slezská Harta,49.888611,17.575278,516.0
0-203-0-41503035001,24,0.4897959183673469,2001.0,2024.0,25,20.5,17.0,25.0,0.11934169149502408,25,False,False,False,True,True,True,False,coverage;gap;starts_early,1976-2025,49,Nemochovice,49.1808,17.1361,283.0
0-203-0-10201037001,23,0.46938775510204084,2002.0,2024.0,26,24.0,16.0,26.0,0.10981077014774578,23,False,False,False,True,True,True,False,coverage;gap;starts_early,1976-2025,49,Luisino údolí  Deštné v Orlických horách,50.287003,16.38829,875.0
0-203-0-10401028001,23,0.46938775510204084,2002.0,2024.0,26,24.0,13.0,26.0,0.12704319735876543,23,False,False,False,True,True,True,False,coverage;gap;starts_early,1976-2025,49,Bahno,49.866846,15.234033,420.0
0-203-0-10803062001,23,0.46938775510204084,1977.0,2001.0,23,21.0,11.0,25.0,0.16945331789979648,27,False,False,True,False,True,True,False,coverage;gap;ends_late,1976-2025,49,Bavorov,49.123889,14.089722,416.0
0-203-0-10903095001,23,0.46938775510204084,1976.0,2021.0,23,23.0,17.0,25.0,0.09717490666986822,25,False,False,True,False,True,True,False,coverage;gap;ends_late,1976-2025,49,Kozmice,49.8264,14.7942,500.0
0-203-0-10903179001,23,0.46938775510204084,1979.0,2003.0,21,23.0,10.0,25.0,0.1534136655737182,25,False,False,False,False,True,True,False,coverage;gap;starts_early;ends_late,1976-2025,49,Lešany  Nová Ves,49.85,14.5106,295.0
0-203-0-11201020002,23,0.46938775510204084,1976.0,1998.0,26,23.0,10.0,26.0,0.1459730426533974,23,False,False,True,False,True,True,False,coverage;gap;ends_late,1976-2025,49,Praha  Hostivař,50.0342,14.535,251.0
0-203-0-11301096001,23,0.46938775510204084,1979.0,2001.0,23,23.0,16.0,26.0,0.1211096567656835,24,False,False,False,False,True,True,False,coverage;gap;starts_early;ends_late,1976-2025,49,Bublava,50.3711,12.5033,711.0
0-203-0-11543,23,0.46938775510204084,1976.0,1998.0,26,19.0,13.0,25.0,0.1952846872697781,24,False,False,True,False,True,True,False,coverage;gap;ends_late,1976-2025,49,Lhenice,48.9922,14.1494,558.0
0-203-0-11623,23,0.46938775510204084,2002.0,2024.0,26,22.0,16.0,26.0,0.14652695411779534,23,False,False,False,True,True,True,False,coverage;gap;starts_early,1976-2025,49,Mokošín,50.016395,15.56668,255.0
0-203-0-11682,23,0.46938775510204084,1981.0,2004.0,20,21.0,11.0,25.0,0.1770130103308713,24,False,False,False,False,True,True,False,coverage;gap;starts_early;ends_late,1976-2025,49,Nekoř,50.0744,16.5619,488.0
0-203-0-11684,23,0.46938775510204084,2002.0,2024.0,26,21.0,11.0,26.0,0.16822167437012095,23,False,False,False,True,True,True,False,coverage;gap;starts_early,1976-2025,49,Gajer  Janov,49.8249969,16.4065347,510.0
0-203-0-11696,23,0.46938775510204084,1993.0,2024.0,17,22.0,10.0,26.0,0.18686934221798732,33,False,False,False,True,True,True,False,coverage;gap;starts_early,1976-2025,49,Dyjákovice,48.769,16.2925,187.0
0-203-0-11729,23,0.46938775510204084,1984.0,2022.0,10,22.0,11.0,26.0,0.1992012960291042,40,False,False,False,True,True,True,False,coverage;gap;starts_early,1976-2025,49,Brod nad Dyjí,48.8733,16.5358,177.0
0-203-0-20301057001,23,0.46938775510204084,1976.0,2001.0,23,23.0,12.0,26.0,0.15442730854064995,26,False,False,True,False,True,True,False,coverage;gap;ends_late,1976-2025,49,Řepiště,49.73,18.3097,290.0
0-203-0-20301060301,23,0.46938775510204084,2002.0,2024.0,26,22.0,12.0,25.0,0.1636084920168799,23,False,False,False,True,True,True,False,coverage;gap;starts_early,1976-2025,49,Paskov,49.7244,18.3031,254.0
0-203-0-41202062001,23,0.46938775510204084,1995.0,2024.0,19,23.0,12.0,26.0,0.17066504100130886,29,False,False,False,True,True,True,False,coverage;gap;starts_early,1976-2025,49,Kojetín,49.3527,17.2944,203.0
0-203-0-41501132001,23,0.46938775510204084,1976.0,2002.0,22,22.0,10.0,26.0,0.23444674827725331,27,False,False,True,False,True,True,False,coverage;gap;ends_late,1976-2025,49,Skřinářov,49.3486,16.1708,565.0
0-20000-0-11609,22,0.4489795918367347,2002.0,2024.0,26,22.0,13.0,26.0,0.14338678560427212,23,False,False,False,True,True,True,False,coverage;gap;starts_early,1976-2025,49,Jičín,50.439511,15.352626,283.0
0-20000-0-11730,22,0.4489795918367347,2003.0,2024.0,27,24.0,17.0,26.0,0.09622998087483417,22,False,False,False,True,True,True,False,coverage;gap;starts_early,1976-2025,49,Šerák,50.1875,17.108333,1328.0
0-203-0-10804052001,22,0.4489795918367347,1979.0,2001.0,23,19.0,12.0,26.0,0.18903953246615288,25,False,False,False,False,True,True,False,coverage;gap;starts_early;ends_late,1976-2025,49,Tochovice,49.591667,14.004167,494.0
0-203-0-10805018001,22,0.4489795918367347,1979.0,2001.0,23,19.5,10.0,25.0,0.22560073092368818,24,False,False,False,False,True,True,False,coverage;gap;starts_early;ends_late,1976-2025,49,Krásná Hora nad Vltavou  Krašovice,49.6,14.2781,434.0
0-203-0-11003073001,22,0.4489795918367347,1989.0,2011.0,13,23.0,13.0,26.0,0.16789502335727924,24,False,False,False,False,True,True,False,coverage;gap;starts_early;ends_late,1976-2025,49,Horšice  Újezd,49.5375,13.4047,470.0
0-203-0-11203010001,22,0.4489795918367347,1976.0,2012.0,12,20.5,14.0,25.0,0.15370325747369407,27,False,False,True,False,True,True,False,coverage;gap;ends_late,1976-2025,49,Střemy,50.38361,14.56861,269.0
0-203-0-11303052001,22,0.4489795918367347,1976.0,2007.0,17,21.0,12.0,25.0,0.21894112114089548,25,False,False,True,False,True,True,False,coverage;gap;ends_late,1976-2025,49,Valeč,50.1794,13.2528,518.0
0-203-0-11571,22,0.4489795918367347,2003.0,2024.0,27,23.5,10.0,26.0,0.14029487473496702,22,False,False,False,True,True,True,False,coverage;gap;starts_early,1976-2025,49,Jílové u Prahy,49.907837,14.489046,448.0
0-203-0-11681,22,0.4489795918367347,1976.0,2001.0,23,21.5,11.0,25.0,0.18968226139804448,26,False,False,True,False,True,True,False,coverage;gap;ends_late,1976-2025,49,Litomyšl,49.865,16.3172,351.0
0-203-0-20301036001,22,0.4489795918367347,1980.0,2024.0,22,22.0,11.0,25.0,0.1795179457737508,26,False,False,False,True,True,True,False,coverage;gap;starts_early,1976-2025,49,Morávka  Lúčka,49.532588,18.55,600.0
0-203-0-41403029001,22,0.4489795918367347,1981.0,2007.0,17,24.0,17.0,26.0,0.12245534021412512,27,False,False,False,False,True,True,False,coverage;gap;starts_early;ends_late,1976-2025,49,Výrovice,48.9297,16.1075,236.0
0-203-0-41501092002,22,0.4489795918367347,2003.0,2024.0,27,24.5,20.0,26.0,0.06611854893560466,22,False,False,False,True,True,True,False,coverage;gap;starts_early,1976-2025,49,Strážek,49.4411,16.198,445.0
0-203-0-41601088001,22,0.4489795918367347,1976.0,1999.0,25,16.0,10.0,24.0,0.22043113752133744,28,False,False,True,False,True,True,False,coverage;gap;ends_late,1976-2025,49,Heraltice,49.2308,15.7331,556.0
0-20000-0-11450,21,0.42857142857142855,2004.0,2024.0,28,24.0,20.0,26.0,0.06525332051916434,21,False,False,False,True,True,True,False,coverage;gap;starts_early,1976-2025,49,Plzeň  Mikulka,49.764722,13.378889,359.8
0-203-0-11201021001,21,0.42857142857142855,1979.0,1999.0,25,22.0,12.0,26.0,0.16347942645588467,21,False,False,False,False,True,True,False,coverage;gap;starts_early;ends_late,1976-2025,49,Praha  Smíchov,50.064444,14.394722,274.0
0-203-0-11303071002,21,0.42857142857142855,1977.0,2011.0,13,21.0,10.0,26.0,0.23098190359018156,29,False,False,True,False,True,True,False,coverage;gap;ends_late,1976-2025,49,Kryry,50.1767,13.4272,306.0
0-203-0-11485,21,0.42857142857142855,2004.0,2024.0,28,20.0,16.0,25.0,0.12844517926436053,21,False,False,False,True,True,True,False,coverage;gap;starts_early,1976-2025,49,Příbram,49.694602,14.022433,555.0
0-203-0-11621,21,0.42857142857142855,1991.0,2024.0,15,21.0,13.0,25.0,0.1563378624450618,25,False,False,False,True,True,True,False,coverage;gap;starts_early,1976-2025,49,Radovesnice II.,50.106526,15.368164,227.0
0-203-0-11627,21,0.42857142857142855,1976.0,1998.0,26,20.0,10.0,25.0,0.22035023327150693,23,False,False,True,False,True,True,False,coverage;gap;ends_late,1976-2025,49,Čechtice,49.622912,15.04302,497.0
0-203-0-11655,21,0.42857142857142855,1998.0,2024.0,22,22.0,10.0,26.0,0.2574106348989105,26,False,False,False,True,True,True,False,coverage;gap;starts_early,1976-2025,49,Libice nad Doubravou,49.744164,15.704862,425.0
0-203-0-11665,21,0.42857142857142855,1976.0,1996.0,28,23.0,15.0,25.0,0.11993484955586553,24,False,False,True,False,True,True,False,coverage;gap;ends_late,1976-2025,49,Lysice,49.4575,16.5367,410.0
0-203-0-11735,21,0.42857142857142855,1976.0,1996.0,28,25.0,17.0,26.0,0.08625819491779428,21,False,False,True,False,True,True,False,coverage;gap;ends_late,1976-2025,49,Praděd,50.0829406,17.2298264,1490.0
0-203-0-20301039001,21,0.42857142857142855,1995.0,2015.0,19,22.0,13.0,25.0,0.13946829657057067,21,False,False,False,False,True,True,False,coverage;gap;starts_early;ends_late,1976-2025,49,Morávka  Uspolka,49.5619,18.5528,532.0
0-203-0-41201054001,21,0.42857142857142855,1976.0,2007.0,17,16.0,10.0,22.0,0.2371636983066412,32,False,False,True,False,True,True,False,coverage;gap;ends_late,1976-2025,49,Plumlov  Žárovice,49.4583,16.9856,320.0
0-203-0-41202124001,21,0.42857142857142855,1979.0,2006.0,18,16.0,10.0,25.0,0.2599549921591776,29,False,False,False,False,True,True,False,coverage;gap;starts_early;ends_late,1976-2025,49,Rusava,49.3458,17.6806,360.0
0-203-0-42109005001,21,0.42857142857142855,1991.0,2011.0,15,19.0,12.0,24.0,0.15365125508487726,23,False,False,False,False,True,True,False,coverage;gap;starts_early;ends_late,1976-2025,49,Vápenice,48.9472,17.8144,760.0
0-20000-0-11669,20,0.40816326530612246,2004.0,2024.0,28,18.0,12.0,23.0,0.1902082478584309,21,False,False,False,True,True,True,False,coverage;gap;starts_early,1976-2025,49,Polom  Sedloňov,50.350278,16.322222,747.24
0-203-0-10101055001,20,0.40816326530612246,1990.0,2011.0,14,22.5,10.0,26.0,0.26090849226820256,23,False,False,False,False,True,True,False,coverage;gap;starts_early;ends_late,1976-2025,49,Čistá,50.526601,15.584265,445.0
0-203-0-10803058001,20,0.40816326530612246,1979.0,2001.0,23,16.0,12.0,25.0,0.21988903275397306,24,False,False,False,False,True,True,False,coverage;gap;starts_early;ends_late,1976-2025,49,Frantoly,48.9823961,14.1003433,726.0
0-203-0-11437,20,0.40816326530612246,1978.0,2004.0,20,21.0,11.0,25.0,0.2273288370692303,25,False,False,True,False,True,True,False,coverage;gap;ends_late,1976-2025,49,Blšany,50.2169,13.4664,290.0
0-203-0-41003022001,20,0.40816326530612246,1979.0,2001.0,23,24.5,13.0,26.0,0.17687531500350748,23,False,False,False,False,True,True,False,coverage;gap;starts_early;ends_late,1976-2025,49,Oskava  Bedřichov,49.9297,17.1556,415.0
0-203-0-41502109601,20,0.40816326530612246,2004.0,2024.0,28,22.5,11.0,25.0,0.15862816387973902,27,False,False,False,True,True,True,False,coverage;gap;starts_early,1976-2025,49,Brno  Židenice,49.1983,16.631111,200.0
0-20000-0-11791,19,0.3877551020408163,2006.0,2024.0,30,20.0,15.0,23.0,0.12219199541259301,19,False,False,False,True,True,True,False,coverage;gap;starts_early,1976-2025,49,Hošťálková  Maruška,49.3653,17.8286,664.1
0-203-0-10305030001,19,0.3877551020408163,2006.0,2024.0,30,23.0,11.0,26.0,0.1955684572696452,19,False,False,False,True,True,True,False,coverage;gap;starts_early,1976-2025,49,Licoměřice,49.914705,15.551646,335.0
0-203-0-10601089001,19,0.3877551020408163,1976.0,1996.0,28,19.0,10.0,25.0,0.25663441797583564,21,False,False,True,False,True,True,False,coverage;gap;ends_late,1976-2025,49,Květušín  Boletice,48.7833,14.1308,810.0
0-203-0-10703053001,19,0.3877551020408163,1985.0,2007.0,17,20.0,13.0,26.0,0.1547443881678076,23,False,False,False,False,True,True,False,coverage;gap;starts_early;ends_late,1976-2025,49,Lásenice,49.0742,14.9689,452.0
0-203-0-11202001001,19,0.3877551020408163,1979.0,1998.0,26,24.0,16.0,26.0,0.0994118377178366,20,False,False,False,False,True,True,False,coverage;gap;starts_early;ends_late,1976-2025,49,Praha  Podbaba,50.1172,14.3942,183.0
0-203-0-11303005301,19,0.3877551020408163,1976.0,2011.0,13,21.0,11.0,25.0,0.259379822966212,25,False,False,True,False,True,True,False,coverage;gap;ends_late,1976-2025,49,Vilémov,50.3011,13.3078,300.0
0-203-0-11439,19,0.3877551020408163,2005.0,2024.0,29,24.0,13.0,26.0,0.1468037962565549,20,False,False,False,True,True,True,False,coverage;gap;starts_early,1976-2025,49,Strojetice,50.17378,13.47694,372.0
0-203-0-41001073001,19,0.3877551020408163,1976.0,1995.0,29,24.0,13.0,26.0,0.147743071388545,20,False,False,True,False,True,True,False,coverage;gap;ends_late,1976-2025,49,Sobotín,50.0,17.0833,425.0
0-203-0-10304070001,18,0.3673469387755102,1990.0,2011.0,14,22.0,11.0,26.0,0.2475355552547787,23,False,False,False,False,True,True,False,coverage;gap;starts_early;ends_late,1976-2025,49,Litošice,49.986104,15.512615,270.0
0-203-0-10602021001,18,0.3673469387755102,1977.0,1997.0,27,19.5,10.0,23.0,0.21031743297168923,21,False,False,True,False,True,True,False,coverage;gap;ends_late,1976-2025,49,Kaplice,48.7442,14.4936,536.0
0-203-0-10705014001,18,0.3673469387755102,1994.0,2011.0,18,21.0,17.0,26.0,0.09093227344447796,19,False,False,False,False,True,True,False,coverage;gap;starts_early;ends_late,1976-2025,49,Temešvár,49.3572,14.2633,421.0
0-203-0-10802060001,18,0.3673469387755102,1994.0,2011.0,18,20.0,11.0,26.0,0.1879751950238884,20,False,False,False,False,True,True,False,coverage;gap;starts_early;ends_late,1976-2025,49,Paračov,49.2014,13.9947,483.0
0-203-0-10805103001,18,0.3673469387755102,1993.0,2011.0,17,22.5,11.0,26.0,0.18851464236224227,20,False,False,False,False,True,True,False,coverage;gap;starts_early;ends_late,1976-2025,49,Dobříš,49.7858,14.1783,360.0
0-203-0-11004001002,18,0.3673469387755102,1979.0,1996.0,28,24.0,15.0,26.0,0.1359820733051053,19,False,False,False,False,True,True,False,coverage;gap;starts_early;ends_late,1976-2025,49,Plzeň  Doudlevce,49.7239,13.3944,312.0
0-203-0-20202091002,18,0.3673469387755102,1976.0,1995.0,29,22.0,11.0,24.0,0.17193587674920519,22,False,False,True,False,True,True,False,coverage;gap;ends_late,1976-2025,49,Litultovice,49.9019,17.7556,310.0
0-203-0-41002011001,18,0.3673469387755102,2001.0,2018.0,25,24.0,16.0,26.0,0.09656064880012415,18,False,False,False,False,True,True,False,coverage;gap;starts_early;ends_late,1976-2025,49,Žichlínek,49.8839,16.6397,353.0
0-203-0-41003127002,18,0.3673469387755102,2000.0,2017.0,24,22.5,20.0,26.0,0.07498558108224683,18,False,False,False,False,True,True,False,coverage;gap;starts_early;ends_late,1976-2025,49,Kozlov,49.6017,17.5327,620.0
0-203-0-41503092001,18,0.3673469387755102,1980.0,2005.0,19,18.0,13.0,26.0,0.18219342943034295,22,False,False,False,False,True,True,False,coverage;gap;starts_early;ends_late,1976-2025,49,Chvalčov  Hostýn,49.3761,17.7006,715.0
0-203-0-41701090001,18,0.3673469387755102,2007.0,2024.0,31,24.0,16.0,26.0,0.11610199796048808,18,False,False,False,True,True,True,False,coverage;gap;starts_early,1976-2025,49,Hýsly,49.021389,17.18,217.0
0-203-0-10602046001,17,0.3469387755102041,1976.0,1992.0,32,23.0,16.0,25.0,0.107418868601149,18,False,False,True,False,True,True,False,coverage;gap;ends_late,1976-2025,49,Nové Hrady,48.7908,14.7825,542.0
0-203-0-10802015001,17,0.3469387755102041,1983.0,2007.0,17,20.0,11.0,24.0,0.16264118493354734,18,False,False,False,False,True,True,False,coverage;gap;starts_early;ends_late,1976-2025,49,Javorník,49.1392,13.6611,988.0
0-203-0-11102145001,17,0.3469387755102041,1976.0,1992.0,32,22.0,14.0,26.0,0.17605012938850717,17,False,False,True,False,True,True,False,coverage;gap;ends_late,1976-2025,49,Broumy,49.9519,13.8575,410.0
0-203-0-11496,17,0.3469387755102041,1976.0,1992.0,32,21.0,12.0,25.0,0.18027028180250682,18,False,False,True,False,True,True,False,coverage;gap;ends_late,1976-2025,49,Nová Pec,48.7847,13.9589,753.0
0-203-0-11704,17,0.3469387755102041,2003.0,2020.0,27,23.0,15.0,26.0,0.12461643979715763,19,False,False,False,False,True,True,False,coverage;gap;starts_early;ends_late,1976-2025,49,Staré Město pod Sněžníkem  Paprsek,50.209444,16.988889,1001.0
0-203-0-11743,17,0.3469387755102041,2008.0,2024.0,32,23.0,12.0,25.0,0.16728942140261902,19,False,False,False,True,True,True,False,coverage;gap;starts_early,1976-2025,49,Plumlov,49.468056,17.012222,297.0
0-203-0-11796,17,0.3469387755102041,1988.0,2005.0,19,21.0,13.0,26.0,0.161904232391524,17,False,False,False,False,True,True,False,coverage;gap;starts_early;ends_late,1976-2025,49,Bílý Kříž,49.5025,18.5386,900.0
0-203-0-20402025001,17,0.3469387755102041,2008.0,2024.0,32,23.0,16.0,25.0,0.10386540124624347,18,False,False,False,True,True,True,False,coverage;gap;starts_early,1976-2025,49,Zlaté Hory,50.263,17.3926,407.0
0-203-0-41003038001,17,0.3469387755102041,1976.0,1992.0,32,24.0,17.0,26.0,0.10898939367301466,17,False,False,True,False,True,True,False,coverage;gap;ends_late,1976-2025,49,Stránské,49.8931,17.3028,650.0
0-203-0-41202009002,17,0.3469387755102041,1985.0,2014.0,10,18.0,10.0,26.0,0.30676332172370013,35,False,False,False,False,True,True,False,coverage;gap;starts_early;ends_late,1976-2025,49,Vyškov  Dědice,49.295,16.9822,263.0
0-203-0-41601008001,17,0.3469387755102041,2008.0,2024.0,32,23.0,20.0,25.0,0.06683804627249358,17,False,False,False,True,True,True,False,coverage;gap;starts_early,1976-2025,49,Batelov  Nová Ves,49.278056,15.355278,643.0
0-203-0-10704035001,16,0.32653061224489793,2009.0,2024.0,33,23.0,20.0,25.0,0.06327059080488141,17,False,False,False,True,True,True,False,coverage;gap;starts_early,1976-2025,49,Tučapy,49.2919,14.8017,454.0
0-203-0-10704040001,16,0.32653061224489793,1976.0,1992.0,32,21.5,18.0,25.0,0.10086165962519682,18,False,False,True,False,True,True,False,coverage;gap;ends_late,1976-2025,49,Soběslav,49.2556,14.7033,421.0
0-203-0-10803089001,16,0.32653061224489793,1985.0,2001.0,23,20.0,14.0,23.0,0.12391494852619783,18,False,False,False,False,True,True,False,coverage;gap;starts_early;ends_late,1976-2025,49,Paseky,49.2497158,14.2682417,482.0
0-203-0-11201018001,16,0.32653061224489793,1976.0,2007.0,17,22.0,11.0,26.0,0.18968721434540148,20,False,False,True,False,True,True,False,coverage;gap;ends_late,1976-2025,49,Průhonice,50.007829,14.561121,312.0
0-203-0-11202086001,16,0.32653061224489793,1987.0,2003.0,21,24.0,11.0,26.0,0.2043606256256876,17,False,False,False,False,True,True,False,coverage;gap;starts_early;ends_late,1976-2025,49,Hospozín,50.3061,14.175,195.0
0-203-0-11203055001,16,0.32653061224489793,1979.0,1995.0,29,21.0,10.0,23.0,0.22023123340904963,18,False,False,False,False,True,True,False,coverage;gap;starts_early;ends_late,1976-2025,49,Liběšice,50.5675,14.2839,240.0
0-203-0-11448,16,0.32653061224489793,1979.0,1996.0,28,20.5,10.0,26.0,0.24536522203170877,20,False,False,False,False,True,True,False,coverage;gap;starts_early;ends_late,1976-2025,49,Plzeň  Dobřany,49.6764,13.2694,360.0
0-203-0-11449,16,0.32653061224489793,1988.0,2011.0,13,21.0,11.0,26.0,0.20553282121458755,22,False,False,False,False,True,True,False,coverage;gap;starts_early;ends_late,1976-2025,49,Plzeň  město,49.7342,13.3761,335.0
0-203-0-11541,16,0.32653061224489793,1978.0,1993.0,31,21.0,12.0,24.0,0.17704985306705956,18,False,False,True,False,True,True,False,coverage;gap;ends_late,1976-2025,49,České Budějovice  Planá,48.9469,14.4292,420.0
0-203-0-11639,16,0.32653061224489793,2003.0,2024.0,27,19.5,12.0,26.0,0.21219056473721787,21,False,False,False,True,True,True,False,coverage;gap;starts_early,1976-2025,49,Lázně Bělohrad,50.427437,15.588567,299.0
0-203-0-11641,16,0.32653061224489793,1976.0,1991.0,33,24.0,16.0,26.0,0.10805230324974363,16,False,False,True,False,True,True,False,coverage;gap;ends_late,1976-2025,49,Janské Lázně,50.6333,15.7833,650.0
0-203-0-11737,16,0.32653061224489793,1976.0,1991.0,33,24.0,20.0,25.0,0.07778802410692205,17,False,False,True,False,True,True,False,coverage;gap;ends_late,1976-2025,49,Rýmařov,49.931389,17.296111,578.0
0-203-0-20202047001,16,0.32653061224489793,1976.0,1992.0,32,23.0,15.0,26.0,0.12359550561797752,18,False,False,True,False,True,True,False,coverage;gap;ends_late,1976-2025,49,Bruntál,49.9833,17.45,530.0
0-203-0-20303060001,16,0.32653061224489793,2009.0,2024.0,33,22.5,18.0,26.0,0.10111230054778737,16,False,False,False,True,True,True,False,coverage;gap;starts_early,1976-2025,49,Těrlicko  Hradiště,49.735278,18.531667,356.0
0-203-0-41001074001,16,0.32653061224489793,1996.0,2011.0,20,23.0,15.0,26.0,0.1272713491608326,17,False,False,False,False,True,True,False,coverage;gap;starts_early;ends_late,1976-2025,49,Petrov nad Desnou,50.0164,17.0644,400.0
0-203-0-41101046001,16,0.32653061224489793,2001.0,2016.0,25,22.5,18.0,25.0,0.08332807288871531,17,False,False,False,False,True,True,False,coverage;gap;starts_early;ends_late,1976-2025,49,Horní Lideč,49.1861,18.0589,453.0
0-203-0-10704040002,15,0.30612244897959184,1994.0,2008.0,18,20.0,14.0,26.0,0.1341847240419154,15,False,False,False,False,True,True,False,coverage;gap;starts_early;ends_late,1976-2025,49,Klenovice,49.2806,14.7011,421.0
0-203-0-11005057001,15,0.30612244897959184,1982.0,1996.0,28,23.0,16.0,26.0,0.1276483138579343,16,False,False,False,False,True,True,False,coverage;gap;starts_early;ends_late,1976-2025,49,Šťáhlavy,49.6767,13.5208,364.0
0-203-0-11103006001,15,0.30612244897959184,1979.0,1993.0,31,23.0,15.0,25.0,0.12212315970639115,15,False,False,False,False,True,True,False,coverage;gap;starts_early;ends_late,1976-2025,49,Petrovice,50.0661,13.6369,396.0
0-203-0-11202066001,15,0.30612244897959184,1976.0,2010.0,19,21.0,12.0,25.0,0.15844151800671413,17,False,False,True,False,True,True,False,coverage;gap;ends_late,1976-2025,49,Zlonice,50.283586,14.086873,231.0
0-203-0-11401004901,15,0.30612244897959184,1989.0,2007.0,17,18.0,10.0,24.0,0.23626378630186456,18,False,False,False,False,True,True,False,coverage;gap;starts_early;ends_late,1976-2025,49,Otvice,50.4811,13.4472,325.0
0-203-0-11444,15,0.30612244897959184,2010.0,2024.0,34,24.0,15.0,26.0,0.1252882180446114,15,False,False,False,True,True,True,False,coverage;gap;starts_early,1976-2025,49,Heřmanov,50.148529,13.57133,407.0
0-203-0-11527,15,0.30612244897959184,1979.0,1993.0,31,21.0,11.0,24.0,0.19354715150671453,15,False,False,False,False,True,True,False,coverage;gap;starts_early;ends_late,1976-2025,49,Solenice,49.6119,14.1803,359.0
0-203-0-11533,15,0.30612244897959184,1985.0,1999.0,25,20.0,10.0,25.0,0.17708005107481084,18,False,False,False,False,True,True,False,coverage;gap;starts_early;ends_late,1976-2025,49,Olešná,49.3433,14.3131,452.0
0-203-0-11600,15,0.30612244897959184,1978.0,1992.0,32,20.0,14.0,24.0,0.16778804977307907,15,False,False,True,False,True,True,False,coverage;gap;ends_late,1976-2025,49,Višňová  Andělka,51.0008,14.9894,298.0
0-203-0-11626,15,0.30612244897959184,1990.0,2009.0,15,19.0,10.0,24.0,0.24569168303828856,21,False,False,False,False,True,True,False,coverage;gap;starts_early;ends_late,1976-2025,49,Hulice,49.721111,15.086667,375.0
0-203-0-11633,15,0.30612244897959184,2008.0,2022.0,32,24.0,14.0,26.0,0.13953521704833224,16,False,False,False,True,True,True,False,coverage;gap;starts_early,1976-2025,49,Luční bouda,50.735318,15.697859,1413.0
0-203-0-41003016001,15,0.30612244897959184,2010.0,2024.0,34,22.0,16.0,25.0,0.09900372508523582,15,False,False,False,True,True,True,False,coverage;gap;starts_early,1976-2025,49,Medlov  Hlivice,49.782412,17.037966,268.0
0-203-0-41501005001,15,0.30612244897959184,1987.0,2004.0,20,18.0,10.0,25.0,0.24225441174544496,16,False,False,False,False,True,True,False,coverage;gap;starts_early;ends_late,1976-2025,49,České Milovy,49.6853,16.0886,635.0
0-203-0-41501114002,15,0.30612244897959184,1996.0,2011.0,20,22.0,12.0,25.0,0.21549607526972805,17,False,False,False,False,True,True,False,coverage;gap;starts_early;ends_late,1976-2025,49,Synalov,49.4322,16.4119,526.0
0-203-0-41501115001,15,0.30612244897959184,2010.0,2024.0,34,24.0,19.0,26.0,0.07913856975672795,15,False,False,False,True,True,True,False,coverage;gap;starts_early,1976-2025,49,Tišnov  Hájek,49.3731,16.4725,409.0
0-203-0-41501140001,15,0.30612244897959184,2010.0,2024.0,34,23.0,18.0,25.0,0.08495139067559569,15,False,False,False,True,True,True,False,coverage;gap;starts_early,1976-2025,49,Veverská Bítýška,49.2767,16.4317,246.0
0-203-0-41503084001,15,0.30612244897959184,2010.0,2024.0,34,23.0,18.0,26.0,0.1064745114387902,15,False,False,False,True,True,True,False,coverage;gap;starts_early,1976-2025,49,Milešovice,49.083889,16.853889,242.0
0-203-0-41601049001,15,0.30612244897959184,2010.0,2024.0,34,20.0,16.0,24.0,0.11310287416826453,15,False,False,False,True,True,True,False,coverage;gap;starts_early,1976-2025,49,Jihlava  Hruškové Dvory,49.4064,15.6164,468.0
0-203-0-41601082001,15,0.30612244897959184,2010.0,2024.0,34,23.0,21.0,26.0,0.06939975886566353,15,False,False,False,True,True,True,False,coverage;gap;starts_early,1976-2025,49,Nová Ves,49.2547,15.7869,422.0
0-203-0-10101026001,14,0.2857142857142857,2005.0,2018.0,29,24.0,16.0,26.0,0.13041787014671521,15,False,False,False,False,True,True,False,coverage;gap;starts_early;ends_late,1976-2025,49,Černý Důl,50.648678,15.712563,715.0
0-203-0-10101029002,14,0.2857142857142857,1990.0,2007.0,17,21.0,11.0,26.0,0.2535117574845228,17,False,False,False,False,True,True,False,coverage;gap;starts_early;ends_late,1976-2025,49,Rudník  Javorník,50.5831,15.7681,455.0
0-203-0-10305039001,14,0.2857142857142857,1990.0,2011.0,14,19.5,11.0,26.0,0.2137417919668917,17,False,False,False,False,True,True,False,coverage;gap;starts_early;ends_late,1976-2025,49,Golčův Jeníkov,49.81896,15.47526,375.0
0-203-0-10702037001,14,0.2857142857142857,2011.0,2024.0,35,23.5,15.0,26.0,0.11646890286489633,14,False,False,False,True,True,True,False,coverage;gap;starts_early,1976-2025,49,Lipnice,48.9109033,14.7651161,469.0
0-203-0-10801058001,14,0.2857142857142857,2011.0,2024.0,35,22.0,17.0,25.0,0.10323481634516489,14,False,False,False,True,True,True,False,coverage;gap;starts_early,1976-2025,49,Zámyšl,49.22629,13.374402,800.0
0-203-0-10805039001,14,0.2857142857142857,1979.0,1992.0,32,24.0,16.0,25.0,0.09656833739369367,15,False,False,False,False,True,True,False,coverage;gap;starts_early;ends_late,1976-2025,49,Borotice,49.7333,14.2667,470.0
0-203-0-10805051001,14,0.2857142857142857,1995.0,2011.0,19,21.0,10.0,25.0,0.26331759349816936,18,False,False,False,False,True,True,False,coverage;gap;starts_early;ends_late,1976-2025,49,Vojkov,49.6528,14.5225,463.0
0-203-0-11467,14,0.2857142857142857,1979.0,1992.0,32,21.0,12.0,25.0,0.1681072005126417,15,False,False,False,False,True,True,False,coverage;gap;starts_early;ends_late,1976-2025,49,Žatec  Velemyšleves,50.3789,13.5775,273.0
0-203-0-11503012001,14,0.2857142857142857,1979.0,1992.0,32,21.5,15.0,25.0,0.12622663305587437,14,False,False,False,False,True,True,False,coverage;gap;starts_early;ends_late,1976-2025,49,Měděnec,50.4225,13.1178,840.0
0-203-0-11513,14,0.2857142857142857,1978.0,1991.0,33,22.0,17.0,25.0,0.1079027596503732,17,False,False,True,False,True,True,False,coverage;gap;ends_late,1976-2025,49,Kladno   Kročehlavy,50.1333,14.1083,404.0
0-203-0-11619,14,0.2857142857142857,1981.0,2001.0,23,23.0,17.0,24.0,0.08110384941440026,20,False,False,False,False,True,True,False,coverage;gap;starts_early;ends_late,1976-2025,49,Přelouč,50.0439,15.5719,209.0
0-203-0-11638,14,0.2857142857142857,1995.0,2012.0,19,23.0,16.0,26.0,0.1210715524441356,14,False,False,False,False,True,True,False,coverage;gap;starts_early;ends_late,1976-2025,49,Rýchorská bouda,50.6603,15.8497,1001.0
0-203-0-11648,14,0.2857142857142857,1979.0,1992.0,32,23.0,15.0,25.0,0.11289814590622917,15,False,False,False,False,True,True,False,coverage;gap;starts_early;ends_late,1976-2025,49,Pouchov  Hradec Králové,50.2456,15.8433,243.0
0-203-0-20101159201,14,0.2857142857142857,1996.0,2011.0,20,19.5,11.0,25.0,0.21972389768725498,19,False,False,False,False,True,True,False,coverage;gap;starts_early;ends_late,1976-2025,49,Studénka,49.7058,18.0672,233.0
0-203-0-41003096001,14,0.2857142857142857,1976.0,1992.0,32,24.0,13.0,26.0,0.13944064795430838,18,False,False,True,False,True,True,False,coverage;gap;ends_late,1976-2025,49,Moravský Beroun  Sedm Dvorů,49.7736,17.4403,525.0
0-203-0-41101042002,14,0.2857142857142857,2011.0,2024.0,35,23.0,18.0,24.0,0.06666666666666667,14,False,False,False,True,True,True,False,coverage;gap;starts_early,1976-2025,49,Valašská Senice,49.240278,18.126944,615.0
0-203-0-41501094001,14,0.2857142857142857,1976.0,1990.0,34,25.0,11.0,26.0,0.15669579263200217,14,False,False,True,False,True,True,False,coverage;gap;ends_late,1976-2025,49,Moravecké Pavlovice,49.4253,16.2567,525.0
0-203-0-10202022001,13,0.2653061224489796,1990.0,2011.0,14,22.0,13.0,26.0,0.21212783883102188,19,False,False,False,False,True,True,False,coverage;gap;starts_early;ends_late,1976-2025,49,Dolní Čermná,49.979555,16.566659,394.0
0-203-0-10202037001,13,0.2653061224489796,1990.0,2004.0,20,19.0,11.0,25.0,0.22546248764114477,15,False,False,False,False,True,True,False,coverage;gap;starts_early;ends_late,1976-2025,49,Mikuleč,49.8033,16.4119,513.0
0-203-0-10601144001,13,0.2653061224489796,1998.0,2024.0,22,21.0,13.0,24.0,0.1955467345434973,14,False,False,False,True,True,True,False,coverage;gap;starts_early,1976-2025,49,Rožmitál na Šumavě,48.697778,14.391111,627.0
0-203-0-10805067001,13,0.2653061224489796,1981.0,1993.0,31,22.0,15.0,25.0,0.13580823815593956,14,False,False,False,False,True,True,False,coverage;gap;starts_early;ends_late,1976-2025,49,Sedlčany,49.6542,14.4269,363.0
0-203-0-11104013001,13,0.2653061224489796,1987.0,1999.0,25,24.0,11.0,25.0,0.1966773151954169,13,False,False,False,False,True,True,False,coverage;gap;starts_early;ends_late,1976-2025,49,Jince,49.7819,13.9797,405.0
0-203-0-11607,13,0.2653061224489796,1978.0,1991.0,33,21.0,11.0,24.0,0.19649289698661357,16,False,False,True,False,True,True,False,coverage;gap;ends_late,1976-2025,49,Vysoké nad Jizerou,50.6822,15.4003,670.0
0-203-0-11618,13,0.2653061224489796,1984.0,1996.0,28,23.0,12.0,25.0,0.208297286385519,14,False,False,False,False,True,True,False,coverage;gap;starts_early;ends_late,1976-2025,49,Poběžovice u Holic,50.0925,16.0064,322.0
0-203-0-11776,13,0.2653061224489796,2010.0,2024.0,34,18.0,12.0,25.0,0.204820765008909,15,False,False,False,True,True,True,False,coverage;gap;starts_early,1976-2025,49,Velké Karlovice  Benešky,49.397036,18.294392,855.0
0-203-0-41301067001,13,0.2653061224489796,1980.0,1992.0,32,14.0,10.0,21.0,0.2115541478073909,14,False,False,False,False,False,True,False,coverage;gap;starts_early;ends_late;density,1976-2025,49,Březolupy,49.1192,17.5719,205.0
0-203-0-41403002002,13,0.2653061224489796,2012.0,2024.0,36,23.0,18.0,25.0,0.07928655412870018,13,False,False,False,True,True,True,False,coverage;gap;starts_early,1976-2025,49,Láz,49.013078,15.786675,432.0
0-203-0-41501147001,13,0.2653061224489796,1980.0,2007.0,17,15.0,11.0,26.0,0.30837658733360673,31,False,False,False,False,True,True,False,coverage;gap;starts_early;ends_late,1976-2025,49,Brno  Kníničky,49.2328,16.52,240.0
0-203-0-10203017001,12,0.24489795918367346,1990.0,2007.0,17,22.5,11.0,26.0,0.2311154767753948,17,False,False,False,False,True,True,False,coverage;gap;starts_early;ends_late,1976-2025,49,Dobruška,50.2867,16.1531,283.0
0-203-0-10305028001,12,0.24489795918367346,1990.0,2005.0,19,19.5,14.0,25.0,0.16029011758938197,17,False,False,False,False,True,True,False,coverage;gap;starts_early;ends_late,1976-2025,49,Míčov- Sušice  Zbyslavec,49.9,15.5844,510.0
0-203-0-10406037001,12,0.24489795918367346,2013.0,2024.0,37,22.0,20.0,26.0,0.07550423673568323,12,False,False,False,True,True,True,False,coverage;gap;starts_early,1976-2025,49,Mrzky,50.044659,14.80731,260.0
0-203-0-10503015001,12,0.24489795918367346,1976.0,1987.0,37,24.0,19.0,26.0,0.07267340968765672,13,False,False,True,False,True,True,False,coverage;gap;ends_late,1976-2025,49,Sojovice,50.2167,14.75,182.0
0-203-0-10704084001,12,0.24489795918367346,2013.0,2024.0,37,23.0,21.0,25.0,0.05587260669577024,12,False,False,False,True,True,True,False,coverage;gap;starts_early,1976-2025,49,Olší,49.4362272,14.5099342,495.0
0-203-0-10804062001,12,0.24489795918367346,2013.0,2024.0,37,23.0,20.0,25.0,0.06920610817534109,13,False,False,False,True,True,True,False,coverage;gap;starts_early,1976-2025,49,Krsice,49.4849553,14.0730208,430.0
0-203-0-11203009001,12,0.24489795918367346,2013.0,2024.0,37,24.0,13.0,25.0,0.145580807891348,13,False,False,False,True,True,True,False,coverage;gap;starts_early,1976-2025,49,Vysoká  Bosyně,50.4165833,14.5482556,307.0
0-203-0-11456,12,0.24489795918367346,1976.0,1987.0,37,22.5,10.0,25.0,0.17620895638165468,12,False,False,True,False,True,True,False,coverage;gap;ends_late,1976-2025,49,Hrádek,49.2667,13.5,495.0
0-203-0-11503003001,12,0.24489795918367346,1979.0,1991.0,33,22.5,13.0,25.0,0.1823670681440644,16,False,False,False,False,True,True,False,coverage;gap;starts_early;ends_late,1976-2025,49,Moldava,50.72,13.6825,797.0
0-203-0-11529,12,0.24489795918367346,2000.0,2011.0,24,21.0,14.0,26.0,0.1410583600411546,13,False,False,False,False,True,True,False,coverage;gap;starts_early;ends_late,1976-2025,49,Klenovice,49.5825,14.2042,422.0
0-203-0-11651,12,0.24489795918367346,2010.0,2024.0,34,21.5,13.0,24.0,0.1622868022395355,15,False,False,False,True,True,True,False,coverage;gap;starts_early,1976-2025,49,Hradec Králové  Svobodné Dvory,50.223004,15.787757,240.0
0-203-0-20301022001,12,0.24489795918367346,2013.0,2024.0,37,23.0,20.0,25.0,0.06773794912798965,12,False,False,False,True,True,True,False,coverage;gap;starts_early,1976-2025,49,Pstruží,49.559167,18.348889,400.0
0-203-0-20301060102,12,0.24489795918367346,2013.0,2024.0,37,22.0,15.0,25.0,0.10878565864408421,12,False,False,False,True,True,True,False,coverage;gap;starts_early,1976-2025,49,Frýdek-Místek  Místek,49.666667,18.315833,312.0
0-203-0-41502076001,12,0.24489795918367346,2013.0,2024.0,37,21.0,16.0,22.0,0.10801234497346435,12,False,False,False,True,True,True,False,coverage;gap;starts_early,1976-2025,49,Šošůvka,49.414444,16.746944,533.0
0-203-0-41601060001,12,0.24489795918367346,1984.0,1995.0,29,22.5,15.0,26.0,0.13276080945049842,12,False,False,False,False,True,True,False,coverage;gap;starts_early;ends_late,1976-2025,49,Předín,49.1958,15.6736,614.0
0-20000-0-11747,11,0.22448979591836735,2014.0,2024.0,38,23.0,18.0,26.0,0.10628264204469137,14,False,False,False,True,True,True,False,coverage;gap;starts_early,1976-2025,49,Prostějov,49.4525,17.134722,214.75
0-203-0-10101014001,11,0.22448979591836735,2012.0,2024.0,36,23.0,13.0,26.0,0.18209811152843466,12,False,False,False,True,True,True,False,coverage;gap;starts_early,1976-2025,49,Strážné,50.6634733,15.6136806,791.0
0-203-0-10103032001,11,0.22448979591836735,1990.0,2001.0,23,16.0,10.0,25.0,0.28391232269810573,13,False,False,False,False,True,True,False,coverage;gap;starts_early;ends_late,1976-2025,49,Hronov  Zbečník,50.4839,16.1442,378.0
0-203-0-10103042001,11,0.22448979591836735,2001.0,2011.0,25,21.0,10.0,25.0,0.24649076851626994,11,False,False,False,False,True,True,False,coverage;gap;starts_early;ends_late,1976-2025,49,Olešnice  Čihalka,50.374902,16.352829,740.0
0-203-0-10302040001,11,0.22448979591836735,2013.0,2024.0,37,21.0,12.0,25.0,0.2188925080220435,12,False,False,False,True,True,True,False,coverage;gap;starts_early,1976-2025,49,Hrušová,49.916667,16.19522,291.0
0-203-0-10402058001,11,0.22448979591836735,1976.0,2005.0,19,20.0,10.0,25.0,0.2651254291063647,19,False,False,True,False,True,True,False,coverage;gap;ends_late,1976-2025,49,Žlunice,50.3022,15.3811,270.0
0-203-0-10405053001,11,0.22448979591836735,1990.0,2007.0,17,22.0,13.0,26.0,0.16718660553720632,18,False,False,False,False,True,True,False,coverage;gap;starts_early;ends_late,1976-2025,49,Mcely,50.3033,15.0717,233.0
0-203-0-11002060001,11,0.22448979591836735,2001.0,2011.0,25,21.0,12.0,26.0,0.18045877617328335,12,False,False,False,False,True,True,False,coverage;gap;starts_early;ends_late,1976-2025,49,Stanětice,49.4417,13.0225,484.0
0-203-0-11425,11,0.22448979591836735,1991.0,2007.0,17,20.0,11.0,26.0,0.3120214309775983,16,False,False,False,False,True,True,False,coverage;gap;starts_early;ends_late,1976-2025,49,Mutěnín,49.5458,12.7467,480.0
0-203-0-11460,11,0.22448979591836735,1980.0,1991.0,33,21.0,14.0,24.0,0.16304626872374745,13,False,False,False,False,True,True,False,coverage;gap;starts_early;ends_late,1976-2025,49,Cínovec,50.7319,13.7672,830.0
0-203-0-11536,11,0.22448979591836735,1977.0,1987.0,37,22.0,13.0,25.0,0.13973352225475538,12,False,False,True,False,True,True,False,coverage;gap;ends_late,1976-2025,49,Protivín,49.1983,14.2128,394.0
0-203-0-11642,11,0.22448979591836735,1995.0,2005.0,19,23.0,16.0,26.0,0.11954117322198568,11,False,False,False,False,True,True,False,coverage;gap;starts_early;ends_late,1976-2025,49,Vítkovice  Horní Mísečky,50.735556,15.571111,1040.0
0-203-0-11645,11,0.22448979591836735,1978.0,2024.0,34,19.0,13.0,24.0,0.19655110683014781,13,False,False,True,True,True,True,False,coverage;gap,1976-2025,49,Trutnov,50.558597,15.898311,437.0
0-203-0-11760,11,0.22448979591836735,2006.0,2016.0,30,19.0,10.0,26.0,0.250700477696785,11,False,False,False,False,True,True,False,coverage;gap;starts_early;ends_late,1976-2025,49,Krásná  Visalaje,49.5236,18.5333,805.0
0-203-0-20301018001,11,0.22448979591836735,1976.0,2024.0,38,21.0,14.0,26.0,0.1632993161855452,12,False,False,True,True,True,True,False,coverage;gap,1976-2025,49,Ostravice,49.525833,18.400556,435.0
0-203-0-41001006001,11,0.22448979591836735,1976.0,1986.0,38,25.0,23.0,26.0,0.04255822390731701,12,False,False,True,False,True,True,False,coverage;gap;ends_late,1976-2025,49,Malá Morava  Podlesí,50.0667,16.85,640.0
0-203-0-41101051001,11,0.22448979591836735,1976.0,2000.0,24,13.0,11.0,25.0,0.31887649592916956,14,False,False,True,False,False,True,False,coverage;gap;ends_late;density,1976-2025,49,Pozděchov,49.2319,17.9583,496.0
0-203-0-41301068001,11,0.22448979591836735,1996.0,2011.0,20,21.0,11.0,24.0,0.25608246970950005,17,False,False,False,False,True,True,False,coverage;gap;starts_early;ends_late,1976-2025,49,Svárov,49.1144,17.6225,290.0
0-203-0-41301103001,11,0.22448979591836735,1980.0,1992.0,32,14.0,10.0,22.0,0.23295923493650483,15,False,False,False,False,False,True,False,coverage;gap;starts_early;ends_late;density,1976-2025,49,Pozlovice,49.1208,17.7753,290.0
0-203-0-41501112001,11,0.22448979591836735,1980.0,1993.0,31,17.0,13.0,21.0,0.1538946435256447,16,False,False,False,False,True,True,False,coverage;gap;starts_early;ends_late,1976-2025,49,Brumov,49.4589,16.4294,531.0
0-203-0-41502055001,11,0.22448979591836735,2001.0,2011.0,25,21.0,15.0,24.0,0.11284807307253164,13,False,False,False,False,True,True,False,coverage;gap;starts_early;ends_late,1976-2025,49,Lhota Rapotina,49.46767,16.62363,305.0
0-203-0-41502069001,11,0.22448979591836735,1976.0,1987.0,37,14.0,10.0,19.0,0.20030454033039874,12,False,False,True,False,False,True,False,coverage;gap;ends_late;density,1976-2025,49,Blansko  Dolní Lhota,49.3825,16.6317,280.0
0-203-0-42106052001,11,0.22448979591836735,2014.0,2024.0,38,22.0,16.0,25.0,0.13173023094772524,11,False,False,False,True,True,True,False,coverage;gap;starts_early,1976-2025,49,Hrčava,49.51946,18.830278,590.0
0-203-0-10406042001,10,0.20408163265306123,1976.0,1986.0,38,18.0,10.0,24.0,0.2949304437844199,11,False,False,True,False,True,True,False,coverage;gap;ends_late,1976-2025,49,Oleška  Brník,49.9833,14.9,390.0
0-203-0-10504022002,10,0.20408163265306123,1994.0,2004.0,20,21.5,11.0,24.0,0.179708850782582,12,False,False,False,False,True,True,False,coverage;gap;starts_early;ends_late,1976-2025,49,Veleň  Mírovice,50.165,14.5464,224.0
0-203-0-10601040001,10,0.20408163265306123,2014.0,2023.0,38,20.0,13.0,23.0,0.15894157150443491,10,False,False,False,True,True,True,False,coverage;gap;starts_early,1976-2025,49,Volary,48.901667,13.896111,749.0
0-203-0-11494,10,0.20408163265306123,2015.0,2024.0,39,21.5,12.0,25.0,0.16174559461626287,10,False,False,False,True,True,True,False,coverage;gap;starts_early,1976-2025,49,Horská Kvilda,49.0533197,13.5652533,1052.0
0-203-0-11573,10,0.20408163265306123,1996.0,2024.0,20,21.5,16.0,22.0,0.11244051438929387,13,False,False,False,True,True,True,False,coverage;gap;starts_early,1976-2025,49,Benešov,49.78862,14.69668,343.0
0-203-0-20301076001,10,0.20408163265306123,2015.0,2024.0,39,23.0,18.0,25.0,0.0889369523992999,10,False,False,False,True,True,True,False,coverage;gap;starts_early,1976-2025,49,Šenov  Lapačka,49.770556,18.380278,258.0
0-203-0-20407033001,10,0.20408163265306123,1976.0,1985.0,39,23.0,12.0,25.0,0.17342776377137376,10,False,False,True,False,True,True,False,coverage;gap;ends_late,1976-2025,49,Chrastava  Dolní Vítkov,50.8408,14.9617,350.0
0-203-0-41001039001,10,0.20408163265306123,1987.0,1996.0,28,22.0,13.0,26.0,0.17972350230414746,11,False,False,False,False,True,True,False,coverage;gap;starts_early;ends_late,1976-2025,49,Jindřichov  Rakousko,50.095,16.9833,445.0
0-203-0-41101075001,10,0.20408163265306123,2015.0,2024.0,39,20.5,12.0,25.0,0.18564699386388012,10,False,False,False,True,True,True,False,coverage;gap;starts_early,1976-2025,49,Kateřinice  Ojičná,49.400762,17.873311,585.0
0-203-0-41502057001,10,0.20408163265306123,2015.0,2024.0,39,21.0,14.0,23.0,0.11737072707436252,10,False,False,False,True,True,True,False,coverage;gap;starts_early,1976-2025,49,Obora,49.451667,16.603611,425.0
0-203-0-41502109502,10,0.20408163265306123,1976.0,1993.0,31,14.0,10.0,23.0,0.25458753860865774,20,False,False,True,False,False,True,False,coverage;gap;ends_late;density,1976-2025,49,Brno  Lesná,49.2203,16.6294,276.0
0-203-0-41701010301,10,0.20408163265306123,1976.0,1996.0,28,14.5,10.0,21.0,0.19961089457307768,22,False,False,True,False,False,True,False,coverage;gap;ends_late;density,1976-2025,49,Bulhary,48.8303,16.7517,165.0
0-203-0-10303025001,9,0.1836734693877551,1990.0,1999.0,25,19.0,11.0,25.0,0.2242283469999576,11,False,False,False,False,True,True,False,coverage;gap;starts_early;ends_late,1976-2025,49,Seč  přehrada,49.8378,15.6542,495.0
0-203-0-10502047001,9,0.1836734693877551,2016.0,2024.0,40,23.0,21.0,26.0,0.08081220356417686,10,False,False,False,True,True,True,False,coverage;gap;starts_early,1976-2025,49,Všelibice,50.648954,14.950609,392.0
0-203-0-11102140001,9,0.1836734693877551,1976.0,1984.0,40,24.0,21.0,26.0,0.05726562072793636,10,False,False,True,False,True,True,False,coverage;gap;ends_late,1976-2025,49,Ostrovec  Kohoutov,49.912621,13.774443,530.0
0-203-0-11301011001,9,0.1836734693877551,1984.0,1992.0,32,23.0,20.0,25.0,0.06966569272773866,11,False,False,False,False,True,True,False,coverage;gap;starts_early;ends_late,1976-2025,49,Dolní Hraničná,50.08,12.2847,475.0
0-203-0-11301092001,9,0.1836734693877551,2016.0,2024.0,40,22.0,19.0,26.0,0.08378558794237721,10,False,False,False,True,True,True,False,coverage;gap;starts_early,1976-2025,49,Sokolov,50.176985,12.639266,407.0
0-203-0-11418,9,0.1836734693877551,1988.0,1998.0,26,15.0,11.0,24.0,0.2338817956022448,11,False,False,False,False,True,True,False,coverage;gap;starts_early;ends_late,1976-2025,49,Mariánské Lázně  Skláře,49.9272,12.7183,540.0
0-203-0-11443,9,0.1836734693877551,1996.0,2009.0,20,22.0,11.0,26.0,0.2395523026373348,15,False,False,False,False,True,True,False,coverage;gap;starts_early;ends_late,1976-2025,49,Kněževes,50.144579,13.634577,358.0
0-203-0-11757,9,0.1836734693877551,1983.0,1996.0,28,14.0,10.0,20.0,0.22112439937736403,18,False,False,False,False,False,True,False,coverage;gap;starts_early;ends_late;density,1976-2025,49,Brankovice,49.1533,17.14,268.0
0-203-0-20302005001,9,0.1836734693877551,1976.0,1984.0,40,22.0,19.0,24.0,0.07817260897539721,9,False,False,True,False,True,True,False,coverage;gap;ends_late,1976-2025,49,Petřvald,49.8306,18.3833,260.0
0-203-0-20303071001,9,0.1836734693877551,1976.0,1984.0,40,22.0,21.0,24.0,0.050990195135927854,10,False,False,True,False,True,True,False,coverage;gap;ends_late,1976-2025,49,Orlová  Horní Lutyně,49.8722,18.4431,275.0
0-203-0-20402006001,9,0.1836734693877551,1976.0,1984.0,40,20.0,15.0,26.0,0.1520265327130443,9,False,False,True,False,True,True,False,coverage;gap;ends_late,1976-2025,49,Liptaň,50.2222,17.6,360.0
0-203-0-20410027001,9,0.1836734693877551,1998.0,2006.0,22,18.0,14.0,24.0,0.15496111583208697,11,False,False,False,False,True,True,False,coverage;gap;starts_early;ends_late,1976-2025,49,Pertoltice,50.9806,15.0903,310.0
0-203-0-41002047001,9,0.1836734693877551,1976.0,1984.0,40,20.0,11.0,25.0,0.239715443349864,10,False,False,True,False,True,True,False,coverage;gap;ends_late,1976-2025,49,Horní Studénky,49.95,16.8167,540.0
0-203-0-41002069001,9,0.1836734693877551,1976.0,1984.0,40,24.0,23.0,26.0,0.04745741394435075,10,False,False,True,False,True,True,False,coverage;gap;ends_late,1976-2025,49,Boršov,49.7458,16.6361,375.0
0-203-0-41202011001,9,0.1836734693877551,2015.0,2023.0,39,23.0,21.0,25.0,0.056613203666025035,10,False,False,False,True,True,True,False,coverage;gap;starts_early,1976-2025,49,Lysovice,49.216667,16.968611,275.0
0-203-0-41202117001,9,0.1836734693877551,2016.0,2024.0,40,23.0,20.0,26.0,0.06655975340195187,9,False,False,False,True,True,True,False,coverage;gap;starts_early,1976-2025,49,Újezdsko,49.211944,17.364444,336.0
0-203-0-41401070002,9,0.1836734693877551,2016.0,2024.0,40,24.0,21.0,26.0,0.06377353116652133,9,False,False,False,True,True,True,False,coverage;gap;starts_early,1976-2025,49,Slavonice  Stálkov,49.0292,15.2843,639.0
0-203-0-10101015001,8,0.16326530612244897,1994.0,2003.0,21,19.5,10.0,24.0,0.2535359870174827,10,False,False,False,False,True,True,False,coverage;gap;starts_early;ends_late,1976-2025,49,Hříběcí boudy,50.6794,15.6281,840.0
0-203-0-10303080002,8,0.16326530612244897,1990.0,2004.0,20,21.5,10.0,24.0,0.2348064788683664,15,False,False,False,False,True,True,False,coverage;gap;starts_early;ends_late,1976-2025,49,Chrast,49.9036,15.9386,292.0
0-203-0-10601159002,8,0.16326530612244897,1997.0,2004.0,21,20.5,15.0,25.0,0.14805067141499406,10,False,False,False,False,True,True,False,coverage;gap;starts_early;ends_late,1976-2025,49,Polná na Šumavě,48.8008,14.1539,770.0
0-203-0-10702054001,8,0.16326530612244897,1987.0,1995.0,29,21.0,12.0,24.0,0.17320508075688773,11,False,False,False,False,True,True,False,coverage;gap;starts_early;ends_late,1976-2025,49,Jelmo  Rudolfov,49.0447,14.5611,505.0
0-203-0-10903095002,8,0.16326530612244897,1993.0,2001.0,23,22.5,13.0,24.0,0.18353712026566368,10,False,False,False,False,True,True,False,coverage;gap;starts_early;ends_late,1976-2025,49,Ostředek  Mžižovice,49.8333,14.8203,445.0
0-203-0-11570,8,0.16326530612244897,1996.0,2007.0,20,22.0,17.0,26.0,0.15236904715398153,13,False,False,False,False,True,True,False,coverage;gap;starts_early;ends_late,1976-2025,49,Český Brod  Liblice,50.070711,14.88443,220.0
0-203-0-41001001002,8,0.16326530612244897,1976.0,2013.0,26,22.0,10.0,25.0,0.2758796799709287,14,False,False,True,False,True,True,False,coverage;gap;ends_late,1976-2025,49,Dolní Morava  Velká Morava,50.154444,16.814167,715.0
0-203-0-41101046002,8,0.16326530612244897,2017.0,2024.0,41,22.0,12.0,24.0,0.1963165295562622,8,False,False,False,True,True,True,False,coverage;gap;starts_early,1976-2025,49,Lidečko,49.20948,18.052524,450.0
0-203-0-41403014001,8,0.16326530612244897,2010.0,2017.0,34,22.5,20.0,24.0,0.05733837042424982,8,False,False,False,False,True,True,False,coverage;gap;starts_early;ends_late,1976-2025,49,Střelice,48.9934,15.9828,325.0
0-203-0-10101015002,7,0.14285714285714285,2004.0,2010.0,28,22.0,14.0,25.0,0.20102937258514067,9,False,False,False,False,True,True,False,coverage;gap;starts_early;ends_late,1976-2025,49,Frantova bouda  Strážné,50.6761,15.6308,780.0
0-203-0-10503012001,7,0.14285714285714285,2018.0,2024.0,42,23.0,21.0,26.0,0.07092052650046948,7,False,False,False,True,True,True,False,coverage;gap;starts_early,1976-2025,49,Chotětov,50.337419,14.810102,260.0
0-203-0-10601195002,7,0.14285714285714285,2004.0,2010.0,28,21.0,11.0,25.0,0.21044234925667418,8,False,False,False,False,True,True,False,coverage;gap;starts_early;ends_late,1976-2025,49,Markov,48.9031,14.0622,951.0
0-203-0-11201020001,7,0.14285714285714285,2018.0,2024.0,42,24.0,17.0,26.0,0.11601400969780763,7,False,False,False,True,True,True,False,coverage;gap;starts_early,1976-2025,49,Praha  Vinohrady - Flora,50.07584,14.46186,280.0
0-203-0-11616,7,0.14285714285714285,1992.0,1999.0,25,15.0,11.0,22.0,0.19750509984000394,10,False,False,False,False,True,True,False,coverage;gap;starts_early;ends_late,1976-2025,49,Krásné,49.8219,15.7383,613.0
0-203-0-20401003001,7,0.14285714285714285,1976.0,1982.0,42,22.0,14.0,24.0,0.1461709976539455,7,False,False,True,False,True,True,False,coverage;gap;ends_late,1976-2025,49,Třebom,50.0458,18.0261,225.0
0-203-0-20404057001,7,0.14285714285714285,2017.0,2023.0,41,23.0,13.0,25.0,0.23750586700306983,7,False,False,False,True,True,True,False,coverage;gap;starts_early,1976-2025,49,Velká Kraš,50.370798,17.179638,235.0
0-203-0-41502088001,7,0.14285714285714285,2005.0,2011.0,29,22.0,16.0,26.0,0.1392632402134805,8,False,False,False,False,True,True,False,coverage;gap;starts_early;ends_late,1976-2025,49,Holštejn,49.4,16.7833,455.0
0-203-0-41601037101,7,0.14285714285714285,1995.0,2014.0,19,19.0,12.0,24.0,0.20726451669703816,9,False,False,False,False,True,True,False,coverage;gap;starts_early;ends_late,1976-2025,49,Otín,49.2675,15.569167,624.0
0-203-0-41701046001,7,0.14285714285714285,1980.0,1993.0,31,13.0,10.0,21.0,0.24828030059365558,18,False,False,False,False,False,True,False,coverage;gap;starts_early;ends_late;density,1976-2025,49,Břeclav,48.7608,16.8772,158.0
0-203-0-10501021001,6,0.12244897959183673,2019.0,2024.0,43,19.5,10.0,22.0,0.23661661497518063,6,False,False,False,True,True,True,False,coverage;gap;starts_early,1976-2025,49,Dvoračky,50.748172,15.514525,1115.0
0-203-0-10501045001,6,0.12244897959183673,1976.0,1981.0,43,17.0,11.0,21.0,0.22337651827086097,7,False,False,True,False,True,True,False,coverage;gap;ends_late,1976-2025,49,Libštát,50.5667,15.4333,430.0
0-203-0-11203061001,6,0.12244897959183673,1987.0,1992.0,32,24.0,21.0,25.0,0.06839468624817699,8,False,False,False,False,True,True,False,coverage;gap;starts_early;ends_late,1976-2025,49,Snědovice  Velký Hubenov,50.5278,14.4025,230.0
0-203-0-11203066001,6,0.12244897959183673,1987.0,1992.0,32,22.5,16.0,24.0,0.12597277731716483,7,False,False,False,False,True,True,False,coverage;gap;starts_early;ends_late,1976-2025,49,Chcebuz,50.4819,14.4314,305.0
0-203-0-11303109001,6,0.12244897959183673,1979.0,1985.0,39,20.5,16.0,23.0,0.11902380714238084,10,False,False,False,False,True,True,False,coverage;gap;starts_early;ends_late,1976-2025,49,Blatno  Bečov,50.5136,13.3314,595.0
0-203-0-41101111001,6,0.12244897959183673,2019.0,2024.0,43,22.0,17.0,24.0,0.10313282709806257,6,False,False,False,True,True,True,False,coverage;gap;starts_early,1976-2025,49,Rožnov pod Radhoštěm,49.462778,18.112788,362.0
0-203-0-10102051101,5,0.10204081632653061,1990.0,1995.0,29,15.0,11.0,25.0,0.3136585238826295,6,False,False,False,False,True,True,False,coverage;gap;starts_early;ends_late,1976-2025,49,Česká Skalice  Ratibořice,50.4165464,16.0529453,290.0
0-203-0-10304076001,5,0.10204081632653061,1990.0,1996.0,28,15.0,13.0,22.0,0.2200974933396436,7,False,False,False,False,True,True,False,coverage;gap;starts_early;ends_late,1976-2025,49,Labské Chrčice,50.0478,15.4122,202.0
0-203-0-10403016001,5,0.10204081632653061,1990.0,1996.0,28,17.0,12.0,26.0,0.3035179280358959,7,False,False,False,False,True,True,False,coverage;gap;starts_early;ends_late,1976-2025,49,Bříšťany,50.3128,15.6128,265.0
0-203-0-10902081001,5,0.10204081632653061,1982.0,1986.0,38,17.0,12.0,24.0,0.21729302927880578,6,False,False,False,False,True,True,False,coverage;gap;starts_early;ends_late,1976-2025,49,Křešín  Kramolín,49.569957,15.06372,550.0
0-203-0-10903065001,5,0.10204081632653061,2019.0,2023.0,43,13.0,11.0,22.0,0.2699794230842211,6,False,False,False,True,False,True,False,coverage;gap;starts_early;density,1976-2025,49,Vlašim,49.691749,14.894545,415.0
0-203-0-10903094001,5,0.10204081632653061,2020.0,2024.0,44,23.0,18.0,24.0,0.09534625892455924,5,False,False,False,True,True,True,False,coverage;gap;starts_early,1976-2025,49,Teplýšovice,49.8067,14.8038,463.0
0-203-0-11303019001,5,0.10204081632653061,1986.0,1990.0,34,23.0,13.0,24.0,0.19737114095273717,5,False,False,False,False,True,True,False,coverage;gap;starts_early;ends_late,1976-2025,49,Veliká Ves  Vitčice,50.2861,13.3417,315.0
0-203-0-11409,5,0.10204081632653061,2003.0,2007.0,27,22.0,13.0,24.0,0.18825941193849818,5,False,False,False,False,True,True,False,coverage;gap;starts_early;ends_late,1976-2025,49,Kynžvart,50.0069,12.6347,710.0
0-203-0-11601,5,0.10204081632653061,1988.0,1992.0,32,21.0,16.0,24.0,0.13370766369593978,5,False,False,False,False,True,True,False,coverage;gap;starts_early;ends_late,1976-2025,49,Frýdlant,50.91785,15.09015,337.0
0-203-0-11631,5,0.10204081632653061,1995.0,2000.0,24,13.0,10.0,15.0,0.1781741612749496,8,False,False,False,False,False,True,False,coverage;gap;starts_early;ends_late;density,1976-2025,49,Kožlí,49.6797,15.2447,454.0
0-203-0-11715,5,0.10204081632653061,1976.0,1986.0,38,17.0,12.0,18.0,0.13110110602126895,10,False,False,True,False,True,True,False,coverage;gap;ends_late,1976-2025,49,Boskovice,49.5,16.6656,400.0
0-203-0-41402075001,5,0.10204081632653061,1980.0,1986.0,38,16.0,10.0,22.0,0.25843829535236884,13,False,False,False,False,True,True,False,coverage;gap;starts_early;ends_late,1976-2025,49,Hevlín,48.7506,16.3719,180.0
0-203-0-41601086002,5,0.10204081632653061,2004.0,2008.0,28,23.0,18.0,26.0,0.12176947943737372,7,False,False,False,False,True,True,False,coverage;gap;starts_early;ends_late,1976-2025,49,Přibyslavice,49.25,15.7667,480.0
0-203-0-10101004001,4,0.08163265306122448,1990.0,1993.0,31,20.5,16.0,26.0,0.17166032347921695,5,False,False,False,False,True,True,False,coverage;gap;starts_early;ends_late,1976-2025,49,Svatý Petr  Špindlerův Mlýn,50.7247,15.6278,870.0
0-203-0-10103004001,4,0.08163265306122448,2018.0,2024.0,42,20.5,17.0,26.0,0.16148404721726828,6,False,False,False,True,True,True,False,coverage;gap;starts_early,1976-2025,49,Teplice nad Metují Zdoňov,50.641075,16.147362,531.0
0-203-0-10601214001,4,0.08163265306122448,2017.0,2020.0,41,22.5,22.0,24.0,0.03644642626764175,4,False,False,False,False,True,True,False,coverage;gap;starts_early;ends_late,1976-2025,49,Boršov nad Vltavou,48.926667,14.439722,404.0
0-203-0-10803079601,4,0.08163265306122448,1976.0,1979.0,45,17.5,11.0,20.0,0.21212121212121213,6,False,False,True,False,True,True,False,coverage;gap;ends_late,1976-2025,49,Dříteň,49.1456,14.35,420.0
0-203-0-10903100001,4,0.08163265306122448,2021.0,2024.0,45,22.5,16.0,24.0,0.15384349212496495,4,False,False,False,True,True,True,False,coverage;gap;starts_early,1976-2025,49,Čekanov  Úžice,49.88332,14.95468,413.0
0-203-0-11303014001,4,0.08163265306122448,1984.0,1987.0,37,21.0,20.0,25.0,0.09408451461922357,5,False,False,False,False,True,True,False,coverage;gap;starts_early;ends_late,1976-2025,49,Krásný Dvůr,50.2525,13.3722,330.0
0-203-0-11401021001,4,0.08163265306122448,1980.0,1983.0,41,19.0,15.0,21.0,0.11780807955515335,5,False,False,False,False,True,True,False,coverage;gap;starts_early;ends_late,1976-2025,49,Litvínov,50.600686,13.611111,345.0
0-203-0-11411,4,0.08163265306122448,1976.0,1979.0,45,23.0,19.0,25.0,0.1018350154434631,5,False,False,True,False,True,True,False,coverage;gap;ends_late,1976-2025,49,Potůčky,50.4147,12.7425,775.0
0-203-0-11540,4,0.08163265306122448,1988.0,1991.0,33,22.5,18.0,25.0,0.11588680712710873,5,False,False,False,False,True,True,False,coverage;gap;starts_early;ends_late,1976-2025,49,Hosín,49.0422,14.4944,488.0
0-203-0-41301107001,4,0.08163265306122448,1976.0,1979.0,45,14.0,10.0,15.0,0.15444061833721603,4,False,False,True,False,False,True,False,coverage;gap;ends_late;density,1976-2025,49,Březůvky,49.15,17.7,371.0
0-203-0-41302035001,4,0.08163265306122448,1976.0,1979.0,45,22.0,20.0,23.0,0.050102286707364066,4,False,False,True,False,True,True,False,coverage;gap;ends_late,1976-2025,49,Nová Lhota  ?,48.8736,17.6133,420.0
0-203-0-41403029002,4,0.08163265306122448,1976.0,1979.0,45,23.5,20.0,25.0,0.09223131928520184,4,False,False,True,False,True,True,False,coverage;gap;ends_late,1976-2025,49,Tvořihráz,48.9211,16.1411,230.0
0-203-0-41502036002,4,0.08163265306122448,1976.0,1979.0,45,22.5,20.0,24.0,0.08024076886003202,4,False,False,True,False,True,True,False,coverage;gap;ends_late,1976-2025,49,Vanovice,49.5692,16.6653,436.0
0-203-0-41603021001,4,0.08163265306122448,1976.0,1979.0,45,18.0,15.0,25.0,0.19338076916709301,4,False,False,True,False,True,True,False,coverage;gap;ends_late,1976-2025,49,Jaroměřice nad Rokytnou,49.0931,15.8928,416.0
0-203-0-10301024001,3,0.061224489795918366,1990.0,1992.0,32,21.0,16.0,24.0,0.1622868022395355,6,False,False,False,False,True,True,False,coverage;gap;starts_early;ends_late,1976-2025,49,Holice,50.0717,15.995,248.0
0-203-0-10301028001,3,0.061224489795918366,1990.0,1992.0,32,19.0,15.0,21.0,0.1360602686099615,5,False,False,False,False,True,True,False,coverage;gap;starts_early;ends_late,1976-2025,49,Býšť,50.1294,15.9128,244.0
0-203-0-10302074001,3,0.061224489795918366,1990.0,1992.0,32,24.0,16.0,25.0,0.18589301497837804,6,False,False,False,False,True,True,False,coverage;gap;starts_early;ends_late,1976-2025,49,Dašice,50.035,15.9092,226.0
0-203-0-10502036001,3,0.061224489795918366,1976.0,1978.0,46,22.0,20.0,23.0,0.057563959796522166,4,False,False,True,False,True,True,False,coverage;gap;ends_late,1976-2025,49,Hodkovice nad Mohelkou,50.6667,15.0833,388.0
0-203-0-10805063001,3,0.061224489795918366,1976.0,1978.0,46,24.0,24.0,25.0,0.019372788525658838,4,False,False,True,False,True,True,False,coverage;gap;ends_late,1976-2025,49,Nechvalice  Chválov,49.55,14.45,580.0
0-203-0-10902011001,3,0.061224489795918366,1976.0,1978.0,46,12.0,10.0,21.0,0.33378372312575166,4,False,False,True,False,False,True,False,coverage;gap;ends_late;density,1976-2025,49,Nový Rychnov  Sázava,49.4,15.3333,702.0
0-203-0-11001002001,3,0.061224489795918366,1976.0,1979.0,45,16.0,10.0,17.0,0.21566554640687682,4,False,False,True,False,True,True,False,coverage;gap;ends_late,1976-2025,49,Halže  Branka,49.830833,12.516666,605.0
0-203-0-11001171001,3,0.061224489795918366,1976.0,1978.0,46,12.0,11.0,18.0,0.22618581696330986,4,False,False,True,False,False,True,False,coverage;gap;ends_late;density,1976-2025,49,Pernarec,49.8394,13.0975,482.0
0-203-0-11002074001,3,0.061224489795918366,1976.0,1978.0,46,15.0,13.0,19.0,0.15921946326697622,4,False,False,True,False,True,True,False,coverage;gap;ends_late,1976-2025,49,Zhoř,49.6611,12.9806,495.0
0-203-0-11101034001,3,0.061224489795918366,1976.0,1978.0,46,25.0,19.0,25.0,0.12297509238026914,3,False,False,True,False,True,True,False,coverage;gap;ends_late,1976-2025,49,Osek,49.7792,13.6014,410.0
0-203-0-11103053001,3,0.061224489795918366,1976.0,1978.0,46,16.0,14.0,16.0,0.061487546190134565,4,False,False,True,False,True,True,False,coverage;gap;ends_late,1976-2025,49,Sýkořice  Skalka,50.05,13.9833,392.0
0-203-0-11203016001,3,0.061224489795918366,1999.0,2001.0,23,16.0,16.0,19.0,0.0831890330807703,5,False,False,False,False,True,True,False,coverage;gap;starts_early;ends_late,1976-2025,49,Mělník,50.3558,14.4739,184.0
0-203-0-11302001001,3,0.061224489795918366,1976.0,1978.0,46,20.0,19.0,22.0,0.06133864568481871,4,False,False,True,False,True,True,False,coverage;gap;ends_late,1976-2025,49,Teplá,49.9833,12.8667,670.0
0-203-0-11484,3,0.061224489795918366,1976.0,1978.0,46,23.0,21.0,25.0,0.07099970268936748,4,False,False,True,False,True,True,False,coverage;gap;ends_late,1976-2025,49,Vševily,49.5667,13.8833,577.0
0-203-0-11523,3,0.061224489795918366,1977.0,1979.0,45,17.0,12.0,20.0,0.2020305089104422,4,False,False,True,False,True,True,False,coverage;gap;ends_late,1976-2025,49,Hostomice,49.8264,14.0433,345.0
0-203-0-11544,3,0.061224489795918366,1999.0,2001.0,23,16.0,14.0,16.0,0.061487546190134565,3,False,False,False,False,True,True,False,coverage;gap;starts_early;ends_late,1976-2025,49,Smědeč,48.9367,14.155,685.0
0-203-0-11702,3,0.061224489795918366,1976.0,1978.0,46,16.0,13.0,18.0,0.13115774474402078,4,False,False,True,False,True,True,False,coverage;gap;ends_late,1976-2025,49,Jablonné nad Orlicí,50.0333,16.6,449.0
0-203-0-11706,3,0.061224489795918366,1976.0,1978.0,46,23.0,19.0,25.0,0.11169126527683407,4,False,False,True,False,True,True,False,coverage;gap;ends_late,1976-2025,49,Zábřeh,49.8833,16.8833,283.0
0-203-0-11712,3,0.061224489795918366,1976.0,1978.0,46,23.0,21.0,23.0,0.04221533022009239,4,False,False,True,False,True,True,False,coverage;gap;ends_late,1976-2025,49,Bouzov,49.705076,16.892535,380.0
0-203-0-20101065001,3,0.061224489795918366,1976.0,1978.0,46,17.0,13.0,21.0,0.19211684257122966,3,False,False,True,False,True,True,False,coverage;gap;ends_late,1976-2025,49,Bernartice nad Odrou,49.6194,17.9444,252.0
0-203-0-20101107001,3,0.061224489795918366,1976.0,1978.0,46,19.0,18.0,20.0,0.042973504259354,4,False,False,True,False,True,True,False,coverage;gap;ends_late,1976-2025,49,Bartošovice,49.6694,18.0556,260.0
0-203-0-20101119001,3,0.061224489795918366,1976.0,1978.0,46,12.0,10.0,16.0,0.19692933614599692,4,False,False,True,False,False,True,False,coverage;gap;ends_late;density,1976-2025,49,Těškovice,49.8167,18.0167,430.0
0-203-0-20101147001,3,0.061224489795918366,1976.0,1978.0,46,25.0,24.0,25.0,0.019110994086122907,4,False,False,True,False,True,True,False,coverage;gap;ends_late,1976-2025,49,Fryčovice,49.6667,18.2167,273.0
0-203-0-20201003002,3,0.061224489795918366,1976.0,1978.0,46,24.0,20.0,25.0,0.09392377823779509,4,False,False,True,False,True,True,False,coverage;gap;ends_late,1976-2025,49,Vrbno pod Pradědem  Mnichov,50.1333,17.3833,550.0
0-203-0-20202025001,3,0.061224489795918366,1976.0,1978.0,46,13.0,10.0,20.0,0.2923210486041054,4,False,False,True,False,False,True,False,coverage;gap;ends_late;density,1976-2025,49,Břidličná,49.9167,17.375,560.0
0-203-0-20202048002,3,0.061224489795918366,1994.0,1999.0,25,18.0,11.0,20.0,0.23624156944469848,6,False,False,False,False,True,True,False,coverage;gap;starts_early;ends_late,1976-2025,49,Mezina,49.9625,17.4861,530.0
0-203-0-20202052001,3,0.061224489795918366,1976.0,1978.0,46,13.0,10.0,17.0,0.21505813167606566,4,False,False,True,False,False,True,False,coverage;gap;ends_late;density,1976-2025,49,Roudno  Volárna,49.8925,17.4861,610.0
0-203-0-20404003001,3,0.061224489795918366,1976.0,1978.0,46,16.0,14.0,20.0,0.14966629547095764,4,False,False,True,False,True,True,False,coverage;gap;ends_late,1976-2025,49,Bílá Voda,50.4333,16.9,360.0
0-203-0-20404032001,3,0.061224489795918366,1976.0,1978.0,46,17.0,16.0,22.0,0.1431637795274875,4,False,False,True,False,True,True,False,coverage;gap;ends_late,1976-2025,49,Bernartice  Horní Heřmanice,50.3847,17.1083,255.0
0-203-0-40102003001,3,0.061224489795918366,1976.0,1978.0,46,19.0,12.0,25.0,0.28459602590195043,4,False,False,True,False,True,True,False,coverage;gap;ends_late,1976-2025,49,Hošťka  Žebráky,49.7189,12.5869,600.0
0-203-0-41001068001,3,0.061224489795918366,1976.0,1978.0,46,24.0,22.0,26.0,0.06804138174397717,4,False,False,True,False,True,True,False,coverage;gap;ends_late,1976-2025,49,Loučná nad Desnou,50.0722,17.0917,485.0
0-203-0-41101109001,3,0.061224489795918366,1976.0,1978.0,46,23.0,22.0,25.0,0.05345224838248488,4,False,False,True,False,True,True,False,coverage;gap;ends_late,1976-2025,49,Hutisko-Solanec,49.4333,18.2208,497.0
0-203-0-41201020201,3,0.061224489795918366,1976.0,1978.0,46,12.0,12.0,16.0,0.1414213562373095,4,False,False,True,False,False,True,False,coverage;gap;ends_late;density,1976-2025,49,Bystřička,49.4242,18.0208,388.0
0-203-0-41401003001,3,0.061224489795918366,1976.0,1978.0,46,24.0,24.0,24.0,0.0,4,False,False,True,False,True,True,False,coverage;gap;ends_late,1976-2025,49,Sedlejov,49.2333,15.4833,540.0
0-203-0-41501156201,3,0.061224489795918366,1978.0,1983.0,41,11.0,10.0,13.0,0.1100487466698218,7,False,False,True,False,False,True,False,coverage;gap;ends_late;density,1976-2025,49,Brno  Veveří,49.2003,16.5844,284.0
0-203-0-41602011001,3,0.061224489795918366,1976.0,1979.0,45,20.0,12.0,21.0,0.22798199950178435,5,False,False,True,False,True,True,False,coverage;gap;ends_late,1976-2025,49,Kněževes,49.4564,16.0019,573.0
0-203-0-41602032001,3,0.061224489795918366,1976.0,1979.0,45,22.0,21.0,22.0,0.021757131728816846,4,False,False,True,False,True,True,False,coverage;gap;ends_late,1976-2025,49,Měřín,49.4,15.8833,485.0
0-203-0-41602079001,3,0.061224489795918366,1976.0,1978.0,46,23.0,22.0,23.0,0.020797258270192572,4,False,False,True,False,True,True,False,coverage;gap;ends_late,1976-2025,49,Kladeruby nad Oslavou,49.1453,16.1708,385.0
0-203-0-10601216001,2,0.04081632653061224,2021.0,2022.0,45,22.5,22.0,23.0,0.022222222222222223,2,False,False,False,True,True,True,False,coverage;gap;starts_early,1976-2025,49,Šindlovy Dvory  Litvínovice,48.964832,14.426389,416.0
0-203-0-10602076001,2,0.04081632653061224,2023.0,2024.0,47,24.0,22.0,26.0,0.08333333333333333,2,False,False,False,True,True,True,False,coverage;gap;starts_early,1976-2025,49,Kamenný Újezd,48.8962475,14.4526111,507.0
0-203-0-11401004902,2,0.04081632653061224,1976.0,1977.0,47,15.5,14.0,17.0,0.0967741935483871,2,False,False,True,False,True,True,False,coverage;gap;ends_late,1976-2025,49,Vrskmaň  Újezd,50.4931,13.4972,307.0
0-203-0-11401079001,2,0.04081632653061224,1976.0,1977.0,47,15.5,14.0,17.0,0.0967741935483871,2,False,False,True,False,True,True,False,coverage;gap;ends_late,1976-2025,49,Bořislav,50.575833,13.929444,380.0
0-203-0-11463,2,0.04081632653061224,1978.0,1979.0,45,13.5,10.0,17.0,0.25925925925925924,4,False,False,True,False,False,True,False,coverage;gap;ends_late;density,1976-2025,49,Dubí,50.6875,13.7881,410.0
0-203-0-11592,2,0.04081632653061224,1976.0,1977.0,47,22.5,22.0,23.0,0.022222222222222223,3,False,False,True,False,True,True,False,coverage;gap;ends_late,1976-2025,49,Horní Stropnice  Hojná Voda,48.73053,14.72717,785.0
0-203-0-11613,2,0.04081632653061224,1976.0,1978.0,46,16.0,13.0,19.0,0.1875,4,False,False,True,False,True,True,False,coverage;gap;ends_late,1976-2025,49,Městec Králové,50.2,15.3,211.0
0-203-0-11646,2,0.04081632653061224,1977.0,1978.0,46,20.0,19.0,21.0,0.05,4,False,False,True,False,True,True,False,coverage;gap;ends_late,1976-2025,49,Dvůr Králové nad Labem,50.4167,15.9333,340.0
0-203-0-20201029001,2,0.04081632653061224,1976.0,1977.0,47,13.5,11.0,16.0,0.18518518518518517,4,False,False,True,False,False,True,False,coverage;gap;ends_late;density,1976-2025,49,Nové Heřminovy,50.0167,17.5333,388.0
0-203-0-20301003001,2,0.04081632653061224,2017.0,2018.0,41,19.5,19.0,20.0,0.02564102564102564,2,False,False,False,False,True,True,False,coverage;gap;starts_early;ends_late,1976-2025,49,Bílá  Mezivodí,49.4256,18.4088,615.0
0-203-0-20301061001,2,0.04081632653061224,1976.0,1977.0,47,20.5,20.0,21.0,0.024390243902439025,2,False,False,True,False,True,True,False,coverage;gap;ends_late,1976-2025,49,Ostrava  Vítkovice,49.7986,18.2667,236.0
0-203-0-40202012001,2,0.04081632653061224,1977.0,1978.0,46,15.0,15.0,15.0,0.0,4,False,False,True,False,True,True,False,coverage;gap;ends_late,1976-2025,49,Tlumačov  Filipova Hora,49.3772,12.9258,584.0
0-203-0-41002086001,2,0.04081632653061224,1976.0,1977.0,47,13.0,12.0,14.0,0.07692307692307693,3,False,False,True,False,False,True,False,coverage;gap;ends_late;density,1976-2025,49,Horní Štěpánov,49.55,16.7917,600.0
0-203-0-41301043002,2,0.04081632653061224,1978.0,1979.0,45,18.5,15.0,22.0,0.1891891891891892,5,False,False,True,False,True,True,False,coverage;gap;ends_late,1976-2025,49,Zlín  Malenovice,49.209722,17.580556,193.0
0-203-0-41301057001,2,0.04081632653061224,2023.0,2024.0,47,22.0,19.0,25.0,0.13636363636363635,2,False,False,False,True,True,True,False,coverage;gap;starts_early,1976-2025,49,Halenkovice,49.1929933,17.4540381,352.0
0-203-0-41501114003,2,0.04081632653061224,1994.0,1995.0,29,18.0,16.0,20.0,0.1111111111111111,2,False,False,False,False,True,True,False,coverage;gap;starts_early;ends_late,1976-2025,49,Osiky,49.455,16.4214,555.0
0-203-0-10704001001,1,0.02040816326530612,2024.0,2024.0,48,16.0,16.0,16.0,0.0,1,False,False,False,True,True,True,False,coverage;gap;starts_early,1976-2025,49,Veselí nad Lužnicí,49.1855297,14.7095372,409.0
0-203-0-10804006001,1,0.02040816326530612,1976.0,1976.0,48,25.0,25.0,25.0,0.0,1,False,False,True,False,True,True,False,coverage;gap;ends_late,1976-2025,49,Lnáře  Kocelovice,49.4333,13.7833,458.0
0-203-0-10804036001,1,0.02040816326530612,1979.0,1979.0,45,13.0,13.0,13.0,0.0,2,False,False,False,False,False,True,False,coverage;gap;starts_early;ends_late;density,1976-2025,49,Rožmitál pod Třemšínem  Zalány,49.65,13.85,650.0
0-203-0-11537,1,0.02040816326530612,1976.0,1976.0,48,22.0,22.0,22.0,0.0,2,False,False,True,False,True,True,False,coverage;gap;ends_late,1976-2025,49,Vodňany,49.15,14.1667,395.0
0-203-0-11647,1,0.02040816326530612,1978.0,1978.0,46,13.0,13.0,13.0,0.0,4,False,False,True,False,False,True,False,coverage;gap;ends_late;density,1976-2025,49,Jaroměř,50.35,15.9167,263.0
0-203-0-11672,1,0.02040816326530612,1978.0,1978.0,46,18.0,18.0,18.0,0.0,2,False,False,True,False,True,True,False,coverage;gap;ends_late,1976-2025,49,Špindlerův Mlýn  přehrada Labská,50.7167,15.583333,790.0
0-203-0-11677,1,0.02040816326530612,1978.0,1978.0,46,17.0,17.0,17.0,0.0,4,False,False,True,False,True,True,False,coverage;gap;ends_late,1976-2025,49,Doudleby nad Orlicí,50.1167,16.2667,310.0
0-203-0-20201009001,1,0.02040816326530612,2000.0,2000.0,24,25.0,25.0,25.0,0.0,1,False,False,False,False,True,True,False,coverage;gap;starts_early;ends_late,1976-2025,49,Ovčárna,50.0714,17.2392,1301.0
0-203-0-20401014001,1,0.02040816326530612,2024.0,2024.0,48,17.0,17.0,17.0,0.0,2,False,False,False,True,True,True,False,coverage;gap;starts_early,1976-2025,49,Chuchelná,49.991679,18.119769,258.0
0-203-0-41003055001,1,0.02040816326530612,1981.0,1981.0,43,23.0,23.0,23.0,0.0,2,False,False,False,False,True,True,False,coverage;gap;starts_early;ends_late,1976-2025,49,Troubelice,49.81576,17.08048,253.0
0-203-0-41102037001,1,0.02040816326530612,2018.0,2018.0,42,23.0,23.0,23.0,0.0,2,False,False,False,False,True,True,False,coverage;gap;starts_early;ends_late,1976-2025,49,Potštát  Boškov,49.6238,17.6142,545.0
0-203-0-41301037001,1,0.02040816326530612,1996.0,1996.0,28,13.0,13.0,13.0,0.0,1,False,False,False,False,False,True,False,coverage;gap;starts_early;ends_late;density,1976-2025,49,Zlín  Louky,49.2278,17.6419,202.0
0-203-0-41301120001,1,0.02040816326530612,1978.0,1978.0,46,12.0,12.0,12.0,0.0,4,False,False,True,False,False,True,False,coverage;gap;ends_late;density,1976-2025,49,Korytná,48.9375,17.6619,325.0
0-203-0-41502109603,1,0.02040816326530612,1996.0,1996.0,28,11.0,11.0,11.0,0.0,1,False,False,False,False,False,True,False,coverage;gap;starts_early;ends_late;density,1976-2025,49,Brno  Husovice,49.2142,16.6317,210.0
0-203-0-10401054001,0,0.0,,,49,,,,,1,False,False,False,False,False,False,False,coverage;gap;starts_early;ends_late;density;stability,1976-2025,49,Bychory,50.0833,15.25,214.0
0-203-0-10501059001,0,0.0,,,49,,,,,9,False,False,False,False,False,False,False,coverage;gap;starts_early;ends_late;density;stability,1976-2025,49,Bedřichov  Nová louka,50.81445,15.158215,780.0
0-203-0-10803016001,0,0.0,,,49,,,,,1,False,False,False,False,False,False,False,coverage;gap;starts_early;ends_late;density;stability,1976-2025,49,Záblatí,48.9972,13.9321,652.0
0-203-0-11412,0,0.0,,,49,,,,,2,False,False,False,False,False,False,False,coverage;gap;starts_early;ends_late;density;stability,1976-2025,49,Vřesová,50.2417,12.7133,461.0
0-203-0-11434,0,0.0,,,49,,,,,2,False,False,False,False,False,False,False,coverage;gap;starts_early;ends_late;density;stability,1976-2025,49,Jirkov  Újezd,50.5,13.4667,275.0
0-203-0-11466,0,0.0,,,49,,,,,1,False,False,False,False,False,False,False,coverage;gap;starts_early;ends_late;density;stability,1976-2025,49,Lenešice,50.3733,13.7653,181.0
0-203-0-11503046201,0,0.0,,,49,,,,,2,False,False,False,False,False,False,False,coverage;gap;starts_early;ends_late;density;stability,1976-2025,49,Kalek,50.585556,13.356111,750.0
0-203-0-11553,0,0.0,,,49,,,,,2,False,False,False,False,False,False,False,coverage;gap;starts_early;ends_late;density;stability,1976-2025,49,Ještěd,50.7328,14.9864,1012.0
0-203-0-11614,0,0.0,,,49,,,,,1,False,False,False,False,False,False,False,coverage;gap;starts_early;ends_late;density;stability,1976-2025,49,Kolín,50.0333,15.2333,206.0
0-203-0-11673,0,0.0,,,49,,,,,2,False,False,False,False,False,False,False,coverage;gap;starts_early;ends_late;density;stability,1976-2025,49,Červený Kostelec,50.4667,16.0833,410.0
0-203-0-11753,0,0.0,,,49,,,,,1,False,False,False,False,False,False,False,coverage;gap;starts_early;ends_late;density;stability,1976-2025,49,Střílky,49.1442,17.2117,341.0
0-203-0-20202088001,0,0.0,,,49,,,,,1,False,False,False,False,False,False,False,coverage;gap;starts_early;ends_late;density;stability,1976-2025,49,Mladecko,49.9,17.7083,345.0
0-203-0-41301069001,0,0.0,,,49,,,,,2,False,False,False,False,False,False,False,coverage;gap;starts_early;ends_late;density;stability,1976-2025,49,Částkov,49.1078,17.6214,240.0
0-203-0-41501153001,0,0.0,,,49,,,,,2,False,False,False,False,False,False,False,coverage;gap;starts_early;ends_late;density;stability,1976-2025,49,Brno  Pisárky,49.1958,16.5678,203.0
0-203-0-41502007001,0,0.0,,,49,,,,,1,False,False,False,False,False,False,False,coverage;gap;starts_early;ends_late;density;stability,1976-2025,49,Banín,49.6589,16.4861,396.0
0-203-0-42109026001,0,0.0,,,49,,,,,1,False,False,False,False,False,False,False,coverage;gap;starts_early;ends_late;density;stability,1976-2025,49,Lopeník,48.9406,17.7875,655.0
