station_id,n_active_seasons,coverage,first_active,last_active,max_gap_seasons,median_obs,min_obs,max_obs,cv_obs,n_seasons_any_obs,ok_coverage,ok_gap,ok_starts_early,ok_ends_late,ok_density,ok_stability,selected,fail_reasons,period,n_seasons_in_period,station_name,latitude,longitude,elevation_m
0-20000-0-11423,39,1.0,1986.0,2024.0,0,22.0,12.0,25.0,0.15929284214098297,39,True,True,True,True,True,True,True,,1986-2025,39,Přimda,49.669444,12.678056,742.76
0-20000-0-11457,39,1.0,1986.0,2024.0,0,22.0,17.0,25.0,0.08753560510876582,39,True,True,True,True,True,True,True,,1986-2025,39,Churáňov,49.068333,13.615278,1117.8
0-20000-0-11487,39,1.0,1986.0,2024.0,0,21.0,13.0,26.0,0.13790834785504721,39,True,True,True,True,True,True,True,,1986-2025,39,Kocelovice,49.467222,13.838611,519.0
0-20000-0-11502,39,1.0,1986.0,2024.0,0,22.0,12.0,26.0,0.1638642310787787,39,True,True,True,True,True,True,True,,1986-2025,39,Ústí nad Labem  Kočkov,50.68333,14.04111,375.39
0-20000-0-11603,39,1.0,1986.0,2024.0,0,22.0,12.0,26.0,0.15247852150132743,39,True,True,True,True,True,True,True,,1986-2025,39,Liberec,50.76972,15.02389,397.72
0-20000-0-11628,39,1.0,1986.0,2024.0,0,22.0,11.0,26.0,0.19117377288847234,39,True,True,True,True,True,True,True,,1986-2025,39,Košetice  Křešín  Kramolín,49.573504,15.08046,532.29
0-20000-0-11659,39,1.0,1986.0,2024.0,0,22.0,13.0,26.0,0.1386449230167457,39,True,True,True,True,True,True,True,,1986-2025,39,Přibyslav  Hřiště,49.582785,15.7625,532.5
0-20000-0-11766,39,1.0,1986.0,2024.0,0,22.0,16.0,26.0,0.10052766449779457,39,True,True,True,True,True,True,True,,1986-2025,39,Červená,49.777222,17.541944,748.13
0-20000-0-11782,39,1.0,1986.0,2024.0,0,23.0,11.0,26.0,0.15915314360678878,39,True,True,True,True,True,True,True,,1986-2025,39,Mošnov,49.691944,18.112778,252.8
0-20000-0-11787,39,1.0,1986.0,2024.0,0,24.0,16.0,26.0,0.09303580529275746,39,True,True,True,True,True,True,True,,1986-2025,39,Lysá hora,49.546111,18.4475,1322.03
0-203-0-10406025001,39,1.0,1986.0,2024.0,0,23.0,11.0,26.0,0.14707578435335716,39,True,True,True,True,True,True,True,,1986-2025,39,Dolní Chvatliny,49.983593,15.065951,290.0
0-203-0-10501011001,39,1.0,1986.0,2024.0,0,24.0,16.0,26.0,0.09506184310698668,39,True,True,True,True,True,True,True,,1986-2025,39,Rokytnice nad Jizerou  Vilémov,50.7319,15.4229,525.0
0-203-0-10501025001,39,1.0,1986.0,2024.0,0,24.0,16.0,26.0,0.08792692271415585,39,True,True,True,True,True,True,True,,1986-2025,39,Jilemnice,50.6014,15.5125,462.0
0-203-0-10501030001,39,1.0,1986.0,2024.0,0,23.0,15.0,26.0,0.08952256531319408,39,True,True,True,True,True,True,True,,1986-2025,39,Roprachtice,50.651199,15.414138,550.0
0-203-0-10501036001,39,1.0,1986.0,2024.0,0,22.0,12.0,25.0,0.11607289784841872,39,True,True,True,True,True,True,True,,1986-2025,39,Nová Paka,50.49,15.5136,450.0
0-203-0-10501038001,39,1.0,1986.0,2024.0,0,20.0,14.0,26.0,0.1587787876667239,39,True,True,True,True,True,True,True,,1986-2025,39,Lomnice nad Popelkou,50.538491,15.379375,485.0
0-203-0-10502085001,39,1.0,1986.0,2024.0,0,24.0,11.0,26.0,0.12703090729287317,39,True,True,True,True,True,True,True,,1986-2025,39,Dolní Bousov,50.437897,15.141737,244.0
0-203-0-10601002002,39,1.0,1986.0,2024.0,0,23.0,12.0,26.0,0.1301709646451677,39,True,True,True,True,True,True,True,,1986-2025,39,Kvilda,49.0192,13.5792,1059.0
0-203-0-10601011001,39,1.0,1986.0,2024.0,0,21.0,13.0,26.0,0.14498558050498686,39,True,True,True,True,True,True,True,,1986-2025,39,Borová Lada,48.99055,13.661958,898.0
0-203-0-10601050001,39,1.0,1986.0,2024.0,0,22.0,13.0,26.0,0.1612517747380714,39,True,True,True,True,True,True,True,,1986-2025,39,Stožec,48.8570531,13.8217247,797.0
0-203-0-10602028001,39,1.0,1986.0,2024.0,0,22.0,11.0,25.0,0.14145606421928597,39,True,True,True,True,True,True,True,,1986-2025,39,Benešov nad Černou,48.7311,14.6283,665.0
0-203-0-10801005002,39,1.0,1986.0,2024.0,0,24.0,18.0,26.0,0.07553221792676332,39,True,True,True,True,True,True,True,,1986-2025,39,Filipova Huť,49.0298283,13.5197133,1110.0
0-203-0-10801028001,39,1.0,1986.0,2024.0,0,23.0,19.0,26.0,0.08575545185457452,39,True,True,True,True,True,True,True,,1986-2025,39,Prášily,49.1069,13.3786,883.0
0-203-0-10801069001,39,1.0,1986.0,2024.0,0,21.0,15.0,26.0,0.11653785339126503,39,True,True,True,True,True,True,True,,1986-2025,39,Čachrov,49.264136,13.301694,729.0
0-203-0-10801117001,39,1.0,1986.0,2024.0,0,22.0,10.0,26.0,0.14504924570975505,39,True,True,True,True,True,True,True,,1986-2025,39,Chanovice,49.4031031,13.7176939,533.0
0-203-0-10802009001,39,1.0,1986.0,2024.0,0,20.0,10.0,25.0,0.16881829620738184,39,True,True,True,True,True,True,True,,1986-2025,39,Vimperk,49.0657822,13.7824278,637.0
0-203-0-10803031001,39,1.0,1986.0,2024.0,0,21.0,10.0,25.0,0.1266813616734328,39,True,True,True,True,True,True,True,,1986-2025,39,Prachatice,49.0073094,13.9934122,607.0
0-203-0-10901012001,39,1.0,1986.0,2024.0,0,22.0,12.0,25.0,0.14328782560351586,39,True,True,True,True,True,True,True,,1986-2025,39,Nížkov,49.5325,15.8067,531.0
0-203-0-10901046001,39,1.0,1986.0,2024.0,0,24.0,13.0,26.0,0.11048618729276243,39,True,True,True,True,True,True,True,,1986-2025,39,Polná,49.4864,15.7061,490.0
0-203-0-10901060001,39,1.0,1986.0,2024.0,0,23.0,11.0,26.0,0.1339204161707161,39,True,True,True,True,True,True,True,,1986-2025,39,Štoky,49.501462,15.590799,530.0
0-203-0-10901104001,39,1.0,1986.0,2024.0,0,23.0,12.0,26.0,0.12029717529441683,39,True,True,True,True,True,True,True,,1986-2025,39,Habry,49.751989,15.486748,470.0
0-203-0-10901110001,39,1.0,1986.0,2024.0,0,23.0,10.0,26.0,0.133854661480079,39,True,True,True,True,True,True,True,,1986-2025,39,Světlá nad Sázavou,49.6728,15.4075,410.0
0-203-0-10901127001,39,1.0,1986.0,2024.0,0,24.0,11.0,26.0,0.11902690076477869,39,True,True,True,True,True,True,True,,1986-2025,39,Ledeč nad Sázavou,49.698597,15.284048,408.0
0-203-0-10901141001,39,1.0,1986.0,2024.0,0,24.0,11.0,26.0,0.1399525338158096,39,True,True,True,True,True,True,True,,1986-2025,39,Řendějov  Nový Samechov,49.76873,15.08814,444.0
0-203-0-10902018001,39,1.0,1986.0,2024.0,0,23.0,11.0,26.0,0.14172871915059057,39,True,True,True,True,True,True,True,,1986-2025,39,Pelhřimov,49.4331428,15.2339531,524.0
0-203-0-11001016001,39,1.0,1986.0,2024.0,0,21.0,12.0,26.0,0.1543752990848453,39,True,True,True,True,True,True,True,,1986-2025,39,Tachov,49.798357,12.623135,487.0
0-203-0-11001058001,39,1.0,1986.0,2024.0,0,22.0,13.0,26.0,0.15477364471297508,39,True,True,True,True,True,True,True,,1986-2025,39,Tři Sekery,49.943647,12.616463,672.0
0-203-0-11001141001,39,1.0,1986.0,2024.0,0,23.0,12.0,26.0,0.15847845320191178,39,True,True,True,True,True,True,True,,1986-2025,39,Úterý,49.938609,13.001143,489.0
0-203-0-11002086001,39,1.0,1986.0,2024.0,0,23.0,15.0,26.0,0.08989789184815997,39,True,True,True,True,True,True,True,,1986-2025,39,Chudenice,49.465405,13.176262,490.0
0-203-0-11002097001,39,1.0,1986.0,2024.0,0,23.0,17.0,26.0,0.08507070982214066,39,True,True,True,True,True,True,True,,1986-2025,39,Dnešice,49.601994,13.269301,378.0
0-203-0-11005011001,39,1.0,1986.0,2024.0,0,23.0,11.0,26.0,0.1589877459893262,39,True,True,True,True,True,True,True,,1986-2025,39,Žinkovy,49.486555,13.491503,475.0
0-203-0-11101013001,39,1.0,1986.0,2024.0,0,22.0,13.0,26.0,0.15022762978280305,39,True,True,True,True,True,True,True,,1986-2025,39,Strašice,49.742781,13.753217,526.0
0-203-0-11102023001,39,1.0,1986.0,2024.0,0,21.0,10.0,26.0,0.18225575397346408,39,True,True,True,True,True,True,True,,1986-2025,39,Žlutice,50.09822,13.160412,569.0
0-203-0-11102028001,39,1.0,1986.0,2024.0,0,22.0,12.0,26.0,0.15775033357273957,39,True,True,True,True,True,True,True,,1986-2025,39,Verušičky,50.140984,13.172377,582.0
0-203-0-11102036001,39,1.0,1986.0,2024.0,0,22.0,14.0,25.0,0.11990769229403206,39,True,True,True,True,True,True,True,,1986-2025,39,Bezvěrov,49.993664,13.054363,699.0
0-203-0-11301046001,39,1.0,1986.0,2024.0,0,22.0,10.0,26.0,0.17207762148466405,39,True,True,True,True,True,True,True,,1986-2025,39,Luby,50.256881,12.400238,524.0
0-203-0-11301059001,39,1.0,1986.0,2024.0,0,21.0,12.0,26.0,0.17147434495782285,39,True,True,True,True,True,True,True,,1986-2025,39,Starý Hrozňatov,50.025396,12.389416,452.0
0-203-0-11301086001,39,1.0,1986.0,2024.0,0,23.0,14.0,26.0,0.12572784628356246,39,True,True,True,True,True,True,True,,1986-2025,39,Habartov,50.180156,12.54853,484.0
0-203-0-11301161001,39,1.0,1986.0,2024.0,0,23.0,17.0,26.0,0.11473066690079191,39,True,True,True,True,True,True,True,,1986-2025,39,Nejdek,50.335684,12.715486,609.0
0-203-0-11302015001,39,1.0,1986.0,2024.0,0,23.0,15.0,26.0,0.1179395572446751,39,True,True,True,True,True,True,True,,1986-2025,39,Bečov nad Teplou,50.0824,12.836679,529.0
0-203-0-11302057001,39,1.0,1986.0,2024.0,0,22.0,16.0,25.0,0.1199997609568896,39,True,True,True,True,True,True,True,,1986-2025,39,Abertamy,50.367742,12.816447,893.0
0-203-0-11401097301,39,1.0,1986.0,2024.0,0,21.0,10.0,26.0,0.21427052910238475,39,True,True,True,True,True,True,True,,1986-2025,39,Dubí,50.68056,13.80214,402.0
0-203-0-11403005001,39,1.0,1986.0,2024.0,0,22.0,12.0,25.0,0.15722460913302572,39,True,True,True,True,True,True,True,,1986-2025,39,Křižany,50.738722,14.907056,395.0
0-203-0-11403041001,39,1.0,1986.0,2024.0,0,22.0,10.0,25.0,0.19115559803230742,39,True,True,True,True,True,True,True,,1986-2025,39,Mařenice,50.80967,14.676,395.0
0-203-0-11413,39,1.0,1986.0,2024.0,0,21.0,13.0,26.0,0.17973772767873314,39,True,True,True,True,True,True,True,,1986-2025,39,Mariánské Lázně  vodárna,49.990619,12.695966,696.0
0-203-0-11453,39,1.0,1986.0,2024.0,0,21.0,12.0,26.0,0.17161746923390822,39,True,True,True,True,True,True,True,,1986-2025,39,Hojsova Stráž,49.212473,13.197146,866.0
0-203-0-11483,39,1.0,1986.0,2024.0,0,22.0,16.0,26.0,0.11018389059820137,39,True,True,True,True,True,True,True,,1986-2025,39,Rožmitál pod Třemšínem,49.605,13.8664,524.0
0-203-0-11497,39,1.0,1986.0,2024.0,0,22.0,17.0,26.0,0.09839501887145996,39,True,True,True,True,True,True,True,,1986-2025,39,Husinec,49.0522,13.9883,483.0
0-203-0-11502020001,39,1.0,1986.0,2024.0,0,21.0,11.0,25.0,0.181688845801002,39,True,True,True,True,True,True,True,,1986-2025,39,Petrovice  Krásný Les,50.767361,13.937667,631.0
0-203-0-11503029001,39,1.0,1986.0,2024.0,0,22.0,10.0,25.0,0.18353589021699632,39,True,True,True,True,True,True,True,,1986-2025,39,Český Jiřetín  Fláje,50.68706,13.58558,740.0
0-203-0-11528,39,1.0,1986.0,2024.0,0,22.0,14.0,25.0,0.12491878962561713,39,True,True,True,True,True,True,True,,1986-2025,39,Nadějkov  Větrov,49.5169,14.4653,616.0
0-203-0-11542,39,1.0,1986.0,2024.0,0,24.0,17.0,26.0,0.0790445297070525,39,True,True,True,True,True,True,True,,1986-2025,39,České Budějovice  ul. S.K.Neumanna,48.9644,14.4672,388.0
0-203-0-11549,39,1.0,1986.0,2024.0,0,22.0,17.0,25.0,0.09750283553041289,39,True,True,True,True,True,True,True,,1986-2025,39,Vyšší Brod,48.6177092,14.3141131,559.0
0-203-0-11581,39,1.0,1986.0,2024.0,0,22.0,11.0,26.0,0.13209458577790664,39,True,True,True,True,True,True,True,,1986-2025,39,Hlasivo,49.4981,14.7561,547.0
0-203-0-11583,39,1.0,1986.0,2024.0,0,20.0,14.0,24.0,0.1224744871391589,39,True,True,True,True,True,True,True,,1986-2025,39,Černovice  Dobešov,49.3575,14.9625,580.0
0-203-0-11589,39,1.0,1986.0,2024.0,0,22.0,11.0,26.0,0.17411563239274686,39,True,True,True,True,True,True,True,,1986-2025,39,Třeboň  Lužnice,49.0617575,14.7585975,428.0
0-203-0-11593,39,1.0,1986.0,2024.0,0,21.0,10.0,26.0,0.1579756704709412,39,True,True,True,True,True,True,True,,1986-2025,39,Byňov,48.816603,14.799947,475.0
0-203-0-11605,39,1.0,1986.0,2024.0,0,22.0,13.0,25.0,0.12814988948053552,39,True,True,True,True,True,True,True,,1986-2025,39,Desná  Souš,50.789354,15.319286,772.0
0-203-0-11634,39,1.0,1986.0,2024.0,0,22.0,12.0,25.0,0.11765720760457948,39,True,True,True,True,True,True,True,,1986-2025,39,Počátky,49.2605217,15.2340794,618.0
0-203-0-11635,39,1.0,1986.0,2024.0,0,22.0,16.0,26.0,0.09765202827810447,39,True,True,True,True,True,True,True,,1986-2025,39,Jindřichův Hradec  Děbolín,49.1556,14.9575,524.0
0-203-0-11644,39,1.0,1986.0,2024.0,0,24.0,17.0,26.0,0.09661271568035609,39,True,True,True,True,True,True,True,,1986-2025,39,Benecko,50.6713,15.5499,780.0
0-203-0-11674,39,1.0,1986.0,2024.0,0,23.0,12.0,26.0,0.15840630113996296,39,True,True,True,True,True,True,True,,1986-2025,39,Deštné v Orlic. horách,50.306667,16.351959,656.0
0-203-0-11685,39,1.0,1986.0,2024.0,0,20.0,11.0,25.0,0.14857319391695142,39,True,True,True,True,True,True,True,,1986-2025,39,Nedvězí,49.6344,16.3097,722.0
0-203-0-11703,39,1.0,1986.0,2024.0,0,23.0,13.0,26.0,0.12159684470308141,39,True,True,True,True,True,True,True,,1986-2025,39,Staré Město pod Sněžníkem  Kunčice,50.1925131,16.943146,649.0
0-203-0-11765,39,1.0,1986.0,2024.0,0,23.0,11.0,26.0,0.16687049954064836,39,True,True,True,True,True,True,True,,1986-2025,39,Bělotín,49.5869,17.8042,306.0
0-203-0-11781,39,1.0,1986.0,2024.0,0,24.0,15.0,26.0,0.1035660462020537,39,True,True,True,True,True,True,True,,1986-2025,39,Bohumín  Záblatí,49.882,18.3692,237.0
0-203-0-11789,39,1.0,1986.0,2024.0,0,24.0,13.0,26.0,0.14601432640282794,39,True,True,True,True,True,True,True,,1986-2025,39,Huslenky  Kychová,49.3,18.1261,450.0
0-203-0-11790,39,1.0,1986.0,2024.0,0,22.0,15.0,25.0,0.10936688297597473,39,True,True,True,True,True,True,True,,1986-2025,39,Ostrava  Poruba,49.825331,18.15942,240.0
0-203-0-11792,39,1.0,1986.0,2024.0,0,23.0,12.0,26.0,0.16645134534640968,39,True,True,True,True,True,True,True,,1986-2025,39,Jablunkov  Návsí,49.5875,18.7503,380.0
0-203-0-11794,39,1.0,1986.0,2024.0,0,21.0,14.0,26.0,0.11778304396708483,39,True,True,True,True,True,True,True,,1986-2025,39,Horní Bečva,49.4311,18.2983,565.0
0-203-0-11798,39,1.0,1986.0,2024.0,0,21.0,15.0,26.0,0.11995862153428644,39,True,True,True,True,True,True,True,,1986-2025,39,Mořkov,49.5414,18.057778,345.0
0-203-0-20101147002,39,1.0,1986.0,2024.0,0,22.0,12.0,26.0,0.17549723315811525,39,True,True,True,True,True,True,True,,1986-2025,39,Hukvaldy  Rychaltice,49.6428,18.2208,292.0
0-203-0-20201038001,39,1.0,1986.0,2024.0,0,22.0,12.0,26.0,0.16312466789557326,39,True,True,True,True,True,True,True,,1986-2025,39,Heřmanovice,50.1985,17.3816,665.0
0-203-0-20202005001,39,1.0,1986.0,2024.0,0,19.0,10.0,26.0,0.15742514223359835,39,True,True,True,True,True,True,True,,1986-2025,39,Malá Morávka  Karlov,50.025278,17.259444,775.0
0-203-0-20301008002,39,1.0,1986.0,2024.0,0,23.0,18.0,25.0,0.09286707002739589,39,True,True,True,True,True,True,True,,1986-2025,39,Staré Hamry  Samčanka,49.468936,18.43389,527.0
0-203-0-20404085001,39,1.0,1986.0,2024.0,0,23.0,12.0,26.0,0.13564169934970646,39,True,True,True,True,True,True,True,,1986-2025,39,Ostružná  Ramzová,50.197223,17.065201,740.0
0-203-0-20408003001,39,1.0,1986.0,2024.0,0,21.0,10.0,25.0,0.2168008954232715,39,True,True,True,True,True,True,True,,1986-2025,39,Rumburk,50.95156,14.57086,390.0
0-203-0-40201003001,39,1.0,1986.0,2024.0,0,24.0,17.0,26.0,0.08306505319224898,39,True,True,True,True,True,True,True,,1986-2025,39,Špičák,49.169506,13.215816,973.0
0-203-0-40201004001,39,1.0,1986.0,2024.0,0,23.0,16.0,26.0,0.10798482006030387,39,True,True,True,True,True,True,True,,1986-2025,39,Železná Ruda,49.138245,13.228729,754.0
0-203-0-40202009001,39,1.0,1986.0,2024.0,0,23.0,11.0,26.0,0.153956160799806,39,True,True,True,True,True,True,True,,1986-2025,39,Všeruby,49.343587,12.983841,445.0
0-203-0-40202023201,39,1.0,1986.0,2024.0,0,22.0,18.0,26.0,0.08857022510883247,39,True,True,True,True,True,True,True,,1986-2025,39,Česká Kubice,49.367941,12.857804,549.0
0-203-0-41001034001,39,1.0,1986.0,2024.0,0,22.0,16.0,26.0,0.12246698460191102,39,True,True,True,True,True,True,True,,1986-2025,39,Branná  Františkov,50.1324,17.0129,548.0
0-203-0-41001078001,39,1.0,1986.0,2024.0,0,24.0,12.0,26.0,0.15378321384177188,39,True,True,True,True,True,True,True,,1986-2025,39,Velké Losiny,50.038056,17.051365,411.0
0-203-0-41501010001,39,1.0,1986.0,2024.0,0,22.0,11.0,26.0,0.17664246540760414,39,True,True,True,True,True,True,True,,1986-2025,39,Polička,49.716111,16.269167,552.0
0-203-0-41501037001,39,1.0,1986.0,2024.0,0,23.0,10.0,26.0,0.17990407034542974,39,True,True,True,True,True,True,True,,1986-2025,39,Vír,49.5642,16.3139,473.0
0-203-0-41501048001,39,1.0,1986.0,2024.0,0,22.0,11.0,26.0,0.208239382445411,39,True,True,True,True,True,True,True,,1986-2025,39,Olešnice,49.5586,16.4166,543.0
0-203-0-41501076001,39,1.0,1986.0,2024.0,0,24.0,13.0,26.0,0.13385183386386315,39,True,True,True,True,True,True,True,,1986-2025,39,Nové Město na Moravě,49.5581,16.0689,601.0
0-203-0-41601028001,39,1.0,1986.0,2024.0,0,23.0,13.0,25.0,0.11001150218156691,39,True,True,True,True,True,True,True,,1986-2025,39,Šimanov,49.4614,15.4486,630.0
0-203-0-41602037001,39,1.0,1986.0,2024.0,0,21.0,11.0,26.0,0.18666775494540708,39,True,True,True,True,True,True,True,,1986-2025,39,Pavlínov,49.3508,15.8772,559.0
0-20000-0-11414,38,0.9743589743589743,1986.0,2024.0,1,23.0,10.0,26.0,0.18464236215892818,39,True,True,True,True,True,True,True,,1986-2025,39,Karlovy Vary  Olšová Vrata,50.201667,12.914167,603.0
0-20000-0-11464,38,0.9743589743589743,1986.0,2024.0,1,20.0,11.0,25.0,0.17589937952638612,39,True,True,True,True,True,True,True,,1986-2025,39,Milešovka,50.555,13.93083,830.5
0-20000-0-11636,38,0.9743589743589743,1986.0,2024.0,1,23.0,16.0,26.0,0.1282730437855589,39,True,True,True,True,True,True,True,,1986-2025,39,Kostelní Myslová,49.159167,15.439167,569.0
0-20000-0-11643,38,0.9743589743589743,1987.0,2024.0,1,22.0,12.0,26.0,0.15304012689360288,38,True,True,True,True,True,True,True,,1986-2025,39,Pec pod Sněžkou,50.691944,15.728889,816.3
0-20000-0-11710,38,0.9743589743589743,1986.0,2024.0,1,22.5,11.0,26.0,0.17452796216381736,39,True,True,True,True,True,True,True,,1986-2025,39,Luká,49.652222,16.953333,510.0
0-203-0-10407027001,38,0.9743589743589743,1986.0,2024.0,1,23.5,11.0,26.0,0.12858578205150167,38,True,True,True,True,True,True,True,,1986-2025,39,Kostomlaty nad Labem,50.181641,14.961299,185.0
0-203-0-10501060001,38,0.9743589743589743,1986.0,2024.0,1,24.0,21.0,26.0,0.05509206895234612,39,True,True,True,True,True,True,True,,1986-2025,39,Josefův Důl,50.778158,15.22868,623.0
0-203-0-10501063001,38,0.9743589743589743,1986.0,2024.0,1,23.0,16.0,26.0,0.09069532287201634,39,True,True,True,True,True,True,True,,1986-2025,39,Smržovka,50.7294,15.2511,550.0
0-203-0-10502005001,38,0.9743589743589743,1986.0,2024.0,1,23.0,11.0,26.0,0.14048987206384547,39,True,True,True,True,True,True,True,,1986-2025,39,Železný Brod,50.6408,15.2517,290.0
0-203-0-10502049001,38,0.9743589743589743,1986.0,2024.0,1,23.0,12.0,26.0,0.12167492118029476,39,True,True,True,True,True,True,True,,1986-2025,39,Jivina,50.5539,14.9492,308.0
0-203-0-10502050001,38,0.9743589743589743,1986.0,2024.0,1,24.0,13.0,26.0,0.1191115795651265,39,True,True,True,True,True,True,True,,1986-2025,39,Boseň  Mužský,50.5222,15.0404,382.0
0-203-0-10502072001,38,0.9743589743589743,1986.0,2024.0,1,22.0,11.0,25.0,0.11971693041501259,39,True,True,True,True,True,True,True,,1986-2025,39,Bakov nad Jizerou,50.4804,14.9391,220.0
0-203-0-10502101001,38,0.9743589743589743,1986.0,2024.0,1,23.5,12.0,26.0,0.12251299936123557,39,True,True,True,True,True,True,True,,1986-2025,39,Mladá Boleslav,50.42267,14.91405,221.0
0-203-0-10504033001,38,0.9743589743589743,1986.0,2024.0,1,23.0,11.0,26.0,0.1322013317085218,39,True,True,True,True,True,True,True,,1986-2025,39,Bašť  Baštěk,50.205,14.4622,230.0
0-203-0-10504037001,38,0.9743589743589743,1986.0,2024.0,1,23.0,14.0,26.0,0.12670666819407142,39,True,True,True,True,True,True,True,,1986-2025,39,Mšeno,50.44061,14.63399,340.0
0-203-0-10601115201,38,0.9743589743589743,1986.0,2024.0,1,21.0,15.0,26.0,0.12327685774592821,39,True,True,True,True,True,True,True,,1986-2025,39,Lipno,48.6336,14.2383,730.0
0-203-0-10601152001,38,0.9743589743589743,1986.0,2024.0,1,21.0,10.0,26.0,0.13648940172624757,39,True,True,True,True,True,True,True,,1986-2025,39,Slavkov,48.7642081,14.2431344,777.0
0-203-0-10602014001,38,0.9743589743589743,1986.0,2024.0,1,21.5,10.0,25.0,0.13829364903644886,39,True,True,True,True,True,True,True,,1986-2025,39,Malonty,48.6854828,14.5802869,694.0
0-203-0-10602029002,38,0.9743589743589743,1987.0,2024.0,1,22.0,11.0,25.0,0.16204948991611634,39,True,True,True,True,True,True,True,,1986-2025,39,Pohorská Ves,48.6701047,14.6489614,773.0
0-203-0-10602032201,38,0.9743589743589743,1986.0,2024.0,1,21.0,15.0,25.0,0.1057605546443489,39,True,True,True,True,True,True,True,,1986-2025,39,Soběnov,48.7476228,14.5355644,526.0
0-203-0-10702007001,38,0.9743589743589743,1986.0,2024.0,1,22.0,15.0,26.0,0.11215776869822741,39,True,True,True,True,True,True,True,,1986-2025,39,Hranice,48.8188419,14.8469519,479.0
0-203-0-10702010001,38,0.9743589743589743,1986.0,2024.0,1,22.5,18.0,26.0,0.09756319618317466,39,True,True,True,True,True,True,True,,1986-2025,39,Suchdol nad Lužnicí,48.8928,14.8669,457.0
0-203-0-10702028001,38,0.9743589743589743,1986.0,2024.0,1,22.0,12.0,26.0,0.14188313114131784,38,True,True,True,True,True,True,True,,1986-2025,39,Chlum u Třeboně,48.9581153,14.9351097,462.0
0-203-0-10702039001,38,0.9743589743589743,1986.0,2024.0,1,21.5,16.0,26.0,0.12590461267925063,38,True,True,True,True,True,True,True,,1986-2025,39,Ledenice,48.9334328,14.6184119,496.0
0-203-0-10702060001,38,0.9743589743589743,1986.0,2024.0,1,22.0,14.0,25.0,0.12853741972899316,39,True,True,True,True,True,True,True,,1986-2025,39,Ševětín,49.1000267,14.56552,501.0
0-203-0-10703011001,38,0.9743589743589743,1986.0,2024.0,1,23.0,19.0,25.0,0.07925925165306767,39,True,True,True,True,True,True,True,,1986-2025,39,Kamenice nad Lipou  Vodná,49.2831,15.0633,557.0
0-203-0-10703017001,38,0.9743589743589743,1986.0,2024.0,1,22.0,11.0,25.0,0.14560143863018774,39,True,True,True,True,True,True,True,,1986-2025,39,Nová Včelnice,49.2229981,15.0685064,509.0
0-203-0-10703027001,38,0.9743589743589743,1986.0,2024.0,1,23.0,19.0,26.0,0.09426530494566243,39,True,True,True,True,True,True,True,,1986-2025,39,Lodhéřov,49.2131911,14.9622222,526.0
0-203-0-10703057001,38,0.9743589743589743,1986.0,2024.0,1,21.0,13.0,26.0,0.12251441178131212,39,True,True,True,True,True,True,True,,1986-2025,39,Stráž nad Nežárkou,49.0669992,14.9129792,478.0
0-203-0-10704050001,38,0.9743589743589743,1986.0,2024.0,1,23.0,14.0,26.0,0.10681763196086026,39,True,True,True,True,True,True,True,,1986-2025,39,Planá nad Lužnicí,49.3533,14.6969,404.0
0-203-0-10704094001,38,0.9743589743589743,1986.0,2024.0,1,22.5,18.0,26.0,0.09301226646084014,39,True,True,True,True,True,True,True,,1986-2025,39,Jistebnice,49.484444,14.529167,580.0
0-203-0-10705023001,38,0.9743589743589743,1986.0,2024.0,1,22.0,19.0,26.0,0.08121574953304798,39,True,True,True,True,True,True,True,,1986-2025,39,Kovářov  Vepice,49.525278,14.301389,527.0
0-203-0-10801017001,38,0.9743589743589743,1986.0,2024.0,1,21.0,11.0,26.0,0.13930498172012307,39,True,True,True,True,True,True,True,,1986-2025,39,Srní  Vchynice - Tetov I,49.0606156,13.5041194,930.0
0-203-0-10801119001,38,0.9743589743589743,1986.0,2024.0,1,22.0,15.0,26.0,0.12010802197312323,39,True,True,True,True,True,True,True,,1986-2025,39,Horažďovická Lhota  Smrkovec,49.3398103,13.5981892,483.0
0-203-0-10802017001,38,0.9743589743589743,1986.0,2024.0,1,21.0,10.0,26.0,0.16851671568528692,39,True,True,True,True,True,True,True,,1986-2025,39,Vacov  Peckov,49.1352075,13.7263994,738.0
0-203-0-10802038001,38,0.9743589743589743,1986.0,2024.0,1,21.0,14.0,26.0,0.13303719369924327,39,True,True,True,True,True,True,True,,1986-2025,39,Volyně  Nihošovice,49.1854894,13.8612525,448.0
0-203-0-10802073001,38,0.9743589743589743,1986.0,2024.0,1,21.5,16.0,26.0,0.10303543076820404,39,True,True,True,True,True,True,True,,1986-2025,39,Sedlice,49.3756828,13.9416925,511.0
0-203-0-10804016002,38,0.9743589743589743,1986.0,2024.0,1,22.0,19.0,26.0,0.08845525737054236,39,True,True,True,True,True,True,True,,1986-2025,39,Závišín,49.487222,13.923056,501.0
0-203-0-10805038001,38,0.9743589743589743,1986.0,2024.0,1,22.0,13.0,25.0,0.12370768352736936,39,True,True,True,True,True,True,True,,1986-2025,39,Nečín  Bělohrad,49.7067,14.2017,465.0
0-203-0-10805047001,38,0.9743589743589743,1986.0,2024.0,1,23.0,16.0,25.0,0.08581195428900038,39,True,True,True,True,True,True,True,,1986-2025,39,Střezimíř,49.5381,14.6181,588.0
0-203-0-10805107001,38,0.9743589743589743,1986.0,2024.0,1,23.5,10.0,26.0,0.12443195128872754,39,True,True,True,True,True,True,True,,1986-2025,39,Voznice,49.819169,14.212691,385.0
0-203-0-10901114001,38,0.9743589743589743,1986.0,2024.0,1,24.0,16.0,26.0,0.09056010167455714,39,True,True,True,True,True,True,True,,1986-2025,39,Humpolec,49.54701,15.352715,515.0
0-203-0-10902055001,38,0.9743589743589743,1986.0,2024.0,1,24.0,13.0,26.0,0.11268520078489874,39,True,True,True,True,True,True,True,,1986-2025,39,Pacov,49.46355,15.02348,494.0
0-203-0-10902100001,38,0.9743589743589743,1986.0,2024.0,1,23.0,10.0,26.0,0.1221003984154572,39,True,True,True,True,True,True,True,,1986-2025,39,Dolní Kralovice  Střítež,49.66272,15.159775,420.0
0-203-0-10903058001,38,0.9743589743589743,1986.0,2024.0,1,22.0,12.0,26.0,0.14737742693231623,39,True,True,True,True,True,True,True,,1986-2025,39,Veliš,49.6664,14.8233,451.0
0-203-0-10903081001,38,0.9743589743589743,1986.0,2024.0,1,24.0,14.0,26.0,0.09478245711893547,39,True,True,True,True,True,True,True,,1986-2025,39,Postupice,49.7306,14.7833,421.0
0-203-0-10903144001,38,0.9743589743589743,1986.0,2024.0,1,23.0,17.0,26.0,0.07595676741808342,39,True,True,True,True,True,True,True,,1986-2025,39,Votice,49.6433,14.6333,450.0
0-203-0-10903164001,38,0.9743589743589743,1986.0,2024.0,1,23.0,12.0,26.0,0.11923516277334235,39,True,True,True,True,True,True,True,,1986-2025,39,Maršovice  Zahrádka,49.7325,14.5886,358.0
0-203-0-10904008001,38,0.9743589743589743,1986.0,2024.0,1,23.0,10.0,26.0,0.13190074931095744,39,True,True,True,True,True,True,True,,1986-2025,39,Mníšek pod Brdy,49.8694,14.2625,367.0
0-203-0-10904009001,38,0.9743589743589743,1986.0,2024.0,1,22.0,10.0,26.0,0.129093476750938,39,True,True,True,True,True,True,True,,1986-2025,39,Jíloviště,49.9233,14.3319,354.0
0-203-0-10904013001,38,0.9743589743589743,1986.0,2024.0,1,23.0,10.0,26.0,0.13758721344796357,39,True,True,True,True,True,True,True,,1986-2025,39,Praha  Komořany,49.9886,14.40636,213.0
0-203-0-11001044001,38,0.9743589743589743,1986.0,2024.0,1,22.5,13.0,26.0,0.12311215560304893,39,True,True,True,True,True,True,True,,1986-2025,39,Planá,49.870952,12.735097,505.0
0-203-0-11001107001,38,0.9743589743589743,1986.0,2024.0,1,22.0,10.0,26.0,0.14886791840781705,39,True,True,True,True,True,True,True,,1986-2025,39,Staré Sedlo  Darmyšl,49.639765,12.878357,448.0
0-203-0-11001177001,38,0.9743589743589743,1986.0,2024.0,1,23.0,14.0,26.0,0.11815119396054014,39,True,True,True,True,True,True,True,,1986-2025,39,Úlice,49.759189,13.143405,428.0
0-203-0-11001186001,38,0.9743589743589743,1986.0,2024.0,1,23.0,15.0,26.0,0.12569473615010288,39,True,True,True,True,True,True,True,,1986-2025,39,Plzeň  Radčice,49.765499,13.323199,320.0
0-203-0-11003009001,38,0.9743589743589743,1986.0,2024.0,1,23.0,13.0,26.0,0.13441649489573962,39,True,True,True,True,True,True,True,,1986-2025,39,Nýrsko,49.290206,13.135924,457.0
0-203-0-11003028001,38,0.9743589743589743,1986.0,2024.0,1,22.5,13.0,26.0,0.12868243683647357,39,True,True,True,True,True,True,True,,1986-2025,39,Strážov,49.30562,13.246905,477.0
0-203-0-11003072001,38,0.9743589743589743,1986.0,2024.0,1,23.0,11.0,26.0,0.15388549809348098,39,True,True,True,True,True,True,True,,1986-2025,39,Lužany,49.54908,13.317522,358.0
0-203-0-11003082001,38,0.9743589743589743,1986.0,2024.0,1,22.0,14.0,26.0,0.1273893117478538,39,True,True,True,True,True,True,True,,1986-2025,39,Netunice,49.61559,13.432035,464.0
0-203-0-11005023001,38,0.9743589743589743,1986.0,2024.0,1,22.0,11.0,26.0,0.16711361481874337,39,True,True,True,True,True,True,True,,1986-2025,39,Životice,49.470036,13.681495,484.0
0-203-0-11005040001,38,0.9743589743589743,1986.0,2024.0,1,23.0,13.0,26.0,0.12803367498245252,39,True,True,True,True,True,True,True,,1986-2025,39,Seč,49.587397,13.506002,398.0
0-203-0-11005050001,38,0.9743589743589743,1986.0,2024.0,1,22.5,11.0,26.0,0.1374667688054342,39,True,True,True,True,True,True,True,,1986-2025,39,Spálené Poříčí,49.615175,13.604538,420.0
0-203-0-11101025001,38,0.9743589743589743,1986.0,2024.0,1,22.0,14.0,26.0,0.12297468486304272,39,True,True,True,True,True,True,True,,1986-2025,39,Holoubkov  Medový Újezd,49.77498,13.71137,433.0
0-203-0-11101047001,38,0.9743589743589743,1986.0,2024.0,1,21.0,14.0,26.0,0.13783554718638882,39,True,True,True,True,True,True,True,,1986-2025,39,Úněšov  Číhaná,49.894104,13.128163,573.0
0-203-0-11101060001,38,0.9743589743589743,1986.0,2024.0,1,24.0,16.0,26.0,0.11106090690517893,39,True,True,True,True,True,True,True,,1986-2025,39,Hromnice,49.848142,13.445309,336.0
0-203-0-11102044001,38,0.9743589743589743,1986.0,2024.0,1,23.0,12.0,26.0,0.14565960383668705,39,True,True,True,True,True,True,True,,1986-2025,39,Manětín,49.992466,13.22757,436.0
0-203-0-11102069001,38,0.9743589743589743,1986.0,2024.0,1,22.0,12.0,25.0,0.12997588127141332,39,True,True,True,True,True,True,True,,1986-2025,39,Plasy,49.933074,13.382176,330.0
0-203-0-11102088001,38,0.9743589743589743,1986.0,2024.0,1,23.0,15.0,26.0,0.09986359624908699,39,True,True,True,True,True,True,True,,1986-2025,39,Liblín,49.916487,13.5451,299.0
0-203-0-11102119001,38,0.9743589743589743,1986.0,2024.0,1,23.0,13.0,26.0,0.1351740737517176,39,True,True,True,True,True,True,True,,1986-2025,39,Slabce  Modřejovice,49.992453,13.690636,389.0
0-203-0-11102135001,38,0.9743589743589743,1986.0,2024.0,1,23.0,11.0,26.0,0.14990694642746383,39,True,True,True,True,True,True,True,,1986-2025,39,Terešov,49.901862,13.707071,402.0
0-203-0-11102153001,38,0.9743589743589743,1986.0,2024.0,1,22.0,10.0,26.0,0.1601233675308845,39,True,True,True,True,True,True,True,,1986-2025,39,Karlova Ves,49.990212,13.861277,405.0
0-203-0-111040030,38,0.9743589743589743,1986.0,2024.0,1,22.0,11.0,26.0,0.1337002887098789,39,True,True,True,True,True,True,True,,1986-2025,39,Podlesí,49.6897,13.9806,510.0
0-203-0-11105027001,38,0.9743589743589743,1986.0,2024.0,1,23.0,11.0,26.0,0.12570187346466388,39,True,True,True,True,True,True,True,,1986-2025,39,Loděnice,49.9964,14.1567,255.0
0-203-0-11201026001,38,0.9743589743589743,1986.0,2024.0,1,23.5,11.0,26.0,0.13670208260744887,39,True,True,True,True,True,True,True,,1986-2025,39,Říčany,50.0003,14.6717,385.0
0-203-0-11202007001,38,0.9743589743589743,1986.0,2024.0,1,23.0,12.0,26.0,0.12545227811830653,39,True,True,True,True,True,True,True,,1986-2025,39,Praha  Suchdol,50.1436,14.3906,268.0
0-203-0-11202034001,38,0.9743589743589743,1986.0,2024.0,1,24.0,12.0,26.0,0.10300827052286735,39,True,True,True,True,True,True,True,,1986-2025,39,Koleč,50.1991,14.2377,238.0
0-203-0-11301018001,38,0.9743589743589743,1986.0,2024.0,1,21.0,11.0,26.0,0.1562658277539948,39,True,True,True,True,True,True,True,,1986-2025,39,Hazlov,50.159224,12.270389,551.0
0-203-0-11301117001,38,0.9743589743589743,1987.0,2024.0,1,22.5,12.0,26.0,0.1616861092538798,38,True,True,True,True,True,True,True,,1986-2025,39,Oloví,50.24589,12.559014,537.0
0-203-0-11302052001,38,0.9743589743589743,1986.0,2024.0,1,23.0,14.0,26.0,0.14324058313240043,39,True,True,True,True,True,True,True,,1986-2025,39,Šemnice  Radošov,50.277061,12.994221,351.0
0-203-0-11302082001,38,0.9743589743589743,1986.0,2024.0,1,22.0,11.0,26.0,0.15471190239174942,39,True,True,True,True,True,True,True,,1986-2025,39,Stráž nad Ohří,50.338823,13.051677,330.0
0-203-0-11401,38,0.9743589743589743,1986.0,2024.0,1,22.0,11.0,26.0,0.18635901198016344,39,True,True,True,True,True,True,True,,1986-2025,39,Aš,50.220602,12.179572,675.0
0-203-0-11401020001,38,0.9743589743589743,1986.0,2023.0,1,22.0,10.0,26.0,0.15981953662099752,38,True,True,True,True,True,True,True,,1986-2025,39,Klíny,50.63875,13.55153,807.0
0-203-0-11405014001,38,0.9743589743589743,1986.0,2024.0,1,22.0,12.0,26.0,0.17282713106233097,39,True,True,True,True,True,True,True,,1986-2025,39,Chřibská  Horní Chřibská,50.85289,14.52456,440.0
0-203-0-11408,38,0.9743589743589743,1986.0,2024.0,1,23.0,16.0,26.0,0.10487103874664178,38,True,True,True,True,True,True,True,,1986-2025,39,Šindelová  Obora,50.317449,12.597466,589.0
0-203-0-11432,38,0.9743589743589743,1986.0,2024.0,1,22.0,15.0,26.0,0.10388770708878553,39,True,True,True,True,True,True,True,,1986-2025,39,Nová Ves v Horách,50.59244,13.48561,725.0
0-203-0-11501049001,38,0.9743589743589743,1986.0,2024.0,1,22.5,13.0,25.0,0.13502996119708172,39,True,True,True,True,True,True,True,,1986-2025,39,Šluknov,51.002722,14.45525,352.0
0-203-0-11532,38,0.9743589743589743,1986.0,2024.0,1,22.0,10.0,26.0,0.12987577729027552,39,True,True,True,True,True,True,True,,1986-2025,39,Vráž,49.3845275,14.1288047,433.0
0-203-0-11551,38,0.9743589743589743,1986.0,2024.0,1,21.0,10.0,25.0,0.19832449538615146,39,True,True,True,True,True,True,True,,1986-2025,39,Varnsdorf,50.90556,14.60222,367.0
0-203-0-11552,38,0.9743589743589743,1986.0,2024.0,1,23.0,10.0,26.0,0.2011962271810162,39,True,True,True,True,True,True,True,,1986-2025,39,Jablonné v Podještědí,50.77206,14.77375,320.0
0-203-0-11602,38,0.9743589743589743,1986.0,2024.0,1,22.0,15.0,25.0,0.11806176918871712,39,True,True,True,True,True,True,True,,1986-2025,39,Bedřichov,50.81511,15.13708,777.0
0-203-0-11604,38,0.9743589743589743,1986.0,2024.0,1,24.0,14.0,26.0,0.12052607450874828,39,True,True,True,True,True,True,True,,1986-2025,39,Nové Město pod Smrkem,50.92358,15.23381,473.0
0-203-0-11608,38,0.9743589743589743,1986.0,2024.0,1,22.5,10.0,26.0,0.16916538487366128,39,True,True,True,True,True,True,True,,1986-2025,39,Hejnice,50.88456,15.18317,396.0
0-203-0-11675,38,0.9743589743589743,1986.0,2024.0,1,21.5,11.0,25.0,0.18846349534195095,39,True,True,True,True,True,True,True,,1986-2025,39,Úpice,50.506419,16.011618,413.0
0-203-0-11687,38,0.9743589743589743,1986.0,2024.0,1,20.0,10.0,25.0,0.1759394721581718,39,True,True,True,True,True,True,True,,1986-2025,39,Velké Meziříčí,49.3528,16.0086,452.0
0-203-0-11701,38,0.9743589743589743,1986.0,2024.0,1,22.0,16.0,25.0,0.10868567326276238,38,True,True,True,True,True,True,True,,1986-2025,39,Javorník,50.3956,17.0075,284.0
0-203-0-11709,38,0.9743589743589743,1986.0,2024.0,1,22.0,16.0,26.0,0.10130690283419883,39,True,True,True,True,True,True,True,,1986-2025,39,Dubicko,49.8269,16.9662,282.0
0-203-0-11767,38,0.9743589743589743,1986.0,2024.0,1,22.0,11.0,25.0,0.1375390965352765,39,True,True,True,True,True,True,True,,1986-2025,39,Vítkov,49.778037,17.757308,490.0
0-203-0-11784,38,0.9743589743589743,1986.0,2024.0,1,22.0,11.0,26.0,0.1958729082661217,39,True,True,True,True,True,True,True,,1986-2025,39,Lučina,49.7308,18.4425,300.0
0-203-0-20101025001,38,0.9743589743589743,1986.0,2024.0,1,22.0,11.0,26.0,0.18557189689969486,39,True,True,True,True,True,True,True,,1986-2025,39,Budišov nad Budišovkou,49.797195,17.618216,530.0
0-203-0-20101096001,38,0.9743589743589743,1986.0,2024.0,1,24.0,10.0,26.0,0.16139076134516683,39,True,True,True,True,True,True,True,,1986-2025,39,Fulnek  Kostelec,49.7235,17.93251,340.0
0-203-0-20101115001,38,0.9743589743589743,1986.0,2024.0,1,23.0,13.0,26.0,0.1464137400643508,39,True,True,True,True,True,True,True,,1986-2025,39,Skřipov,49.8178,17.9139,485.0
0-203-0-20101153101,38,0.9743589743589743,1986.0,2024.0,1,22.5,12.0,26.0,0.13919855299941422,39,True,True,True,True,True,True,True,,1986-2025,39,Klimkovice,49.7844,18.1347,240.0
0-203-0-20201004001,38,0.9743589743589743,1986.0,2024.0,1,22.5,13.0,26.0,0.14999543789359657,39,True,True,True,True,True,True,True,,1986-2025,39,Vidly,50.1056,17.2717,774.0
0-203-0-20301050204,38,0.9743589743589743,1986.0,2024.0,1,23.0,12.0,26.0,0.16252481234899124,39,True,True,True,True,True,True,True,,1986-2025,39,Raškovice,49.622266,18.468383,397.0
0-203-0-40103004001,38,0.9743589743589743,1986.0,2024.0,1,23.0,12.0,26.0,0.17265872873798155,39,True,True,True,True,True,True,True,,1986-2025,39,Nemanice  Nemaničky,49.431422,12.716909,529.0
0-203-0-41102012001,38,0.9743589743589743,1986.0,2024.0,1,23.0,13.0,26.0,0.10841742263611605,39,True,True,True,True,True,True,True,,1986-2025,39,Rajnochovice,49.413825,17.810276,405.0
0-203-0-41601054001,38,0.9743589743589743,1986.0,2023.0,1,24.0,11.0,26.0,0.18576179317099498,39,True,True,True,True,True,True,True,,1986-2025,39,Vysoké Studnice,49.3931,15.7303,568.0
0-203-0-41601087001,38,0.9743589743589743,1986.0,2024.0,1,23.0,10.0,26.0,0.1956395573673705,39,True,True,True,True,True,True,True,,1986-2025,39,Třebíč  Podklášteří,49.2236,15.87,463.0
0-203-0-41602014001,38,0.9743589743589743,1986.0,2024.0,1,23.0,11.0,26.0,0.1723337774809229,39,True,True,True,True,True,True,True,,1986-2025,39,Radostín,49.460278,15.9675,512.0
0-20000-0-11538,37,0.9487179487179487,1988.0,2024.0,2,21.0,11.0,26.0,0.12998227844251808,37,True,True,True,True,True,True,True,,1986-2025,39,Temelín,49.197778,14.342222,500.0
0-20000-0-11683,37,0.9487179487179487,1986.0,2024.0,1,20.0,11.0,25.0,0.21172740828726463,39,True,True,True,True,True,True,True,,1986-2025,39,Svratouch,49.735,16.034167,734.0
0-20000-0-11692,37,0.9487179487179487,1986.0,2024.0,2,23.0,11.0,26.0,0.14740857936756405,39,True,True,True,True,True,True,True,,1986-2025,39,Sedlec,49.170833,16.120556,474.0
0-20000-0-11698,37,0.9487179487179487,1986.0,2024.0,2,23.0,10.0,26.0,0.14322047809830615,39,True,True,True,True,True,True,True,,1986-2025,39,Kuchařovice,48.881111,16.085278,334.0
0-203-0-10503013001,37,0.9487179487179487,1986.0,2024.0,2,23.0,16.0,26.0,0.09071806881152394,39,True,True,True,True,True,True,True,,1986-2025,39,Brodce,50.3347,14.8661,220.0
0-203-0-10601176001,37,0.9487179487179487,1986.0,2024.0,1,22.0,14.0,26.0,0.10680069090152527,39,True,True,True,True,True,True,True,,1986-2025,39,Chvalšiny,48.854722,14.208611,592.0
0-203-0-10601188001,37,0.9487179487179487,1986.0,2024.0,1,21.0,15.0,25.0,0.13167522316125765,39,True,True,True,True,True,True,True,,1986-2025,39,Přídolí,48.7814842,14.3564461,653.0
0-203-0-10603060001,37,0.9487179487179487,1986.0,2024.0,1,21.0,14.0,26.0,0.151159895004081,39,True,True,True,True,True,True,True,,1986-2025,39,Hluboká nad Vltavou,49.0536578,14.4334833,410.0
0-203-0-10702020001,37,0.9487179487179487,1986.0,2023.0,1,23.0,12.0,26.0,0.10707172672932398,38,True,True,True,True,True,True,True,,1986-2025,39,Nová Bystřice,49.0190528,15.0986103,583.0
0-203-0-10703036001,37,0.9487179487179487,1986.0,2023.0,1,23.0,11.0,26.0,0.11152196074423618,38,True,True,True,True,True,True,True,,1986-2025,39,Strmilov,49.1630636,15.2067203,582.0
0-203-0-10704104001,37,0.9487179487179487,1986.0,2024.0,1,21.0,14.0,26.0,0.1226869096434217,39,True,True,True,True,True,True,True,,1986-2025,39,Milevsko,49.452778,14.368611,453.0
0-203-0-10803008001,37,0.9487179487179487,1986.0,2024.0,1,21.0,14.0,25.0,0.13015284704171515,39,True,True,True,True,True,True,True,,1986-2025,39,Zbytiny,48.92618,13.9691961,792.0
0-203-0-10804001001,37,0.9487179487179487,1986.0,2023.0,1,23.0,18.0,26.0,0.09977850771971153,38,True,True,True,True,True,True,True,,1986-2025,39,Radošice  Mladý Smolivec,49.5023517,13.7266981,552.0
0-203-0-10902001001,37,0.9487179487179487,1986.0,2023.0,1,23.0,18.0,26.0,0.08628633923625546,39,True,True,True,True,True,True,True,,1986-2025,39,Božejov,49.360705,15.152789,611.0
0-203-0-11002037001,37,0.9487179487179487,1986.0,2024.0,2,23.0,16.0,26.0,0.10100551208132917,39,True,True,True,True,True,True,True,,1986-2025,39,Horšovský Týn,49.528213,12.943746,374.0
0-203-0-11002055001,37,0.9487179487179487,1986.0,2024.0,2,24.0,16.0,26.0,0.08267684386179334,39,True,True,True,True,True,True,True,,1986-2025,39,Kdyně,49.393642,13.045733,475.0
0-203-0-11005051001,37,0.9487179487179487,1987.0,2024.0,1,23.0,11.0,26.0,0.14511088602809058,39,True,True,True,True,True,True,True,,1986-2025,39,Nezvěstice,49.635765,13.528521,371.0
0-203-0-11101055001,37,0.9487179487179487,1986.0,2024.0,1,21.0,11.0,26.0,0.17179014336052414,39,True,True,True,True,True,True,True,,1986-2025,39,Horní Bělá  Vrtbo,49.884347,13.248312,513.0
0-203-0-11103001001,37,0.9487179487179487,1986.0,2024.0,1,23.0,10.0,26.0,0.1731689926054893,39,True,True,True,True,True,True,True,,1986-2025,39,Oráčov,50.10814,13.54839,401.0
0-203-0-11103043001,37,0.9487179487179487,1986.0,2024.0,2,22.0,13.0,25.0,0.12297217881919026,39,True,True,True,True,True,True,True,,1986-2025,39,Křivoklát,50.0381,13.8808,323.0
0-203-0-11103045001,37,0.9487179487179487,1986.0,2024.0,2,21.0,14.0,25.0,0.125655894260298,39,True,True,True,True,True,True,True,,1986-2025,39,Nové Strašecí,50.1456,13.8942,482.0
0-203-0-11103049001,37,0.9487179487179487,1986.0,2024.0,2,23.0,17.0,26.0,0.07797038654375059,39,True,True,True,True,True,True,True,,1986-2025,39,Zbečno,50.0614,13.935,262.0
0-203-0-11302113001,37,0.9487179487179487,1986.0,2024.0,1,20.0,11.0,25.0,0.18236316131920777,38,True,True,True,True,True,True,True,,1986-2025,39,Výsluní,50.46428,13.23853,738.0
0-203-0-11401004201,37,0.9487179487179487,1986.0,2024.0,1,22.0,13.0,26.0,0.14941797684733407,39,True,True,True,True,True,True,True,,1986-2025,39,Boleboř,50.537395,13.415082,600.0
0-203-0-11401043001,37,0.9487179487179487,1986.0,2024.0,1,22.0,12.0,26.0,0.19217636620973905,38,True,True,True,True,True,True,True,,1986-2025,39,Měrunice  Žichov,50.47908,13.79031,367.0
0-203-0-11401094001,37,0.9487179487179487,1986.0,2024.0,1,22.0,10.0,25.0,0.18222938064376806,39,True,True,True,True,True,True,True,,1986-2025,39,Telnice  Varvažov,50.725083,13.964611,340.0
0-203-0-11402027001,37,0.9487179487179487,1988.0,2024.0,2,21.0,12.0,26.0,0.1691738673002069,37,True,True,True,True,True,True,True,,1986-2025,39,Tisá,50.78694,14.02167,556.0
0-203-0-11403025001,37,0.9487179487179487,1986.0,2024.0,1,22.0,10.0,26.0,0.212784034986716,39,True,True,True,True,True,True,True,,1986-2025,39,Mimoň,50.65975,14.72494,278.0
0-203-0-11510,37,0.9487179487179487,1986.0,2024.0,2,23.0,17.0,26.0,0.09884632375872443,39,True,True,True,True,True,True,True,,1986-2025,39,Kralupy nad Vltavou,50.241923,14.289786,220.0
0-203-0-11535,37,0.9487179487179487,1986.0,2024.0,1,21.0,12.0,26.0,0.1642402954219194,39,True,True,True,True,True,True,True,,1986-2025,39,Bechyně,49.299444,14.469444,409.0
0-203-0-11632,37,0.9487179487179487,1986.0,2024.0,1,21.0,16.0,25.0,0.11500299417368016,39,True,True,True,True,True,True,True,,1986-2025,39,Nový Rychnov,49.385922,15.365095,619.0
0-203-0-11649,37,0.9487179487179487,1986.0,2024.0,1,22.0,10.0,25.0,0.17674633503586293,39,True,True,True,True,True,True,True,,1986-2025,39,Hradec Králové  Nový Hradec Králové,50.177649,15.838452,278.0
0-203-0-11656,37,0.9487179487179487,1986.0,2024.0,1,22.0,10.0,26.0,0.19313295581827916,39,True,True,True,True,True,True,True,,1986-2025,39,Havlíčkův Brod,49.61188,15.579696,452.0
0-203-0-11705,37,0.9487179487179487,1986.0,2024.0,1,23.0,11.0,25.0,0.20111840263184103,39,True,True,True,True,True,True,True,,1986-2025,39,Šumperk,49.9742,16.9675,328.0
0-203-0-11731,37,0.9487179487179487,1988.0,2024.0,2,21.0,14.0,26.0,0.1471491238544314,37,True,True,True,True,True,True,True,,1986-2025,39,Jeseník,50.231111,17.183333,502.0
0-203-0-11748,37,0.9487179487179487,1986.0,2022.0,2,23.0,15.0,26.0,0.1122804312972113,37,True,True,True,True,True,True,True,,1986-2025,39,Přerov,49.464444,17.458889,210.0
0-203-0-11762,37,0.9487179487179487,1986.0,2024.0,2,22.0,10.0,26.0,0.18248801387249344,38,True,True,True,True,True,True,True,,1986-2025,39,Krnov,50.078,17.6922,360.0
0-203-0-11769,37,0.9487179487179487,1986.0,2024.0,1,23.0,11.0,25.0,0.15848073345302696,39,True,True,True,True,True,True,True,,1986-2025,39,Valašské Meziříčí,49.4636,17.9742,334.0
0-203-0-11785,37,0.9487179487179487,1986.0,2024.0,1,22.0,10.0,25.0,0.17958519897975125,39,True,True,True,True,True,True,True,,1986-2025,39,Frenštát pod Radhoštěm,49.541055,18.240568,436.0
0-203-0-11788,37,0.9487179487179487,1986.0,2024.0,1,22.0,10.0,26.0,0.15285064387895847,39,True,True,True,True,True,True,True,,1986-2025,39,Vsetín,49.3442,17.9961,387.0
0-203-0-11793,37,0.9487179487179487,1986.0,2022.0,2,21.0,14.0,25.0,0.10106200602179295,38,True,True,True,True,True,True,True,,1986-2025,39,Bílá  Salajka,49.4132897,18.4206592,725.0
0-203-0-20101047201,37,0.9487179487179487,1986.0,2024.0,1,23.0,10.0,26.0,0.18208638182476664,39,True,True,True,True,True,True,True,,1986-2025,39,Odry,49.670833,17.82,305.0
0-203-0-20101117001,37,0.9487179487179487,1986.0,2023.0,1,21.0,10.0,24.0,0.1646806887890575,38,True,True,True,True,True,True,True,,1986-2025,39,Bílovec,49.7617,17.9917,290.0
0-203-0-20202070001,37,0.9487179487179487,1986.0,2024.0,1,22.0,11.0,25.0,0.1781714211668167,39,True,True,True,True,True,True,True,,1986-2025,39,Melč,49.849444,17.756944,478.0
0-203-0-20301001001,37,0.9487179487179487,1986.0,2024.0,2,23.0,16.0,26.0,0.09854991705554801,37,True,True,True,True,True,True,True,,1986-2025,39,Bílá  Hlavatá,49.421292,18.37984,770.0
0-203-0-20404050001,37,0.9487179487179487,1986.0,2024.0,2,22.0,13.0,25.0,0.1522919147401626,37,True,True,True,True,True,True,True,,1986-2025,39,Černá Voda,50.3054197,17.142758,330.0
0-203-0-20404091001,37,0.9487179487179487,1986.0,2024.0,2,22.0,13.0,26.0,0.17581289186371798,39,True,True,True,True,True,True,True,,1986-2025,39,Mikulovice,50.3006,17.3231,321.0
0-203-0-41002036001,37,0.9487179487179487,1988.0,2024.0,2,24.0,16.0,26.0,0.13674512250569015,37,True,True,True,True,True,True,True,,1986-2025,39,Červená Voda,50.04034,16.742859,535.0
0-203-0-41101014001,37,0.9487179487179487,1987.0,2024.0,1,22.0,15.0,26.0,0.1271456938291429,39,True,True,True,True,True,True,True,,1986-2025,39,Velké Karlovice,49.359444,18.286944,518.0
0-203-0-41102018001,37,0.9487179487179487,1986.0,2024.0,2,23.0,11.0,26.0,0.16277182622659533,39,True,True,True,True,True,True,True,,1986-2025,39,Kelč,49.4765261,17.8195539,323.0
0-203-0-41402044002,37,0.9487179487179487,1986.0,2024.0,2,22.0,10.0,25.0,0.18616688992221872,39,True,True,True,True,True,True,True,,1986-2025,39,Jemnice,49.025,15.59,502.0
0-203-0-41502036001,37,0.9487179487179487,1986.0,2024.0,1,21.0,10.0,26.0,0.1747097175678606,39,True,True,True,True,True,True,True,,1986-2025,39,Knínice u Boskovic,49.537004,16.692288,369.0
0-203-0-41502083001,37,0.9487179487179487,1986.0,2023.0,1,23.0,11.0,26.0,0.15184763332949638,39,True,True,True,True,True,True,True,,1986-2025,39,Rozstání,49.398026,16.835258,571.0
0-203-0-41601022101,37,0.9487179487179487,1986.0,2024.0,1,24.0,10.0,26.0,0.17454766572413608,39,True,True,True,True,True,True,True,,1986-2025,39,Třešť,49.293889,15.476111,574.0
0-203-0-41603056001,37,0.9487179487179487,1986.0,2024.0,2,23.0,13.0,26.0,0.13334905795890759,39,True,True,True,True,True,True,True,,1986-2025,39,Moravský Krumlov,49.040547,16.305604,255.0
0-203-0-10407058001,36,0.9230769230769231,1988.0,2024.0,2,23.0,11.0,26.0,0.13562406205914274,37,True,True,True,True,True,True,True,,1986-2025,39,Úvaly,50.0772,14.7111,260.0
0-203-0-10503002001,36,0.9230769230769231,1987.0,2023.0,1,23.0,10.0,26.0,0.17280122758842484,38,True,True,True,True,True,True,True,,1986-2025,39,Katusice,50.444653,14.779398,312.0
0-203-0-10504048001,36,0.9230769230769231,1986.0,2024.0,1,23.0,11.0,26.0,0.1806203463211218,39,True,True,True,True,True,True,True,,1986-2025,39,Kropáčova Vrutice  Střížovice,50.3255,14.7046,210.0
0-203-0-10704117001,36,0.9230769230769231,1986.0,2024.0,3,21.5,13.0,25.0,0.1352588914575228,39,True,True,True,True,True,True,True,,1986-2025,39,Bernartice,49.3662453,14.3893392,485.0
0-203-0-10805078001,36,0.9230769230769231,1988.0,2024.0,2,23.0,13.0,26.0,0.11773299347295996,37,True,True,True,True,True,True,True,,1986-2025,39,Jablonná,49.780786,14.452009,327.0
0-203-0-11005008001,36,0.9230769230769231,1987.0,2024.0,1,21.0,12.0,26.0,0.16071425672776762,39,True,True,True,True,True,True,True,,1986-2025,39,Lovčice  Kvasetice,49.402384,13.493545,597.0
0-203-0-11104026001,36,0.9230769230769231,1987.0,2024.0,2,22.0,13.0,26.0,0.13121733952097628,38,True,True,True,True,True,True,True,,1986-2025,39,Hvozdec  Mrtník,49.798186,13.872083,425.0
0-203-0-11105036001,36,0.9230769230769231,1986.0,2023.0,2,23.0,18.0,26.0,0.08422180098772783,39,True,True,True,True,True,True,True,,1986-2025,39,Liteň,49.9033,14.1506,320.0
0-203-0-11303111001,36,0.9230769230769231,1987.0,2024.0,1,22.5,10.0,26.0,0.17969015569918503,38,True,True,True,True,True,True,True,,1986-2025,39,Křimov,50.499,13.31453,570.0
0-203-0-11401047001,36,0.9230769230769231,1986.0,2024.0,1,23.0,10.0,26.0,0.19779301869418062,39,True,True,True,True,True,True,True,,1986-2025,39,Lukov,50.527833,13.883763,502.0
0-203-0-11454,36,0.9230769230769231,1986.0,2024.0,2,21.0,11.0,24.0,0.14702294681604014,39,True,True,True,True,True,True,True,,1986-2025,39,Libkov,49.366344,13.135593,574.0
0-203-0-11455,36,0.9230769230769231,1986.0,2024.0,2,22.5,11.0,26.0,0.17941232842674393,39,True,True,True,True,True,True,True,,1986-2025,39,Klatovy,49.39042,13.303016,421.0
0-203-0-11572,36,0.9230769230769231,1986.0,2024.0,1,21.0,10.0,25.0,0.20730934059381506,39,True,True,True,True,True,True,True,,1986-2025,39,Ondřejov  Pecný,49.913822,14.786716,543.0
0-203-0-11578,36,0.9230769230769231,1986.0,2024.0,1,22.0,10.0,26.0,0.1899633954535049,39,True,True,True,True,True,True,True,,1986-2025,39,Vavřinec  Žíšov,49.902888,15.067741,415.0
0-203-0-11660,36,0.9230769230769231,1986.0,2023.0,1,21.0,12.0,26.0,0.14651756101971644,38,True,True,True,True,True,True,True,,1986-2025,39,Vatín,49.52306,15.96806,558.0
0-203-0-11667,36,0.9230769230769231,1986.0,2024.0,1,22.5,11.0,26.0,0.1707880800398913,38,True,True,True,True,True,True,True,,1986-2025,39,Moravské Budějovice,49.0610864,15.8064603,460.0
0-203-0-11680,36,0.9230769230769231,1986.0,2023.0,1,21.0,11.0,25.0,0.22097795127649783,39,True,True,True,True,True,True,True,,1986-2025,39,Rychnov nad Kněžnou,50.164879,16.270033,335.0
0-203-0-11686,36,0.9230769230769231,1986.0,2024.0,1,21.5,11.0,25.0,0.22427828294965632,39,True,True,True,True,True,True,True,,1986-2025,39,Bystřice nad Pernštejnem,49.52416,16.25401,553.0
0-203-0-11711,36,0.9230769230769231,1986.0,2024.0,3,22.0,17.0,25.0,0.10415538098902825,36,True,True,True,True,True,True,True,,1986-2025,39,Třebařov,49.8158,16.6969,375.0
0-203-0-11726,36,0.9230769230769231,1986.0,2024.0,2,23.0,10.0,26.0,0.17734493502533966,39,True,True,True,True,True,True,True,,1986-2025,39,Mikulov,48.801911,16.6401,224.0
0-203-0-11742,36,0.9230769230769231,1986.0,2024.0,2,22.0,11.0,26.0,0.1632427623081139,38,True,True,True,True,True,True,True,,1986-2025,39,Olomouc  Holice,49.5758,17.2844,210.0
0-203-0-20101069001,36,0.9230769230769231,1986.0,2024.0,3,23.0,12.0,26.0,0.1305091715491492,38,True,True,True,True,True,True,True,,1986-2025,39,Nový Jičín,49.6,18.031111,291.0
0-203-0-20101139001,36,0.9230769230769231,1986.0,2024.0,2,22.0,10.0,26.0,0.21730343026847665,38,True,True,True,True,True,True,True,,1986-2025,39,Příbor,49.6403,18.1342,307.0
0-203-0-20201071001,36,0.9230769230769231,1986.0,2024.0,2,22.0,11.0,26.0,0.18806031414535837,39,True,True,True,True,True,True,True,,1986-2025,39,Lichnov,50.0127428,17.6374406,379.0
0-203-0-20301070001,36,0.9230769230769231,1986.0,2024.0,2,23.0,11.0,26.0,0.17452937891081033,39,True,True,True,True,True,True,True,,1986-2025,39,Havířov  Bludovice,49.7656,18.4406,259.0
0-203-0-20404063001,36,0.9230769230769231,1986.0,2024.0,2,22.5,10.0,26.0,0.1394784940511075,39,True,True,True,True,True,True,True,,1986-2025,39,Bělá pod Pradědem  Filipovice,50.1464278,17.2064242,588.0
0-203-0-20407027001,36,0.9230769230769231,1986.0,2024.0,3,22.0,10.0,25.0,0.1295841006053654,39,True,True,True,True,True,True,True,,1986-2025,39,Mníšek  Fojtka,50.82725,15.05856,395.0
0-203-0-41001004001,36,0.9230769230769231,1987.0,2024.0,2,23.0,10.0,26.0,0.14655772736634706,37,True,True,True,True,True,True,True,,1986-2025,39,Malá Morava  Sklené,50.12165,16.841956,701.0
0-203-0-41101034002,36,0.9230769230769231,1986.0,2024.0,2,23.5,13.0,26.0,0.11738769493745103,38,True,True,True,True,True,True,True,,1986-2025,39,Zděchov,49.2639,18.0772,491.0
0-203-0-41101084001,36,0.9230769230769231,1986.0,2024.0,2,23.0,10.0,26.0,0.15185342621837153,38,True,True,True,True,True,True,True,,1986-2025,39,Valašská Bystřice,49.416432,18.106298,458.0
0-203-0-41402053001,36,0.9230769230769231,1986.0,2024.0,3,23.5,12.0,26.0,0.1269263406910674,39,True,True,True,True,True,True,True,,1986-2025,39,Vranov nad Dyjí,48.9056,15.8186,354.0
0-203-0-41402059001,36,0.9230769230769231,1986.0,2024.0,3,23.0,11.0,26.0,0.1478927324669741,39,True,True,True,True,True,True,True,,1986-2025,39,Lukov,48.8566,15.9077,403.0
0-203-0-41402080001,36,0.9230769230769231,1986.0,2024.0,3,22.5,13.0,26.0,0.16250546395451415,39,True,True,True,True,True,True,True,,1986-2025,39,Šatov,48.789167,16.020556,238.0
0-203-0-41501047001,36,0.9230769230769231,1986.0,2024.0,2,24.0,11.0,26.0,0.13380063284400745,39,True,True,True,True,True,True,True,,1986-2025,39,Štěpánov nad Svratkou,49.5041,16.3341,365.0
0-203-0-41503007001,36,0.9230769230769231,1986.0,2024.0,3,22.0,14.0,26.0,0.1336038223815706,39,True,True,True,True,True,True,True,,1986-2025,39,Zastávka,49.19298,16.36313,375.0
0-203-0-41503064001,36,0.9230769230769231,1986.0,2024.0,2,23.0,11.0,26.0,0.1257749795852703,39,True,True,True,True,True,True,True,,1986-2025,39,Slavkov u Brna,49.1575,16.879167,211.0
0-203-0-41602008001,36,0.9230769230769231,1986.0,2024.0,1,22.0,11.0,26.0,0.22396971295214613,39,True,True,True,True,True,True,True,,1986-2025,39,Bohdalov,49.481656,15.871783,583.0
0-203-0-41603036001,36,0.9230769230769231,1986.0,2024.0,3,22.0,13.0,26.0,0.14730698016465057,39,True,True,True,True,True,True,True,,1986-2025,39,Hrotovice,49.1105,16.0588,425.0
0-203-0-41701004001,36,0.9230769230769231,1986.0,2024.0,3,22.5,12.0,26.0,0.1461015900574033,39,True,True,True,True,True,True,True,,1986-2025,39,Hustopeče,48.9456,16.7258,201.0
0-203-0-41701113001,36,0.9230769230769231,1986.0,2024.0,3,24.0,13.0,26.0,0.12315413979546255,38,True,True,True,True,True,True,True,,1986-2025,39,Lanžhot,48.724722,16.9575,158.0
0-203-0-10406039001,36,0.9230769230769231,1989.0,2024.0,3,23.0,13.0,26.0,0.13546069802658317,36,True,True,False,True,True,True,False,starts_early,1986-2025,39,Kostelec n. Černými Lesy,50.0044,14.8356,360.0
0-203-0-11492,36,0.9230769230769231,1989.0,2024.0,3,21.0,11.0,26.0,0.1824804604990727,36,True,True,False,True,True,True,False,starts_early,1986-2025,39,Sušice,49.23768,13.5261728,484.0
0-203-0-11582,36,0.9230769230769231,1986.0,2021.0,3,21.0,10.0,26.0,0.14848813194041308,36,True,True,True,False,True,True,False,ends_late,1986-2025,39,Tábor  Měšice,49.41,14.702389,467.0
0-20000-0-11406,35,0.8974358974358975,1986.0,2024.0,2,22.0,10.0,26.0,0.19746631905598877,39,False,True,True,True,True,True,False,coverage,1986-2025,39,Cheb,50.068333,12.391389,483.0
0-20000-0-11438,35,0.8974358974358975,1986.0,2024.0,1,23.0,10.0,26.0,0.19628569325475378,38,False,True,True,True,True,True,False,coverage,1986-2025,39,Tušimice,50.37667,13.32806,321.71
0-20000-0-11518,35,0.8974358974358975,1986.0,2024.0,2,22.0,10.0,26.0,0.1782827638921638,39,False,True,True,True,True,True,False,coverage,1986-2025,39,Praha  Ruzyně,50.100278,14.255556,364.0
0-203-0-10101019001,35,0.8974358974358975,1990.0,2024.0,4,22.0,10.0,26.0,0.15377510967065175,35,False,False,False,True,True,True,False,coverage;gap;starts_early,1986-2025,39,Dolní Dvůr  Rudolfov,50.654592,15.655815,560.0
0-203-0-10102013001,35,0.8974358974358975,1990.0,2024.0,4,22.0,14.0,26.0,0.12498830161248013,35,False,False,False,True,True,True,False,coverage;gap;starts_early,1986-2025,39,Horní Maršov,50.654577,15.818973,585.0
0-203-0-10201039001,35,0.8974358974358975,1990.0,2024.0,4,22.0,15.0,26.0,0.13137295226433263,35,False,False,False,True,True,True,False,coverage;gap;starts_early,1986-2025,39,Zdobnice,50.247678,16.408505,671.0
0-203-0-10305002001,35,0.8974358974358975,1990.0,2024.0,4,22.0,11.0,26.0,0.18558785182867418,35,False,False,False,True,True,True,False,coverage;gap;starts_early,1986-2025,39,Krucemburk,49.688077,15.844811,559.0
0-203-0-10804044001,35,0.8974358974358975,1986.0,2024.0,4,22.0,11.0,25.0,0.15161575321213194,35,False,False,True,True,True,True,False,coverage;gap,1986-2025,39,Březnice,49.5542,13.9461,493.0
0-203-0-10903055001,35,0.8974358974358975,1986.0,2024.0,3,24.0,17.0,26.0,0.09835222837668,36,False,True,True,True,True,True,False,coverage,1986-2025,39,Načeradec,49.6044,14.9086,502.0
0-203-0-10903092001,35,0.8974358974358975,1986.0,2020.0,4,23.0,11.0,26.0,0.14456040893971733,36,False,False,True,False,True,True,False,coverage;gap;ends_late,1986-2025,39,Psáře,49.7536,14.9678,475.0
0-203-0-11101016001,35,0.8974358974358975,1989.0,2024.0,3,23.0,11.0,26.0,0.1378113382052104,36,False,True,False,True,True,True,False,coverage;starts_early,1986-2025,39,Dobřív,49.717616,13.689215,417.0
0-203-0-11303060001,35,0.8974358974358975,1986.0,2024.0,2,22.0,11.0,26.0,0.17758433523475203,38,False,True,True,True,True,True,False,coverage,1986-2025,39,Velečín  Pastuchovice,50.07036,13.38189,470.0
0-203-0-11303115902,35,0.8974358974358975,1986.0,2024.0,2,21.0,10.0,25.0,0.20402962142726502,39,False,True,True,True,True,True,False,coverage,1986-2025,39,Chomutov,50.46225,13.39711,362.0
0-203-0-11401056001,35,0.8974358974358975,1986.0,2023.0,2,22.0,12.0,26.0,0.15797442754923904,38,False,True,True,True,True,True,False,coverage,1986-2025,39,Hrob  Křižanov,50.654,13.71953,360.0
0-203-0-11403086001,35,0.8974358974358975,1986.0,2024.0,4,23.0,11.0,26.0,0.1620828442694176,38,False,False,True,True,True,True,False,coverage;gap,1986-2025,39,Žandov  Horní Police,50.708083,14.403417,275.0
0-203-0-11417,35,0.8974358974358975,1986.0,2024.0,2,21.0,10.0,25.0,0.2147699782975102,39,False,True,True,True,True,True,False,coverage,1986-2025,39,Krásné Údolí,50.071286,12.920958,650.0
0-203-0-11430,35,0.8974358974358975,1988.0,2024.0,2,19.0,13.0,25.0,0.17762030218307878,37,False,True,True,True,True,True,False,coverage,1986-2025,39,Měděnec,50.42936,13.13256,828.0
0-203-0-11493,35,0.8974358974358975,1986.0,2024.0,4,21.0,16.0,25.0,0.10922714867693574,37,False,False,True,True,True,True,False,coverage;gap,1986-2025,39,Kašperské Hory,49.145556,13.55,728.0
0-203-0-11503,35,0.8974358974358975,1986.0,2024.0,4,23.0,11.0,25.0,0.16153892376663975,38,False,False,True,True,True,True,False,coverage;gap,1986-2025,39,Ústí nad Labem  Vaňov,50.62556,14.05831,150.0
0-203-0-11554,35,0.8974358974358975,1986.0,2024.0,2,23.0,10.0,26.0,0.17460878313193298,38,False,True,True,True,True,True,False,coverage,1986-2025,39,Česká Lípa,50.675373,14.541141,246.0
0-203-0-11557,35,0.8974358974358975,1986.0,2024.0,3,23.0,10.0,25.0,0.16500403913204012,39,False,True,True,True,True,True,False,coverage,1986-2025,39,Stráž pod Ralskem,50.70361,14.80739,310.0
0-203-0-11558,35,0.8974358974358975,1986.0,2024.0,2,21.0,10.0,25.0,0.18342209384402955,39,False,True,True,True,True,True,False,coverage,1986-2025,39,Doksy,50.56811,14.66731,284.0
0-203-0-11585,35,0.8974358974358975,1986.0,2024.0,4,20.0,14.0,25.0,0.15690581591958583,36,False,False,True,True,True,True,False,coverage;gap,1986-2025,39,Borkovice,49.207925,14.636825,419.0
0-203-0-11671,35,0.8974358974358975,1986.0,2024.0,4,22.0,11.0,26.0,0.17119108674855563,36,False,False,True,True,True,True,False,coverage;gap,1986-2025,39,Broumov,50.569966,16.343617,373.0
0-203-0-11676,35,0.8974358974358975,1986.0,2024.0,2,21.0,10.0,25.0,0.22164285599788747,38,False,True,True,True,True,True,False,coverage,1986-2025,39,Rokytnice v Orlic.horách,50.164432,16.460258,577.0
0-203-0-11691,35,0.8974358974358975,1986.0,2024.0,3,22.0,11.0,26.0,0.129752501334122,39,False,True,True,True,True,True,False,coverage,1986-2025,39,Náměšť nad Oslavou,49.2101581,16.144155,390.0
0-203-0-11695,35,0.8974358974358975,1986.0,2024.0,4,22.0,13.0,26.0,0.13806022044823282,39,False,False,True,True,True,True,False,coverage;gap,1986-2025,39,Troubsko,49.1745,16.5074,278.0
0-203-0-11713,35,0.8974358974358975,1986.0,2024.0,2,22.0,10.0,26.0,0.19617330352159865,38,False,True,True,True,True,True,False,coverage,1986-2025,39,Jevíčko,49.6309,16.7055,362.0
0-203-0-11724,35,0.8974358974358975,1986.0,2024.0,4,22.0,15.0,26.0,0.1103912987338688,38,False,False,True,True,True,True,False,coverage;gap,1986-2025,39,Pohořelice,48.9844,16.5283,180.0
0-203-0-11725,35,0.8974358974358975,1986.0,2024.0,3,22.0,10.0,26.0,0.16545856948276597,36,False,True,True,True,True,True,False,coverage,1986-2025,39,Kobylí,48.9394,16.8814,175.0
0-203-0-11727,35,0.8974358974358975,1986.0,2024.0,4,23.0,15.0,26.0,0.12997903167308072,39,False,False,True,True,True,True,False,coverage;gap,1986-2025,39,Lednice,48.792616,16.798895,177.0
0-203-0-11736,35,0.8974358974358975,1986.0,2020.0,4,21.0,11.0,26.0,0.16886302320664698,36,False,False,True,False,True,True,False,coverage;gap;ends_late,1986-2025,39,Světlá Hora,50.0331,17.4011,593.0
0-203-0-11780,35,0.8974358974358975,1986.0,2024.0,1,22.0,10.0,25.0,0.2782149835505516,39,False,True,True,True,True,True,False,coverage,1986-2025,39,Štítná nad Vláří - Popov,49.0728,17.9711,315.0
0-203-0-20203023001,35,0.8974358974358975,1986.0,2024.0,2,22.0,10.0,26.0,0.19052465268780147,38,False,True,True,True,True,True,False,coverage,1986-2025,39,Děhylov,49.8701994,18.1648678,292.0
0-203-0-41002099001,35,0.8974358974358975,1986.0,2024.0,3,23.0,11.0,26.0,0.16818841832369646,38,False,True,True,True,True,True,False,coverage,1986-2025,39,Moravská Třebová  Bezděčí  Unerázka,49.7,16.7567,315.0
0-203-0-41003075001,35,0.8974358974358975,1986.0,2024.0,3,24.0,11.0,26.0,0.1415422774568397,37,False,True,True,True,True,True,False,coverage,1986-2025,39,Šternberk,49.725,17.2986,278.0
0-203-0-41003091001,35,0.8974358974358975,1986.0,2024.0,3,23.0,11.0,26.0,0.15806919940365682,39,False,True,True,True,True,True,False,coverage,1986-2025,39,Olomouc  Klášterní Hradisko,49.608795,17.264465,215.0
0-203-0-41003127001,35,0.8974358974358975,1986.0,2024.0,3,23.0,12.0,26.0,0.1561967134298996,38,False,True,True,True,True,True,False,coverage,1986-2025,39,Velký Újezd,49.5812756,17.4855908,381.0
0-203-0-41301014002,35,0.8974358974358975,1986.0,2024.0,1,20.0,10.0,25.0,0.25146850326576503,39,False,True,True,True,True,True,False,coverage,1986-2025,39,Zlín  Velíková,49.2875,17.7606,392.0
0-203-0-41401050001,35,0.8974358974358975,1986.0,2024.0,2,22.0,11.0,26.0,0.24209238297657548,39,False,True,True,True,True,True,False,coverage,1986-2025,39,Český Rudolec,49.073333,15.322222,520.0
0-203-0-41501030001,35,0.8974358974358975,1990.0,2024.0,4,23.0,12.0,26.0,0.17673224010007796,35,False,False,False,True,True,True,False,coverage;gap;starts_early,1986-2025,39,Věcov  Jimramovské Pavlovice,49.6153,16.2019,550.0
0-203-0-41501038001,35,0.8974358974358975,1990.0,2024.0,4,23.0,10.0,26.0,0.19530827539398218,35,False,False,False,True,True,True,False,coverage;gap;starts_early,1986-2025,39,Lísek,49.583611,16.183611,688.0
0-203-0-41501142001,35,0.8974358974358975,1986.0,2024.0,4,24.0,20.0,26.0,0.07727863388400542,38,False,False,True,True,True,True,False,coverage;gap,1986-2025,39,Kuřim,49.3006,16.5322,291.0
0-203-0-41503125001,35,0.8974358974358975,1986.0,2024.0,4,23.0,10.0,26.0,0.17076810985534016,38,False,False,True,True,True,True,False,coverage;gap,1986-2025,39,Židlochovice,49.0319,16.6152,183.0
0-203-0-41601100001,35,0.8974358974358975,1986.0,2024.0,2,22.0,10.0,26.0,0.2562390975442096,39,False,True,True,True,True,True,False,coverage,1986-2025,39,Budišov,49.2717,16.0039,485.0
0-203-0-41604005001,35,0.8974358974358975,1986.0,2024.0,4,23.0,15.0,26.0,0.13086575204329487,39,False,False,True,True,True,True,False,coverage;gap,1986-2025,39,Moravské Bránice,49.0825,16.4494,210.0
0-203-0-41701013001,35,0.8974358974358975,1986.0,2024.0,4,23.0,14.0,26.0,0.12978328029104796,39,False,False,True,True,True,True,False,coverage;gap,1986-2025,39,Ždánice,49.071944,17.025556,238.0
0-203-0-41701068002,35,0.8974358974358975,1986.0,2024.0,4,22.0,11.0,26.0,0.14768416957754318,39,False,False,True,True,True,True,False,coverage;gap,1986-2025,39,Koryčany,49.1028,17.17,305.0
0-203-0-42108066001,35,0.8974358974358975,1986.0,2024.0,1,19.0,10.0,25.0,0.28912441703981206,39,False,True,True,True,True,True,False,coverage,1986-2025,39,Valašské Klobouky,49.139167,18.015,402.0
0-203-0-10202005001,34,0.8717948717948718,1990.0,2024.0,4,22.0,13.0,26.0,0.15260551965624475,35,False,False,False,True,True,True,False,coverage;gap;starts_early,1986-2025,39,Králíky,50.08289,16.73475,538.0
0-203-0-10401004001,34,0.8717948717948718,1990.0,2024.0,4,21.0,10.0,25.0,0.22736623303239686,35,False,False,False,True,True,True,False,coverage;gap;starts_early,1986-2025,39,Zbýšov  Dobrovítov,49.78686,15.329835,490.0
0-203-0-10602066001,34,0.8717948717948718,1986.0,2024.0,3,21.0,11.0,26.0,0.18514610938008924,37,False,True,True,True,True,True,False,coverage,1986-2025,39,Besednice,48.7915,14.5549319,593.0
0-203-0-10603048001,34,0.8717948717948718,1990.0,2024.0,4,21.0,14.0,25.0,0.13422501688931596,35,False,False,False,True,True,True,False,coverage;gap;starts_early,1986-2025,39,Němčice,49.0308,14.2714,436.0
0-203-0-10805001001,34,0.8717948717948718,1986.0,2024.0,4,22.0,10.0,26.0,0.16003200960320113,36,False,False,True,True,True,True,False,coverage;gap,1986-2025,39,Orlík nad Vltavou,49.5033544,14.1683553,431.0
0-203-0-10901134001,34,0.8717948717948718,1986.0,2019.0,5,24.0,13.0,26.0,0.12623019597773497,35,False,False,True,False,True,True,False,coverage;gap;ends_late,1986-2025,39,Bohdaneč,49.778642,15.223688,460.0
0-203-0-10903101001,34,0.8717948717948718,1986.0,2020.0,4,23.0,13.0,25.0,0.10372360412252964,36,False,False,True,False,True,True,False,coverage;gap;ends_late,1986-2025,39,Sázava,49.876432,14.901245,350.0
0-203-0-11303017001,34,0.8717948717948718,1986.0,2024.0,3,22.0,11.0,26.0,0.19056278064248694,39,False,True,True,True,True,True,False,coverage,1986-2025,39,Mašťov,50.2608,13.2828,373.0
0-203-0-11303078001,34,0.8717948717948718,1986.0,2024.0,2,22.0,10.0,26.0,0.18652556036527249,39,False,True,True,True,True,True,False,coverage,1986-2025,39,Velká Černoc,50.20283,13.58406,329.0
0-203-0-11303100001,34,0.8717948717948718,1986.0,2024.0,3,22.0,11.0,26.0,0.19541450524095016,38,False,True,True,True,True,True,False,coverage,1986-2025,39,Hřivice,50.292153,13.732,270.0
0-203-0-11304046001,34,0.8717948717948718,1986.0,2024.0,5,21.5,11.0,26.0,0.17070911783849876,37,False,False,True,True,True,True,False,coverage;gap,1986-2025,39,Dlažkovice,50.47,13.95222,278.0
0-203-0-11304061001,34,0.8717948717948718,1986.0,2024.0,5,23.0,10.0,26.0,0.1724419781326642,38,False,False,True,True,True,True,False,coverage;gap,1986-2025,39,Straškov-Vodochody,50.36389,14.255,214.0
0-203-0-11401048001,34,0.8717948717948718,1986.0,2024.0,4,22.0,11.0,26.0,0.20423162271096046,38,False,False,True,True,True,True,False,coverage;gap,1986-2025,39,Bílina,50.539526,13.775657,270.0
0-203-0-11402017001,34,0.8717948717948718,1986.0,2024.0,5,22.0,11.0,26.0,0.16785214054029374,39,False,False,True,True,True,True,False,coverage;gap,1986-2025,39,Děčín  Těchlovice,50.69783,14.20433,150.0
0-203-0-11402030001,34,0.8717948717948718,1986.0,2024.0,3,22.5,15.0,26.0,0.12719597541813532,39,False,True,True,True,True,True,False,coverage,1986-2025,39,Jílové,50.76642,14.10183,310.0
0-203-0-11403070002,34,0.8717948717948718,1988.0,2024.0,2,22.0,11.0,26.0,0.16121612263660984,37,False,True,True,True,True,True,False,coverage,1986-2025,39,Verneřice,50.65789,14.30492,507.0
0-203-0-11403079001,34,0.8717948717948718,1986.0,2024.0,5,22.0,15.0,25.0,0.12702392408102395,39,False,False,True,True,True,True,False,coverage;gap,1986-2025,39,Zahrádky,50.61428,14.51467,270.0
0-203-0-11405003001,34,0.8717948717948718,1986.0,2024.0,4,22.0,13.0,25.0,0.14091604342159234,39,False,False,True,True,True,True,False,coverage;gap,1986-2025,39,Česká Kamenice,50.80333,14.44361,328.0
0-203-0-11428,34,0.8717948717948718,1986.0,2024.0,2,22.5,10.0,26.0,0.20528539959721778,37,False,True,True,True,True,True,False,coverage,1986-2025,39,Domažlice,49.444716,12.922385,458.0
0-203-0-11488,34,0.8717948717948718,1990.0,2024.0,4,21.0,15.0,26.0,0.13098331208327266,36,False,False,False,True,True,True,False,coverage;gap;starts_early,1986-2025,39,Blatná,49.4333,13.8731,452.0
0-203-0-11504,34,0.8717948717948718,1989.0,2024.0,3,19.5,12.0,25.0,0.16382386599649687,35,False,True,False,True,True,True,False,coverage;starts_early,1986-2025,39,Sněžník,50.79683,14.08536,569.0
0-203-0-11522,34,0.8717948717948718,1986.0,2024.0,4,21.5,10.0,26.0,0.17138408511344633,37,False,False,True,True,True,True,False,coverage;gap,1986-2025,39,Neumětely,49.854272,14.037548,322.0
0-203-0-11640,34,0.8717948717948718,1986.0,2022.0,3,23.0,13.0,26.0,0.15561952407291915,35,False,True,True,True,True,True,False,coverage,1986-2025,39,Labská bouda,50.769883,15.544927,1320.0
0-203-0-11716,34,0.8717948717948718,1986.0,2024.0,3,19.0,11.0,25.0,0.1786230792582785,39,False,True,True,True,True,True,False,coverage,1986-2025,39,Protivanov,49.47782,16.83105,675.0
0-203-0-11763,34,0.8717948717948718,1986.0,2024.0,4,22.5,16.0,25.0,0.10661268556005399,39,False,False,True,True,True,True,False,coverage;gap,1986-2025,39,Opava,49.928847,17.878541,268.0
0-203-0-11768,34,0.8717948717948718,1986.0,2024.0,5,24.0,13.0,26.0,0.11048031702918278,37,False,False,True,True,True,True,False,coverage;gap,1986-2025,39,Hranice  Drahotuše,49.5525,17.701389,247.0
0-203-0-11770,34,0.8717948717948718,1986.0,2020.0,4,22.0,11.0,25.0,0.1451976694789612,35,False,False,True,False,True,True,False,coverage;gap;ends_late,1986-2025,39,Hošťálková,49.3514,17.8683,385.0
0-203-0-11777,34,0.8717948717948718,1986.0,2024.0,2,20.5,11.0,26.0,0.25424938512166656,38,False,True,True,True,True,True,False,coverage,1986-2025,39,Vizovice,49.22297,17.84361,313.0
0-203-0-11779,34,0.8717948717948718,1986.0,2024.0,2,21.5,11.0,26.0,0.23977415675251584,39,False,True,True,True,True,True,False,coverage,1986-2025,39,Strání,48.9033,17.7086,383.0
0-203-0-20401011001,34,0.8717948717948718,1986.0,2024.0,2,21.5,10.0,26.0,0.20924857124777815,38,False,True,True,True,True,True,False,coverage,1986-2025,39,Sudice,50.0319,18.0736,217.0
0-203-0-20407034001,34,0.8717948717948718,1987.0,2024.0,4,21.5,11.0,25.0,0.14742527852115475,38,False,False,True,True,True,True,False,coverage;gap,1986-2025,39,Chrastava,50.81872,14.95861,314.0
0-203-0-41002054001,34,0.8717948717948718,1986.0,2024.0,5,24.0,11.0,26.0,0.13071220155503807,35,False,False,True,True,True,True,False,coverage;gap,1986-2025,39,Mírov  Míroveček,49.796164,16.839447,370.0
0-203-0-41102038001,34,0.8717948717948718,1986.0,2024.0,3,21.0,14.0,24.0,0.13590078492222588,38,False,True,True,True,True,True,False,coverage,1986-2025,39,Potštát  Kyžlířov,49.6417,17.6764,565.0
0-203-0-41502013001,34,0.8717948717948718,1990.0,2024.0,4,23.0,10.0,26.0,0.20856051863325778,35,False,False,False,True,True,True,False,coverage;gap;starts_early,1986-2025,39,Stvolová  Skřib,49.589167,16.550556,395.0
0-203-0-41503067001,34,0.8717948717948718,1986.0,2024.0,3,23.0,10.0,26.0,0.2884214270369412,39,False,True,True,True,True,True,False,coverage,1986-2025,39,Bukovinka,49.296944,16.798889,511.0
0-203-0-41503106201,34,0.8717948717948718,1986.0,2024.0,5,23.5,13.0,26.0,0.14976956143871636,37,False,False,True,True,True,True,False,coverage;gap,1986-2025,39,Těšany,49.0419,16.7658,209.0
0-203-0-41601072001,34,0.8717948717948718,1986.0,2024.0,3,24.0,11.0,26.0,0.21713779726389346,39,False,True,True,True,True,True,False,coverage,1986-2025,39,Brtnice,49.3069,15.6753,517.0
0-203-0-41701032001,34,0.8717948717948718,1986.0,2024.0,5,23.5,13.0,26.0,0.1208733429339227,38,False,False,True,True,True,True,False,coverage;gap,1986-2025,39,Klobouky u Brna,48.9961,16.8767,205.0
0-203-0-41701056001,34,0.8717948717948718,1986.0,2024.0,4,23.5,15.0,26.0,0.13420221362418883,39,False,False,True,True,True,True,False,coverage;gap,1986-2025,39,Valtice,48.745833,16.759167,195.0
0-203-0-42109005002,34,0.8717948717948718,1986.0,2024.0,1,21.0,10.0,26.0,0.2373294820161299,39,False,True,True,True,True,True,False,coverage,1986-2025,39,Starý Hrozenkov,48.9681,17.8614,412.0
0-20000-0-11433,33,0.8461538461538461,1986.0,2024.0,2,22.0,10.0,26.0,0.18233900900395794,39,False,True,True,True,True,True,False,coverage,1986-2025,39,Kopisty,50.54417,13.62278,240.0
0-20000-0-11509,33,0.8461538461538461,1986.0,2023.0,4,23.0,10.0,26.0,0.2051399087714792,36,False,False,True,True,True,True,False,coverage;gap,1986-2025,39,Doksany,50.45889,14.17,158.0
0-20000-0-11567,33,0.8461538461538461,1986.0,2024.0,4,22.0,10.0,25.0,0.15027581312920427,38,False,False,True,True,True,True,False,coverage;gap,1986-2025,39,Praha  Kbely,50.123333,14.538056,284.5
0-20000-0-11679,33,0.8461538461538461,1986.0,2024.0,1,21.0,10.0,25.0,0.20583528381329572,38,False,True,True,True,True,True,False,coverage,1986-2025,39,Ústí nad Orlicí,49.980278,16.422222,401.7
0-203-0-10102027001,33,0.8461538461538461,1990.0,2024.0,4,22.0,10.0,26.0,0.19818479499630903,35,False,False,False,True,True,True,False,coverage;gap;starts_early,1986-2025,39,Žacléř,50.661205,15.907098,644.0
0-203-0-10201001003,33,0.8461538461538461,1990.0,2024.0,4,23.0,13.0,26.0,0.15115297622680882,34,False,False,False,True,True,True,False,coverage;gap;starts_early,1986-2025,39,Orlické Záhoří,50.280707,16.468455,690.0
0-203-0-10302022001,33,0.8461538461538461,1990.0,2024.0,4,22.0,10.0,26.0,0.22370196533188913,35,False,False,False,True,True,True,False,coverage;gap;starts_early,1986-2025,39,Lubná,49.773006,16.190554,560.0
0-203-0-10602007001,33,0.8461538461538461,1987.0,2023.0,3,21.0,10.0,25.0,0.1713184790339425,36,False,True,True,True,True,True,False,coverage,1986-2025,39,Dolní Dvořiště,48.6583611,14.4604581,606.0
0-203-0-10801125001,33,0.8461538461538461,1986.0,2024.0,6,22.0,10.0,26.0,0.1472567794651067,39,False,False,True,True,True,True,False,coverage;gap,1986-2025,39,Katovice,49.2705208,13.8319189,412.0
0-203-0-11002020001,33,0.8461538461538461,1986.0,2024.0,5,23.0,12.0,26.0,0.1661464021309002,35,False,False,True,True,True,True,False,coverage;gap,1986-2025,39,Trhanov  Chodov,49.41688,12.83535,471.0
0-203-0-11203020001,33,0.8461538461538461,1986.0,2024.0,6,22.0,13.0,25.0,0.15945583187893309,38,False,False,True,True,True,True,False,coverage;gap,1986-2025,39,Dubá  Nedamov,50.536399,14.555594,258.0
0-203-0-11301070001,33,0.8461538461538461,1986.0,2018.0,6,21.0,13.0,26.0,0.17880071859390545,34,False,False,True,False,True,True,False,coverage;gap;ends_late,1986-2025,39,Dolní Žandov,50.019769,12.550387,537.0
0-203-0-11304017001,33,0.8461538461538461,1986.0,2024.0,5,23.0,11.0,26.0,0.15545833127347689,38,False,False,True,True,True,True,False,coverage;gap,1986-2025,39,Cítoliby,50.3361,13.8164,235.0
0-203-0-11442,33,0.8461538461538461,1986.0,2024.0,3,21.0,10.0,26.0,0.14915571211899026,37,False,True,True,True,True,True,False,coverage,1986-2025,39,Kralovice,49.981823,13.494007,449.0
0-203-0-11446,33,0.8461538461538461,1986.0,2024.0,3,23.0,14.0,26.0,0.12209155130656324,38,False,True,True,True,True,True,False,coverage,1986-2025,39,Plzeň  Bolevec,49.788378,13.386411,331.0
0-203-0-11491,33,0.8461538461538461,1986.0,2019.0,5,22.0,16.0,25.0,0.10905356947949438,34,False,False,True,False,True,True,False,coverage;gap;ends_late,1986-2025,39,Strakonice  Nové Strakonice,49.2546,13.8827,404.0
0-203-0-11545,33,0.8461538461538461,1989.0,2021.0,3,20.0,12.0,26.0,0.15898806942209295,33,False,True,False,False,True,True,False,coverage;starts_early;ends_late,1986-2025,39,Český Krumlov  Srnín,48.8493247,14.3483183,546.0
0-203-0-11559,33,0.8461538461538461,1986.0,2024.0,5,24.0,11.0,26.0,0.1640544766207182,38,False,False,True,True,True,True,False,coverage;gap,1986-2025,39,Kořenov  Jizerka,50.819878,15.344272,858.0
0-203-0-11563,33,0.8461538461538461,1986.0,2024.0,4,22.0,12.0,26.0,0.14198690253280055,36,False,False,True,True,True,True,False,coverage;gap,1986-2025,39,Brandýs nad Labem-St.B,50.189691,14.660559,179.0
0-203-0-11606,33,0.8461538461538461,1986.0,2024.0,6,22.0,13.0,25.0,0.1308789132935563,33,False,False,True,True,True,True,False,coverage;gap,1986-2025,39,Harrachov,50.781746,15.420036,675.0
0-203-0-20201017001,33,0.8461538461538461,1986.0,2023.0,2,20.0,10.0,25.0,0.23332908243735542,37,False,True,True,True,True,True,False,coverage,1986-2025,39,Karlovice,50.0936408,17.4510033,467.0
0-203-0-20202019001,33,0.8461538461538461,1992.0,2024.0,6,22.0,16.0,26.0,0.13309796923805556,33,False,False,False,True,True,True,False,coverage;gap;starts_early,1986-2025,39,Rýmařov  Harrachov,49.955833,17.286667,643.0
0-203-0-20303008001,33,0.8461538461538461,1986.0,2024.0,3,23.0,15.0,26.0,0.12350798016840624,38,False,True,True,True,True,True,False,coverage,1986-2025,39,Horní Lomná,49.534088,18.637779,582.0
0-203-0-20303022001,33,0.8461538461538461,1986.0,2024.0,6,24.0,17.0,26.0,0.10151591143631386,39,False,False,True,True,True,True,False,coverage;gap,1986-2025,39,Nýdek,49.6621492,18.7651222,425.0
0-203-0-20303032001,33,0.8461538461538461,1986.0,2019.0,5,22.0,11.0,26.0,0.181155497626647,35,False,False,True,False,True,True,False,coverage;gap;ends_late,1986-2025,39,Tyra,49.6258,18.6494,500.0
0-203-0-20407004001,33,0.8461538461538461,1986.0,2018.0,6,24.0,13.0,25.0,0.15136396933530122,33,False,False,True,False,True,True,False,coverage;gap;ends_late,1986-2025,39,Jablonec nad Nisou,50.72922,15.17959,495.0
0-203-0-41002041001,33,0.8461538461538461,1986.0,2018.0,6,25.0,13.0,26.0,0.16605065964710972,34,False,False,True,False,True,True,False,coverage;gap;ends_late,1986-2025,39,Hoštejn,49.875125,16.7688722,305.0
0-203-0-41102054001,33,0.8461538461538461,1987.0,2024.0,3,23.0,13.0,26.0,0.12163792845966415,38,False,True,True,True,True,True,False,coverage,1986-2025,39,Lipník nad Bečvou,49.521944,17.590556,227.0
0-203-0-41402050001,33,0.8461538461538461,1986.0,2024.0,3,22.0,10.0,26.0,0.2727977357881894,39,False,True,True,True,True,True,False,coverage,1986-2025,39,Bítov,48.938333,15.73,425.0
0-203-0-41501024001,33,0.8461538461538461,1992.0,2024.0,6,24.0,15.0,26.0,0.12148135700323064,33,False,False,False,True,True,True,False,coverage;gap;starts_early,1986-2025,39,Kadov,49.6351314,16.07777778,672.0
0-203-0-41502003002,33,0.8461538461538461,1988.0,2024.0,4,22.0,10.0,26.0,0.2581985755454253,37,False,False,True,True,True,True,False,coverage;gap,1986-2025,39,Hradec nad Svitavou,49.7311,16.4875,446.0
0-203-0-41604020001,33,0.8461538461538461,1986.0,2022.0,4,24.0,16.0,26.0,0.09990719255541249,37,False,False,True,True,True,True,False,coverage;gap,1986-2025,39,Miroslav,48.9442,16.3197,238.0
0-20000-0-11520,32,0.8205128205128205,1986.0,2024.0,4,23.0,15.0,26.0,0.08853944854801532,39,False,False,True,True,True,True,False,coverage;gap,1986-2025,39,Praha  Libuš,50.007778,14.446944,302.04
0-203-0-10101025001,32,0.8205128205128205,1990.0,2022.0,4,22.0,10.0,26.0,0.18962627643742092,33,False,False,False,True,True,True,False,coverage;gap;starts_early,1986-2025,39,Hostinné,50.5400231,15.7201375,351.0
0-203-0-10201047001,32,0.8205128205128205,1990.0,2024.0,4,21.0,10.0,25.0,0.2038450178410055,35,False,False,False,True,True,True,False,coverage;gap;starts_early,1986-2025,39,Slatina nad Zdobnicí,50.13555556,16.38277778,390.0
0-203-0-10202014001,32,0.8205128205128205,1990.0,2024.0,4,23.0,14.0,26.0,0.14596855203028555,33,False,False,False,True,True,True,False,coverage;gap;starts_early,1986-2025,39,Orličky,50.026453,16.667424,570.0
0-203-0-10302007001,32,0.8205128205128205,1990.0,2023.0,4,21.0,10.0,25.0,0.2300070125158179,34,False,False,False,True,True,True,False,coverage;gap;starts_early,1986-2025,39,Trstěnice,49.807087,16.341265,435.0
0-203-0-10303009001,32,0.8205128205128205,1990.0,2024.0,4,21.0,13.0,24.0,0.15256126108608953,35,False,False,False,True,True,True,False,coverage;gap;starts_early,1986-2025,39,Hamry,49.738323,15.914045,605.0
0-203-0-10303045001,32,0.8205128205128205,1990.0,2024.0,4,23.0,10.0,26.0,0.22047927592204924,35,False,False,False,True,True,True,False,coverage;gap;starts_early,1986-2025,39,Nové Hrady,49.850201,16.1475,400.0
0-203-0-10602036001,32,0.8205128205128205,1986.0,2017.0,7,21.5,10.0,25.0,0.12969735598255366,33,False,False,True,False,True,True,False,coverage;gap;ends_late,1986-2025,39,Netřebice,48.7925114,14.4535261,616.0
0-203-0-10602062001,32,0.8205128205128205,1986.0,2018.0,6,22.0,13.0,26.0,0.14108383735198224,34,False,False,True,False,True,True,False,coverage;gap;ends_late,1986-2025,39,Trhové Sviny,48.8455767,14.6372439,468.0
0-203-0-11104016001,32,0.8205128205128205,1992.0,2024.0,6,22.5,10.0,26.0,0.16218721817849494,33,False,False,False,True,True,True,False,coverage;gap;starts_early,1986-2025,39,Rpety,49.8272,13.9369,360.0
0-203-0-11203039001,32,0.8205128205128205,1986.0,2024.0,6,23.0,11.0,25.0,0.16648629143344598,37,False,False,True,True,True,True,False,coverage;gap,1986-2025,39,Roudnice nad Labem,50.42731,14.24917,175.0
0-203-0-11203051001,32,0.8205128205128205,1986.0,2021.0,3,23.5,10.0,26.0,0.15373999222319093,36,False,True,True,False,True,True,False,coverage;ends_late,1986-2025,39,Úštěk  Habřina,50.59617,14.30925,280.0
0-203-0-11304028001,32,0.8205128205128205,1986.0,2024.0,3,22.0,11.0,26.0,0.1864895360888033,38,False,True,True,True,True,True,False,coverage,1986-2025,39,Peruc,50.3386,13.9542,350.0
0-203-0-11304041001,32,0.8205128205128205,1986.0,2024.0,6,23.0,11.0,26.0,0.1734932489580123,36,False,False,True,True,True,True,False,coverage;gap,1986-2025,39,Libochovice  Poplze,50.39983,14.04575,165.0
0-203-0-11305010001,32,0.8205128205128205,1986.0,2024.0,5,22.0,11.0,25.0,0.2016794565011597,37,False,False,True,True,True,True,False,coverage;gap,1986-2025,39,Milešov,50.53642,13.94231,348.0
0-203-0-11419,32,0.8205128205128205,1986.0,2024.0,5,22.0,11.0,26.0,0.16538623796964053,38,False,False,True,True,True,True,False,coverage;gap,1986-2025,39,Konstantinovy Lázně,49.884787,12.975956,530.0
0-203-0-11451,32,0.8205128205128205,1986.0,2024.0,7,23.0,14.0,26.0,0.10928038726125551,38,False,False,True,True,True,True,False,coverage;gap,1986-2025,39,Staňkov,49.552537,13.067369,362.0
0-203-0-11474,32,0.8205128205128205,1986.0,2024.0,7,22.0,15.0,26.0,0.11092316295545879,38,False,False,True,True,True,True,False,coverage;gap,1986-2025,39,Lány,50.124148,13.952337,415.0
0-203-0-11486,32,0.8205128205128205,1986.0,2024.0,3,22.0,10.0,26.0,0.1990948134975867,39,False,True,True,True,True,True,False,coverage,1986-2025,39,Nepomuk,49.486924,13.589389,471.0
0-203-0-11501028001,32,0.8205128205128205,1987.0,2024.0,6,22.5,10.0,25.0,0.15914615824394943,37,False,False,True,True,True,True,False,coverage;gap,1986-2025,39,Lobendava,51.01965,14.31347,350.0
0-203-0-11525,32,0.8205128205128205,1986.0,2024.0,5,22.0,15.0,26.0,0.11017454221400748,34,False,False,True,True,True,True,False,coverage;gap,1986-2025,39,Kamýk nad Vltavou,49.63234,14.24637,280.0
0-203-0-11561,32,0.8205128205128205,1986.0,2024.0,4,21.5,12.0,26.0,0.17977831259038096,39,False,False,True,True,True,True,False,coverage;gap,1986-2025,39,Semčice,50.3671,15.0036,234.0
0-203-0-11612,32,0.8205128205128205,1986.0,2024.0,4,21.0,12.0,25.0,0.15877128579627883,38,False,False,True,True,True,True,False,coverage;gap,1986-2025,39,Holovousy,50.375735,15.5810108,321.0
0-203-0-11637,32,0.8205128205128205,1990.0,2024.0,4,20.5,11.0,25.0,0.20491347697000525,33,False,False,False,True,True,True,False,coverage;gap;starts_early,1986-2025,39,Vrchlabí,50.622778,15.646389,482.0
0-203-0-11797,32,0.8205128205128205,1991.0,2024.0,5,22.0,13.0,26.0,0.13977204105084387,34,False,False,False,True,True,True,False,coverage;gap;starts_early,1986-2025,39,Ropice,49.6975,18.6125,327.0
0-203-0-20202077001,32,0.8205128205128205,1986.0,2024.0,4,22.0,11.0,26.0,0.1838443492526001,38,False,False,True,True,True,True,False,coverage;gap,1986-2025,39,Hradec nad Moravicí,49.876837,17.870902,275.0
0-203-0-20203012001,32,0.8205128205128205,1986.0,2024.0,3,22.0,10.0,26.0,0.17949173783385486,38,False,True,True,True,True,True,False,coverage,1986-2025,39,Hrabyně,49.8783,18.0533,395.0
0-203-0-20302014002,32,0.8205128205128205,1986.0,2024.0,2,23.0,11.0,26.0,0.15334390922901728,38,False,True,True,True,True,True,False,coverage,1986-2025,39,Hať,49.9458,18.2542,220.0
0-203-0-20402004001,32,0.8205128205128205,1986.0,2018.0,6,22.5,12.0,26.0,0.183721588425015,33,False,False,True,False,True,True,False,coverage;gap;ends_late,1986-2025,39,Třemešná,50.2053,17.5757,369.0
0-203-0-40102021001,32,0.8205128205128205,1986.0,2018.0,6,23.0,10.0,26.0,0.15326276481273632,34,False,False,True,False,True,True,False,coverage;gap;ends_late,1986-2025,39,Železná,49.583431,12.581084,511.0
0-203-0-41003064001,32,0.8205128205128205,1986.0,2019.0,5,23.5,12.0,26.0,0.18478855815637885,33,False,False,True,False,True,True,False,coverage;gap;ends_late,1986-2025,39,Štěpánov,49.68115,17.22473,225.0
0-203-0-41202048001,32,0.8205128205128205,1986.0,2024.0,5,20.0,11.0,26.0,0.2392205164174388,39,False,False,True,True,True,True,False,coverage;gap,1986-2025,39,Podivice,49.369444,17.003611,375.0
0-203-0-41501153002,32,0.8205128205128205,1992.0,2024.0,6,21.0,11.0,25.0,0.1582156111944523,33,False,False,False,True,True,True,False,coverage;gap;starts_early,1986-2025,39,Brno  Jundrov,49.2019,16.5608,260.0
0-203-0-41502007002,32,0.8205128205128205,1986.0,2024.0,4,22.5,11.0,26.0,0.24935577261254496,39,False,False,True,True,True,True,False,coverage;gap,1986-2025,39,Březová nad Svitavou,49.6597,16.5003,387.0
0-203-0-41502105102,32,0.8205128205128205,1986.0,2024.0,3,20.0,10.0,25.0,0.22467808547930296,39,False,True,True,True,True,True,False,coverage,1986-2025,39,Babice nad Svitavou,49.2889,16.6958,470.0
0-203-0-41701105001,32,0.8205128205128205,1986.0,2022.0,4,23.5,13.0,26.0,0.13988651233695204,36,False,False,True,True,True,True,False,coverage;gap,1986-2025,39,Prušánky,48.832222,16.969722,179.0
0-203-0-42108060001,32,0.8205128205128205,1986.0,2022.0,2,18.5,12.0,26.0,0.2503191051342098,38,False,True,True,True,True,True,False,coverage,1986-2025,39,Slavičín,49.0853,17.8783,362.0
0-20000-0-11774,31,0.7948717948717948,1986.0,2024.0,3,22.0,10.0,25.0,0.24632309229688829,39,False,True,True,True,True,True,False,coverage,1986-2025,39,Holešov,49.320556,17.57,222.25
0-203-0-10103018001,31,0.7948717948717948,1990.0,2024.0,4,20.0,12.0,26.0,0.16535194438386372,35,False,False,False,True,True,True,False,coverage;gap;starts_early,1986-2025,39,Police nad Metují,50.537805,16.237511,446.0
0-203-0-10103041001,31,0.7948717948717948,1990.0,2024.0,4,22.0,11.0,26.0,0.1724639452714232,35,False,False,False,True,True,True,False,coverage;gap;starts_early,1986-2025,39,Náchod,50.395208,16.157201,336.0
0-203-0-10305021001,31,0.7948717948717948,1990.0,2024.0,4,22.0,11.0,26.0,0.2014911187587423,35,False,False,False,True,True,True,False,coverage;gap;starts_early,1986-2025,39,Běstvina  Pařížov,49.829595,15.569633,333.0
0-203-0-10402021001,31,0.7948717948717948,1986.0,2024.0,4,22.0,12.0,26.0,0.1711209115224208,37,False,False,True,True,True,True,False,coverage;gap,1986-2025,39,Slatiny  Milíčeves,50.379018,15.393348,254.0
0-203-0-10504042001,31,0.7948717948717948,1986.0,2017.0,7,24.0,14.0,26.0,0.12307607660434533,32,False,False,True,False,True,True,False,coverage;gap;ends_late,1986-2025,39,Bezno,50.3744,14.7894,280.0
0-203-0-10601029001,31,0.7948717948717948,1986.0,2018.0,6,22.0,12.0,26.0,0.1714786578590184,33,False,False,True,False,True,True,False,coverage;gap;ends_late,1986-2025,39,Strážný,48.9054436,13.7206847,811.0
0-203-0-10601075001,31,0.7948717948717948,1986.0,2016.0,8,21.0,11.0,25.0,0.14050774567049532,32,False,False,True,False,True,True,False,coverage;gap;ends_late,1986-2025,39,Horní Planá,48.7675,14.0342,771.0
0-203-0-10601195001,31,0.7948717948717948,1994.0,2024.0,8,20.0,13.0,24.0,0.13980360570090963,31,False,False,False,True,True,True,False,coverage;gap;starts_early,1986-2025,39,Ktiš  Tisovka,48.9035069,14.1059625,758.0
0-203-0-10602077001,31,0.7948717948717948,1986.0,2016.0,8,22.0,12.0,26.0,0.138373004742736,31,False,False,True,False,True,True,False,coverage;gap;ends_late,1986-2025,39,Roudné,48.9356,14.4903,393.0
0-203-0-10801100001,31,0.7948717948717948,1994.0,2024.0,8,21.0,14.0,26.0,0.12049491079723053,31,False,False,False,True,True,True,False,coverage;gap;starts_early,1986-2025,39,Nalžovské Hory,49.3347,13.5486,495.0
0-203-0-10802028001,31,0.7948717948717948,1994.0,2024.0,8,23.0,19.0,26.0,0.0766751795805289,32,False,False,False,True,True,True,False,coverage;gap;starts_early,1986-2025,39,Zálezly,49.1075389,13.8931481,569.0
0-203-0-11001110001,31,0.7948717948717948,1993.0,2024.0,7,21.0,12.0,26.0,0.14263686703386955,31,False,False,False,True,True,True,False,coverage;gap;starts_early,1986-2025,39,Bor,49.710653,12.770725,471.0
0-203-0-11103015001,31,0.7948717948717948,1986.0,2019.0,5,24.0,14.0,26.0,0.11687070513888065,33,False,False,True,False,True,True,False,coverage;gap;ends_late,1986-2025,39,Rakovník,50.099245,13.738651,313.0
0-203-0-11104046001,31,0.7948717948717948,1993.0,2024.0,7,22.0,11.0,26.0,0.14106158211300826,32,False,False,False,True,True,True,False,coverage;gap;starts_early,1986-2025,39,Zdice,49.9108,13.9714,305.0
0-203-0-11301082001,31,0.7948717948717948,1986.0,2016.0,8,21.0,12.0,25.0,0.1564838005160623,32,False,False,True,False,True,True,False,coverage;gap;ends_late,1986-2025,39,Kynžvart  Lazy,50.05,12.62322,845.0
0-203-0-11305002001,31,0.7948717948717948,1988.0,2024.0,6,22.0,10.0,26.0,0.18383188740373876,37,False,False,True,True,True,True,False,coverage;gap,1986-2025,39,Litoměřice,50.543229,14.140687,206.0
0-203-0-11420,31,0.7948717948717948,1986.0,2024.0,8,24.0,16.0,26.0,0.1084539763867371,31,False,False,True,True,True,True,False,coverage;gap,1986-2025,39,Klínovec,50.3948,12.967957,1236.0
0-203-0-11447,31,0.7948717948717948,1986.0,2024.0,8,23.0,12.0,26.0,0.14421164088488528,36,False,False,True,True,True,True,False,coverage;gap,1986-2025,39,Stříbro,49.752524,12.981105,438.0
0-203-0-11461,31,0.7948717948717948,1986.0,2024.0,4,22.0,12.0,26.0,0.1732673094242578,38,False,False,True,True,True,True,False,coverage;gap,1986-2025,39,Teplice,50.645153,13.836344,227.0
0-203-0-11478,31,0.7948717948717948,1986.0,2024.0,5,22.0,11.0,26.0,0.15518288035235597,39,False,False,True,True,True,True,False,coverage;gap,1986-2025,39,Zbiroh  Švabín,49.853987,13.751748,476.0
0-203-0-11498,31,0.7948717948717948,1986.0,2016.0,8,21.0,14.0,24.0,0.1479046012040782,32,False,False,True,False,True,True,False,coverage;gap;ends_late,1986-2025,39,Lenora  Houžná,48.9344,13.7694,804.0
0-203-0-11662,31,0.7948717948717948,1986.0,2024.0,8,22.0,18.0,26.0,0.1028405218792392,31,False,False,True,True,True,True,False,coverage;gap,1986-2025,39,Hubenov,49.3931,15.4669,570.0
0-203-0-11741,31,0.7948717948717948,1986.0,2018.0,6,22.0,12.0,26.0,0.19151523041457627,34,False,False,True,False,True,True,False,coverage;gap;ends_late,1986-2025,39,Paseka,49.7776,17.2345,271.0
0-203-0-11771,31,0.7948717948717948,1986.0,2024.0,6,20.0,10.0,25.0,0.25909349418713185,38,False,False,True,True,True,True,False,coverage;gap,1986-2025,39,Bystřice pod Hostýnem,49.3964,17.6706,314.0
0-203-0-20301015001,31,0.7948717948717948,1986.0,2016.0,8,23.0,13.0,26.0,0.11899645477912357,31,False,False,True,False,True,True,False,coverage;gap;ends_late,1986-2025,39,Šance,49.5125,18.4189,509.0
0-203-0-20301027102,31,0.7948717948717948,1986.0,2016.0,8,22.0,11.0,26.0,0.1765719974937522,31,False,False,True,False,True,True,False,coverage;gap;ends_late,1986-2025,39,Frýdlant nad Ostravicí  Lubno,49.6011,18.3858,398.0
0-203-0-20303046001,31,0.7948717948717948,1986.0,2018.0,6,22.0,10.0,26.0,0.195158348502162,34,False,False,True,False,True,True,False,coverage;gap;ends_late,1986-2025,39,Český Těšín,49.753611,18.608611,274.0
0-203-0-20402001001,31,0.7948717948717948,1986.0,2024.0,5,23.0,13.0,26.0,0.15789536102808044,36,False,False,True,True,True,True,False,coverage;gap,1986-2025,39,Jindřichov,50.2525,17.5231,358.2
0-203-0-40402001001,31,0.7948717948717948,1986.0,2017.0,7,23.0,10.0,26.0,0.12969900637654858,32,False,False,True,False,True,True,False,coverage;gap;ends_late,1986-2025,39,Frymburk  Svatý Tomáš,48.639722,14.104722,972.0
0-203-0-41402084001,31,0.7948717948717948,1990.0,2024.0,4,22.0,12.0,26.0,0.17329000593350596,35,False,False,False,True,True,True,False,coverage;gap;starts_early,1986-2025,39,Jaroslavice,48.7553,16.2325,190.0
0-203-0-41501135001,31,0.7948717948717948,1986.0,2019.0,5,22.0,13.0,26.0,0.1360655965769207,34,False,False,True,False,True,True,False,coverage;gap;ends_late,1986-2025,39,Velká Bíteš,49.2918,16.221,485.0
0-203-0-10101067001,30,0.7692307692307693,1990.0,2024.0,4,22.0,12.0,26.0,0.17657218185514792,34,False,False,False,True,True,True,False,coverage;gap;starts_early,1986-2025,39,Bílá Třemešná,50.457596,15.766135,322.0
0-203-0-10903037001,30,0.7692307692307693,1986.0,2017.0,7,24.0,15.0,26.0,0.10158925529843942,32,False,False,True,False,True,True,False,coverage;gap;ends_late,1986-2025,39,Šebířov  Vrcholtovice,49.5997,14.7511,475.0
0-203-0-11105048001,30,0.7692307692307693,1993.0,2024.0,7,23.0,14.0,26.0,0.09952308420993311,32,False,False,False,True,True,True,False,coverage;gap;starts_early,1986-2025,39,Praha  Zadní Kopanina,50.0072,14.3178,330.0
0-203-0-11468,30,0.7692307692307693,1986.0,2024.0,5,23.0,12.0,26.0,0.15974180761974416,37,False,False,True,True,True,True,False,coverage;gap,1986-2025,39,Žatec,50.34147,13.54319,210.0
0-203-0-11539,30,0.7692307692307693,1986.0,2017.0,7,22.0,16.0,26.0,0.10816354240873025,32,False,False,True,False,True,True,False,coverage;gap;ends_late,1986-2025,39,Chelčice,49.119265,14.169367,451.0
0-203-0-11547,30,0.7692307692307693,1994.0,2024.0,8,20.0,10.0,25.0,0.19748591038737753,31,False,False,False,True,True,True,False,coverage;gap;starts_early,1986-2025,39,Černá v Pošumaví,48.7355761,14.1073211,740.0
0-203-0-11562,30,0.7692307692307693,1986.0,2024.0,7,23.0,10.0,25.0,0.16169957822291692,35,False,False,True,True,True,True,False,coverage;gap,1986-2025,39,Tuhaň,50.29582,14.520416,160.0
0-203-0-11617,30,0.7692307692307693,1986.0,2024.0,8,22.0,13.0,26.0,0.1955417731386499,34,False,False,True,True,True,True,False,coverage;gap,1986-2025,39,Poděbrady,50.140503,15.133554,189.0
0-203-0-11622,30,0.7692307692307693,1989.0,2024.0,3,21.0,11.0,25.0,0.2137742164804915,35,False,True,False,True,True,True,False,coverage;starts_early,1986-2025,39,Čáslav  Nové město,49.901695,15.3942797,251.0
0-203-0-20101072001,30,0.7692307692307693,1986.0,2018.0,6,22.0,16.0,25.0,0.12221211991235537,33,False,False,True,False,True,True,False,coverage;gap;ends_late,1986-2025,39,Hodslavice,49.5472,18.0264,340.0
0-203-0-20303075201,30,0.7692307692307693,1986.0,2024.0,3,22.5,10.0,26.0,0.20061893494424632,37,False,True,True,True,True,True,False,coverage,1986-2025,39,Dolní Lutyně  Nerad,49.9153,18.4147,208.0
0-203-0-20407036001,30,0.7692307692307693,1986.0,2019.0,5,23.0,10.0,26.0,0.19415280708761334,34,False,False,True,False,True,True,False,coverage;gap;ends_late,1986-2025,39,Chotyně,50.83897,14.87175,260.0
0-203-0-41102034001,30,0.7692307692307693,1986.0,2018.0,6,22.0,10.0,25.0,0.18005304678086995,34,False,False,True,False,True,True,False,coverage;gap;ends_late,1986-2025,39,Střítež nad Ludinou,49.605,17.7411,339.0
0-203-0-41202031001,30,0.7692307692307693,1986.0,2024.0,5,22.0,10.0,26.0,0.2332426912425553,38,False,False,True,True,True,True,False,coverage;gap,1986-2025,39,Morkovice-Slížany  Slížany,49.2417,17.2319,289.0
0-203-0-41401024002,30,0.7692307692307693,1986.0,2024.0,5,23.0,11.0,26.0,0.2318352739073421,39,False,False,True,True,True,True,False,coverage;gap,1986-2025,39,Dačice,49.0831,15.4344,486.0
0-203-0-41701068003,30,0.7692307692307693,1993.0,2024.0,7,22.0,10.0,26.0,0.16771064072530573,32,False,False,False,True,True,True,False,coverage;gap;starts_early,1986-2025,39,Staré Hutě,49.1372,17.2883,427.0
0-20000-0-11693,29,0.7435897435897436,1986.0,2024.0,5,22.0,10.0,26.0,0.22847254410711165,39,False,False,True,True,True,True,False,coverage;gap,1986-2025,39,Dukovany,49.095556,16.134444,400.15
0-203-0-10202065001,29,0.7435897435897436,1990.0,2024.0,4,22.0,10.0,25.0,0.20696901165677772,33,False,False,False,True,True,True,False,coverage;gap;starts_early,1986-2025,39,Choceň,50.009544,16.200903,282.0
0-203-0-10203008001,29,0.7435897435897436,1990.0,2024.0,5,20.0,10.0,25.0,0.19712121103860572,33,False,False,False,True,True,True,False,coverage;gap;starts_early,1986-2025,39,Dobřany,50.322178,16.281744,627.0
0-203-0-10302050001,29,0.7435897435897436,1990.0,2024.0,4,23.0,11.0,26.0,0.16449869318345534,35,False,False,False,True,True,True,False,coverage;gap;starts_early,1986-2025,39,Vysoké Mýto,49.962009,16.167796,278.0
0-203-0-10303020001,29,0.7435897435897436,1990.0,2024.0,4,21.0,11.0,26.0,0.190102184794337,33,False,False,False,True,True,True,False,coverage;gap;starts_early,1986-2025,39,Vysočina  Jančouř,49.755424,15.822131,548.0
0-203-0-10303027001,29,0.7435897435897436,1990.0,2024.0,6,22.0,11.0,26.0,0.16819064955646695,31,False,False,False,True,True,True,False,coverage;gap;starts_early,1986-2025,39,Křižanovice,49.865999,15.774205,432.0
0-203-0-10405023001,29,0.7435897435897436,1990.0,2023.0,4,23.0,11.0,26.0,0.18611931565709527,35,False,False,False,True,True,True,False,coverage;gap;starts_early,1986-2025,39,Libáň,50.370822,15.214447,240.0
0-203-0-10602027001,29,0.7435897435897436,1994.0,2022.0,8,21.0,18.0,25.0,0.09505254622384958,30,False,False,False,True,True,True,False,coverage;gap;starts_early,1986-2025,39,Staré Hutě  Hojná Voda,48.72333333,14.723333,821.0
0-203-0-10801086001,29,0.7435897435897436,1986.0,2016.0,8,20.0,16.0,26.0,0.12716609958660574,31,False,False,True,False,True,True,False,coverage;gap;ends_late,1986-2025,39,Strašín,49.1779189,13.6413978,637.0
0-203-0-11005046001,29,0.7435897435897436,1986.0,2015.0,9,23.0,17.0,26.0,0.10006927566740913,30,False,False,True,False,True,True,False,coverage;gap;ends_late,1986-2025,39,Borovno  Míšov,49.623944,13.727867,651.0
0-203-0-11203017001,29,0.7435897435897436,1988.0,2024.0,5,22.0,13.0,26.0,0.13596765729011612,33,False,False,True,True,True,True,False,coverage;gap,1986-2025,39,Hořín,50.3422,14.465,158.0
0-203-0-11403099001,29,0.7435897435897436,1986.0,2019.0,5,22.0,11.0,26.0,0.14160575533241632,34,False,False,True,False,True,True,False,coverage;gap;ends_late,1986-2025,39,Benešov nad Ploučnicí,50.74422,14.31186,250.0
0-203-0-11465,29,0.7435897435897436,1987.0,2024.0,5,23.0,15.0,25.0,0.11848141526046765,37,False,False,True,True,True,True,False,coverage;gap,1986-2025,39,Smolnice,50.30872,13.85617,345.0
0-203-0-11611,29,0.7435897435897436,1995.0,2024.0,9,22.0,13.0,26.0,0.1600817277353383,32,False,False,False,True,True,True,False,coverage;gap;starts_early,1986-2025,39,Holenice,50.53026,15.302136,423.0
0-203-0-11650,29,0.7435897435897436,1990.0,2024.0,4,22.0,10.0,26.0,0.20535742844714613,35,False,False,False,True,True,True,False,coverage;gap;starts_early,1986-2025,39,Dobřenice,50.143231,15.638309,275.0
0-203-0-11751,29,0.7435897435897436,1986.0,2024.0,6,21.0,10.0,25.0,0.2886274157525008,38,False,False,True,True,True,True,False,coverage;gap,1986-2025,39,Kroměříž,49.2847,17.3653,233.0
0-203-0-11754,29,0.7435897435897436,1986.0,2024.0,5,23.0,10.0,25.0,0.2683948126058387,39,False,False,True,True,True,True,False,coverage;gap,1986-2025,39,Staré Město,49.0917,17.4322,221.0
0-203-0-11778,29,0.7435897435897436,1987.0,2024.0,4,21.0,10.0,25.0,0.22898780666259244,38,False,False,True,True,True,True,False,coverage;gap,1986-2025,39,Luhačovice  Kladná-Žilín,49.0842,17.7925,329.0
0-203-0-11795,29,0.7435897435897436,1987.0,2021.0,4,21.0,10.0,26.0,0.20586048972456258,33,False,False,True,False,True,True,False,coverage;gap;ends_late,1986-2025,39,Karviná,49.8549,18.5332,224.0
0-203-0-20202026001,29,0.7435897435897436,1994.0,2024.0,8,22.0,12.0,26.0,0.16922584955185385,32,False,False,False,True,True,True,False,coverage;gap;starts_early,1986-2025,39,Lomnice,49.8691,17.41431,594.0
0-203-0-41202086001,29,0.7435897435897436,1986.0,2024.0,7,21.0,12.0,25.0,0.20226805291372238,39,False,False,True,True,True,True,False,coverage;gap,1986-2025,39,Dřevohostice,49.424444,17.586111,238.0
0-203-0-41301088002,29,0.7435897435897436,1986.0,2024.0,7,23.0,11.0,25.0,0.22633142660857986,39,False,False,True,True,True,True,False,coverage;gap,1986-2025,39,Bojkovice,49.0402,17.81,310.0
0-203-0-41301102001,29,0.7435897435897436,1986.0,2024.0,4,18.0,11.0,24.0,0.22621490936732333,39,False,False,True,True,True,True,False,coverage;gap,1986-2025,39,Horní Lhota,49.155,17.8033,348.0
0-203-0-41302020001,29,0.7435897435897436,1986.0,2024.0,7,23.0,10.0,26.0,0.26639083961042387,39,False,False,True,True,True,True,False,coverage;gap,1986-2025,39,Buchlovice,49.089008,17.335389,257.0
0-203-0-41302039002,29,0.7435897435897436,1986.0,2024.0,6,21.0,10.0,26.0,0.25484259581301827,39,False,False,True,True,True,True,False,coverage;gap,1986-2025,39,Velká nad Veličkou,48.8789,17.5167,289.0
0-203-0-41302058001,29,0.7435897435897436,1986.0,2024.0,6,23.0,10.0,26.0,0.2543971384983411,39,False,False,True,True,True,True,False,coverage;gap,1986-2025,39,Radějov,48.8639,17.3348,240.0
0-20000-0-11723,28,0.717948717948718,1986.0,2024.0,4,23.0,10.0,26.0,0.2552231627929686,39,False,False,True,True,True,True,False,coverage;gap,1986-2025,39,Brno  Tuřany,49.153056,16.688889,241.0
0-203-0-10104024001,28,0.717948717948718,1990.0,2024.0,5,22.0,11.0,26.0,0.1551292910862052,34,False,False,False,True,True,True,False,coverage;gap;starts_early,1986-2025,39,Hořiněves,50.31285,15.76283,275.0
0-203-0-10203034001,28,0.717948717948718,1990.0,2024.0,7,22.0,11.0,26.0,0.1671487507991675,34,False,False,False,True,True,True,False,coverage;gap;starts_early,1986-2025,39,České Meziříčí,50.282295,16.041312,255.0
0-203-0-10303061001,28,0.717948717948718,1990.0,2024.0,4,21.0,10.0,25.0,0.2727404079379692,34,False,False,False,True,True,True,False,coverage;gap;starts_early,1986-2025,39,Skuteč,49.834881,15.996141,457.0
0-203-0-10304023001,28,0.717948717948718,1990.0,2024.0,4,23.0,10.0,26.0,0.17833298539913892,35,False,False,False,True,True,True,False,coverage;gap;starts_early,1986-2025,39,Heřmanův Městec,49.946639,15.673986,275.0
0-203-0-10502046001,28,0.717948717948718,1986.0,2014.0,10,24.0,19.0,26.0,0.08384615868645756,30,False,False,True,False,True,True,False,coverage;gap;ends_late,1986-2025,39,Všelibice  Vrtky,50.6194,14.9511,410.0
0-203-0-10601205001,28,0.717948717948718,1986.0,2024.0,10,20.5,11.0,25.0,0.13258033009660342,30,False,False,True,True,True,True,False,coverage;gap,1986-2025,39,Křemže  Mříč,48.9075594,14.3305394,524.0
0-203-0-11490,28,0.717948717948718,1997.0,2024.0,11,21.0,16.0,25.0,0.13461531928236645,28,False,False,False,True,True,True,False,coverage;gap;starts_early,1986-2025,39,Vlkonice,49.3022,13.5897,493.0
0-203-0-11591,28,0.717948717948718,1986.0,2024.0,11,21.5,12.0,26.0,0.14711146313099982,28,False,False,True,True,True,True,False,coverage;gap,1986-2025,39,Rudolfov  Jivno,49.003611,14.579722,562.0
0-203-0-20302008201,28,0.717948717948718,1986.0,2018.0,6,21.0,11.0,26.0,0.19341476637143273,33,False,False,True,False,True,True,False,coverage;gap;ends_late,1986-2025,39,Ostrava  Slezská Ostrava,49.844977,18.317553,269.0
0-203-0-20402017001,28,0.717948717948718,1986.0,2024.0,5,22.0,12.0,26.0,0.21394487469620077,35,False,False,True,True,True,True,False,coverage;gap,1986-2025,39,Osoblaha,50.2709,17.7135,238.0
0-203-0-41403039001,28,0.717948717948718,1986.0,2024.0,6,22.0,11.0,26.0,0.22350639123541682,38,False,False,True,True,True,True,False,coverage;gap,1986-2025,39,Džbánice,49.0022497,16.2084664,337.0
0-203-0-41503047001,28,0.717948717948718,1986.0,2024.0,5,23.0,11.0,26.0,0.23117974633238578,39,False,False,True,True,True,True,False,coverage;gap,1986-2025,39,Bučovice  Kloboučky,49.129881,17.014033,238.0
0-203-0-10102006101,27,0.6923076923076923,1997.0,2024.0,11,23.0,12.0,26.0,0.14281986497340793,28,False,False,False,True,True,True,False,coverage;gap;starts_early,1986-2025,39,Pomezní boudy  Horní Malá Úpa,50.745472,15.82027,1050.0
0-203-0-10202083001,27,0.6923076923076923,1990.0,2024.0,8,23.0,13.0,26.0,0.13582830619552946,34,False,False,False,True,True,True,False,coverage;gap;starts_early,1986-2025,39,Borohrádek,50.105254,16.086691,254.0
0-203-0-10203066201,27,0.6923076923076923,1990.0,2024.0,8,23.0,10.0,26.0,0.19214964851234786,31,False,False,False,True,True,True,False,coverage;gap;starts_early,1986-2025,39,Běleč nad Orlicí,50.186901,15.94687,247.0
0-203-0-10401034001,27,0.6923076923076923,1990.0,2024.0,4,22.0,11.0,26.0,0.16389322708080323,33,False,False,False,True,True,True,False,coverage;gap;starts_early,1986-2025,39,Kutná Hora  Sedlec,49.965934,15.288261,260.0
0-203-0-10404004001,27,0.6923076923076923,1990.0,2024.0,4,24.0,11.0,26.0,0.13642148679864843,34,False,False,False,True,True,True,False,coverage;gap;starts_early,1986-2025,39,Chlumec nad Cidlinou  Lučice,50.1382625,15.4638228,213.0
0-203-0-10404014001,27,0.6923076923076923,1990.0,2024.0,4,23.0,12.0,25.0,0.16829002553541472,32,False,False,False,True,True,True,False,coverage;gap;starts_early,1986-2025,39,Žehuň,50.133757,15.287765,204.0
0-203-0-10601197001,27,0.6923076923076923,1986.0,2024.0,7,21.0,11.0,26.0,0.18162876809677803,32,False,False,True,True,True,True,False,coverage;gap,1986-2025,39,Brloh,48.9269169,14.2187506,559.0
0-203-0-11410,27,0.6923076923076923,1997.0,2024.0,11,22.0,12.0,26.0,0.1600378027175978,28,False,False,False,True,True,True,False,coverage;gap;starts_early,1986-2025,39,Dyleň,49.968079,12.502849,939.0
0-203-0-11625,27,0.6923076923076923,1986.0,2024.0,7,24.0,17.0,26.0,0.10224836496329014,35,False,False,True,True,True,True,False,coverage;gap,1986-2025,39,Nový Bydžov,50.237553,15.497443,232.0
0-203-0-11670,27,0.6923076923076923,1990.0,2024.0,4,21.0,10.0,26.0,0.24622895488721888,35,False,False,False,True,True,True,False,coverage;gap;starts_early,1986-2025,39,Žamberk,50.069195,16.45477,405.0
0-203-0-11678,27,0.6923076923076923,1986.0,2020.0,4,21.0,11.0,26.0,0.17189297215869825,33,False,False,True,False,True,True,False,coverage;gap;ends_late,1986-2025,39,Velichovky,50.356612,15.832503,299.0
0-203-0-41001042001,27,0.6923076923076923,1998.0,2024.0,12,24.0,16.0,26.0,0.10925955870787955,28,False,False,False,True,True,True,False,coverage;gap;starts_early,1986-2025,39,Hanušovice,50.0819,16.940556,432.0
0-203-0-41202144001,27,0.6923076923076923,1986.0,2024.0,7,22.0,11.0,26.0,0.25618776322801684,36,False,False,True,True,True,True,False,coverage;gap,1986-2025,39,Kvasice,49.2453,17.4703,190.0
0-203-0-41301123001,27,0.6923076923076923,1990.0,2024.0,7,23.0,10.0,25.0,0.2267505597049997,36,False,False,False,True,True,True,False,coverage;gap;starts_early,1986-2025,39,Nivnice,48.98061,17.64502,241.0
0-203-0-41401070001,27,0.6923076923076923,1986.0,2014.0,10,23.0,10.0,26.0,0.20232600561998224,29,False,False,True,False,True,True,False,coverage;gap;ends_late,1986-2025,39,Slavonice,48.995833,15.355556,519.0
0-203-0-41501070001,27,0.6923076923076923,1991.0,2019.0,5,22.0,11.0,26.0,0.16786617321341776,30,False,False,False,False,True,True,False,coverage;gap;starts_early;ends_late,1986-2025,39,Sejřek,49.4367,16.3103,519.0
0-203-0-41502018001,27,0.6923076923076923,1990.0,2019.0,5,24.0,11.0,26.0,0.14672826637369565,30,False,False,False,False,True,True,False,coverage;gap;starts_early;ends_late,1986-2025,39,Letovice,49.5544,16.5767,334.0
0-203-0-41603002001,27,0.6923076923076923,1997.0,2024.0,11,23.0,10.0,26.0,0.19417284216744912,28,False,False,False,True,True,True,False,coverage;gap;starts_early,1986-2025,39,Štěměchy,49.1936,15.7133,617.0
0-203-0-41701115002,27,0.6923076923076923,1995.0,2024.0,9,23.0,11.0,26.0,0.1313514768457584,30,False,False,False,True,True,True,False,coverage;gap;starts_early,1986-2025,39,Hrušky,48.7919,16.9739,174.0
0-20000-0-11624,26,0.6666666666666666,1986.0,2024.0,8,21.0,10.0,26.0,0.1920192553909201,35,False,False,True,True,True,True,False,coverage;gap,1986-2025,39,Chotusice  letiště,49.940833,15.386389,238.2
0-203-0-10103056001,26,0.6666666666666666,1996.0,2024.0,10,22.0,10.0,26.0,0.1877552652831357,28,False,False,False,True,True,True,False,coverage;gap;starts_early,1986-2025,39,Česká Skalice  Rozkoš,50.363056,16.061111,290.0
0-203-0-10202024001,26,0.6666666666666666,1990.0,2018.0,6,21.0,10.0,26.0,0.25220617806197576,30,False,False,False,False,True,True,False,coverage;gap;starts_early;ends_late,1986-2025,39,Letohrad,50.03782,16.48707,427.0
0-203-0-10203029301,26,0.6666666666666666,1990.0,2024.0,8,22.0,12.0,26.0,0.15368222551777397,33,False,False,False,True,True,True,False,coverage;gap;starts_early,1986-2025,39,Bílý Újezd  Hroška,50.234904,16.209938,319.0
0-203-0-10303098001,26,0.6666666666666666,1990.0,2024.0,8,23.0,13.0,26.0,0.14592607380746986,32,False,False,False,True,True,True,False,coverage;gap;starts_early,1986-2025,39,Hrochův Týnec,49.962057,15.909774,241.0
0-203-0-10403011001,26,0.6666666666666666,1990.0,2024.0,8,22.0,14.0,26.0,0.1378241058087698,33,False,False,False,True,True,True,False,coverage;gap;starts_early,1986-2025,39,Nechanice - Lubno,50.242972,15.659823,245.0
0-203-0-10405051001,26,0.6666666666666666,1990.0,2024.0,8,24.0,12.0,26.0,0.18072979180765425,33,False,False,False,True,True,True,False,coverage;gap;starts_early,1986-2025,39,Dymokury,50.248346,15.201165,208.0
0-203-0-10802067001,26,0.6666666666666666,1986.0,2024.0,12,21.0,11.0,25.0,0.15374661251891394,28,False,False,True,True,True,True,False,coverage;gap,1986-2025,39,Kestřany,49.2678992,14.0736942,381.0
0-203-0-10903099001,26,0.6666666666666666,1986.0,2011.0,13,23.0,12.0,26.0,0.15944593361385404,27,False,False,True,False,True,True,False,coverage;gap;ends_late,1986-2025,39,Ledečko,49.8494,14.9469,300.0
0-203-0-11001153001,26,0.6666666666666666,1986.0,2011.0,13,22.0,14.0,26.0,0.15303060918306105,26,False,False,True,False,True,True,False,coverage;gap;ends_late,1986-2025,39,Lestkov,49.8836,12.8742,595.0
0-203-0-11301106001,26,0.6666666666666666,1987.0,2016.0,8,23.0,13.0,26.0,0.1291647018880016,29,False,False,True,False,True,True,False,coverage;gap;ends_late,1986-2025,39,Přebuz,50.37246,12.615467,904.0
0-203-0-11403051001,26,0.6666666666666666,1986.0,2014.0,10,21.0,11.0,26.0,0.18749100523213208,29,False,False,True,False,True,True,False,coverage;gap;ends_late,1986-2025,39,Nový Bor,50.75,14.55719,358.0
0-203-0-11405001001,26,0.6666666666666666,1986.0,2011.0,13,21.5,12.0,25.0,0.17857079364966488,27,False,False,True,False,True,True,False,coverage;gap;ends_late,1986-2025,39,Kytlice  Mlýny,50.81333,14.49222,406.0
0-203-0-11407,26,0.6666666666666666,1986.0,2020.0,8,22.5,13.0,26.0,0.16284784610174446,36,False,False,True,False,True,True,False,coverage;gap;ends_late,1986-2025,39,Františkovy Lázně,50.116796,12.351238,435.0
0-203-0-11501,26,0.6666666666666666,1992.0,2024.0,6,23.0,12.0,26.0,0.1760809734406558,32,False,False,False,True,True,True,False,coverage;gap;starts_early,1986-2025,39,Děčín,50.75097,14.20258,162.0
0-203-0-11733,26,0.6666666666666666,1999.0,2024.0,13,21.5,15.0,25.0,0.1262099249640802,27,False,False,False,True,True,True,False,coverage;gap;starts_early,1986-2025,39,Karlova Studánka,50.074053,17.306832,795.0
0-203-0-11761,26,0.6666666666666666,1986.0,2012.0,12,20.0,10.0,25.0,0.1914801628149869,27,False,False,True,False,True,True,False,coverage;gap;ends_late,1986-2025,39,Město Albrechtice  Žáry,50.154167,17.560556,498.0
0-203-0-11764,26,0.6666666666666666,1986.0,2011.0,13,21.0,12.0,26.0,0.18714574737932765,26,False,False,True,False,True,True,False,coverage;gap;ends_late,1986-2025,39,Bohdanovice,49.9003,17.6292,463.0
0-203-0-20301023001,26,0.6666666666666666,1986.0,2011.0,13,23.0,19.0,26.0,0.08227482549202836,27,False,False,True,False,True,True,False,coverage;gap;ends_late,1986-2025,39,Čeladná  Podolánky,49.5175,18.3389,510.0
0-203-0-20303062001,26,0.6666666666666666,1986.0,2011.0,13,24.0,16.0,26.0,0.11772726547519914,27,False,False,True,False,True,True,False,coverage;gap;ends_late,1986-2025,39,Albrechtice,49.7769,18.5147,292.0
0-203-0-20404057002,26,0.6666666666666666,1986.0,2016.0,8,23.0,12.0,26.0,0.1748524043838322,30,False,False,True,False,True,True,False,coverage;gap;ends_late,1986-2025,39,Vidnava,50.37794,17.1917,228.0
0-203-0-20410022001,26,0.6666666666666666,1999.0,2024.0,13,24.0,16.0,26.0,0.10632228524327203,29,False,False,False,True,True,True,False,coverage;gap;starts_early,1986-2025,39,Višňová,50.96594,15.01814,248.0
0-203-0-40102029001,26,0.6666666666666666,1986.0,2011.0,13,23.5,14.0,26.0,0.13098550689775312,27,False,False,True,False,True,True,False,coverage;gap;ends_late,1986-2025,39,Lesná  Háje,49.715572,12.47552,710.0
0-203-0-41001061001,26,0.6666666666666666,1999.0,2024.0,13,23.0,11.0,25.0,0.1671188993100325,26,False,False,False,True,True,True,False,coverage;gap;starts_early,1986-2025,39,Dlouhé stráně  Kouty nad Desnou,50.0854114,17.1794408,765.0
0-203-0-41101042001,26,0.6666666666666666,1986.0,2011.0,13,24.0,13.0,26.0,0.1597652054666981,27,False,False,True,False,True,True,False,coverage;gap;ends_late,1986-2025,39,Francova Lhota,49.1925,18.0894,480.0
0-203-0-41201009001,26,0.6666666666666666,1986.0,2024.0,8,21.5,12.0,26.0,0.18758911608786344,37,False,False,True,True,True,True,False,coverage;gap,1986-2025,39,Náměšť na Hané,49.605,17.065,247.0
0-203-0-41301054101,26,0.6666666666666666,1986.0,2021.0,6,22.0,11.0,26.0,0.24131958360076197,37,False,False,True,False,True,True,False,coverage;gap;ends_late,1986-2025,39,Napajedla,49.1833,17.5167,185.0
0-203-0-41302005002,26,0.6666666666666666,1986.0,2024.0,7,22.0,10.0,26.0,0.24700489235164896,39,False,False,True,True,True,True,False,coverage;gap,1986-2025,39,Hluk,48.9863,17.538,225.0
0-203-0-41302015001,26,0.6666666666666666,1986.0,2024.0,7,23.0,10.0,26.0,0.26209442044053344,39,False,False,True,True,True,True,False,coverage;gap,1986-2025,39,Blatnice pod svatým Antonínkem,48.947778,17.462222,210.0
0-203-0-41302026001,26,0.6666666666666666,1986.0,2024.0,8,22.5,11.0,25.0,0.20713964173501073,39,False,False,True,True,True,True,False,coverage;gap,1986-2025,39,Bzenec,48.97416667,17.28916667,182.0
0-203-0-41403043002,26,0.6666666666666666,1986.0,2024.0,7,21.5,12.0,26.0,0.1986743210742408,38,False,False,True,True,True,True,False,coverage;gap,1986-2025,39,Božice,48.8344,16.2881,216.0
0-203-0-41701001002,26,0.6666666666666666,1986.0,2024.0,7,22.5,11.0,26.0,0.24706428271650763,34,False,False,True,True,True,True,False,coverage;gap,1986-2025,39,Dolní Věstonice,48.8872,16.6414,172.0
0-203-0-42106054001,26,0.6666666666666666,1986.0,2011.0,13,22.0,13.0,26.0,0.1654352717717177,27,False,False,True,False,True,True,False,coverage;gap;ends_late,1986-2025,39,Mosty u Jablunkova,49.5103,18.7569,548.0
0-20000-0-11652,25,0.6410256410256411,1986.0,2024.0,7,20.0,11.0,25.0,0.20973864676922296,32,False,False,True,True,True,True,False,coverage;gap,1986-2025,39,Pardubice  letiště,50.016111,15.740273,224.21
0-203-0-10103011001,25,0.6410256410256411,1990.0,2020.0,4,22.0,13.0,25.0,0.18007026204846024,31,False,False,False,False,True,True,False,coverage;gap;starts_early;ends_late,1986-2025,39,Teplice nad Metují,50.578941,16.172543,460.0
0-203-0-10501078001,25,0.6410256410256411,1993.0,2020.0,7,23.0,12.0,25.0,0.14962614098026567,25,False,False,False,False,True,True,False,coverage;gap;starts_early;ends_late,1986-2025,39,Vysoké nad Jizerou,50.682981,15.408523,695.0
0-203-0-10805081001,25,0.6410256410256411,1986.0,2011.0,13,23.0,10.0,26.0,0.16158787545870165,27,False,False,True,False,True,True,False,coverage;gap;ends_late,1986-2025,39,Slapy,49.8222,14.4331,311.0
0-203-0-10901004001,25,0.6410256410256411,1986.0,2010.0,14,23.0,10.0,25.0,0.1598736390085213,26,False,False,True,False,True,True,False,coverage;gap;ends_late,1986-2025,39,Žďár nad Sázavou  Stržanov,49.597833,15.936455,605.0
0-203-0-11103040001,25,0.6410256410256411,1986.0,2011.0,13,23.0,14.0,26.0,0.15395151997213313,27,False,False,True,False,True,True,False,coverage;gap;ends_late,1986-2025,39,Nový Dům,50.0897,13.829224,400.0
0-203-0-11103064001,25,0.6410256410256411,1996.0,2024.0,10,22.0,12.0,26.0,0.13916956540769432,30,False,False,False,True,True,True,False,coverage;gap;starts_early,1986-2025,39,Beroun,49.9711,14.0642,265.0
0-203-0-11301025001,25,0.6410256410256411,1986.0,2011.0,13,23.0,15.0,26.0,0.09882126780851759,26,False,False,True,False,True,True,False,coverage;gap;ends_late,1986-2025,39,Skalná,50.169754,12.363183,455.0
0-203-0-11302028001,25,0.6410256410256411,1986.0,2011.0,13,22.0,14.0,26.0,0.15876322406928003,27,False,False,True,False,True,True,False,coverage;gap;ends_late,1986-2025,39,Kolová  Pila,50.179781,12.92504,535.0
0-203-0-11401005501,25,0.6410256410256411,1986.0,2011.0,13,21.0,12.0,26.0,0.2233746081203638,27,False,False,True,False,True,True,False,coverage;gap;ends_late,1986-2025,39,Litvínov  Lounice,50.610805,13.559339,478.0
0-203-0-11595,25,0.6410256410256411,1986.0,2011.0,13,21.0,10.0,26.0,0.1412609235637269,27,False,False,True,False,True,True,False,coverage;gap;ends_late,1986-2025,39,Římov,48.8494,14.4889,474.0
0-203-0-11721,25,0.6410256410256411,1986.0,2024.0,8,21.0,10.0,26.0,0.23325765087337977,38,False,False,True,True,True,True,False,coverage;gap,1986-2025,39,Brno  Žabovřesky,49.2165,16.5677,236.0
0-203-0-11755,25,0.6410256410256411,1986.0,2024.0,7,22.0,10.0,25.0,0.20639303940571388,36,False,False,True,True,True,True,False,coverage;gap,1986-2025,39,Strážnice,48.8992,17.3381,176.0
0-203-0-11756,25,0.6410256410256411,1986.0,2024.0,7,23.0,10.0,26.0,0.22534837596537133,38,False,False,True,True,True,True,False,coverage;gap,1986-2025,39,Hodonín,48.854292,17.104872,172.0
0-203-0-20202048001,25,0.6410256410256411,2000.0,2024.0,14,22.0,15.0,26.0,0.12438243202884652,25,False,False,False,True,True,True,False,coverage;gap;starts_early,1986-2025,39,Dlouhá Stráň,49.95759,17.498288,520.0
0-203-0-20403023001,25,0.6410256410256411,1986.0,2015.0,9,20.0,11.0,26.0,0.20049932566948692,31,False,False,True,False,True,True,False,coverage;gap;ends_late,1986-2025,39,Božanov,50.525216,16.361634,426.0
0-203-0-41101029001,25,0.6410256410256411,1986.0,2011.0,13,23.0,15.0,26.0,0.14517368432949448,27,False,False,True,False,True,True,False,coverage;gap;ends_late,1986-2025,39,Halenkov,49.3203,18.1464,415.0
0-203-0-41201060001,25,0.6410256410256411,1995.0,2024.0,9,22.0,10.0,26.0,0.2179177177809395,30,False,False,False,True,True,True,False,coverage;gap;starts_early,1986-2025,39,Kralice na Hané,49.4597,17.1827,210.0
0-203-0-41502073001,25,0.6410256410256411,1992.0,2024.0,7,22.0,11.0,26.0,0.19320144409837278,36,False,False,False,True,True,True,False,coverage;gap;starts_early,1986-2025,39,Blansko,49.3597,16.6503,299.0
0-203-0-41502078001,25,0.6410256410256411,1986.0,2011.0,13,21.0,11.0,26.0,0.19644635769737423,27,False,False,True,False,True,True,False,coverage;gap;ends_late,1986-2025,39,Sloup,49.4139,16.7383,470.0
0-203-0-10401002001,24,0.6153846153846154,2000.0,2024.0,14,24.0,10.0,26.0,0.14954474983027374,25,False,False,False,True,True,True,False,coverage;gap;starts_early,1986-2025,39,Konárovice,50.03844,15.284988,209.0
0-203-0-10601064001,24,0.6153846153846154,1994.0,2018.0,8,21.0,11.0,26.0,0.1710673063302135,26,False,False,False,False,True,True,False,coverage;gap;starts_early;ends_late,1986-2025,39,Jelení  Nová Pec,48.8032344,13.8896103,810.0
0-203-0-10801053001,24,0.6153846153846154,1986.0,2010.0,14,21.0,12.0,24.0,0.18330687701025009,25,False,False,True,False,True,True,False,coverage;gap;ends_late,1986-2025,39,Hartmanice,49.17,13.4628,725.0
0-203-0-10802004001,24,0.6153846153846154,1995.0,2018.0,9,22.0,16.0,25.0,0.12566346507358087,25,False,False,False,False,True,True,False,coverage;gap;starts_early;ends_late,1986-2025,39,Kubova Huť,48.986168,13.771537,997.0
0-203-0-10901041001,24,0.6153846153846154,1986.0,2011.0,13,22.0,12.0,26.0,0.14713592216667123,27,False,False,True,False,True,True,False,coverage;gap;ends_late,1986-2025,39,Horní Krupá,49.6739,15.5819,498.0
0-203-0-11101046001,24,0.6153846153846154,1986.0,2011.0,13,23.0,12.0,26.0,0.18567657935275417,27,False,False,True,False,True,True,False,coverage;gap;ends_late,1986-2025,39,Břasy  Darová,49.8389,13.5206,332.0
0-203-0-11104027001,24,0.6153846153846154,1987.0,2011.0,13,23.0,11.0,26.0,0.15234788000891208,26,False,False,True,False,True,True,False,coverage;gap;ends_late,1986-2025,39,Zaječov  Nová Ves,49.7625,13.8425,485.0
0-203-0-11105018001,24,0.6153846153846154,1986.0,2011.0,13,22.5,15.0,26.0,0.11588680712710873,27,False,False,True,False,True,True,False,coverage;gap;ends_late,1986-2025,39,Unhošť,50.0867,14.1272,389.0
0-203-0-11201020003,24,0.6153846153846154,2001.0,2024.0,15,23.0,17.0,26.0,0.0775923052024427,29,False,False,False,True,True,True,False,coverage;gap;starts_early,1986-2025,39,Praha  Chodov,50.0294,14.5,297.0
0-203-0-11302021001,24,0.6153846153846154,1986.0,2009.0,15,22.5,12.0,26.0,0.18209753930243605,25,False,False,True,False,True,True,False,coverage;gap;ends_late,1986-2025,39,Březová,50.197003,12.856646,435.0
0-203-0-11521,24,0.6153846153846154,2001.0,2024.0,15,23.0,19.0,26.0,0.0894025198493411,26,False,False,False,True,True,True,False,coverage;gap;starts_early,1986-2025,39,Dobřichovice,49.9335,14.27585,205.0
0-203-0-11526,24,0.6153846153846154,2001.0,2024.0,15,22.0,18.0,25.0,0.10391485062689235,26,False,False,False,True,True,True,False,coverage;gap;starts_early,1986-2025,39,Nedrahovice  Rudolec,49.631723,14.440088,348.0
0-203-0-11574,24,0.6153846153846154,1986.0,2020.0,5,21.0,13.0,26.0,0.15243466653445384,31,False,False,True,False,True,True,False,coverage;gap;ends_late,1986-2025,39,Netvořice,49.818411,14.521178,365.0
0-203-0-11620,24,0.6153846153846154,2001.0,2024.0,15,22.0,13.0,26.0,0.15535443659251513,24,False,False,False,True,True,True,False,coverage;gap;starts_early,1986-2025,39,Seč,49.844725,15.6479,529.0
0-203-0-20101039001,24,0.6153846153846154,1986.0,2011.0,13,22.0,11.0,26.0,0.2240412788590495,27,False,False,True,False,True,True,False,coverage;gap;ends_late,1986-2025,39,Spálov,49.7036,17.7322,576.0
0-203-0-20202055001,24,0.6153846153846154,1997.0,2024.0,11,22.0,13.0,26.0,0.17780888616714297,28,False,False,False,True,True,True,False,coverage;gap;starts_early,1986-2025,39,Slezská Harta,49.888611,17.575278,516.0
0-203-0-41503035001,24,0.6153846153846154,2001.0,2024.0,15,20.5,17.0,25.0,0.11934169149502408,25,False,False,False,True,True,True,False,coverage;gap;starts_early,1986-2025,39,Nemochovice,49.1808,17.1361,283.0
0-203-0-41701099001,24,0.6153846153846154,1986.0,2024.0,7,22.5,11.0,25.0,0.18557463921195824,37,False,False,True,True,True,True,False,coverage;gap,1986-2025,39,Dubňany,48.9208,17.1028,200.0
0-203-0-10201037001,23,0.5897435897435898,2002.0,2024.0,16,24.0,16.0,26.0,0.10981077014774578,23,False,False,False,True,True,True,False,coverage;gap;starts_early,1986-2025,39,Luisino údolí  Deštné v Orlických horách,50.287003,16.38829,875.0
0-203-0-10401028001,23,0.5897435897435898,2002.0,2024.0,16,24.0,13.0,26.0,0.12704319735876543,23,False,False,False,True,True,True,False,coverage;gap;starts_early,1986-2025,39,Bahno,49.866846,15.234033,420.0
0-203-0-10703073001,23,0.5897435897435898,1986.0,2024.0,15,19.0,10.0,24.0,0.19396673864097225,25,False,False,True,True,True,True,False,coverage;gap,1986-2025,39,Kardašova Řečice,49.1864,14.8558,450.0
0-203-0-10803012001,23,0.5897435897435898,1986.0,2008.0,16,21.0,14.0,25.0,0.14250625684859325,24,False,False,True,False,True,True,False,coverage;gap;ends_late,1986-2025,39,Mlynářovice,48.9469,13.9014,743.0
0-203-0-11201006001,23,0.5897435897435898,1986.0,2009.0,15,22.0,10.0,25.0,0.16423699799804714,24,False,False,True,False,True,True,False,coverage;gap;ends_late,1986-2025,39,Praha  Braník,50.0383,14.4239,260.0
0-203-0-11201024001,23,0.5897435897435898,1986.0,2010.0,14,23.0,18.0,26.0,0.08714903518004974,26,False,False,True,False,True,True,False,coverage;gap;ends_late,1986-2025,39,Praha  Břevnov,50.080843,14.352689,355.0
0-203-0-11403070001,23,0.5897435897435898,1986.0,2011.0,13,22.0,10.0,25.0,0.2051110836508392,27,False,False,True,False,True,True,False,coverage;gap;ends_late,1986-2025,39,Kravaře,50.63392,14.39306,283.0
0-203-0-11610,23,0.5897435897435898,1986.0,2013.0,11,22.0,11.0,26.0,0.20085785566344178,28,False,False,True,False,True,True,False,coverage;gap;ends_late,1986-2025,39,Turnov,50.589631,15.154434,253.0
0-203-0-11623,23,0.5897435897435898,2002.0,2024.0,16,22.0,16.0,26.0,0.14652695411779534,23,False,False,False,True,True,True,False,coverage;gap;starts_early,1986-2025,39,Mokošín,50.016395,15.56668,255.0
0-203-0-11684,23,0.5897435897435898,2002.0,2024.0,16,21.0,11.0,26.0,0.16822167437012095,23,False,False,False,True,True,True,False,coverage;gap;starts_early,1986-2025,39,Gajer  Janov,49.8249969,16.4065347,510.0
0-203-0-11696,23,0.5897435897435898,1993.0,2024.0,7,22.0,10.0,26.0,0.18686934221798732,33,False,False,False,True,True,True,False,coverage;gap;starts_early,1986-2025,39,Dyjákovice,48.769,16.2925,187.0
0-203-0-11749,23,0.5897435897435898,1986.0,2024.0,7,21.0,11.0,25.0,0.22793337639048716,38,False,False,True,True,True,True,False,coverage;gap,1986-2025,39,Ivanovice na Hané,49.3092,17.0894,243.0
0-203-0-11786,23,0.5897435897435898,1993.0,2018.0,7,22.0,10.0,24.0,0.17048947696172712,27,False,False,False,False,True,True,False,coverage;gap;starts_early;ends_late,1986-2025,39,Rožnov pod Radhoštěm,49.461251,18.138224,375.0
0-203-0-20101109101,23,0.5897435897435898,1986.0,2011.0,13,24.0,12.0,26.0,0.15058920708856535,26,False,False,True,False,True,True,False,coverage;gap;ends_late,1986-2025,39,Ženklava,49.5617,18.1069,340.0
0-203-0-20301060301,23,0.5897435897435898,2002.0,2024.0,16,22.0,12.0,25.0,0.1636084920168799,23,False,False,False,True,True,True,False,coverage;gap;starts_early,1986-2025,39,Paskov,49.7244,18.3031,254.0
0-203-0-41001048001,23,0.5897435897435898,1986.0,2011.0,13,23.0,10.0,26.0,0.2083971852103704,26,False,False,True,False,True,True,False,coverage;gap;ends_late,1986-2025,39,Ruda nad Moravou  Hostice,49.9922,16.8833,360.0
0-203-0-41003005201,23,0.5897435897435898,1986.0,2011.0,13,23.0,11.0,26.0,0.17848051365300457,27,False,False,True,False,True,True,False,coverage;gap;ends_late,1986-2025,39,Litovel,49.705,17.070408,234.0
0-203-0-41003026002,23,0.5897435897435898,2002.0,2024.0,16,23.0,11.0,25.0,0.13194801370355108,23,False,False,False,True,True,True,False,coverage;gap;starts_early,1986-2025,39,Oskava,49.90482,17.134781,360.0
0-203-0-41202062001,23,0.5897435897435898,1995.0,2024.0,9,23.0,12.0,26.0,0.17066504100130886,29,False,False,False,True,True,True,False,coverage;gap;starts_early,1986-2025,39,Kojetín,49.3527,17.2944,203.0
0-203-0-41202119001,23,0.5897435897435898,1986.0,2015.0,9,17.0,10.0,25.0,0.25527741213827737,30,False,False,True,False,True,True,False,coverage;gap;ends_late,1986-2025,39,Kostelany,49.203333,17.382222,381.0
0-203-0-41604016001,23,0.5897435897435898,1986.0,2024.0,10,24.0,11.0,26.0,0.16577100317147286,38,False,False,True,True,True,True,False,coverage;gap,1986-2025,39,Branišovice,48.9661,16.4353,200.0
0-20000-0-11609,22,0.5641025641025641,2002.0,2024.0,16,22.0,13.0,26.0,0.14338678560427212,23,False,False,False,True,True,True,False,coverage;gap;starts_early,1986-2025,39,Jičín,50.439511,15.352626,283.0
0-20000-0-11730,22,0.5641025641025641,2003.0,2024.0,17,24.0,17.0,26.0,0.09622998087483417,22,False,False,False,True,True,True,False,coverage;gap;starts_early,1986-2025,39,Šerák,50.1875,17.108333,1328.0
0-203-0-11003073001,22,0.5641025641025641,1989.0,2011.0,13,23.0,13.0,26.0,0.16789502335727924,24,False,False,False,False,True,True,False,coverage;gap;starts_early;ends_late,1986-2025,39,Horšice  Újezd,49.5375,13.4047,470.0
0-203-0-11103017001,22,0.5641025641025641,1986.0,2008.0,16,23.0,14.0,26.0,0.15211892125894844,23,False,False,True,False,True,True,False,coverage;gap;ends_late,1986-2025,39,Kounov,50.214902,13.672193,418.0
0-203-0-11415,22,0.5641025641025641,1986.0,2012.0,12,20.0,10.0,26.0,0.25916422378747167,27,False,False,True,False,True,True,False,coverage;gap;ends_late,1986-2025,39,Karlovy Vary,50.227229,12.878151,377.0
0-203-0-11571,22,0.5641025641025641,2003.0,2024.0,17,23.5,10.0,26.0,0.14029487473496702,22,False,False,False,True,True,True,False,coverage;gap;starts_early,1986-2025,39,Jílové u Prahy,49.907837,14.489046,448.0
0-203-0-20202065001,22,0.5641025641025641,1986.0,2011.0,13,23.0,13.0,26.0,0.19207323149614264,26,False,False,True,False,True,True,False,coverage;gap;ends_late,1986-2025,39,Kružberk,49.8244,17.6639,435.0
0-203-0-20301060101,22,0.5641025641025641,1988.0,2013.0,11,23.0,11.0,25.0,0.14923830534875437,25,False,False,True,False,True,True,False,coverage;gap;ends_late,1986-2025,39,Olešná,49.6667,18.3167,308.0
0-203-0-20303055001,22,0.5641025641025641,1996.0,2018.0,10,24.0,11.0,26.0,0.1814354537843617,24,False,False,False,False,True,True,False,coverage;gap;starts_early;ends_late,1986-2025,39,Hnojník,49.6775,18.545,340.0
0-203-0-41003136001,22,0.5641025641025641,1986.0,2011.0,13,23.0,12.0,26.0,0.17892425461319908,24,False,False,True,False,True,True,False,coverage;gap;ends_late,1986-2025,39,Tovačov,49.4319,17.2792,199.0
0-203-0-41102072101,22,0.5641025641025641,1986.0,2011.0,13,24.0,10.0,25.0,0.1752719295394803,26,False,False,True,False,True,True,False,coverage;gap;ends_late,1986-2025,39,Dluhonice,49.4494,17.4097,205.0
0-203-0-41301116001,22,0.5641025641025641,1986.0,2020.0,7,22.0,10.0,26.0,0.22167689079352804,34,False,False,True,False,True,True,False,coverage;gap;ends_late,1986-2025,39,Uherský Brod,49.0255,17.6555,222.0
0-203-0-41402018001,22,0.5641025641025641,1986.0,2016.0,8,20.5,10.0,26.0,0.2791919473777757,31,False,False,True,False,True,True,False,coverage;gap;ends_late,1986-2025,39,Budeč,49.0872,15.5861,491.0
0-203-0-41403067001,22,0.5641025641025641,1986.0,2024.0,16,23.5,11.0,26.0,0.1849542312631647,32,False,False,True,True,True,True,False,coverage;gap,1986-2025,39,Drnholec,48.8589,16.48,210.0
0-203-0-41501092002,22,0.5641025641025641,2003.0,2024.0,17,24.5,20.0,26.0,0.06611854893560466,22,False,False,False,True,True,True,False,coverage;gap;starts_early,1986-2025,39,Strážek,49.4411,16.198,445.0
0-203-0-41503074001,22,0.5641025641025641,1986.0,2011.0,13,21.5,15.0,26.0,0.15724158353533352,27,False,False,True,False,True,True,False,coverage;gap;ends_late,1986-2025,39,Podbřežice,49.2128,16.925,261.0
0-203-0-41601014001,22,0.5641025641025641,1986.0,2007.0,17,22.5,11.0,26.0,0.2228911802918788,22,False,False,True,False,True,True,False,coverage;gap;ends_late,1986-2025,39,Rohozná,49.3544,15.4017,553.0
0-20000-0-11450,21,0.5384615384615384,2004.0,2024.0,18,24.0,20.0,26.0,0.06525332051916434,21,False,False,False,True,True,True,False,coverage;gap;starts_early,1986-2025,39,Plzeň  Mikulka,49.764722,13.378889,359.8
0-203-0-10407065001,21,0.5384615384615384,1986.0,2007.0,17,23.0,13.0,26.0,0.12445810906713052,23,False,False,True,False,True,True,False,coverage;gap;ends_late,1986-2025,39,Káraný,50.175931,14.731428,170.0
0-203-0-10801073001,21,0.5384615384615384,1986.0,2007.0,17,21.0,16.0,26.0,0.10698527085791791,22,False,False,True,False,True,True,False,coverage;gap;ends_late,1986-2025,39,Kolinec,49.2981,13.4342,543.0
0-203-0-11001075001,21,0.5384615384615384,1986.0,2006.0,18,21.0,13.0,26.0,0.18575980418791735,22,False,False,True,False,True,True,False,coverage;gap;ends_late,1986-2025,39,Svojšín  Řebří,49.763302,12.881296,460.0
0-203-0-11002084001,21,0.5384615384615384,1986.0,2017.0,10,23.0,11.0,26.0,0.15195884367631837,25,False,False,True,False,True,True,False,coverage;gap;ends_late,1986-2025,39,Stod,49.639696,13.166901,337.0
0-203-0-11103024001,21,0.5384615384615384,1986.0,2007.0,17,23.0,13.0,26.0,0.13491933492158958,22,False,False,True,False,True,True,False,coverage;gap;ends_late,1986-2025,39,Krušovice,50.174061,13.77522,385.0
0-203-0-11471,21,0.5384615384615384,1986.0,2011.0,13,22.0,11.0,26.0,0.20883837760756865,25,False,False,True,False,True,True,False,coverage;gap;ends_late,1986-2025,39,Louny,50.3533,13.8203,230.0
0-203-0-11485,21,0.5384615384615384,2004.0,2024.0,18,20.0,16.0,25.0,0.12844517926436053,21,False,False,False,True,True,True,False,coverage;gap;starts_early,1986-2025,39,Příbram,49.694602,14.022433,555.0
0-203-0-11556,21,0.5384615384615384,1986.0,2010.0,14,21.0,10.0,25.0,0.2167730830306826,26,False,False,True,False,True,True,False,coverage;gap;ends_late,1986-2025,39,Český Dub  Modlibohov,50.683677,14.981635,355.0
0-203-0-11621,21,0.5384615384615384,1991.0,2024.0,7,21.0,13.0,25.0,0.1563378624450618,25,False,False,False,True,True,True,False,coverage;gap;starts_early,1986-2025,39,Radovesnice II.,50.106526,15.368164,227.0
0-203-0-11655,21,0.5384615384615384,1998.0,2024.0,12,22.0,10.0,26.0,0.2574106348989105,26,False,False,False,True,True,True,False,coverage;gap;starts_early,1986-2025,39,Libice nad Doubravou,49.744164,15.704862,425.0
0-203-0-11729,21,0.5384615384615384,1986.0,2022.0,10,23.0,11.0,26.0,0.1819548583970342,35,False,False,True,True,True,True,False,coverage;gap,1986-2025,39,Brod nad Dyjí,48.8733,16.5358,177.0
0-203-0-11775,21,0.5384615384615384,1986.0,2024.0,9,19.0,11.0,25.0,0.2859601093827254,29,False,False,True,True,True,True,False,coverage;gap,1986-2025,39,Zlín,49.236667,17.643333,283.0
0-203-0-20301039001,21,0.5384615384615384,1995.0,2015.0,9,22.0,13.0,25.0,0.13946829657057067,21,False,False,False,False,True,True,False,coverage;gap;starts_early;ends_late,1986-2025,39,Morávka  Uspolka,49.5619,18.5528,532.0
0-203-0-41202003001,21,0.5384615384615384,1986.0,2011.0,13,16.0,10.0,26.0,0.2949567861308276,26,False,False,True,False,True,True,False,coverage;gap;ends_late,1986-2025,39,Vyškov  Rychtářov,49.3286,16.915,400.0
0-203-0-41403009001,21,0.5384615384615384,1986.0,2009.0,15,23.0,12.0,26.0,0.173490798166151,24,False,False,True,False,True,True,False,coverage;gap;ends_late,1986-2025,39,Jevišovice,48.9925,15.9811,330.0
0-203-0-41501005002,21,0.5384615384615384,1986.0,2024.0,18,21.0,17.0,24.0,0.1022923929254574,21,False,False,True,True,True,True,False,coverage;gap,1986-2025,39,Křižánky  Moravské Křižánky,49.6833,16.0667,615.0
0-203-0-42109005001,21,0.5384615384615384,1991.0,2011.0,13,19.0,12.0,24.0,0.15365125508487726,23,False,False,False,False,True,True,False,coverage;gap;starts_early;ends_late,1986-2025,39,Vápenice,48.9472,17.8144,760.0
0-20000-0-11669,20,0.5128205128205128,2004.0,2024.0,18,18.0,12.0,23.0,0.1902082478584309,21,False,False,False,True,True,True,False,coverage;gap;starts_early,1986-2025,39,Polom  Sedloňov,50.350278,16.322222,747.24
0-203-0-10101055001,20,0.5128205128205128,1990.0,2011.0,13,22.5,10.0,26.0,0.26090849226820256,23,False,False,False,False,True,True,False,coverage;gap;starts_early;ends_late,1986-2025,39,Čistá,50.526601,15.584265,445.0
0-203-0-10501035001,20,0.5128205128205128,1986.0,2005.0,19,22.0,13.0,26.0,0.14052281114731385,20,False,False,True,False,True,True,False,coverage;gap;ends_late,1986-2025,39,Studenec,50.55272,15.550286,532.0
0-203-0-10903095001,20,0.5128205128205128,2002.0,2021.0,16,23.0,20.0,25.0,0.08158366332341348,21,False,False,False,False,True,True,False,coverage;gap;starts_early;ends_late,1986-2025,39,Kozmice,49.8264,14.7942,500.0
0-203-0-11002093001,20,0.5128205128205128,1986.0,2007.0,17,23.5,15.0,26.0,0.13071503262091327,22,False,False,True,False,True,True,False,coverage;gap;ends_late,1986-2025,39,Merklín,49.55887,13.196879,377.0
0-203-0-11003030001,20,0.5128205128205128,1987.0,2007.0,17,23.0,14.0,26.0,0.16809444624864442,21,False,False,True,False,True,True,False,coverage;gap;ends_late,1986-2025,39,Dlažov,49.3636,13.1669,504.0
0-203-0-11202078001,20,0.5128205128205128,1986.0,2006.0,18,23.0,13.0,25.0,0.14211192576137582,22,False,False,True,False,True,True,False,coverage;gap;ends_late,1986-2025,39,Slaný,50.236779,14.090481,307.0
0-203-0-11305015001,20,0.5128205128205128,1986.0,2011.0,13,21.0,10.0,26.0,0.21290880822239214,27,False,False,True,False,True,True,False,coverage;gap;ends_late,1986-2025,39,Ústí nad Labem  Církvice,50.59228,14.04103,150.0
0-203-0-11560,20,0.5128205128205128,1986.0,2011.0,13,21.0,11.0,24.0,0.14868878564497862,27,False,False,True,False,True,True,False,coverage;gap;ends_late,1986-2025,39,Praha  Uhříněves,50.0322,14.6036,299.0
0-203-0-41403002001,20,0.5128205128205128,1986.0,2011.0,13,20.0,13.0,26.0,0.16030992633531058,26,False,False,True,False,True,True,False,coverage;gap;ends_late,1986-2025,39,Nové Syrovice,49.0158,15.7756,432.0
0-203-0-41502109601,20,0.5128205128205128,2004.0,2024.0,18,22.5,11.0,25.0,0.15862816387973902,27,False,False,False,True,True,True,False,coverage;gap;starts_early,1986-2025,39,Brno  Židenice,49.1983,16.631111,200.0
0-203-0-41503084002,20,0.5128205128205128,1986.0,2009.0,15,22.0,11.0,26.0,0.1713112409329286,24,False,False,True,False,True,True,False,coverage;gap;ends_late,1986-2025,39,Kobeřice,49.0919,16.8831,288.0
0-203-0-41601038001,20,0.5128205128205128,1986.0,2012.0,12,24.0,17.0,26.0,0.09112600784134138,21,False,False,True,False,True,True,False,coverage;gap;ends_late,1986-2025,39,Stonařov,49.284444,15.587222,584.0
0-20000-0-11791,19,0.48717948717948717,2006.0,2024.0,20,20.0,15.0,23.0,0.12219199541259301,19,False,False,False,True,True,True,False,coverage;gap;starts_early,1986-2025,39,Hošťálková  Maruška,49.3653,17.8286,664.1
0-203-0-10305030001,19,0.48717948717948717,2006.0,2024.0,20,23.0,11.0,26.0,0.1955684572696452,19,False,False,False,True,True,True,False,coverage;gap;starts_early,1986-2025,39,Licoměřice,49.914705,15.551646,335.0
0-203-0-11203010001,19,0.48717948717948717,1989.0,2012.0,12,22.0,14.0,25.0,0.14243881943240924,23,False,False,False,False,True,True,False,coverage;gap;starts_early;ends_late,1986-2025,39,Střemy,50.38361,14.56861,269.0
0-203-0-11303071002,19,0.48717948717948717,1988.0,2011.0,13,21.0,10.0,26.0,0.2294510325064121,25,False,False,True,False,True,True,False,coverage;gap;ends_late,1986-2025,39,Kryry,50.1767,13.4272,306.0
0-203-0-11303115501,19,0.48717948717948717,1986.0,2011.0,13,19.0,11.0,25.0,0.25497147949148663,25,False,False,True,False,True,True,False,coverage;gap;ends_late,1986-2025,39,Málkov  Zelená,50.448,13.327,410.0
0-203-0-11439,19,0.48717948717948717,2005.0,2024.0,19,24.0,13.0,26.0,0.1468037962565549,20,False,False,False,True,True,True,False,coverage;gap;starts_early,1986-2025,39,Strojetice,50.17378,13.47694,372.0
0-203-0-20301042001,19,0.48717948717948717,1986.0,2005.0,19,21.0,11.0,25.0,0.19299740930903708,20,False,False,True,False,True,True,False,coverage;gap;ends_late,1986-2025,39,Morávka,49.5847,18.5389,541.0
0-203-0-40102009001,19,0.48717948717948717,1986.0,2004.0,20,21.0,14.0,26.0,0.14650632901621358,20,False,False,True,False,True,True,False,coverage;gap;ends_late,1986-2025,39,Rozvadov,49.6686,12.5522,581.0
0-203-0-10304070001,18,0.46153846153846156,1990.0,2011.0,13,22.0,11.0,26.0,0.2475355552547787,23,False,False,False,False,True,True,False,coverage;gap;starts_early;ends_late,1986-2025,39,Litošice,49.986104,15.512615,270.0
0-203-0-10702056101,18,0.46153846153846156,1986.0,2004.0,20,19.0,15.0,23.0,0.11444502816892099,20,False,False,True,False,True,True,False,coverage;gap;ends_late,1986-2025,39,Lomnice nad Lužnicí,49.0883,14.7231,423.0
0-203-0-10703053001,18,0.46153846153846156,1987.0,2007.0,17,20.5,14.0,26.0,0.1316743634737578,22,False,False,True,False,True,True,False,coverage;gap;ends_late,1986-2025,39,Lásenice,49.0742,14.9689,452.0
0-203-0-10704085001,18,0.46153846153846156,1986.0,2004.0,20,21.0,13.0,24.0,0.1381336028389567,20,False,False,True,False,True,True,False,coverage;gap;ends_late,1986-2025,39,Řepeč,49.4042,14.5186,475.0
0-203-0-10705014001,18,0.46153846153846156,1994.0,2011.0,13,21.0,17.0,26.0,0.09093227344447796,19,False,False,False,False,True,True,False,coverage;gap;starts_early;ends_late,1986-2025,39,Temešvár,49.3572,14.2633,421.0
0-203-0-10802060001,18,0.46153846153846156,1994.0,2011.0,13,20.0,11.0,26.0,0.1879751950238884,19,False,False,False,False,True,True,False,coverage;gap;starts_early;ends_late,1986-2025,39,Paračov,49.2014,13.9947,483.0
0-203-0-10804058001,18,0.46153846153846156,1986.0,2004.0,20,21.0,17.0,23.0,0.09071809284551546,19,False,False,True,False,True,True,False,coverage;gap;ends_late,1986-2025,39,Mirovice,49.5125,14.0383,444.0
0-203-0-10805103001,18,0.46153846153846156,1993.0,2011.0,13,22.5,11.0,26.0,0.18851464236224227,20,False,False,False,False,True,True,False,coverage;gap;starts_early;ends_late,1986-2025,39,Dobříš,49.7858,14.1783,360.0
0-203-0-11303052001,18,0.46153846153846156,1986.0,2007.0,17,21.0,12.0,25.0,0.23203626968607086,21,False,False,True,False,True,True,False,coverage;gap;ends_late,1986-2025,39,Valeč,50.1794,13.2528,518.0
0-203-0-11682,18,0.46153846153846156,1986.0,2004.0,20,20.0,11.0,25.0,0.1953852929237437,19,False,False,True,False,True,True,False,coverage;gap;ends_late,1986-2025,39,Nekoř,50.0744,16.5619,488.0
0-203-0-11689,18,0.46153846153846156,1986.0,2008.0,16,20.0,10.0,25.0,0.29276078244813625,23,False,False,True,False,True,True,False,coverage;gap;ends_late,1986-2025,39,Úsuší  Čížky,49.3292,16.3667,397.0
0-203-0-20303038001,18,0.46153846153846156,1986.0,2007.0,17,22.5,11.0,26.0,0.15195176134525948,20,False,False,True,False,True,True,False,coverage;gap;ends_late,1986-2025,39,Třinec  Dolní Líštná,49.6919,18.6986,380.0
0-203-0-41002011001,18,0.46153846153846156,2001.0,2018.0,15,24.0,16.0,26.0,0.09656064880012415,18,False,False,False,False,True,True,False,coverage;gap;starts_early;ends_late,1986-2025,39,Žichlínek,49.8839,16.6397,353.0
0-203-0-41002058001,18,0.46153846153846156,1986.0,2007.0,17,23.0,13.0,26.0,0.1443803315058669,20,False,False,True,False,True,True,False,coverage;gap;ends_late,1986-2025,39,Rohle,49.8592,17.0194,341.0
0-203-0-41003127002,18,0.46153846153846156,2000.0,2017.0,14,22.5,20.0,26.0,0.07498558108224683,18,False,False,False,False,True,True,False,coverage;gap;starts_early;ends_late,1986-2025,39,Kozlov,49.6017,17.5327,620.0
0-203-0-41403029001,18,0.46153846153846156,1986.0,2007.0,17,24.0,17.0,26.0,0.1168443151927326,21,False,False,True,False,True,True,False,coverage;gap;ends_late,1986-2025,39,Výrovice,48.9297,16.1075,236.0
0-203-0-41701090001,18,0.46153846153846156,2007.0,2024.0,21,24.0,16.0,26.0,0.11610199796048808,18,False,False,False,True,True,True,False,coverage;gap;starts_early,1986-2025,39,Hýsly,49.021389,17.18,217.0
0-203-0-10703041001,17,0.4358974358974359,1986.0,2004.0,20,19.0,15.0,23.0,0.13373860182370823,19,False,False,True,False,True,True,False,coverage;gap;ends_late,1986-2025,39,Kunžak,49.1219,15.19,590.0
0-203-0-11001043001,17,0.4358974358974359,1986.0,2002.0,22,21.0,15.0,24.0,0.15107325888852055,18,False,False,True,False,True,True,False,coverage;gap;ends_late,1986-2025,39,Chodský Újezd,49.8658,12.6522,565.0
0-203-0-11704,17,0.4358974358974359,2003.0,2020.0,17,23.0,15.0,26.0,0.12461643979715763,19,False,False,False,False,True,True,False,coverage;gap;starts_early;ends_late,1986-2025,39,Staré Město pod Sněžníkem  Paprsek,50.209444,16.988889,1001.0
0-203-0-11743,17,0.4358974358974359,2008.0,2024.0,22,23.0,12.0,25.0,0.16728942140261902,17,False,False,False,True,True,True,False,coverage;gap;starts_early,1986-2025,39,Plumlov,49.468056,17.012222,297.0
0-203-0-11796,17,0.4358974358974359,1988.0,2005.0,19,21.0,13.0,26.0,0.161904232391524,17,False,False,True,False,True,True,False,coverage;gap;ends_late,1986-2025,39,Bílý Kříž,49.5025,18.5386,900.0
0-203-0-20301036001,17,0.4358974358974359,1986.0,2024.0,22,22.0,11.0,25.0,0.15175780878254552,19,False,False,True,True,True,True,False,coverage;gap,1986-2025,39,Morávka  Lúčka,49.532588,18.55,600.0
0-203-0-20402025001,17,0.4358974358974359,2008.0,2024.0,22,23.0,16.0,25.0,0.10386540124624347,18,False,False,False,True,True,True,False,coverage;gap;starts_early,1986-2025,39,Zlaté Hory,50.263,17.3926,407.0
0-203-0-20402025002,17,0.4358974358974359,1986.0,2005.0,19,19.0,12.0,26.0,0.26186146828319085,19,False,False,True,False,True,True,False,coverage;gap;ends_late,1986-2025,39,Zlaté Hory,50.252778,17.3926,444.0
0-203-0-41601008001,17,0.4358974358974359,2008.0,2024.0,22,23.0,20.0,25.0,0.06683804627249358,17,False,False,False,True,True,True,False,coverage;gap;starts_early,1986-2025,39,Batelov  Nová Ves,49.278056,15.355278,643.0
0-203-0-41701074001,17,0.4358974358974359,1986.0,2006.0,18,24.0,13.0,26.0,0.16959540968854941,21,False,False,True,False,True,True,False,coverage;gap;ends_late,1986-2025,39,Kyjov,49.0167,17.1167,190.0
0-203-0-10704035001,16,0.41025641025641024,2009.0,2024.0,23,23.0,20.0,25.0,0.06327059080488141,17,False,False,False,True,True,True,False,coverage;gap;starts_early,1986-2025,39,Tučapy,49.2919,14.8017,454.0
0-203-0-10903179001,16,0.41025641025641024,1986.0,2003.0,21,23.0,10.0,25.0,0.16467473575215272,18,False,False,True,False,True,True,False,coverage;gap;ends_late,1986-2025,39,Lešany  Nová Ves,49.85,14.5106,295.0
0-203-0-11202086001,16,0.41025641025641024,1987.0,2003.0,21,24.0,11.0,26.0,0.2043606256256876,17,False,False,True,False,True,True,False,coverage;gap;ends_late,1986-2025,39,Hospozín,50.3061,14.175,195.0
0-203-0-11301096001,16,0.41025641025641024,1986.0,2001.0,23,23.0,17.0,25.0,0.10105572458958928,17,False,False,True,False,True,True,False,coverage;gap;ends_late,1986-2025,39,Bublava,50.3711,12.5033,711.0
0-203-0-11449,16,0.41025641025641024,1988.0,2011.0,13,21.0,11.0,26.0,0.20553282121458755,22,False,False,True,False,True,True,False,coverage;gap;ends_late,1986-2025,39,Plzeň  město,49.7342,13.3761,335.0
0-203-0-11639,16,0.41025641025641024,2003.0,2024.0,17,19.5,12.0,26.0,0.21219056473721787,21,False,False,False,True,True,True,False,coverage;gap;starts_early,1986-2025,39,Lázně Bělohrad,50.427437,15.588567,299.0
0-203-0-20303060001,16,0.41025641025641024,2009.0,2024.0,23,22.5,18.0,26.0,0.10111230054778737,16,False,False,False,True,True,True,False,coverage;gap;starts_early,1986-2025,39,Těrlicko  Hradiště,49.735278,18.531667,356.0
0-203-0-41001074001,16,0.41025641025641024,1996.0,2011.0,13,23.0,15.0,26.0,0.1272713491608326,17,False,False,False,False,True,True,False,coverage;gap;starts_early;ends_late,1986-2025,39,Petrov nad Desnou,50.0164,17.0644,400.0
0-203-0-41101046001,16,0.41025641025641024,2001.0,2016.0,15,22.5,18.0,25.0,0.08332807288871531,17,False,False,False,False,True,True,False,coverage;gap;starts_early;ends_late,1986-2025,39,Horní Lideč,49.1861,18.0589,453.0
0-203-0-41202009002,16,0.41025641025641024,1986.0,2014.0,10,17.5,10.0,26.0,0.3162680746273159,27,False,False,True,False,True,True,False,coverage;gap;ends_late,1986-2025,39,Vyškov  Dědice,49.295,16.9822,263.0
0-203-0-10601021001,15,0.38461538461538464,1986.0,2001.0,23,17.0,14.0,26.0,0.21784771543131698,17,False,False,True,False,True,True,False,coverage;gap;ends_late,1986-2025,39,Horní Vltavice,48.9469,13.7889,830.0
0-203-0-10704040002,15,0.38461538461538464,1994.0,2008.0,16,20.0,14.0,26.0,0.1341847240419154,15,False,False,False,False,True,True,False,coverage;gap;starts_early;ends_late,1986-2025,39,Klenovice,49.2806,14.7011,421.0
0-203-0-10803062001,15,0.38461538461538464,1986.0,2001.0,23,22.0,13.0,24.0,0.12324476693248695,17,False,False,True,False,True,True,False,coverage;gap;ends_late,1986-2025,39,Bavorov,49.123889,14.089722,416.0
0-203-0-10803089001,15,0.38461538461538464,1986.0,2001.0,23,20.0,14.0,23.0,0.11575582319059366,17,False,False,True,False,True,True,False,coverage;gap;ends_late,1986-2025,39,Paseky,49.2497158,14.2682417,482.0
0-203-0-10804052001,15,0.38461538461538464,1986.0,2001.0,23,19.0,12.0,25.0,0.17961829383857728,17,False,False,True,False,True,True,False,coverage;gap;ends_late,1986-2025,39,Tochovice,49.591667,14.004167,494.0
0-203-0-10805018001,15,0.38461538461538464,1986.0,2001.0,23,20.0,10.0,25.0,0.22568795377723078,17,False,False,True,False,True,True,False,coverage;gap;ends_late,1986-2025,39,Krásná Hora nad Vltavou  Krašovice,49.6,14.2781,434.0
0-203-0-11102061001,15,0.38461538461538464,1986.0,2001.0,23,22.0,11.0,26.0,0.21110590342900062,17,False,False,True,False,True,True,False,coverage;gap;ends_late,1986-2025,39,Mladotice  Černá Hať,50.0083,13.3342,506.0
0-203-0-11303005301,15,0.38461538461538464,1991.0,2011.0,13,21.0,11.0,25.0,0.21162932467633946,20,False,False,False,False,True,True,False,coverage;gap;starts_early;ends_late,1986-2025,39,Vilémov,50.3011,13.3078,300.0
0-203-0-11401004901,15,0.38461538461538464,1989.0,2007.0,17,18.0,10.0,24.0,0.23626378630186456,18,False,False,False,False,True,True,False,coverage;gap;starts_early;ends_late,1986-2025,39,Otvice,50.4811,13.4472,325.0
0-203-0-11437,15,0.38461538461538464,1986.0,2004.0,20,21.0,11.0,25.0,0.22097394217031086,17,False,False,True,False,True,True,False,coverage;gap;ends_late,1986-2025,39,Blšany,50.2169,13.4664,290.0
0-203-0-11444,15,0.38461538461538464,2010.0,2024.0,24,24.0,15.0,26.0,0.1252882180446114,15,False,False,False,True,True,True,False,coverage;gap;starts_early,1986-2025,39,Heřmanov,50.148529,13.57133,407.0
0-203-0-11626,15,0.38461538461538464,1990.0,2009.0,15,19.0,10.0,24.0,0.24569168303828856,21,False,False,False,False,True,True,False,coverage;gap;starts_early;ends_late,1986-2025,39,Hulice,49.721111,15.086667,375.0
0-203-0-11633,15,0.38461538461538464,2008.0,2022.0,22,24.0,14.0,26.0,0.13953521704833224,16,False,False,False,True,True,True,False,coverage;gap;starts_early,1986-2025,39,Luční bouda,50.735318,15.697859,1413.0
0-203-0-11732,15,0.38461538461538464,1986.0,2000.0,24,22.0,16.0,26.0,0.11452855645763477,15,False,False,True,False,True,True,False,coverage;gap;ends_late,1986-2025,39,Zlaté Hory  Rejvíz,50.2297,17.3056,757.0
0-203-0-41002010001,15,0.38461538461538464,1986.0,2000.0,24,19.0,12.0,25.0,0.23412751995542005,15,False,False,True,False,True,True,False,coverage;gap;ends_late,1986-2025,39,Lanškroun,49.9028,16.625,362.0
0-203-0-41003016001,15,0.38461538461538464,2010.0,2024.0,24,22.0,16.0,25.0,0.09900372508523582,15,False,False,False,True,True,True,False,coverage;gap;starts_early,1986-2025,39,Medlov  Hlivice,49.782412,17.037966,268.0
0-203-0-41501005001,15,0.38461538461538464,1987.0,2004.0,20,18.0,10.0,25.0,0.24225441174544496,16,False,False,True,False,True,True,False,coverage;gap;ends_late,1986-2025,39,České Milovy,49.6853,16.0886,635.0
0-203-0-41501114002,15,0.38461538461538464,1996.0,2011.0,13,22.0,12.0,25.0,0.21549607526972805,17,False,False,False,False,True,True,False,coverage;gap;starts_early;ends_late,1986-2025,39,Synalov,49.4322,16.4119,526.0
0-203-0-41501115001,15,0.38461538461538464,2010.0,2024.0,24,24.0,19.0,26.0,0.07913856975672795,15,False,False,False,True,True,True,False,coverage;gap;starts_early,1986-2025,39,Tišnov  Hájek,49.3731,16.4725,409.0
0-203-0-41501132001,15,0.38461538461538464,1986.0,2002.0,22,22.0,10.0,26.0,0.24651578289732642,17,False,False,True,False,True,True,False,coverage;gap;ends_late,1986-2025,39,Skřinářov,49.3486,16.1708,565.0
0-203-0-41501140001,15,0.38461538461538464,2010.0,2024.0,24,23.0,18.0,25.0,0.08495139067559569,15,False,False,False,True,True,True,False,coverage;gap;starts_early,1986-2025,39,Veverská Bítýška,49.2767,16.4317,246.0
0-203-0-41503084001,15,0.38461538461538464,2010.0,2024.0,24,23.0,18.0,26.0,0.1064745114387902,15,False,False,False,True,True,True,False,coverage;gap;starts_early,1986-2025,39,Milešovice,49.083889,16.853889,242.0
0-203-0-41601049001,15,0.38461538461538464,2010.0,2024.0,24,20.0,16.0,24.0,0.11310287416826453,15,False,False,False,True,True,True,False,coverage;gap;starts_early,1986-2025,39,Jihlava  Hruškové Dvory,49.4064,15.6164,468.0
0-203-0-41601082001,15,0.38461538461538464,2010.0,2024.0,24,23.0,21.0,26.0,0.06939975886566353,15,False,False,False,True,True,True,False,coverage;gap;starts_early,1986-2025,39,Nová Ves,49.2547,15.7869,422.0
0-203-0-10101026001,14,0.358974358974359,2005.0,2018.0,19,24.0,16.0,26.0,0.13041787014671521,15,False,False,False,False,True,True,False,coverage;gap;starts_early;ends_late,1986-2025,39,Černý Důl,50.648678,15.712563,715.0
0-203-0-10101029002,14,0.358974358974359,1990.0,2007.0,17,21.0,11.0,26.0,0.2535117574845228,17,False,False,False,False,True,True,False,coverage;gap;starts_early;ends_late,1986-2025,39,Rudník  Javorník,50.5831,15.7681,455.0
0-203-0-10305039001,14,0.358974358974359,1990.0,2011.0,13,19.5,11.0,26.0,0.2137417919668917,17,False,False,False,False,True,True,False,coverage;gap;starts_early;ends_late,1986-2025,39,Golčův Jeníkov,49.81896,15.47526,375.0
0-203-0-10702037001,14,0.358974358974359,2011.0,2024.0,25,23.5,15.0,26.0,0.11646890286489633,14,False,False,False,True,True,True,False,coverage;gap;starts_early,1986-2025,39,Lipnice,48.9109033,14.7651161,469.0
0-203-0-10704056001,14,0.358974358974359,1986.0,2001.0,23,18.0,11.0,24.0,0.1972953890583219,17,False,False,True,False,True,True,False,coverage;gap;ends_late,1986-2025,39,Chýnov,49.4083044,14.8120983,498.0
0-203-0-10801058001,14,0.358974358974359,2011.0,2024.0,25,22.0,17.0,25.0,0.10323481634516489,14,False,False,False,True,True,True,False,coverage;gap;starts_early,1986-2025,39,Zámyšl,49.22629,13.374402,800.0
0-203-0-10802015001,14,0.358974358974359,1986.0,2007.0,17,19.5,11.0,24.0,0.16870212647569297,15,False,False,True,False,True,True,False,coverage;gap;ends_late,1986-2025,39,Javorník,49.1392,13.6611,988.0
0-203-0-10805051001,14,0.358974358974359,1995.0,2011.0,13,21.0,10.0,25.0,0.26331759349816936,18,False,False,False,False,True,True,False,coverage;gap;starts_early;ends_late,1986-2025,39,Vojkov,49.6528,14.5225,463.0
0-203-0-11002064001,14,0.358974358974359,1986.0,1999.0,25,21.0,19.0,25.0,0.06970714806775237,15,False,False,True,False,True,True,False,coverage;gap;ends_late,1986-2025,39,Koloveč,49.4836,13.1161,476.0
0-203-0-11201021001,14,0.358974358974359,1986.0,1999.0,25,22.5,12.0,24.0,0.15853545275412192,14,False,False,True,False,True,True,False,coverage;gap;ends_late,1986-2025,39,Praha  Smíchov,50.064444,14.394722,274.0
0-203-0-11533,14,0.358974358974359,1986.0,1999.0,25,20.5,10.0,25.0,0.16768213358208353,15,False,False,True,False,True,True,False,coverage;gap;ends_late,1986-2025,39,Olešná,49.3433,14.3131,452.0
0-203-0-11638,14,0.358974358974359,1995.0,2012.0,12,23.0,16.0,26.0,0.1210715524441356,14,False,False,False,False,True,True,False,coverage;gap;starts_early;ends_late,1986-2025,39,Rýchorská bouda,50.6603,15.8497,1001.0
0-203-0-20101159201,14,0.358974358974359,1996.0,2011.0,13,19.5,11.0,25.0,0.21972389768725498,19,False,False,False,False,True,True,False,coverage;gap;starts_early;ends_late,1986-2025,39,Studénka,49.7058,18.0672,233.0
0-203-0-41101042002,14,0.358974358974359,2011.0,2024.0,25,23.0,18.0,24.0,0.06666666666666667,14,False,False,False,True,True,True,False,coverage;gap;starts_early,1986-2025,39,Valašská Senice,49.240278,18.126944,615.0
0-203-0-41202124001,14,0.358974358974359,1987.0,2006.0,18,15.0,10.0,25.0,0.2848898792944486,21,False,False,True,False,True,True,False,coverage;gap;ends_late,1986-2025,39,Rusava,49.3458,17.6806,360.0
0-203-0-10202022001,13,0.3333333333333333,1990.0,2011.0,13,22.0,13.0,26.0,0.21212783883102188,19,False,False,False,False,True,True,False,coverage;gap;starts_early;ends_late,1986-2025,39,Dolní Čermná,49.979555,16.566659,394.0
0-203-0-10202037001,13,0.3333333333333333,1990.0,2004.0,20,19.0,11.0,25.0,0.22546248764114477,15,False,False,False,False,True,True,False,coverage;gap;starts_early;ends_late,1986-2025,39,Mikuleč,49.8033,16.4119,513.0
0-203-0-10601144001,13,0.3333333333333333,1998.0,2024.0,14,21.0,13.0,24.0,0.1955467345434973,14,False,False,False,True,True,True,False,coverage;gap;starts_early,1986-2025,39,Rožmitál na Šumavě,48.697778,14.391111,627.0
0-203-0-10803058001,13,0.3333333333333333,1986.0,2001.0,23,16.0,12.0,25.0,0.2250209738169395,17,False,False,True,False,True,True,False,coverage;gap;ends_late,1986-2025,39,Frantoly,48.9823961,14.1003433,726.0
0-203-0-11104013001,13,0.3333333333333333,1987.0,1999.0,25,24.0,11.0,25.0,0.1966773151954169,13,False,False,True,False,True,True,False,coverage;gap;ends_late,1986-2025,39,Jince,49.7819,13.9797,405.0
0-203-0-11201018001,13,0.3333333333333333,1994.0,2007.0,17,23.0,11.0,26.0,0.17059886800747565,16,False,False,False,False,True,True,False,coverage;gap;starts_early;ends_late,1986-2025,39,Průhonice,50.007829,14.561121,312.0
0-203-0-11201020002,13,0.3333333333333333,1986.0,1998.0,26,23.0,18.0,26.0,0.07874007874011812,13,False,False,True,False,True,True,False,coverage;gap;ends_late,1986-2025,39,Praha  Hostivař,50.0342,14.535,251.0
0-203-0-11543,13,0.3333333333333333,1986.0,1998.0,26,19.0,14.0,25.0,0.19098589345349617,14,False,False,True,False,True,True,False,coverage;gap;ends_late,1986-2025,39,Lhenice,48.9922,14.1494,558.0
0-203-0-11776,13,0.3333333333333333,2010.0,2024.0,24,18.0,12.0,25.0,0.204820765008909,15,False,False,False,True,True,True,False,coverage;gap;starts_early,1986-2025,39,Velké Karlovice  Benešky,49.397036,18.294392,855.0
0-203-0-20301057001,13,0.3333333333333333,1986.0,2001.0,23,24.0,12.0,26.0,0.19173263403759727,16,False,False,True,False,True,True,False,coverage;gap;ends_late,1986-2025,39,Řepiště,49.73,18.3097,290.0
0-203-0-41003022001,13,0.3333333333333333,1986.0,2001.0,23,23.0,13.0,26.0,0.18563852348499923,16,False,False,True,False,True,True,False,coverage;gap;ends_late,1986-2025,39,Oskava  Bedřichov,49.9297,17.1556,415.0
0-203-0-41403002002,13,0.3333333333333333,2012.0,2024.0,26,23.0,18.0,25.0,0.07928655412870018,13,False,False,False,True,True,True,False,coverage;gap;starts_early,1986-2025,39,Láz,49.013078,15.786675,432.0
0-203-0-41601088001,13,0.3333333333333333,1986.0,1999.0,25,16.0,10.0,18.0,0.1888879836308038,18,False,False,True,False,True,True,False,coverage;gap;ends_late,1986-2025,39,Heraltice,49.2308,15.7331,556.0
0-203-0-10203017001,12,0.3076923076923077,1990.0,2007.0,17,22.5,11.0,26.0,0.2311154767753948,17,False,False,False,False,True,True,False,coverage;gap;starts_early;ends_late,1986-2025,39,Dobruška,50.2867,16.1531,283.0
0-203-0-10305028001,12,0.3076923076923077,1990.0,2005.0,19,19.5,14.0,25.0,0.16029011758938197,17,False,False,False,False,True,True,False,coverage;gap;starts_early;ends_late,1986-2025,39,Míčov- Sušice  Zbyslavec,49.9,15.5844,510.0
0-203-0-10406037001,12,0.3076923076923077,2013.0,2024.0,27,22.0,20.0,26.0,0.07550423673568323,12,False,False,False,True,True,True,False,coverage;gap;starts_early,1986-2025,39,Mrzky,50.044659,14.80731,260.0
0-203-0-10704084001,12,0.3076923076923077,2013.0,2024.0,27,23.0,21.0,25.0,0.05587260669577024,12,False,False,False,True,True,True,False,coverage;gap;starts_early,1986-2025,39,Olší,49.4362272,14.5099342,495.0
0-203-0-10804062001,12,0.3076923076923077,2013.0,2024.0,27,23.0,20.0,25.0,0.06920610817534109,13,False,False,False,True,True,True,False,coverage;gap;starts_early,1986-2025,39,Krsice,49.4849553,14.0730208,430.0
0-203-0-11202001001,12,0.3076923076923077,1986.0,1998.0,26,24.0,23.0,26.0,0.037139067635410375,13,False,False,True,False,True,True,False,coverage;gap;ends_late,1986-2025,39,Praha  Podbaba,50.1172,14.3942,183.0
0-203-0-11203009001,12,0.3076923076923077,2013.0,2024.0,27,24.0,13.0,25.0,0.145580807891348,13,False,False,False,True,True,True,False,coverage;gap;starts_early,1986-2025,39,Vysoká  Bosyně,50.4165833,14.5482556,307.0
0-203-0-11529,12,0.3076923076923077,2000.0,2011.0,14,21.0,14.0,26.0,0.1410583600411546,13,False,False,False,False,True,True,False,coverage;gap;starts_early;ends_late,1986-2025,39,Klenovice,49.5825,14.2042,422.0
0-203-0-11627,12,0.3076923076923077,1986.0,1998.0,26,22.0,10.0,25.0,0.2766162631445186,13,False,False,True,False,True,True,False,coverage;gap;ends_late,1986-2025,39,Čechtice,49.622912,15.04302,497.0
0-203-0-11651,12,0.3076923076923077,2010.0,2024.0,24,21.5,13.0,24.0,0.1622868022395355,15,False,False,False,True,True,True,False,coverage;gap;starts_early,1986-2025,39,Hradec Králové  Svobodné Dvory,50.223004,15.787757,240.0
0-203-0-11681,12,0.3076923076923077,1986.0,2001.0,23,20.5,14.0,25.0,0.1767766952966369,16,False,False,True,False,True,True,False,coverage;gap;ends_late,1986-2025,39,Litomyšl,49.865,16.3172,351.0
0-203-0-20301022001,12,0.3076923076923077,2013.0,2024.0,27,23.0,20.0,25.0,0.06773794912798965,12,False,False,False,True,True,True,False,coverage;gap;starts_early,1986-2025,39,Pstruží,49.559167,18.348889,400.0
0-203-0-20301060102,12,0.3076923076923077,2013.0,2024.0,27,22.0,15.0,25.0,0.10878565864408421,12,False,False,False,True,True,True,False,coverage;gap;starts_early,1986-2025,39,Frýdek-Místek  Místek,49.666667,18.315833,312.0
0-203-0-41201054001,12,0.3076923076923077,1986.0,2007.0,17,15.5,10.0,22.0,0.24927197331824374,22,False,False,True,False,True,True,False,coverage;gap;ends_late,1986-2025,39,Plumlov  Žárovice,49.4583,16.9856,320.0
0-203-0-41502076001,12,0.3076923076923077,2013.0,2024.0,27,21.0,16.0,22.0,0.10801234497346435,12,False,False,False,True,True,True,False,coverage;gap;starts_early,1986-2025,39,Šošůvka,49.414444,16.746944,533.0
0-203-0-41503092001,12,0.3076923076923077,1992.0,2005.0,19,18.0,13.0,26.0,0.192327314540518,15,False,False,False,False,True,True,False,coverage;gap;starts_early;ends_late,1986-2025,39,Chvalčov  Hostýn,49.3761,17.7006,715.0
0-20000-0-11747,11,0.28205128205128205,2014.0,2024.0,28,23.0,18.0,26.0,0.10628264204469137,14,False,False,False,True,True,True,False,coverage;gap;starts_early,1986-2025,39,Prostějov,49.4525,17.134722,214.75
0-203-0-10101014001,11,0.28205128205128205,2012.0,2024.0,26,23.0,13.0,26.0,0.18209811152843466,12,False,False,False,True,True,True,False,coverage;gap;starts_early,1986-2025,39,Strážné,50.6634733,15.6136806,791.0
0-203-0-10103032001,11,0.28205128205128205,1990.0,2001.0,23,16.0,10.0,25.0,0.28391232269810573,13,False,False,False,False,True,True,False,coverage;gap;starts_early;ends_late,1986-2025,39,Hronov  Zbečník,50.4839,16.1442,378.0
0-203-0-10103042001,11,0.28205128205128205,2001.0,2011.0,15,21.0,10.0,25.0,0.24649076851626994,11,False,False,False,False,True,True,False,coverage;gap;starts_early;ends_late,1986-2025,39,Olešnice  Čihalka,50.374902,16.352829,740.0
0-203-0-10302040001,11,0.28205128205128205,2013.0,2024.0,27,21.0,12.0,25.0,0.2188925080220435,12,False,False,False,True,True,True,False,coverage;gap;starts_early,1986-2025,39,Hrušová,49.916667,16.19522,291.0
0-203-0-10405053001,11,0.28205128205128205,1990.0,2007.0,17,22.0,13.0,26.0,0.16718660553720632,18,False,False,False,False,True,True,False,coverage;gap;starts_early;ends_late,1986-2025,39,Mcely,50.3033,15.0717,233.0
0-203-0-10602021001,11,0.28205128205128205,1986.0,1997.0,27,20.0,12.0,23.0,0.15171633888651245,12,False,False,True,False,True,True,False,coverage;gap;ends_late,1986-2025,39,Kaplice,48.7442,14.4936,536.0
0-203-0-11002060001,11,0.28205128205128205,2001.0,2011.0,15,21.0,12.0,26.0,0.18045877617328335,12,False,False,False,False,True,True,False,coverage;gap;starts_early;ends_late,1986-2025,39,Stanětice,49.4417,13.0225,484.0
0-203-0-11004001002,11,0.28205128205128205,1986.0,1996.0,28,24.0,16.0,26.0,0.11787133221987449,12,False,False,True,False,True,True,False,coverage;gap;ends_late,1986-2025,39,Plzeň  Doudlevce,49.7239,13.3944,312.0
0-203-0-11005057001,11,0.28205128205128205,1986.0,1996.0,28,23.0,17.0,26.0,0.09810018692482891,12,False,False,True,False,True,True,False,coverage;gap;ends_late,1986-2025,39,Šťáhlavy,49.6767,13.5208,364.0
0-203-0-11425,11,0.28205128205128205,1991.0,2007.0,17,20.0,11.0,26.0,0.3120214309775983,16,False,False,False,False,True,True,False,coverage;gap;starts_early;ends_late,1986-2025,39,Mutěnín,49.5458,12.7467,480.0
0-203-0-11618,11,0.28205128205128205,1986.0,1996.0,28,24.0,12.0,25.0,0.20999364502532306,12,False,False,True,False,True,True,False,coverage;gap;ends_late,1986-2025,39,Poběžovice u Holic,50.0925,16.0064,322.0
0-203-0-11642,11,0.28205128205128205,1995.0,2005.0,19,23.0,16.0,26.0,0.11954117322198568,11,False,False,False,False,True,True,False,coverage;gap;starts_early;ends_late,1986-2025,39,Vítkovice  Horní Mísečky,50.735556,15.571111,1040.0
0-203-0-11665,11,0.28205128205128205,1986.0,1996.0,28,22.0,15.0,25.0,0.1382161561889838,14,False,False,True,False,True,True,False,coverage;gap;ends_late,1986-2025,39,Lysice,49.4575,16.5367,410.0
0-203-0-11735,11,0.28205128205128205,1986.0,1996.0,28,24.0,17.0,26.0,0.1071414482860317,11,False,False,True,False,True,True,False,coverage;gap;ends_late,1986-2025,39,Praděd,50.0829406,17.2298264,1490.0
0-203-0-11760,11,0.28205128205128205,2006.0,2016.0,20,19.0,10.0,26.0,0.250700477696785,11,False,False,False,False,True,True,False,coverage;gap;starts_early;ends_late,1986-2025,39,Krásná  Visalaje,49.5236,18.5333,805.0
0-203-0-41301068001,11,0.28205128205128205,1996.0,2011.0,13,21.0,11.0,24.0,0.25608246970950005,17,False,False,False,False,True,True,False,coverage;gap;starts_early;ends_late,1986-2025,39,Svárov,49.1144,17.6225,290.0
0-203-0-41502055001,11,0.28205128205128205,2001.0,2011.0,15,21.0,15.0,24.0,0.11284807307253164,13,False,False,False,False,True,True,False,coverage;gap;starts_early;ends_late,1986-2025,39,Lhota Rapotina,49.46767,16.62363,305.0
0-203-0-42106052001,11,0.28205128205128205,2014.0,2024.0,28,22.0,16.0,25.0,0.13173023094772524,11,False,False,False,True,True,True,False,coverage;gap;starts_early,1986-2025,39,Hrčava,49.51946,18.830278,590.0
0-203-0-10504022002,10,0.2564102564102564,1994.0,2004.0,20,21.5,11.0,24.0,0.179708850782582,12,False,False,False,False,True,True,False,coverage;gap;starts_early;ends_late,1986-2025,39,Veleň  Mírovice,50.165,14.5464,224.0
0-203-0-10601040001,10,0.2564102564102564,2014.0,2023.0,28,20.0,13.0,23.0,0.15894157150443491,10,False,False,False,True,True,True,False,coverage;gap;starts_early,1986-2025,39,Volary,48.901667,13.896111,749.0
0-203-0-10601089001,10,0.2564102564102564,1986.0,1996.0,28,19.5,10.0,25.0,0.2551455346588153,11,False,False,True,False,True,True,False,coverage;gap;ends_late,1986-2025,39,Květušín  Boletice,48.7833,14.1308,810.0
0-203-0-11202066001,10,0.2564102564102564,2001.0,2010.0,15,22.0,17.0,25.0,0.10301839427103633,11,False,False,False,False,True,True,False,coverage;gap;starts_early;ends_late,1986-2025,39,Zlonice,50.283586,14.086873,231.0
0-203-0-11494,10,0.2564102564102564,2015.0,2024.0,29,21.5,12.0,25.0,0.16174559461626287,10,False,False,False,True,True,True,False,coverage;gap;starts_early,1986-2025,39,Horská Kvilda,49.0533197,13.5652533,1052.0
0-203-0-11573,10,0.2564102564102564,1996.0,2024.0,19,21.5,16.0,22.0,0.11244051438929387,13,False,False,False,True,True,True,False,coverage;gap;starts_early,1986-2025,39,Benešov,49.78862,14.69668,343.0
0-203-0-11645,10,0.2564102564102564,2013.0,2024.0,27,19.0,13.0,24.0,0.19296124624698993,11,False,False,False,True,True,True,False,coverage;gap;starts_early,1986-2025,39,Trutnov,50.558597,15.898311,437.0
0-203-0-20301076001,10,0.2564102564102564,2015.0,2024.0,29,23.0,18.0,25.0,0.0889369523992999,10,False,False,False,True,True,True,False,coverage;gap;starts_early,1986-2025,39,Šenov  Lapačka,49.770556,18.380278,258.0
0-203-0-41001039001,10,0.2564102564102564,1987.0,1996.0,28,22.0,13.0,26.0,0.17972350230414746,11,False,False,True,False,True,True,False,coverage;gap;ends_late,1986-2025,39,Jindřichov  Rakousko,50.095,16.9833,445.0
0-203-0-41101075001,10,0.2564102564102564,2015.0,2024.0,29,20.5,12.0,25.0,0.18564699386388012,10,False,False,False,True,True,True,False,coverage;gap;starts_early,1986-2025,39,Kateřinice  Ojičná,49.400762,17.873311,585.0
0-203-0-41502057001,10,0.2564102564102564,2015.0,2024.0,29,21.0,14.0,23.0,0.11737072707436252,10,False,False,False,True,True,True,False,coverage;gap;starts_early,1986-2025,39,Obora,49.451667,16.603611,425.0
0-203-0-41601060001,10,0.2564102564102564,1986.0,1995.0,29,22.0,15.0,26.0,0.14285714285714285,10,False,False,True,False,True,True,False,coverage;gap;ends_late,1986-2025,39,Předín,49.1958,15.6736,614.0
0-203-0-10303025001,9,0.23076923076923078,1990.0,1999.0,25,19.0,11.0,25.0,0.2242283469999576,11,False,False,False,False,True,True,False,coverage;gap;starts_early;ends_late,1986-2025,39,Seč  přehrada,49.8378,15.6542,495.0
0-203-0-10502047001,9,0.23076923076923078,2016.0,2024.0,30,23.0,21.0,26.0,0.08081220356417686,10,False,False,False,True,True,True,False,coverage;gap;starts_early,1986-2025,39,Všelibice,50.648954,14.950609,392.0
0-203-0-11203055001,9,0.23076923076923078,1986.0,1995.0,29,22.0,10.0,23.0,0.2509085531440017,11,False,False,True,False,True,True,False,coverage;gap;ends_late,1986-2025,39,Liběšice,50.5675,14.2839,240.0
0-203-0-11301092001,9,0.23076923076923078,2016.0,2024.0,30,22.0,19.0,26.0,0.08378558794237721,10,False,False,False,True,True,True,False,coverage;gap;starts_early,1986-2025,39,Sokolov,50.176985,12.639266,407.0
0-203-0-11418,9,0.23076923076923078,1988.0,1998.0,26,15.0,11.0,24.0,0.2338817956022448,11,False,False,True,False,True,True,False,coverage;gap;ends_late,1986-2025,39,Mariánské Lázně  Skláře,49.9272,12.7183,540.0
0-203-0-11443,9,0.23076923076923078,1996.0,2009.0,15,22.0,11.0,26.0,0.2395523026373348,15,False,False,False,False,True,True,False,coverage;gap;starts_early;ends_late,1986-2025,39,Kněževes,50.144579,13.634577,358.0
0-203-0-11448,9,0.23076923076923078,1986.0,1996.0,28,22.0,10.0,26.0,0.270628799033511,11,False,False,True,False,True,True,False,coverage;gap;ends_late,1986-2025,39,Plzeň  Dobřany,49.6764,13.2694,360.0
0-203-0-11619,9,0.23076923076923078,1986.0,2001.0,23,23.0,17.0,24.0,0.0967274731105651,15,False,False,True,False,True,True,False,coverage;gap;ends_late,1986-2025,39,Přelouč,50.0439,15.5719,209.0
0-203-0-20202091002,9,0.23076923076923078,1986.0,1995.0,29,22.0,11.0,24.0,0.21422107825772604,12,False,False,True,False,True,True,False,coverage;gap;ends_late,1986-2025,39,Litultovice,49.9019,17.7556,310.0
0-203-0-20410027001,9,0.23076923076923078,1998.0,2006.0,18,18.0,14.0,24.0,0.15496111583208697,11,False,False,False,False,True,True,False,coverage;gap;starts_early;ends_late,1986-2025,39,Pertoltice,50.9806,15.0903,310.0
0-203-0-41001073001,9,0.23076923076923078,1986.0,1995.0,29,24.0,13.0,26.0,0.21094321847387829,10,False,False,True,False,True,True,False,coverage;gap;ends_late,1986-2025,39,Sobotín,50.0,17.0833,425.0
0-203-0-41202011001,9,0.23076923076923078,2015.0,2023.0,29,23.0,21.0,25.0,0.056613203666025035,10,False,False,False,True,True,True,False,coverage;gap;starts_early,1986-2025,39,Lysovice,49.216667,16.968611,275.0
0-203-0-41202117001,9,0.23076923076923078,2016.0,2024.0,30,23.0,20.0,26.0,0.06655975340195187,9,False,False,False,True,True,True,False,coverage;gap;starts_early,1986-2025,39,Újezdsko,49.211944,17.364444,336.0
0-203-0-41401070002,9,0.23076923076923078,2016.0,2024.0,30,24.0,21.0,26.0,0.06377353116652133,9,False,False,False,True,True,True,False,coverage;gap;starts_early,1986-2025,39,Slavonice  Stálkov,49.0292,15.2843,639.0
0-203-0-41501147001,9,0.23076923076923078,1986.0,2007.0,17,15.0,11.0,26.0,0.32603978140431233,23,False,False,True,False,True,True,False,coverage;gap;ends_late,1986-2025,39,Brno  Kníničky,49.2328,16.52,240.0
0-203-0-10101015001,8,0.20512820512820512,1994.0,2003.0,21,19.5,10.0,24.0,0.2535359870174827,10,False,False,False,False,True,True,False,coverage;gap;starts_early;ends_late,1986-2025,39,Hříběcí boudy,50.6794,15.6281,840.0
0-203-0-10303080002,8,0.20512820512820512,1990.0,2004.0,20,21.5,10.0,24.0,0.2348064788683664,15,False,False,False,False,True,True,False,coverage;gap;starts_early;ends_late,1986-2025,39,Chrast,49.9036,15.9386,292.0
0-203-0-10402058001,8,0.20512820512820512,1990.0,2005.0,19,21.0,10.0,25.0,0.23650918593417306,15,False,False,False,False,True,True,False,coverage;gap;starts_early;ends_late,1986-2025,39,Žlunice,50.3022,15.3811,270.0
0-203-0-10601159002,8,0.20512820512820512,1997.0,2004.0,20,20.5,15.0,25.0,0.14805067141499406,10,False,False,False,False,True,True,False,coverage;gap;starts_early;ends_late,1986-2025,39,Polná na Šumavě,48.8008,14.1539,770.0
0-203-0-10702054001,8,0.20512820512820512,1987.0,1995.0,29,21.0,12.0,24.0,0.17320508075688773,11,False,False,True,False,True,True,False,coverage;gap;ends_late,1986-2025,39,Jelmo  Rudolfov,49.0447,14.5611,505.0
0-203-0-10805067001,8,0.20512820512820512,1986.0,1993.0,31,22.5,17.0,25.0,0.09986735300354593,9,False,False,True,False,True,True,False,coverage;gap;ends_late,1986-2025,39,Sedlčany,49.6542,14.4269,363.0
0-203-0-10903095002,8,0.20512820512820512,1993.0,2001.0,23,22.5,13.0,24.0,0.18353712026566368,10,False,False,False,False,True,True,False,coverage;gap;starts_early;ends_late,1986-2025,39,Ostředek  Mžižovice,49.8333,14.8203,445.0
0-203-0-11103006001,8,0.20512820512820512,1986.0,1993.0,31,22.5,17.0,24.0,0.09267014137272489,8,False,False,True,False,True,True,False,coverage;gap;ends_late,1986-2025,39,Petrovice,50.0661,13.6369,396.0
0-203-0-11527,8,0.20512820512820512,1986.0,1993.0,31,21.5,11.0,23.0,0.1802261450499188,8,False,False,True,False,True,True,False,coverage;gap;ends_late,1986-2025,39,Solenice,49.6119,14.1803,359.0
0-203-0-11541,8,0.20512820512820512,1986.0,1993.0,31,22.0,12.0,22.0,0.1589182067115168,8,False,False,True,False,True,True,False,coverage;gap;ends_late,1986-2025,39,České Budějovice  Planá,48.9469,14.4292,420.0
0-203-0-11570,8,0.20512820512820512,1996.0,2007.0,17,22.0,17.0,26.0,0.15236904715398153,13,False,False,False,False,True,True,False,coverage;gap;starts_early;ends_late,1986-2025,39,Český Brod  Liblice,50.070711,14.88443,220.0
0-203-0-20301018001,8,0.20512820512820512,2017.0,2024.0,31,22.0,19.0,26.0,0.0943688875055936,8,False,False,False,True,True,True,False,coverage;gap;starts_early,1986-2025,39,Ostravice,49.525833,18.400556,435.0
0-203-0-41101046002,8,0.20512820512820512,2017.0,2024.0,31,22.0,12.0,24.0,0.1963165295562622,8,False,False,False,True,True,True,False,coverage;gap;starts_early,1986-2025,39,Lidečko,49.20948,18.052524,450.0
0-203-0-41101051001,8,0.20512820512820512,1991.0,2000.0,24,17.5,11.0,25.0,0.32071349029490925,10,False,False,False,False,True,True,False,coverage;gap;starts_early;ends_late,1986-2025,39,Pozděchov,49.2319,17.9583,496.0
0-203-0-41403014001,8,0.20512820512820512,2010.0,2017.0,24,22.5,20.0,24.0,0.05733837042424982,8,False,False,False,False,True,True,False,coverage;gap;starts_early;ends_late,1986-2025,39,Střelice,48.9934,15.9828,325.0
0-203-0-10101015002,7,0.1794871794871795,2004.0,2010.0,18,22.0,14.0,25.0,0.20102937258514067,9,False,False,False,False,True,True,False,coverage;gap;starts_early;ends_late,1986-2025,39,Frantova bouda  Strážné,50.6761,15.6308,780.0
0-203-0-10503012001,7,0.1794871794871795,2018.0,2024.0,32,23.0,21.0,26.0,0.07092052650046948,7,False,False,False,True,True,True,False,coverage;gap;starts_early,1986-2025,39,Chotětov,50.337419,14.810102,260.0
0-203-0-10601195002,7,0.1794871794871795,2004.0,2010.0,18,21.0,11.0,25.0,0.21044234925667418,8,False,False,False,False,True,True,False,coverage;gap;starts_early;ends_late,1986-2025,39,Markov,48.9031,14.0622,951.0
0-203-0-10602046001,7,0.1794871794871795,1986.0,1992.0,32,22.0,16.0,24.0,0.13707103183408084,8,False,False,True,False,True,True,False,coverage;gap;ends_late,1986-2025,39,Nové Hrady,48.7908,14.7825,542.0
0-203-0-10704040001,7,0.1794871794871795,1986.0,1992.0,32,22.0,20.0,24.0,0.06579380017539077,8,False,False,True,False,True,True,False,coverage;gap;ends_late,1986-2025,39,Soběslav,49.2556,14.7033,421.0
0-203-0-10805039001,7,0.1794871794871795,1986.0,1992.0,32,23.0,22.0,25.0,0.04423989295047839,8,False,False,True,False,True,True,False,coverage;gap;ends_late,1986-2025,39,Borotice,49.7333,14.2667,470.0
0-203-0-11102145001,7,0.1794871794871795,1986.0,1992.0,32,22.0,14.0,24.0,0.15847069369760078,7,False,False,True,False,True,True,False,coverage;gap;ends_late,1986-2025,39,Broumy,49.9519,13.8575,410.0
0-203-0-11201020001,7,0.1794871794871795,2018.0,2024.0,32,24.0,17.0,26.0,0.11601400969780763,7,False,False,False,True,True,True,False,coverage;gap;starts_early,1986-2025,39,Praha  Vinohrady - Flora,50.07584,14.46186,280.0
0-203-0-11301011001,7,0.1794871794871795,1986.0,1992.0,32,23.0,20.0,25.0,0.07180703308172535,8,False,False,True,False,True,True,False,coverage;gap;ends_late,1986-2025,39,Dolní Hraničná,50.08,12.2847,475.0
0-203-0-11467,7,0.1794871794871795,1986.0,1992.0,32,23.0,19.0,25.0,0.0871472104437171,7,False,False,True,False,True,True,False,coverage;gap;ends_late,1986-2025,39,Žatec  Velemyšleves,50.3789,13.5775,273.0
0-203-0-11496,7,0.1794871794871795,1986.0,1992.0,32,20.0,12.0,22.0,0.21535109182956447,8,False,False,True,False,True,True,False,coverage;gap;ends_late,1986-2025,39,Nová Pec,48.7847,13.9589,753.0
0-203-0-11503012001,7,0.1794871794871795,1986.0,1992.0,32,22.0,17.0,25.0,0.1184671776158829,7,False,False,True,False,True,True,False,coverage;gap;ends_late,1986-2025,39,Měděnec,50.4225,13.1178,840.0
0-203-0-11600,7,0.1794871794871795,1986.0,1992.0,32,19.0,15.0,24.0,0.1459090044710534,7,False,False,True,False,True,True,False,coverage;gap;ends_late,1986-2025,39,Višňová  Andělka,51.0008,14.9894,298.0
0-203-0-11616,7,0.1794871794871795,1992.0,1999.0,25,15.0,11.0,22.0,0.19750509984000394,10,False,False,False,False,True,True,False,coverage;gap;starts_early;ends_late,1986-2025,39,Krásné,49.8219,15.7383,613.0
0-203-0-11648,7,0.1794871794871795,1986.0,1992.0,32,23.0,15.0,24.0,0.14203715622203453,7,False,False,True,False,True,True,False,coverage;gap;ends_late,1986-2025,39,Pouchov  Hradec Králové,50.2456,15.8433,243.0
0-203-0-20202047001,7,0.1794871794871795,1986.0,1992.0,32,23.0,21.0,25.0,0.04984072640880957,8,False,False,True,False,True,True,False,coverage;gap;ends_late,1986-2025,39,Bruntál,49.9833,17.45,530.0
0-203-0-20404057001,7,0.1794871794871795,2017.0,2023.0,31,23.0,13.0,25.0,0.23750586700306983,7,False,False,False,True,True,True,False,coverage;gap;starts_early,1986-2025,39,Velká Kraš,50.370798,17.179638,235.0
0-203-0-41003038001,7,0.1794871794871795,1986.0,1992.0,32,23.0,20.0,26.0,0.10439218842770225,7,False,False,True,False,True,True,False,coverage;gap;ends_late,1986-2025,39,Stránské,49.8931,17.3028,650.0
0-203-0-41301067001,7,0.1794871794871795,1986.0,1992.0,32,13.0,10.0,16.0,0.17694399716880477,7,False,False,True,False,False,True,False,coverage;gap;ends_late;density,1986-2025,39,Březolupy,49.1192,17.5719,205.0
0-203-0-41502088001,7,0.1794871794871795,2005.0,2011.0,19,22.0,16.0,26.0,0.1392632402134805,8,False,False,False,False,True,True,False,coverage;gap;starts_early;ends_late,1986-2025,39,Holštejn,49.4,16.7833,455.0
0-203-0-41601037101,7,0.1794871794871795,1995.0,2014.0,12,19.0,12.0,24.0,0.20726451669703816,9,False,False,False,False,True,True,False,coverage;gap;starts_early;ends_late,1986-2025,39,Otín,49.2675,15.569167,624.0
0-203-0-10501021001,6,0.15384615384615385,2019.0,2024.0,33,19.5,10.0,22.0,0.23661661497518063,6,False,False,False,True,True,True,False,coverage;gap;starts_early,1986-2025,39,Dvoračky,50.748172,15.514525,1115.0
0-203-0-11203061001,6,0.15384615384615385,1987.0,1992.0,32,24.0,21.0,25.0,0.06839468624817699,8,False,False,True,False,True,True,False,coverage;gap;ends_late,1986-2025,39,Snědovice  Velký Hubenov,50.5278,14.4025,230.0
0-203-0-11203066001,6,0.15384615384615385,1987.0,1992.0,32,22.5,16.0,24.0,0.12597277731716483,7,False,False,True,False,True,True,False,coverage;gap;ends_late,1986-2025,39,Chcebuz,50.4819,14.4314,305.0
0-203-0-11460,6,0.15384615384615385,1986.0,1991.0,33,21.5,17.0,24.0,0.10709819298216884,7,False,False,True,False,True,True,False,coverage;gap;ends_late,1986-2025,39,Cínovec,50.7319,13.7672,830.0
0-203-0-11503003001,6,0.15384615384615385,1986.0,1991.0,33,23.0,20.0,25.0,0.06886117614639857,7,False,False,True,False,True,True,False,coverage;gap;ends_late,1986-2025,39,Moldava,50.72,13.6825,797.0
0-203-0-11513,6,0.15384615384615385,1986.0,1991.0,33,22.5,19.0,25.0,0.11177495298735718,7,False,False,True,False,True,True,False,coverage;gap;ends_late,1986-2025,39,Kladno   Kročehlavy,50.1333,14.1083,404.0
0-203-0-11607,6,0.15384615384615385,1986.0,1991.0,33,20.5,17.0,24.0,0.1261515497725103,6,False,False,True,False,True,True,False,coverage;gap;ends_late,1986-2025,39,Vysoké nad Jizerou,50.6822,15.4003,670.0
0-203-0-11641,6,0.15384615384615385,1986.0,1991.0,33,25.0,22.0,26.0,0.055717643589427844,6,False,False,True,False,True,True,False,coverage;gap;ends_late,1986-2025,39,Janské Lázně,50.6333,15.7833,650.0
0-203-0-11737,6,0.15384615384615385,1986.0,1991.0,33,24.0,20.0,25.0,0.08909894610024602,7,False,False,True,False,True,True,False,coverage;gap;ends_late,1986-2025,39,Rýmařov,49.931389,17.296111,578.0
0-203-0-11757,6,0.15384615384615385,1986.0,1996.0,28,13.5,10.0,16.0,0.16972502573910517,13,False,False,True,False,False,True,False,coverage;gap;ends_late;density,1986-2025,39,Brankovice,49.1533,17.14,268.0
0-203-0-41003096001,6,0.15384615384615385,1987.0,1992.0,32,24.0,23.0,26.0,0.041666666666666664,8,False,False,True,False,True,True,False,coverage;gap;ends_late,1986-2025,39,Moravský Beroun  Sedm Dvorů,49.7736,17.4403,525.0
0-203-0-41101111001,6,0.15384615384615385,2019.0,2024.0,33,22.0,17.0,24.0,0.10313282709806257,6,False,False,False,True,True,True,False,coverage;gap;starts_early,1986-2025,39,Rožnov pod Radhoštěm,49.462778,18.112788,362.0
0-203-0-41301103001,6,0.15384615384615385,1986.0,1992.0,32,14.0,10.0,16.0,0.15287442819818697,7,False,False,True,False,False,True,False,coverage;gap;ends_late;density,1986-2025,39,Pozlovice,49.1208,17.7753,290.0
0-203-0-41501112001,6,0.15384615384615385,1986.0,1993.0,31,17.5,13.0,21.0,0.16955581744245612,8,False,False,True,False,True,True,False,coverage;gap;ends_late,1986-2025,39,Brumov,49.4589,16.4294,531.0
0-203-0-10102051101,5,0.1282051282051282,1990.0,1995.0,29,15.0,11.0,25.0,0.3136585238826295,6,False,False,False,False,True,True,False,coverage;gap;starts_early;ends_late,1986-2025,39,Česká Skalice  Ratibořice,50.4165464,16.0529453,290.0
0-203-0-10304076001,5,0.1282051282051282,1990.0,1996.0,28,15.0,13.0,22.0,0.2200974933396436,7,False,False,False,False,True,True,False,coverage;gap;starts_early;ends_late,1986-2025,39,Labské Chrčice,50.0478,15.4122,202.0
0-203-0-10403016001,5,0.1282051282051282,1990.0,1996.0,28,17.0,12.0,26.0,0.3035179280358959,7,False,False,False,False,True,True,False,coverage;gap;starts_early;ends_late,1986-2025,39,Bříšťany,50.3128,15.6128,265.0
0-203-0-10903065001,5,0.1282051282051282,2019.0,2023.0,33,13.0,11.0,22.0,0.2699794230842211,6,False,False,False,True,False,True,False,coverage;gap;starts_early;density,1986-2025,39,Vlašim,49.691749,14.894545,415.0
0-203-0-10903094001,5,0.1282051282051282,2020.0,2024.0,34,23.0,18.0,24.0,0.09534625892455924,5,False,False,False,True,True,True,False,coverage;gap;starts_early,1986-2025,39,Teplýšovice,49.8067,14.8038,463.0
0-203-0-11303019001,5,0.1282051282051282,1986.0,1990.0,34,23.0,13.0,24.0,0.19737114095273717,5,False,False,True,False,True,True,False,coverage;gap;ends_late,1986-2025,39,Veliká Ves  Vitčice,50.2861,13.3417,315.0
0-203-0-11409,5,0.1282051282051282,2003.0,2007.0,17,22.0,13.0,24.0,0.18825941193849818,5,False,False,False,False,True,True,False,coverage;gap;starts_early;ends_late,1986-2025,39,Kynžvart,50.0069,12.6347,710.0
0-203-0-11601,5,0.1282051282051282,1988.0,1992.0,32,21.0,16.0,24.0,0.13370766369593978,5,False,False,True,False,True,True,False,coverage;gap;ends_late,1986-2025,39,Frýdlant,50.91785,15.09015,337.0
0-203-0-11631,5,0.1282051282051282,1995.0,2000.0,24,13.0,10.0,15.0,0.1781741612749496,8,False,False,False,False,False,True,False,coverage;gap;starts_early;ends_late;density,1986-2025,39,Kožlí,49.6797,15.2447,454.0
0-203-0-41501094001,5,0.1282051282051282,1986.0,1990.0,34,25.0,24.0,26.0,0.03017465634495114,5,False,False,True,False,True,True,False,coverage;gap;ends_late,1986-2025,39,Moravecké Pavlovice,49.4253,16.2567,525.0
0-203-0-41601086002,5,0.1282051282051282,2004.0,2008.0,18,23.0,18.0,26.0,0.12176947943737372,7,False,False,False,False,True,True,False,coverage;gap;starts_early;ends_late,1986-2025,39,Přibyslavice,49.25,15.7667,480.0
0-203-0-10101004001,4,0.10256410256410256,1990.0,1993.0,31,20.5,16.0,26.0,0.17166032347921695,5,False,False,False,False,True,True,False,coverage;gap;starts_early;ends_late,1986-2025,39,Svatý Petr  Špindlerův Mlýn,50.7247,15.6278,870.0
0-203-0-10103004001,4,0.10256410256410256,2018.0,2024.0,32,20.5,17.0,26.0,0.16148404721726828,6,False,False,False,True,True,True,False,coverage;gap;starts_early,1986-2025,39,Teplice nad Metují Zdoňov,50.641075,16.147362,531.0
0-203-0-10601214001,4,0.10256410256410256,2017.0,2020.0,31,22.5,22.0,24.0,0.03644642626764175,4,False,False,False,False,True,True,False,coverage;gap;starts_early;ends_late,1986-2025,39,Boršov nad Vltavou,48.926667,14.439722,404.0
0-203-0-10903100001,4,0.10256410256410256,2021.0,2024.0,35,22.5,16.0,24.0,0.15384349212496495,4,False,False,False,True,True,True,False,coverage;gap;starts_early,1986-2025,39,Čekanov  Úžice,49.88332,14.95468,413.0
0-203-0-11540,4,0.10256410256410256,1988.0,1991.0,33,22.5,18.0,25.0,0.11588680712710873,5,False,False,True,False,True,True,False,coverage;gap;ends_late,1986-2025,39,Hosín,49.0422,14.4944,488.0
0-203-0-41502109502,4,0.10256410256410256,1986.0,1993.0,31,12.5,10.0,15.0,0.14422205101855956,10,False,False,True,False,False,True,False,coverage;gap;ends_late;density,1986-2025,39,Brno  Lesná,49.2203,16.6294,276.0
0-203-0-41701010301,4,0.10256410256410256,1986.0,1996.0,28,16.0,12.0,17.0,0.13418611101430247,12,False,False,True,False,True,True,False,coverage;gap;ends_late,1986-2025,39,Bulhary,48.8303,16.7517,165.0
0-203-0-10301024001,3,0.07692307692307693,1990.0,1992.0,32,21.0,16.0,24.0,0.1622868022395355,6,False,False,False,False,True,True,False,coverage;gap;starts_early;ends_late,1986-2025,39,Holice,50.0717,15.995,248.0
0-203-0-10301028001,3,0.07692307692307693,1990.0,1992.0,32,19.0,15.0,21.0,0.1360602686099615,5,False,False,False,False,True,True,False,coverage;gap;starts_early;ends_late,1986-2025,39,Býšť,50.1294,15.9128,244.0
0-203-0-10302074001,3,0.07692307692307693,1990.0,1992.0,32,24.0,16.0,25.0,0.18589301497837804,6,False,False,False,False,True,True,False,coverage;gap;starts_early;ends_late,1986-2025,39,Dašice,50.035,15.9092,226.0
0-203-0-11203016001,3,0.07692307692307693,1999.0,2001.0,23,16.0,16.0,19.0,0.0831890330807703,5,False,False,False,False,True,True,False,coverage;gap;starts_early;ends_late,1986-2025,39,Mělník,50.3558,14.4739,184.0
0-203-0-11544,3,0.07692307692307693,1999.0,2001.0,23,16.0,14.0,16.0,0.061487546190134565,3,False,False,False,False,True,True,False,coverage;gap;starts_early;ends_late,1986-2025,39,Smědeč,48.9367,14.155,685.0
0-203-0-20202048002,3,0.07692307692307693,1994.0,1999.0,25,18.0,11.0,20.0,0.23624156944469848,6,False,False,False,False,True,True,False,coverage;gap;starts_early;ends_late,1986-2025,39,Mezina,49.9625,17.4861,530.0
0-203-0-41701046001,3,0.07692307692307693,1986.0,1993.0,31,13.0,10.0,16.0,0.1884222879063983,8,False,False,True,False,False,True,False,coverage;gap;ends_late;density,1986-2025,39,Břeclav,48.7608,16.8772,158.0
0-203-0-10503015001,2,0.05128205128205128,1986.0,1987.0,37,22.5,22.0,23.0,0.022222222222222223,3,False,False,True,False,True,True,False,coverage;gap;ends_late,1986-2025,39,Sojovice,50.2167,14.75,182.0
0-203-0-10601216001,2,0.05128205128205128,2021.0,2022.0,35,22.5,22.0,23.0,0.022222222222222223,2,False,False,False,True,True,True,False,coverage;gap;starts_early,1986-2025,39,Šindlovy Dvory  Litvínovice,48.964832,14.426389,416.0
0-203-0-10602076001,2,0.05128205128205128,2023.0,2024.0,37,24.0,22.0,26.0,0.08333333333333333,2,False,False,False,True,True,True,False,coverage;gap;starts_early,1986-2025,39,Kamenný Újezd,48.8962475,14.4526111,507.0
0-203-0-11303014001,2,0.05128205128205128,1986.0,1987.0,37,22.5,20.0,25.0,0.1111111111111111,3,False,False,True,False,True,True,False,coverage;gap;ends_late,1986-2025,39,Krásný Dvůr,50.2525,13.3722,330.0
0-203-0-11456,2,0.05128205128205128,1986.0,1987.0,37,21.0,20.0,22.0,0.047619047619047616,2,False,False,True,False,True,True,False,coverage;gap;ends_late,1986-2025,39,Hrádek,49.2667,13.5,495.0
0-203-0-11536,2,0.05128205128205128,1986.0,1987.0,37,22.5,22.0,23.0,0.022222222222222223,3,False,False,True,False,True,True,False,coverage;gap;ends_late,1986-2025,39,Protivín,49.1983,14.2128,394.0
0-203-0-20301003001,2,0.05128205128205128,2017.0,2018.0,31,19.5,19.0,20.0,0.02564102564102564,2,False,False,False,False,True,True,False,coverage;gap;starts_early;ends_late,1986-2025,39,Bílá  Mezivodí,49.4256,18.4088,615.0
0-203-0-41001001002,2,0.05128205128205128,1986.0,2013.0,26,22.0,20.0,24.0,0.09090909090909091,4,False,False,True,False,True,True,False,coverage;gap;ends_late,1986-2025,39,Dolní Morava  Velká Morava,50.154444,16.814167,715.0
0-203-0-41301057001,2,0.05128205128205128,2023.0,2024.0,37,22.0,19.0,25.0,0.13636363636363635,2,False,False,False,True,True,True,False,coverage;gap;starts_early,1986-2025,39,Halenkovice,49.1929933,17.4540381,352.0
0-203-0-41501114003,2,0.05128205128205128,1994.0,1995.0,29,18.0,16.0,20.0,0.1111111111111111,2,False,False,False,False,True,True,False,coverage;gap;starts_early;ends_late,1986-2025,39,Osiky,49.455,16.4214,555.0
0-203-0-41502069001,2,0.05128205128205128,1986.0,1987.0,37,15.0,12.0,18.0,0.2,2,False,False,True,False,True,True,False,coverage;gap;ends_late,1986-2025,39,Blansko  Dolní Lhota,49.3825,16.6317,280.0
0-203-0-10406042001,1,0.02564102564102564,1986.0,1986.0,38,24.0,24.0,24.0,0.0,1,False,False,True,False,True,True,False,coverage;gap;ends_late,1986-2025,39,Oleška  Brník,49.9833,14.9,390.0
0-203-0-10704001001,1,0.02564102564102564,2024.0,2024.0,38,16.0,16.0,16.0,0.0,1,False,False,False,True,True,True,False,coverage;gap;starts_early,1986-2025,39,Veselí nad Lužnicí,49.1855297,14.7095372,409.0
0-203-0-10902081001,1,0.02564102564102564,1986.0,1986.0,38,24.0,24.0,24.0,0.0,2,False,False,True,False,True,True,False,coverage;gap;ends_late,1986-2025,39,Křešín  Kramolín,49.569957,15.06372,550.0
0-203-0-11715,1,0.02564102564102564,1986.0,1986.0,38,17.0,17.0,17.0,0.0,1,False,False,True,False,True,True,False,coverage;gap;ends_late,1986-2025,39,Boskovice,49.5,16.6656,400.0
0-203-0-20201009001,1,0.02564102564102564,2000.0,2000.0,24,25.0,25.0,25.0,0.0,1,False,False,False,False,True,True,False,coverage;gap;starts_early;ends_late,1986-2025,39,Ovčárna,50.0714,17.2392,1301.0
0-203-0-20401014001,1,0.02564102564102564,2024.0,2024.0,38,17.0,17.0,17.0,0.0,2,False,False,False,True,True,True,False,coverage;gap;starts_early,1986-2025,39,Chuchelná,49.991679,18.119769,258.0
0-203-0-41001006001,1,0.02564102564102564,1986.0,1986.0,38,26.0,26.0,26.0,0.0,2,False,False,True,False,True,True,False,coverage;gap;ends_late,1986-2025,39,Malá Morava  Podlesí,50.0667,16.85,640.0
0-203-0-41102037001,1,0.02564102564102564,2018.0,2018.0,32,23.0,23.0,23.0,0.0,2,False,False,False,False,True,True,False,coverage;gap;starts_early;ends_late,1986-2025,39,Potštát  Boškov,49.6238,17.6142,545.0
0-203-0-41301037001,1,0.02564102564102564,1996.0,1996.0,28,13.0,13.0,13.0,0.0,1,False,False,False,False,False,True,False,coverage;gap;starts_early;ends_late;density,1986-2025,39,Zlín  Louky,49.2278,17.6419,202.0
0-203-0-41402075001,1,0.02564102564102564,1986.0,1986.0,38,16.0,16.0,16.0,0.0,4,False,False,True,False,True,True,False,coverage;gap;ends_late,1986-2025,39,Hevlín,48.7506,16.3719,180.0
0-203-0-41502109603,1,0.02564102564102564,1996.0,1996.0,28,11.0,11.0,11.0,0.0,1,False,False,False,False,False,True,False,coverage;gap;starts_early;ends_late;density,1986-2025,39,Brno  Husovice,49.2142,16.6317,210.0
0-203-0-10401054001,0,0.0,,,39,,,,,1,False,False,False,False,False,False,False,coverage;gap;starts_early;ends_late;density;stability,1986-2025,39,Bychory,50.0833,15.25,214.0
0-203-0-10501059001,0,0.0,,,39,,,,,9,False,False,False,False,False,False,False,coverage;gap;starts_early;ends_late;density;stability,1986-2025,39,Bedřichov  Nová louka,50.81445,15.158215,780.0
0-203-0-41301043002,0,0.0,,,39,,,,,1,False,False,False,False,False,False,False,coverage;gap;starts_early;ends_late;density;stability,1986-2025,39,Zlín  Malenovice,49.209722,17.580556,193.0
0-203-0-41301069001,0,0.0,,,39,,,,,2,False,False,False,False,False,False,False,coverage;gap;starts_early;ends_late;density;stability,1986-2025,39,Částkov,49.1078,17.6214,240.0
0-203-0-42109026001,0,0.0,,,39,,,,,1,False,False,False,False,False,False,False,coverage;gap;starts_early;ends_late;density;stability,1986-2025,39,Lopeník,48.9406,17.7875,655.0
