station_id,n_active_seasons,coverage,first_active,last_active,max_gap_seasons,median_obs,min_obs,max_obs,cv_obs,n_seasons_any_obs,ok_coverage,ok_gap,ok_starts_early,ok_ends_late,ok_density,ok_stability,selected,fail_reasons,period,n_seasons_in_period,station_name,latitude,longitude,elevation_m
0-20000-0-11457,59,1.0,1966.0,2024.0,0,23.0,17.0,26.0,0.08921742540866964,59,True,True,True,True,True,True,True,,1966-2025,59,Churáňov,49.068333,13.615278,1117.8
0-20000-0-11628,59,1.0,1966.0,2024.0,0,22.0,11.0,26.0,0.1691346506635423,59,True,True,True,True,True,True,True,,1966-2025,59,Košetice  Křešín  Kramolín,49.573504,15.08046,532.29
0-20000-0-11766,59,1.0,1966.0,2024.0,0,22.0,12.0,26.0,0.143828795993776,59,True,True,True,True,True,True,True,,1966-2025,59,Červená,49.777222,17.541944,748.13
0-20000-0-11787,59,1.0,1966.0,2024.0,0,24.0,16.0,26.0,0.09020497562975094,59,True,True,True,True,True,True,True,,1966-2025,59,Lysá hora,49.546111,18.4475,1322.03
0-203-0-10501025001,59,1.0,1966.0,2024.0,0,24.0,12.0,26.0,0.10284641088047544,59,True,True,True,True,True,True,True,,1966-2025,59,Jilemnice,50.6014,15.5125,462.0
0-203-0-10501036001,59,1.0,1966.0,2024.0,0,23.0,11.0,26.0,0.13189557733619892,59,True,True,True,True,True,True,True,,1966-2025,59,Nová Paka,50.49,15.5136,450.0
0-203-0-10601011001,59,1.0,1966.0,2024.0,0,22.0,13.0,26.0,0.13897865596659223,59,True,True,True,True,True,True,True,,1966-2025,59,Borová Lada,48.99055,13.661958,898.0
0-203-0-10601050001,59,1.0,1966.0,2024.0,0,23.0,13.0,26.0,0.15722820362408024,59,True,True,True,True,True,True,True,,1966-2025,59,Stožec,48.8570531,13.8217247,797.0
0-203-0-10801069001,59,1.0,1966.0,2024.0,0,21.0,15.0,26.0,0.11606862969372334,59,True,True,True,True,True,True,True,,1966-2025,59,Čachrov,49.264136,13.301694,729.0
0-203-0-10801117001,59,1.0,1966.0,2024.0,0,22.0,10.0,26.0,0.1340199941534062,59,True,True,True,True,True,True,True,,1966-2025,59,Chanovice,49.4031031,13.7176939,533.0
0-203-0-10802009001,59,1.0,1966.0,2024.0,0,20.0,10.0,26.0,0.17189677804464681,59,True,True,True,True,True,True,True,,1966-2025,59,Vimperk,49.0657822,13.7824278,637.0
0-203-0-10901012001,59,1.0,1966.0,2024.0,0,22.0,10.0,25.0,0.16532142033348715,59,True,True,True,True,True,True,True,,1966-2025,59,Nížkov,49.5325,15.8067,531.0
0-203-0-10901046001,59,1.0,1966.0,2024.0,0,24.0,13.0,26.0,0.10772298469464867,59,True,True,True,True,True,True,True,,1966-2025,59,Polná,49.4864,15.7061,490.0
0-203-0-10901110001,59,1.0,1966.0,2024.0,0,23.0,10.0,26.0,0.11957480787262506,59,True,True,True,True,True,True,True,,1966-2025,59,Světlá nad Sázavou,49.6728,15.4075,410.0
0-203-0-11001058001,59,1.0,1966.0,2024.0,0,22.0,13.0,26.0,0.14371442709603263,59,True,True,True,True,True,True,True,,1966-2025,59,Tři Sekery,49.943647,12.616463,672.0
0-203-0-11002086001,59,1.0,1966.0,2024.0,0,23.0,15.0,26.0,0.09267862314617732,59,True,True,True,True,True,True,True,,1966-2025,59,Chudenice,49.465405,13.176262,490.0
0-203-0-11002097001,59,1.0,1966.0,2024.0,0,24.0,15.0,26.0,0.09454451338934114,59,True,True,True,True,True,True,True,,1966-2025,59,Dnešice,49.601994,13.269301,378.0
0-203-0-11005011001,59,1.0,1966.0,2024.0,0,23.0,11.0,26.0,0.14806277358708228,59,True,True,True,True,True,True,True,,1966-2025,59,Žinkovy,49.486555,13.491503,475.0
0-203-0-11102023001,59,1.0,1966.0,2024.0,0,23.0,10.0,26.0,0.16613790101656906,59,True,True,True,True,True,True,True,,1966-2025,59,Žlutice,50.09822,13.160412,569.0
0-203-0-11102036001,59,1.0,1966.0,2024.0,0,23.0,14.0,25.0,0.11088856225656017,59,True,True,True,True,True,True,True,,1966-2025,59,Bezvěrov,49.993664,13.054363,699.0
0-203-0-11301161001,59,1.0,1966.0,2024.0,0,23.0,16.0,26.0,0.11487623840773928,59,True,True,True,True,True,True,True,,1966-2025,59,Nejdek,50.335684,12.715486,609.0
0-203-0-11401097301,59,1.0,1966.0,2024.0,0,22.0,10.0,26.0,0.21109633287693824,59,True,True,True,True,True,True,True,,1966-2025,59,Dubí,50.68056,13.80214,402.0
0-203-0-11483,59,1.0,1966.0,2024.0,0,23.0,16.0,26.0,0.10184137620525917,59,True,True,True,True,True,True,True,,1966-2025,59,Rožmitál pod Třemšínem,49.605,13.8664,524.0
0-203-0-11497,59,1.0,1966.0,2024.0,0,22.0,15.0,26.0,0.11354069373221856,59,True,True,True,True,True,True,True,,1966-2025,59,Husinec,49.0522,13.9883,483.0
0-203-0-11542,59,1.0,1966.0,2024.0,0,23.0,17.0,26.0,0.06952495903818351,59,True,True,True,True,True,True,True,,1966-2025,59,České Budějovice  ul. S.K.Neumanna,48.9644,14.4672,388.0
0-203-0-11549,59,1.0,1966.0,2024.0,0,22.0,14.0,26.0,0.10601440116530332,59,True,True,True,True,True,True,True,,1966-2025,59,Vyšší Brod,48.6177092,14.3141131,559.0
0-203-0-11765,59,1.0,1966.0,2024.0,0,23.0,11.0,26.0,0.14436618421243622,59,True,True,True,True,True,True,True,,1966-2025,59,Bělotín,49.5869,17.8042,306.0
0-203-0-11781,59,1.0,1966.0,2024.0,0,23.0,15.0,26.0,0.10647120830964733,59,True,True,True,True,True,True,True,,1966-2025,59,Bohumín  Záblatí,49.882,18.3692,237.0
0-203-0-11794,59,1.0,1966.0,2024.0,0,23.0,14.0,26.0,0.12038772061231962,59,True,True,True,True,True,True,True,,1966-2025,59,Horní Bečva,49.4311,18.2983,565.0
0-203-0-20101147002,59,1.0,1966.0,2024.0,0,23.0,12.0,26.0,0.15284493407163707,59,True,True,True,True,True,True,True,,1966-2025,59,Hukvaldy  Rychaltice,49.6428,18.2208,292.0
0-203-0-20408003001,59,1.0,1966.0,2024.0,0,22.0,10.0,25.0,0.1809946827032106,59,True,True,True,True,True,True,True,,1966-2025,59,Rumburk,50.95156,14.57086,390.0
0-203-0-41001078001,59,1.0,1966.0,2024.0,0,23.0,12.0,26.0,0.14048834258135012,59,True,True,True,True,True,True,True,,1966-2025,59,Velké Losiny,50.038056,17.051365,411.0
0-203-0-41501010001,59,1.0,1966.0,2024.0,0,22.0,11.0,26.0,0.15242479601488887,59,True,True,True,True,True,True,True,,1966-2025,59,Polička,49.716111,16.269167,552.0
0-203-0-41501048001,59,1.0,1966.0,2024.0,0,21.0,11.0,26.0,0.18260396051142042,59,True,True,True,True,True,True,True,,1966-2025,59,Olešnice,49.5586,16.4166,543.0
0-20000-0-11423,58,0.9830508474576272,1966.0,2024.0,1,21.0,10.0,25.0,0.1850825591210349,59,True,True,True,True,True,True,True,,1966-2025,59,Přimda,49.669444,12.678056,742.76
0-20000-0-11464,58,0.9830508474576272,1966.0,2024.0,1,20.0,11.0,26.0,0.18718759309425653,59,True,True,True,True,True,True,True,,1966-2025,59,Milešovka,50.555,13.93083,830.5
0-203-0-10501063001,58,0.9830508474576272,1966.0,2024.0,1,23.0,10.0,26.0,0.14572398735070796,59,True,True,True,True,True,True,True,,1966-2025,59,Smržovka,50.7294,15.2511,550.0
0-203-0-10502072001,58,0.9830508474576272,1966.0,2024.0,1,22.5,11.0,25.0,0.10682725938077998,59,True,True,True,True,True,True,True,,1966-2025,59,Bakov nad Jizerou,50.4804,14.9391,220.0
0-203-0-10502101001,58,0.9830508474576272,1966.0,2024.0,1,24.0,12.0,26.0,0.1109951665300126,59,True,True,True,True,True,True,True,,1966-2025,59,Mladá Boleslav,50.42267,14.91405,221.0
0-203-0-10504033001,58,0.9830508474576272,1966.0,2024.0,1,23.0,10.0,26.0,0.14918217776717496,59,True,True,True,True,True,True,True,,1966-2025,59,Bašť  Baštěk,50.205,14.4622,230.0
0-203-0-10602032201,58,0.9830508474576272,1966.0,2024.0,1,22.0,15.0,25.0,0.11169582238632939,59,True,True,True,True,True,True,True,,1966-2025,59,Soběnov,48.7476228,14.5355644,526.0
0-203-0-10702007001,58,0.9830508474576272,1966.0,2024.0,1,22.0,15.0,26.0,0.10658873993025242,59,True,True,True,True,True,True,True,,1966-2025,59,Hranice,48.8188419,14.8469519,479.0
0-203-0-10703011001,58,0.9830508474576272,1966.0,2024.0,1,24.0,19.0,26.0,0.08055106294038564,59,True,True,True,True,True,True,True,,1966-2025,59,Kamenice nad Lipou  Vodná,49.2831,15.0633,557.0
0-203-0-10703017001,58,0.9830508474576272,1966.0,2024.0,1,22.5,11.0,26.0,0.1286524837379034,59,True,True,True,True,True,True,True,,1966-2025,59,Nová Včelnice,49.2229981,15.0685064,509.0
0-203-0-10703027001,58,0.9830508474576272,1966.0,2024.0,1,23.0,19.0,26.0,0.08591668100366304,59,True,True,True,True,True,True,True,,1966-2025,59,Lodhéřov,49.2131911,14.9622222,526.0
0-203-0-10704094001,58,0.9830508474576272,1966.0,2024.0,1,23.0,18.0,26.0,0.08552155646098814,59,True,True,True,True,True,True,True,,1966-2025,59,Jistebnice,49.484444,14.529167,580.0
0-203-0-10801005002,58,0.9830508474576272,1967.0,2024.0,1,24.5,12.0,26.0,0.10937937854659506,58,True,True,True,True,True,True,True,,1966-2025,59,Filipova Huť,49.0298283,13.5197133,1110.0
0-203-0-10801119001,58,0.9830508474576272,1966.0,2024.0,1,22.0,15.0,26.0,0.11960977176201437,59,True,True,True,True,True,True,True,,1966-2025,59,Horažďovická Lhota  Smrkovec,49.3398103,13.5981892,483.0
0-203-0-10804016002,58,0.9830508474576272,1966.0,2024.0,1,23.0,19.0,26.0,0.0842604258109718,59,True,True,True,True,True,True,True,,1966-2025,59,Závišín,49.487222,13.923056,501.0
0-203-0-10805038001,58,0.9830508474576272,1966.0,2024.0,1,21.0,11.0,25.0,0.16404162354240062,59,True,True,True,True,True,True,True,,1966-2025,59,Nečín  Bělohrad,49.7067,14.2017,465.0
0-203-0-10805047001,58,0.9830508474576272,1966.0,2024.0,1,23.0,16.0,26.0,0.09087520615820156,59,True,True,True,True,True,True,True,,1966-2025,59,Střezimíř,49.5381,14.6181,588.0
0-203-0-10901060001,58,0.9830508474576272,1966.0,2024.0,1,22.0,11.0,26.0,0.177455797313021,59,True,True,True,True,True,True,True,,1966-2025,59,Štoky,49.501462,15.590799,530.0
0-203-0-10901114001,58,0.9830508474576272,1966.0,2024.0,1,24.0,16.0,26.0,0.08983663928824207,59,True,True,True,True,True,True,True,,1966-2025,59,Humpolec,49.54701,15.352715,515.0
0-203-0-10901127001,58,0.9830508474576272,1966.0,2024.0,1,22.0,10.0,26.0,0.19223926505028066,59,True,True,True,True,True,True,True,,1966-2025,59,Ledeč nad Sázavou,49.698597,15.284048,408.0
0-203-0-10901141001,58,0.9830508474576272,1966.0,2024.0,1,24.0,11.0,26.0,0.1552738885264698,59,True,True,True,True,True,True,True,,1966-2025,59,Řendějov  Nový Samechov,49.76873,15.08814,444.0
0-203-0-10902055001,58,0.9830508474576272,1966.0,2024.0,1,24.0,11.0,26.0,0.13837413458169995,59,True,True,True,True,True,True,True,,1966-2025,59,Pacov,49.46355,15.02348,494.0
0-203-0-10903164001,58,0.9830508474576272,1966.0,2024.0,1,23.0,12.0,26.0,0.12053675885559018,59,True,True,True,True,True,True,True,,1966-2025,59,Maršovice  Zahrádka,49.7325,14.5886,358.0
0-203-0-10904008001,58,0.9830508474576272,1966.0,2024.0,1,23.0,10.0,26.0,0.12050212435239095,59,True,True,True,True,True,True,True,,1966-2025,59,Mníšek pod Brdy,49.8694,14.2625,367.0
0-203-0-11001016001,58,0.9830508474576272,1966.0,2024.0,1,22.0,11.0,26.0,0.17183077135405,59,True,True,True,True,True,True,True,,1966-2025,59,Tachov,49.798357,12.623135,487.0
0-203-0-11001044001,58,0.9830508474576272,1966.0,2024.0,1,23.0,13.0,26.0,0.11086273418601601,59,True,True,True,True,True,True,True,,1966-2025,59,Planá,49.870952,12.735097,505.0
0-203-0-11001107001,58,0.9830508474576272,1966.0,2024.0,1,23.0,10.0,26.0,0.13272272901772306,59,True,True,True,True,True,True,True,,1966-2025,59,Staré Sedlo  Darmyšl,49.639765,12.878357,448.0
0-203-0-11001177001,58,0.9830508474576272,1966.0,2024.0,1,23.5,14.0,26.0,0.11722385575188675,59,True,True,True,True,True,True,True,,1966-2025,59,Úlice,49.759189,13.143405,428.0
0-203-0-11001186001,58,0.9830508474576272,1966.0,2024.0,1,23.0,15.0,26.0,0.11729623906077141,59,True,True,True,True,True,True,True,,1966-2025,59,Plzeň  Radčice,49.765499,13.323199,320.0
0-203-0-11003028001,58,0.9830508474576272,1966.0,2024.0,1,22.0,10.0,26.0,0.15431806803090128,59,True,True,True,True,True,True,True,,1966-2025,59,Strážov,49.30562,13.246905,477.0
0-203-0-11003072001,58,0.9830508474576272,1966.0,2024.0,1,23.0,11.0,26.0,0.14274357857969264,59,True,True,True,True,True,True,True,,1966-2025,59,Lužany,49.54908,13.317522,358.0
0-203-0-11003082001,58,0.9830508474576272,1966.0,2024.0,1,23.0,14.0,26.0,0.12452453384648002,59,True,True,True,True,True,True,True,,1966-2025,59,Netunice,49.61559,13.432035,464.0
0-203-0-11005023001,58,0.9830508474576272,1966.0,2024.0,1,21.0,10.0,26.0,0.17951104232212473,59,True,True,True,True,True,True,True,,1966-2025,59,Životice,49.470036,13.681495,484.0
0-203-0-11005040001,58,0.9830508474576272,1966.0,2024.0,1,23.0,13.0,26.0,0.1148939046213365,59,True,True,True,True,True,True,True,,1966-2025,59,Seč,49.587397,13.506002,398.0
0-203-0-11005050001,58,0.9830508474576272,1966.0,2024.0,1,23.0,10.0,26.0,0.14545372408981333,59,True,True,True,True,True,True,True,,1966-2025,59,Spálené Poříčí,49.615175,13.604538,420.0
0-203-0-11101060001,58,0.9830508474576272,1966.0,2024.0,1,23.0,16.0,26.0,0.11193848011377944,59,True,True,True,True,True,True,True,,1966-2025,59,Hromnice,49.848142,13.445309,336.0
0-203-0-11102028001,58,0.9830508474576272,1966.0,2024.0,1,22.0,12.0,26.0,0.1634034651966391,59,True,True,True,True,True,True,True,,1966-2025,59,Verušičky,50.140984,13.172377,582.0
0-203-0-11102044001,58,0.9830508474576272,1966.0,2024.0,1,23.0,12.0,26.0,0.13867278843731246,59,True,True,True,True,True,True,True,,1966-2025,59,Manětín,49.992466,13.22757,436.0
0-203-0-11102119001,58,0.9830508474576272,1966.0,2024.0,1,23.0,13.0,26.0,0.12592282736850044,59,True,True,True,True,True,True,True,,1966-2025,59,Slabce  Modřejovice,49.992453,13.690636,389.0
0-203-0-111040030,58,0.9830508474576272,1966.0,2024.0,1,22.5,11.0,26.0,0.14571491046145962,59,True,True,True,True,True,True,True,,1966-2025,59,Podlesí,49.6897,13.9806,510.0
0-203-0-11202034001,58,0.9830508474576272,1966.0,2024.0,1,24.0,12.0,26.0,0.09044385018444695,59,True,True,True,True,True,True,True,,1966-2025,59,Koleč,50.1991,14.2377,238.0
0-203-0-11301046001,58,0.9830508474576272,1966.0,2024.0,1,22.0,10.0,26.0,0.19111520552537686,59,True,True,True,True,True,True,True,,1966-2025,59,Luby,50.256881,12.400238,524.0
0-203-0-11302052001,58,0.9830508474576272,1966.0,2024.0,1,23.0,14.0,26.0,0.14239803373467655,59,True,True,True,True,True,True,True,,1966-2025,59,Šemnice  Radošov,50.277061,12.994221,351.0
0-203-0-11405014001,58,0.9830508474576272,1966.0,2024.0,1,23.0,12.0,26.0,0.15523449417044072,59,True,True,True,True,True,True,True,,1966-2025,59,Chřibská  Horní Chřibská,50.85289,14.52456,440.0
0-203-0-11501049001,58,0.9830508474576272,1966.0,2024.0,1,23.0,13.0,26.0,0.12495304131845451,59,True,True,True,True,True,True,True,,1966-2025,59,Šluknov,51.002722,14.45525,352.0
0-203-0-11644,58,0.9830508474576272,1966.0,2024.0,1,23.0,14.0,26.0,0.12473091295931361,59,True,True,True,True,True,True,True,,1966-2025,59,Benecko,50.6713,15.5499,780.0
0-203-0-11790,58,0.9830508474576272,1967.0,2024.0,1,21.0,13.0,25.0,0.12642624662693933,58,True,True,True,True,True,True,True,,1966-2025,59,Ostrava  Poruba,49.825331,18.15942,240.0
0-203-0-20101025001,58,0.9830508474576272,1966.0,2024.0,1,22.0,11.0,26.0,0.1609674038546986,59,True,True,True,True,True,True,True,,1966-2025,59,Budišov nad Budišovkou,49.797195,17.618216,530.0
0-203-0-20101096001,58,0.9830508474576272,1966.0,2024.0,1,24.0,10.0,26.0,0.13660061961265044,59,True,True,True,True,True,True,True,,1966-2025,59,Fulnek  Kostelec,49.7235,17.93251,340.0
0-203-0-20101153101,58,0.9830508474576272,1966.0,2024.0,1,22.0,12.0,26.0,0.12015780757420744,59,True,True,True,True,True,True,True,,1966-2025,59,Klimkovice,49.7844,18.1347,240.0
0-203-0-20301050204,58,0.9830508474576272,1966.0,2024.0,1,23.0,12.0,26.0,0.13615382929842063,59,True,True,True,True,True,True,True,,1966-2025,59,Raškovice,49.622266,18.468383,397.0
0-203-0-41501037001,58,0.9830508474576272,1966.0,2024.0,1,23.0,10.0,26.0,0.16666215495418063,59,True,True,True,True,True,True,True,,1966-2025,59,Vír,49.5642,16.3139,473.0
0-203-0-41601054001,58,0.9830508474576272,1966.0,2023.0,1,23.0,11.0,26.0,0.1985805629964826,59,True,True,True,True,True,True,True,,1966-2025,59,Vysoké Studnice,49.3931,15.7303,568.0
0-203-0-41601087001,58,0.9830508474576272,1966.0,2024.0,1,23.0,10.0,26.0,0.16438256163556955,59,True,True,True,True,True,True,True,,1966-2025,59,Třebíč  Podklášteří,49.2236,15.87,463.0
0-20000-0-11659,57,0.9661016949152542,1966.0,2024.0,2,21.0,10.0,26.0,0.1864003814564409,59,True,True,True,True,True,True,True,,1966-2025,59,Přibyslav  Hřiště,49.582785,15.7625,532.5
0-203-0-10407027001,57,0.9661016949152542,1966.0,2024.0,1,23.0,11.0,26.0,0.1371022519829746,58,True,True,True,True,True,True,True,,1966-2025,59,Kostomlaty nad Labem,50.181641,14.961299,185.0
0-203-0-10502050001,57,0.9661016949152542,1966.0,2024.0,1,24.0,13.0,26.0,0.11232916660118955,59,True,True,True,True,True,True,True,,1966-2025,59,Boseň  Mužský,50.5222,15.0404,382.0
0-203-0-10503013001,57,0.9661016949152542,1966.0,2024.0,2,23.0,16.0,26.0,0.09270448776665917,59,True,True,True,True,True,True,True,,1966-2025,59,Brodce,50.3347,14.8661,220.0
0-203-0-10504037001,57,0.9661016949152542,1966.0,2024.0,1,21.0,11.0,26.0,0.16786394604956606,59,True,True,True,True,True,True,True,,1966-2025,59,Mšeno,50.44061,14.63399,340.0
0-203-0-10603060001,57,0.9661016949152542,1966.0,2024.0,1,22.0,14.0,26.0,0.14132636478902755,59,True,True,True,True,True,True,True,,1966-2025,59,Hluboká nad Vltavou,49.0536578,14.4334833,410.0
0-203-0-10702020001,57,0.9661016949152542,1966.0,2023.0,1,23.0,12.0,26.0,0.09746904628297745,58,True,True,True,True,True,True,True,,1966-2025,59,Nová Bystřice,49.0190528,15.0986103,583.0
0-203-0-10702028001,57,0.9661016949152542,1966.0,2024.0,1,22.0,12.0,26.0,0.13525611114882863,58,True,True,True,True,True,True,True,,1966-2025,59,Chlum u Třeboně,48.9581153,14.9351097,462.0
0-203-0-10704104001,57,0.9661016949152542,1966.0,2024.0,1,22.0,14.0,26.0,0.11189904287397245,59,True,True,True,True,True,True,True,,1966-2025,59,Milevsko,49.452778,14.368611,453.0
0-203-0-10802017001,57,0.9661016949152542,1966.0,2024.0,1,21.0,10.0,26.0,0.14977994917999768,58,True,True,True,True,True,True,True,,1966-2025,59,Vacov  Peckov,49.1352075,13.7263994,738.0
0-203-0-10802073001,57,0.9661016949152542,1966.0,2024.0,1,22.0,16.0,26.0,0.10529429623527735,59,True,True,True,True,True,True,True,,1966-2025,59,Sedlice,49.3756828,13.9416925,511.0
0-203-0-10804001001,57,0.9661016949152542,1966.0,2023.0,1,23.0,13.0,26.0,0.11911905128356569,58,True,True,True,True,True,True,True,,1966-2025,59,Radošice  Mladý Smolivec,49.5023517,13.7266981,552.0
0-203-0-10903058001,57,0.9661016949152542,1966.0,2024.0,1,22.0,12.0,26.0,0.174601216057124,59,True,True,True,True,True,True,True,,1966-2025,59,Veliš,49.6664,14.8233,451.0
0-203-0-10903081001,57,0.9661016949152542,1966.0,2024.0,1,23.0,12.0,26.0,0.15813471218245734,59,True,True,True,True,True,True,True,,1966-2025,59,Postupice,49.7306,14.7833,421.0
0-203-0-10903144001,57,0.9661016949152542,1966.0,2024.0,1,22.0,12.0,26.0,0.14152846018589355,59,True,True,True,True,True,True,True,,1966-2025,59,Votice,49.6433,14.6333,450.0
0-203-0-11002037001,57,0.9661016949152542,1966.0,2024.0,2,23.0,11.0,26.0,0.1214243987253537,59,True,True,True,True,True,True,True,,1966-2025,59,Horšovský Týn,49.528213,12.943746,374.0
0-203-0-11003009001,57,0.9661016949152542,1966.0,2024.0,1,22.0,13.0,26.0,0.15694221367001057,59,True,True,True,True,True,True,True,,1966-2025,59,Nýrsko,49.290206,13.135924,457.0
0-203-0-11005051001,57,0.9661016949152542,1966.0,2024.0,1,23.0,11.0,26.0,0.12445656730017904,59,True,True,True,True,True,True,True,,1966-2025,59,Nezvěstice,49.635765,13.528521,371.0
0-203-0-11101013001,57,0.9661016949152542,1966.0,2024.0,1,22.0,12.0,26.0,0.19217086878318076,59,True,True,True,True,True,True,True,,1966-2025,59,Strašice,49.742781,13.753217,526.0
0-203-0-11101025001,57,0.9661016949152542,1966.0,2024.0,1,22.0,14.0,26.0,0.1184568771385753,59,True,True,True,True,True,True,True,,1966-2025,59,Holoubkov  Medový Újezd,49.77498,13.71137,433.0
0-203-0-11101055001,57,0.9661016949152542,1966.0,2024.0,1,21.0,11.0,26.0,0.16976588807569742,59,True,True,True,True,True,True,True,,1966-2025,59,Horní Bělá  Vrtbo,49.884347,13.248312,513.0
0-203-0-11102088001,57,0.9661016949152542,1966.0,2024.0,1,22.0,15.0,26.0,0.11670715202953522,59,True,True,True,True,True,True,True,,1966-2025,59,Liblín,49.916487,13.5451,299.0
0-203-0-11102153001,57,0.9661016949152542,1966.0,2024.0,1,22.0,10.0,26.0,0.1837925499804738,59,True,True,True,True,True,True,True,,1966-2025,59,Karlova Ves,49.990212,13.861277,405.0
0-203-0-11103001001,57,0.9661016949152542,1966.0,2024.0,1,23.0,10.0,26.0,0.14549992965928304,59,True,True,True,True,True,True,True,,1966-2025,59,Oráčov,50.10814,13.54839,401.0
0-203-0-11103045001,57,0.9661016949152542,1966.0,2024.0,2,22.0,14.0,26.0,0.1285701039225626,59,True,True,True,True,True,True,True,,1966-2025,59,Nové Strašecí,50.1456,13.8942,482.0
0-203-0-11103049001,57,0.9661016949152542,1966.0,2024.0,2,22.0,15.0,26.0,0.10338437977728097,59,True,True,True,True,True,True,True,,1966-2025,59,Zbečno,50.0614,13.935,262.0
0-203-0-11202007001,57,0.9661016949152542,1967.0,2024.0,1,23.0,12.0,26.0,0.12550266753175154,58,True,True,True,True,True,True,True,,1966-2025,59,Praha  Suchdol,50.1436,14.3906,268.0
0-203-0-11403005001,57,0.9661016949152542,1966.0,2024.0,1,22.0,10.0,25.0,0.19900169977505436,59,True,True,True,True,True,True,True,,1966-2025,59,Křižany,50.738722,14.907056,395.0
0-203-0-11403025001,57,0.9661016949152542,1966.0,2024.0,1,23.0,10.0,26.0,0.1765481180819469,59,True,True,True,True,True,True,True,,1966-2025,59,Mimoň,50.65975,14.72494,278.0
0-203-0-11583,57,0.9661016949152542,1966.0,2024.0,1,21.0,14.0,26.0,0.12933478746335467,59,True,True,True,True,True,True,True,,1966-2025,59,Černovice  Dobešov,49.3575,14.9625,580.0
0-203-0-11685,57,0.9661016949152542,1966.0,2024.0,2,20.0,11.0,25.0,0.15735246456834753,59,True,True,True,True,True,True,True,,1966-2025,59,Nedvězí,49.6344,16.3097,722.0
0-203-0-11705,57,0.9661016949152542,1966.0,2024.0,1,22.0,11.0,26.0,0.21654020492516762,59,True,True,True,True,True,True,True,,1966-2025,59,Šumperk,49.9742,16.9675,328.0
0-203-0-11748,57,0.9661016949152542,1966.0,2022.0,2,22.0,15.0,26.0,0.11431606313059428,57,True,True,True,True,True,True,True,,1966-2025,59,Přerov,49.464444,17.458889,210.0
0-203-0-11789,57,0.9661016949152542,1966.0,2024.0,2,24.0,13.0,26.0,0.1645205662886348,59,True,True,True,True,True,True,True,,1966-2025,59,Huslenky  Kychová,49.3,18.1261,450.0
0-203-0-11793,57,0.9661016949152542,1966.0,2022.0,2,21.0,14.0,25.0,0.10533664040700415,58,True,True,True,True,True,True,True,,1966-2025,59,Bílá  Salajka,49.4132897,18.4206592,725.0
0-203-0-20201038001,57,0.9661016949152542,1966.0,2024.0,1,22.0,12.0,26.0,0.16689987110653848,58,True,True,True,True,True,True,True,,1966-2025,59,Heřmanovice,50.1985,17.3816,665.0
0-203-0-20202070001,57,0.9661016949152542,1966.0,2024.0,1,22.0,11.0,26.0,0.16386091024499536,59,True,True,True,True,True,True,True,,1966-2025,59,Melč,49.849444,17.756944,478.0
0-203-0-20301008002,57,0.9661016949152542,1966.0,2024.0,2,22.0,13.0,25.0,0.11252567402891003,59,True,True,True,True,True,True,True,,1966-2025,59,Staré Hamry  Samčanka,49.468936,18.43389,527.0
0-203-0-20404050001,57,0.9661016949152542,1966.0,2024.0,2,22.0,13.0,26.0,0.1443192305798019,57,True,True,True,True,True,True,True,,1966-2025,59,Černá Voda,50.3054197,17.142758,330.0
0-203-0-40103004001,57,0.9661016949152542,1966.0,2024.0,1,22.0,11.0,26.0,0.21208742869532138,59,True,True,True,True,True,True,True,,1966-2025,59,Nemanice  Nemaničky,49.431422,12.716909,529.0
0-203-0-41101014001,57,0.9661016949152542,1966.0,2024.0,1,22.0,15.0,26.0,0.11518755433488412,59,True,True,True,True,True,True,True,,1966-2025,59,Velké Karlovice,49.359444,18.286944,518.0
0-203-0-41402044002,57,0.9661016949152542,1966.0,2024.0,2,23.0,10.0,26.0,0.17365630008971705,59,True,True,True,True,True,True,True,,1966-2025,59,Jemnice,49.025,15.59,502.0
0-203-0-41501076001,57,0.9661016949152542,1966.0,2024.0,1,23.0,11.0,26.0,0.17372158569217014,58,True,True,True,True,True,True,True,,1966-2025,59,Nové Město na Moravě,49.5581,16.0689,601.0
0-203-0-41502083001,57,0.9661016949152542,1966.0,2023.0,1,23.0,10.0,26.0,0.19814831469966643,59,True,True,True,True,True,True,True,,1966-2025,59,Rozstání,49.398026,16.835258,571.0
0-203-0-41601022101,57,0.9661016949152542,1966.0,2024.0,1,23.0,10.0,26.0,0.16658253166019063,59,True,True,True,True,True,True,True,,1966-2025,59,Třešť,49.293889,15.476111,574.0
0-203-0-10704050001,56,0.9491525423728814,1966.0,2024.0,2,22.0,14.0,26.0,0.1455945986081198,57,True,True,True,True,True,True,True,,1966-2025,59,Planá nad Lužnicí,49.3533,14.6969,404.0
0-203-0-10704117001,56,0.9491525423728814,1966.0,2024.0,3,23.0,13.0,26.0,0.12165013675865696,59,True,True,True,True,True,True,True,,1966-2025,59,Bernartice,49.3662453,14.3893392,485.0
0-203-0-11002055001,56,0.9491525423728814,1966.0,2024.0,2,23.0,14.0,26.0,0.1257055170256018,59,True,True,True,True,True,True,True,,1966-2025,59,Kdyně,49.393642,13.045733,475.0
0-203-0-11101047001,56,0.9491525423728814,1968.0,2024.0,2,22.0,14.0,26.0,0.13625089253587522,59,True,True,True,True,True,True,True,,1966-2025,59,Úněšov  Číhaná,49.894104,13.128163,573.0
0-203-0-11401004201,56,0.9491525423728814,1966.0,2024.0,1,22.0,10.0,26.0,0.17571620586704317,59,True,True,True,True,True,True,True,,1966-2025,59,Boleboř,50.537395,13.415082,600.0
0-203-0-11401043001,56,0.9491525423728814,1966.0,2024.0,1,22.0,11.0,26.0,0.18118247507114574,58,True,True,True,True,True,True,True,,1966-2025,59,Měrunice  Žichov,50.47908,13.79031,367.0
0-203-0-11403041001,56,0.9491525423728814,1967.0,2024.0,1,21.0,10.0,26.0,0.22651316959093828,59,True,True,True,True,True,True,True,,1966-2025,59,Mařenice,50.80967,14.676,395.0
0-203-0-11455,56,0.9491525423728814,1966.0,2024.0,2,22.0,11.0,26.0,0.1611210053552444,59,True,True,True,True,True,True,True,,1966-2025,59,Klatovy,49.39042,13.303016,421.0
0-203-0-11502020001,56,0.9491525423728814,1967.0,2024.0,2,21.0,11.0,25.0,0.18339184985296658,59,True,True,True,True,True,True,True,,1966-2025,59,Petrovice  Krásný Les,50.767361,13.937667,631.0
0-203-0-11578,56,0.9491525423728814,1966.0,2024.0,1,22.0,10.0,26.0,0.18033175089306525,59,True,True,True,True,True,True,True,,1966-2025,59,Vavřinec  Žíšov,49.902888,15.067741,415.0
0-203-0-11604,56,0.9491525423728814,1967.0,2024.0,1,23.0,10.0,26.0,0.1845360659909157,58,True,True,True,True,True,True,True,,1966-2025,59,Nové Město pod Smrkem,50.92358,15.23381,473.0
0-203-0-20101069001,56,0.9491525423728814,1966.0,2024.0,3,22.5,12.0,26.0,0.14305813434488493,58,True,True,True,True,True,True,True,,1966-2025,59,Nový Jičín,49.6,18.031111,291.0
0-203-0-20101139001,56,0.9491525423728814,1966.0,2024.0,2,22.0,10.0,26.0,0.18651586137624676,58,True,True,True,True,True,True,True,,1966-2025,59,Příbor,49.6403,18.1342,307.0
0-203-0-20201071001,56,0.9491525423728814,1966.0,2024.0,2,21.0,11.0,26.0,0.184472198416225,59,True,True,True,True,True,True,True,,1966-2025,59,Lichnov,50.0127428,17.6374406,379.0
0-203-0-20404063001,56,0.9491525423728814,1966.0,2024.0,2,22.5,10.0,26.0,0.16400116399880496,59,True,True,True,True,True,True,True,,1966-2025,59,Bělá pod Pradědem  Filipovice,50.1464278,17.2064242,588.0
0-203-0-20404091001,56,0.9491525423728814,1966.0,2024.0,2,21.0,11.0,26.0,0.19889292107348763,59,True,True,True,True,True,True,True,,1966-2025,59,Mikulovice,50.3006,17.3231,321.0
0-203-0-41101034002,56,0.9491525423728814,1966.0,2024.0,2,23.0,13.0,26.0,0.11056546763980186,58,True,True,True,True,True,True,True,,1966-2025,59,Zděchov,49.2639,18.0772,491.0
0-203-0-41101084001,56,0.9491525423728814,1966.0,2024.0,2,22.0,10.0,26.0,0.194950189596189,58,True,True,True,True,True,True,True,,1966-2025,59,Valašská Bystřice,49.416432,18.106298,458.0
0-203-0-41402053001,56,0.9491525423728814,1966.0,2024.0,3,24.0,12.0,26.0,0.1134580941288464,59,True,True,True,True,True,True,True,,1966-2025,59,Vranov nad Dyjí,48.9056,15.8186,354.0
0-203-0-41402059001,56,0.9491525423728814,1966.0,2024.0,3,22.5,10.0,26.0,0.16644834509691014,59,True,True,True,True,True,True,True,,1966-2025,59,Lukov,48.8566,15.9077,403.0
0-203-0-41501047001,56,0.9491525423728814,1966.0,2024.0,2,24.0,11.0,26.0,0.13041603618799352,59,True,True,True,True,True,True,True,,1966-2025,59,Štěpánov nad Svratkou,49.5041,16.3341,365.0
0-203-0-41603036001,56,0.9491525423728814,1966.0,2024.0,3,23.0,13.0,26.0,0.14199088245964542,59,True,True,True,True,True,True,True,,1966-2025,59,Hrotovice,49.1105,16.0588,425.0
0-203-0-41701113001,56,0.9491525423728814,1966.0,2024.0,3,23.0,13.0,26.0,0.13301085323528905,58,True,True,True,True,True,True,True,,1966-2025,59,Lanžhot,48.724722,16.9575,158.0
0-203-0-10502005001,55,0.9322033898305084,1968.0,2024.0,2,22.0,11.0,26.0,0.1740593108604239,59,True,True,True,True,True,True,True,,1966-2025,59,Železný Brod,50.6408,15.2517,290.0
0-203-0-10504048001,55,0.9322033898305084,1966.0,2024.0,1,23.0,11.0,26.0,0.1665780240951297,59,True,True,True,True,True,True,True,,1966-2025,59,Kropáčova Vrutice  Střížovice,50.3255,14.7046,210.0
0-203-0-10805107001,55,0.9322033898305084,1966.0,2024.0,3,23.0,10.0,26.0,0.14924845325760827,57,True,True,True,True,True,True,True,,1966-2025,59,Voznice,49.819169,14.212691,385.0
0-203-0-10902100001,55,0.9322033898305084,1966.0,2024.0,2,23.0,10.0,26.0,0.1104632458047207,57,True,True,True,True,True,True,True,,1966-2025,59,Dolní Kralovice  Střítež,49.66272,15.159775,420.0
0-203-0-10903055001,55,0.9322033898305084,1966.0,2024.0,3,24.0,17.0,26.0,0.08514891453856728,56,True,True,True,True,True,True,True,,1966-2025,59,Načeradec,49.6044,14.9086,502.0
0-203-0-11105036001,55,0.9322033898305084,1966.0,2023.0,2,22.0,17.0,26.0,0.09756626923740695,59,True,True,True,True,True,True,True,,1966-2025,59,Liteň,49.9033,14.1506,320.0
0-203-0-11303060001,55,0.9322033898305084,1966.0,2024.0,2,22.0,11.0,26.0,0.15724797112521183,58,True,True,True,True,True,True,True,,1966-2025,59,Velečín  Pastuchovice,50.07036,13.38189,470.0
0-203-0-11401056001,55,0.9322033898305084,1966.0,2023.0,2,22.0,12.0,26.0,0.13880579294488274,58,True,True,True,True,True,True,True,,1966-2025,59,Hrob  Křižanov,50.654,13.71953,360.0
0-203-0-11557,55,0.9322033898305084,1966.0,2024.0,3,21.0,10.0,25.0,0.16420727063342408,59,True,True,True,True,True,True,True,,1966-2025,59,Stráž pod Ralskem,50.70361,14.80739,310.0
0-203-0-11701,55,0.9322033898305084,1966.0,2024.0,3,22.0,14.0,25.0,0.12945184080225233,55,True,True,True,True,True,True,True,,1966-2025,59,Javorník,50.3956,17.0075,284.0
0-203-0-11762,55,0.9322033898305084,1966.0,2024.0,2,21.0,10.0,26.0,0.2119530477556688,58,True,True,True,True,True,True,True,,1966-2025,59,Krnov,50.078,17.6922,360.0
0-203-0-11792,55,0.9322033898305084,1968.0,2024.0,2,23.0,12.0,26.0,0.1725665835744683,59,True,True,True,True,True,True,True,,1966-2025,59,Jablunkov  Návsí,49.5875,18.7503,380.0
0-203-0-20201004001,55,0.9322033898305084,1967.0,2024.0,1,23.0,11.0,26.0,0.14920176507405733,59,True,True,True,True,True,True,True,,1966-2025,59,Vidly,50.1056,17.2717,774.0
0-203-0-20202005001,55,0.9322033898305084,1966.0,2024.0,3,20.0,10.0,26.0,0.18630271293971792,57,True,True,True,True,True,True,True,,1966-2025,59,Malá Morávka  Karlov,50.025278,17.259444,775.0
0-203-0-20203023001,55,0.9322033898305084,1966.0,2024.0,2,23.0,10.0,26.0,0.16782316717371087,58,True,True,True,True,True,True,True,,1966-2025,59,Děhylov,49.8701994,18.1648678,292.0
0-203-0-20301001001,55,0.9322033898305084,1966.0,2024.0,2,23.0,16.0,26.0,0.11119093271112361,56,True,True,True,True,True,True,True,,1966-2025,59,Bílá  Hlavatá,49.421292,18.37984,770.0
0-203-0-41003075001,55,0.9322033898305084,1966.0,2024.0,3,23.0,11.0,26.0,0.1405941071933219,57,True,True,True,True,True,True,True,,1966-2025,59,Šternberk,49.725,17.2986,278.0
0-203-0-41503007001,55,0.9322033898305084,1966.0,2024.0,3,22.0,14.0,26.0,0.12691375430379906,59,True,True,True,True,True,True,True,,1966-2025,59,Zastávka,49.19298,16.36313,375.0
0-203-0-41503064001,55,0.9322033898305084,1966.0,2024.0,2,23.0,11.0,26.0,0.15818583363416802,59,True,True,True,True,True,True,True,,1966-2025,59,Slavkov u Brna,49.1575,16.879167,211.0
0-203-0-41701004001,55,0.9322033898305084,1966.0,2024.0,3,22.0,11.0,26.0,0.15823700315289196,59,True,True,True,True,True,True,True,,1966-2025,59,Hustopeče,48.9456,16.7258,201.0
0-203-0-10703036001,54,0.9152542372881356,1966.0,2023.0,2,22.0,11.0,26.0,0.20330984574255914,57,True,True,True,True,True,True,True,,1966-2025,59,Strmilov,49.1630636,15.2067203,582.0
0-203-0-11303115902,54,0.9152542372881356,1966.0,2024.0,2,20.5,10.0,25.0,0.18938272376798468,59,True,True,True,True,True,True,True,,1966-2025,59,Chomutov,50.46225,13.39711,362.0
0-203-0-11402030001,54,0.9152542372881356,1966.0,2024.0,3,22.0,15.0,26.0,0.11360221132743124,59,True,True,True,True,True,True,True,,1966-2025,59,Jílové,50.76642,14.10183,310.0
0-203-0-11428,54,0.9152542372881356,1966.0,2024.0,2,22.0,10.0,26.0,0.17075398628451652,57,True,True,True,True,True,True,True,,1966-2025,59,Domažlice,49.444716,12.922385,458.0
0-203-0-11602,54,0.9152542372881356,1966.0,2024.0,3,21.0,11.0,26.0,0.1637048548609701,59,True,True,True,True,True,True,True,,1966-2025,59,Bedřichov,50.81511,15.13708,777.0
0-203-0-11691,54,0.9152542372881356,1966.0,2024.0,3,21.5,11.0,26.0,0.14681749365823615,58,True,True,True,True,True,True,True,,1966-2025,59,Náměšť nad Oslavou,49.2101581,16.144155,390.0
0-203-0-11726,54,0.9152542372881356,1966.0,2024.0,2,22.0,10.0,26.0,0.17730542344972927,59,True,True,True,True,True,True,True,,1966-2025,59,Mikulov,48.801911,16.6401,224.0
0-203-0-11785,54,0.9152542372881356,1966.0,2024.0,2,20.5,10.0,25.0,0.22456726294810037,58,True,True,True,True,True,True,True,,1966-2025,59,Frenštát pod Radhoštěm,49.541055,18.240568,436.0
0-203-0-20101117001,54,0.9152542372881356,1967.0,2023.0,1,21.0,10.0,26.0,0.16888794269506752,56,True,True,True,True,True,True,True,,1966-2025,59,Bílovec,49.7617,17.9917,290.0
0-203-0-20407027001,54,0.9152542372881356,1966.0,2024.0,3,21.0,10.0,26.0,0.2252570548079255,59,True,True,True,True,True,True,True,,1966-2025,59,Mníšek  Fojtka,50.82725,15.05856,395.0
0-203-0-41002099001,54,0.9152542372881356,1966.0,2024.0,3,21.0,11.0,26.0,0.17070470266858145,58,True,True,True,True,True,True,True,,1966-2025,59,Moravská Třebová  Bezděčí  Unerázka,49.7,16.7567,315.0
0-203-0-10901104001,56,0.9491525423728814,1969.0,2024.0,3,23.0,12.0,26.0,0.11375312281360006,56,True,True,False,True,True,True,False,starts_early,1966-2025,59,Habry,49.751989,15.486748,470.0
0-203-0-10804044001,55,0.9322033898305084,1966.0,2024.0,4,23.0,11.0,26.0,0.15306446929991654,55,True,False,True,True,True,True,False,gap,1966-2025,59,Březnice,49.5542,13.9461,493.0
0-203-0-11493,55,0.9322033898305084,1966.0,2024.0,4,22.0,16.0,26.0,0.11054005458121305,57,True,False,True,True,True,True,False,gap,1966-2025,59,Kašperské Hory,49.145556,13.55,728.0
0-203-0-11703,55,0.9322033898305084,1970.0,2024.0,4,23.0,13.0,26.0,0.12429939571318961,59,True,False,False,True,True,True,False,gap;starts_early,1966-2025,59,Staré Město pod Sněžníkem  Kunčice,50.1925131,16.943146,649.0
0-203-0-11724,55,0.9322033898305084,1966.0,2024.0,4,22.0,15.0,26.0,0.10984492685659283,58,True,False,True,True,True,True,False,gap,1966-2025,59,Pohořelice,48.9844,16.5283,180.0
0-203-0-41503125001,55,0.9322033898305084,1966.0,2024.0,4,23.0,10.0,26.0,0.16876782258814566,58,True,False,True,True,True,True,False,gap,1966-2025,59,Židlochovice,49.0319,16.6152,183.0
0-203-0-41604005001,55,0.9322033898305084,1966.0,2024.0,4,23.0,15.0,26.0,0.13099291083861497,59,True,False,True,True,True,True,False,gap,1966-2025,59,Moravské Bránice,49.0825,16.4494,210.0
0-203-0-41701013001,55,0.9322033898305084,1966.0,2024.0,4,23.0,14.0,26.0,0.11993461867414607,59,True,False,True,True,True,True,False,gap,1966-2025,59,Ždánice,49.071944,17.025556,238.0
0-203-0-10901134001,54,0.9152542372881356,1966.0,2019.0,5,23.0,13.0,26.0,0.1265055650118469,55,True,False,True,False,True,True,False,gap;ends_late,1966-2025,59,Bohdaneč,49.778642,15.223688,460.0
0-203-0-10903092001,54,0.9152542372881356,1966.0,2020.0,4,22.0,11.0,26.0,0.14398585752718382,55,True,False,True,False,True,True,False,gap;ends_late,1966-2025,59,Psáře,49.7536,14.9678,475.0
0-203-0-11102069001,54,0.9152542372881356,1970.0,2024.0,4,23.0,12.0,26.0,0.12239386214809524,56,True,False,False,True,True,True,False,gap;starts_early,1966-2025,59,Plasy,49.933074,13.382176,330.0
0-203-0-11304046001,54,0.9152542372881356,1966.0,2024.0,5,21.0,11.0,26.0,0.15676173629835904,57,True,False,True,True,True,True,False,gap,1966-2025,59,Dlažkovice,50.47,13.95222,278.0
0-203-0-11402017001,54,0.9152542372881356,1966.0,2024.0,5,22.0,11.0,26.0,0.147038467958198,59,True,False,True,True,True,True,False,gap,1966-2025,59,Děčín  Těchlovice,50.69783,14.20433,150.0
0-203-0-11403086001,54,0.9152542372881356,1966.0,2024.0,4,22.5,11.0,26.0,0.16343758724732935,58,True,False,True,True,True,True,False,gap,1966-2025,59,Žandov  Horní Police,50.708083,14.403417,275.0
0-203-0-11405003001,54,0.9152542372881356,1966.0,2024.0,4,22.0,13.0,26.0,0.11917324410865728,59,True,False,True,True,True,True,False,gap,1966-2025,59,Česká Kamenice,50.80333,14.44361,328.0
0-203-0-11503,54,0.9152542372881356,1966.0,2024.0,4,22.0,11.0,25.0,0.1482184556797428,58,True,False,True,True,True,True,False,gap,1966-2025,59,Ústí nad Labem  Vaňov,50.62556,14.05831,150.0
0-203-0-11528,54,0.9152542372881356,1971.0,2024.0,5,21.5,14.0,25.0,0.13754372445077792,54,True,False,False,True,True,True,False,gap;starts_early,1966-2025,59,Nadějkov  Větrov,49.5169,14.4653,616.0
0-203-0-11635,54,0.9152542372881356,1966.0,2024.0,4,22.0,11.0,26.0,0.12105929099698647,57,True,False,True,True,True,True,False,gap,1966-2025,59,Jindřichův Hradec  Děbolín,49.1556,14.9575,524.0
0-203-0-11768,54,0.9152542372881356,1966.0,2024.0,5,23.0,12.0,26.0,0.14581525757333577,57,True,False,True,True,True,True,False,gap,1966-2025,59,Hranice  Drahotuše,49.5525,17.701389,247.0
0-203-0-41501142001,54,0.9152542372881356,1966.0,2024.0,4,24.0,11.0,26.0,0.12832954246868,58,True,False,True,True,True,True,False,gap,1966-2025,59,Kuřim,49.3006,16.5322,291.0
0-203-0-41503106201,54,0.9152542372881356,1966.0,2024.0,5,24.0,13.0,26.0,0.1310522570489721,57,True,False,True,True,True,True,False,gap,1966-2025,59,Těšany,49.0419,16.7658,209.0
0-203-0-41701032001,54,0.9152542372881356,1966.0,2024.0,5,24.0,13.0,26.0,0.11973730472777072,58,True,False,True,True,True,True,False,gap,1966-2025,59,Klobouky u Brna,48.9961,16.8767,205.0
0-203-0-41701056001,54,0.9152542372881356,1966.0,2024.0,4,24.0,11.0,26.0,0.1412232676491628,59,True,False,True,True,True,True,False,gap,1966-2025,59,Valtice,48.745833,16.759167,195.0
0-20000-0-11406,53,0.8983050847457628,1966.0,2024.0,2,21.0,10.0,26.0,0.25611650886697246,59,False,True,True,True,True,True,False,coverage,1966-2025,59,Cheb,50.068333,12.391389,483.0
0-20000-0-11603,53,0.8983050847457628,1966.0,2024.0,3,22.0,10.0,26.0,0.20895156639631238,59,False,True,True,True,True,True,False,coverage,1966-2025,59,Liberec,50.76972,15.02389,397.72
0-203-0-10501011001,53,0.8983050847457628,1968.0,2024.0,2,24.0,10.0,26.0,0.20401278429420464,59,False,True,True,True,True,True,False,coverage,1966-2025,59,Rokytnice nad Jizerou  Vilémov,50.7319,15.4229,525.0
0-203-0-10602014001,53,0.8983050847457628,1966.0,2024.0,5,22.0,10.0,25.0,0.1457896158268194,54,False,False,True,True,True,True,False,coverage;gap,1966-2025,59,Malonty,48.6854828,14.5802869,694.0
0-203-0-10705023001,53,0.8983050847457628,1970.0,2024.0,4,21.0,11.0,26.0,0.15253836288702166,57,False,False,False,True,True,True,False,coverage;gap;starts_early,1966-2025,59,Kovářov  Vepice,49.525278,14.301389,527.0
0-203-0-10801028001,53,0.8983050847457628,1970.0,2024.0,4,24.0,19.0,26.0,0.08974581776707242,53,False,False,False,True,True,True,False,coverage;gap;starts_early,1966-2025,59,Prášily,49.1069,13.3786,883.0
0-203-0-10805001001,53,0.8983050847457628,1966.0,2024.0,4,22.0,10.0,26.0,0.1598506258760355,56,False,False,True,True,True,True,False,coverage;gap,1966-2025,59,Orlík nad Vltavou,49.5033544,14.1683553,431.0
0-203-0-11002020001,53,0.8983050847457628,1966.0,2024.0,5,23.0,12.0,26.0,0.1390408011861542,55,False,False,True,True,True,True,False,coverage;gap,1966-2025,59,Trhanov  Chodov,49.41688,12.83535,471.0
0-203-0-11005008001,53,0.8983050847457628,1966.0,2024.0,2,21.0,12.0,26.0,0.15736059664063742,58,False,True,True,True,True,True,False,coverage,1966-2025,59,Lovčice  Kvasetice,49.402384,13.493545,597.0
0-203-0-11303078001,53,0.8983050847457628,1966.0,2024.0,2,21.0,10.0,26.0,0.18794300162657013,59,False,True,True,True,True,True,False,coverage,1966-2025,59,Velká Černoc,50.20283,13.58406,329.0
0-203-0-11303100001,53,0.8983050847457628,1966.0,2024.0,3,22.0,11.0,26.0,0.17059331185539012,57,False,True,True,True,True,True,False,coverage,1966-2025,59,Hřivice,50.292153,13.732,270.0
0-203-0-11304061001,53,0.8983050847457628,1966.0,2024.0,5,22.0,10.0,26.0,0.16006324657686136,58,False,False,True,True,True,True,False,coverage;gap,1966-2025,59,Straškov-Vodochody,50.36389,14.255,214.0
0-203-0-11401094001,53,0.8983050847457628,1970.0,2024.0,4,23.0,10.0,26.0,0.1664139193992566,55,False,False,False,True,True,True,False,coverage;gap;starts_early,1966-2025,59,Telnice  Varvažov,50.725083,13.964611,340.0
0-203-0-11503029001,53,0.8983050847457628,1970.0,2024.0,4,22.0,10.0,25.0,0.1814678442931328,58,False,False,False,True,True,True,False,coverage;gap;starts_early,1966-2025,59,Český Jiřetín  Fláje,50.68706,13.58558,740.0
0-203-0-11687,53,0.8983050847457628,1968.0,2024.0,2,20.0,10.0,25.0,0.2051234854826998,59,False,True,True,True,True,True,False,coverage,1966-2025,59,Velké Meziříčí,49.3528,16.0086,452.0
0-203-0-11784,53,0.8983050847457628,1968.0,2024.0,2,21.0,10.0,26.0,0.22784797243957938,59,False,True,True,True,True,True,False,coverage,1966-2025,59,Lučina,49.7308,18.4425,300.0
0-203-0-20101115001,53,0.8983050847457628,1971.0,2024.0,5,22.0,12.0,26.0,0.1484251129693005,55,False,False,False,True,True,True,False,coverage;gap;starts_early,1966-2025,59,Skřipov,49.8178,17.9139,485.0
0-203-0-20301070001,53,0.8983050847457628,1966.0,2024.0,3,23.0,11.0,26.0,0.1628357358284922,57,False,True,True,True,True,True,False,coverage,1966-2025,59,Havířov  Bludovice,49.7656,18.4406,259.0
0-203-0-20303032001,53,0.8983050847457628,1966.0,2019.0,5,22.0,10.0,26.0,0.20597413021975022,55,False,False,True,False,True,True,False,coverage;gap;ends_late,1966-2025,59,Tyra,49.6258,18.6494,500.0
0-203-0-41002054001,53,0.8983050847457628,1967.0,2024.0,5,24.0,11.0,26.0,0.13437604784271048,54,False,False,True,True,True,True,False,coverage;gap,1966-2025,59,Mírov  Míroveček,49.796164,16.839447,370.0
0-203-0-41003091001,53,0.8983050847457628,1968.0,2024.0,3,23.0,11.0,26.0,0.15674499702943062,58,False,True,True,True,True,True,False,coverage,1966-2025,59,Olomouc  Klášterní Hradisko,49.608795,17.264465,215.0
0-203-0-41601028001,53,0.8983050847457628,1971.0,2024.0,5,22.0,13.0,25.0,0.13875151020290366,54,False,False,False,True,True,True,False,coverage;gap;starts_early,1966-2025,59,Šimanov,49.4614,15.4486,630.0
0-203-0-41604020001,53,0.8983050847457628,1966.0,2022.0,4,24.0,11.0,26.0,0.12359394639325091,57,False,False,True,True,True,True,False,coverage;gap,1966-2025,59,Miroslav,48.9442,16.3197,238.0
0-203-0-41701068002,53,0.8983050847457628,1966.0,2024.0,4,21.0,11.0,26.0,0.1863341952030999,57,False,False,True,True,True,True,False,coverage;gap,1966-2025,59,Koryčany,49.1028,17.17,305.0
0-20000-0-11782,52,0.8813559322033898,1969.0,2024.0,3,23.0,10.0,26.0,0.19740544534555166,58,False,True,False,True,True,True,False,coverage;starts_early,1966-2025,59,Mošnov,49.691944,18.112778,252.8
0-203-0-10501030001,52,0.8813559322033898,1970.0,2024.0,4,23.0,11.0,26.0,0.1535773981529519,59,False,False,False,True,True,True,False,coverage;gap;starts_early,1966-2025,59,Roprachtice,50.651199,15.414138,550.0
0-203-0-10602062001,52,0.8813559322033898,1966.0,2018.0,6,22.0,13.0,26.0,0.1275600860942474,54,False,False,True,False,True,True,False,coverage;gap;ends_late,1966-2025,59,Trhové Sviny,48.8455767,14.6372439,468.0
0-203-0-11203020001,52,0.8813559322033898,1966.0,2024.0,6,21.0,11.0,25.0,0.1864829709887235,58,False,False,True,True,True,True,False,coverage;gap,1966-2025,59,Dubá  Nedamov,50.536399,14.555594,258.0
0-203-0-11304017001,52,0.8813559322033898,1966.0,2024.0,5,22.0,11.0,26.0,0.14328178815125722,58,False,False,True,True,True,True,False,coverage;gap,1966-2025,59,Cítoliby,50.3361,13.8164,235.0
0-203-0-11401020001,52,0.8813559322033898,1966.0,2023.0,5,22.0,10.0,26.0,0.19844418627906665,57,False,False,True,True,True,True,False,coverage;gap,1966-2025,59,Klíny,50.63875,13.55153,807.0
0-203-0-11401048001,52,0.8813559322033898,1966.0,2024.0,4,22.0,11.0,26.0,0.18192713619636391,58,False,False,True,True,True,True,False,coverage;gap,1966-2025,59,Bílina,50.539526,13.775657,270.0
0-203-0-11501028001,52,0.8813559322033898,1966.0,2024.0,6,22.5,10.0,25.0,0.13980606623822545,57,False,False,True,True,True,True,False,coverage;gap,1966-2025,59,Lobendava,51.01965,14.31347,350.0
0-203-0-11736,52,0.8813559322033898,1968.0,2020.0,4,20.0,10.0,26.0,0.1999049525388622,56,False,False,True,False,True,True,False,coverage;gap;ends_late,1966-2025,59,Světlá Hora,50.0331,17.4011,593.0
0-203-0-20203012001,52,0.8813559322033898,1966.0,2024.0,3,22.5,10.0,26.0,0.1623503318012746,58,False,True,True,True,True,True,False,coverage,1966-2025,59,Hrabyně,49.8783,18.0533,395.0
0-203-0-20302014002,52,0.8813559322033898,1966.0,2024.0,2,23.0,11.0,26.0,0.12748431672795635,58,False,True,True,True,True,True,False,coverage,1966-2025,59,Hať,49.9458,18.2542,220.0
0-203-0-40102021001,52,0.8813559322033898,1966.0,2018.0,6,24.0,10.0,26.0,0.13041013273932525,54,False,False,True,False,True,True,False,coverage;gap;ends_late,1966-2025,59,Železná,49.583431,12.581084,511.0
0-203-0-41003064001,52,0.8813559322033898,1966.0,2019.0,5,23.0,12.0,26.0,0.16472399517174655,53,False,False,True,False,True,True,False,coverage;gap;ends_late,1966-2025,59,Štěpánov,49.68115,17.22473,225.0
0-203-0-41102038001,52,0.8813559322033898,1966.0,2024.0,3,21.0,14.0,26.0,0.1406719115938209,57,False,True,True,True,True,True,False,coverage,1966-2025,59,Potštát  Kyžlířov,49.6417,17.6764,565.0
0-203-0-41701105001,52,0.8813559322033898,1966.0,2022.0,4,23.0,13.0,26.0,0.14061858610259773,56,False,False,True,True,True,True,False,coverage;gap,1966-2025,59,Prušánky,48.832222,16.969722,179.0
0-203-0-10601188001,51,0.864406779661017,1972.0,2024.0,6,20.0,12.0,25.0,0.154111882770884,53,False,False,False,True,True,True,False,coverage;gap;starts_early,1966-2025,59,Přídolí,48.7814842,14.3564461,653.0
0-203-0-10602077001,51,0.864406779661017,1966.0,2016.0,8,22.0,12.0,26.0,0.15417776100418207,51,False,False,True,False,True,True,False,coverage;gap;ends_late,1966-2025,59,Roudné,48.9356,14.4903,393.0
0-203-0-10902018001,51,0.864406779661017,1967.0,2024.0,5,23.0,11.0,26.0,0.13308275485186097,56,False,False,True,True,True,True,False,coverage;gap,1966-2025,59,Pelhřimov,49.4331428,15.2339531,524.0
0-203-0-10903101001,51,0.864406779661017,1966.0,2020.0,4,23.0,13.0,26.0,0.1344682535936589,55,False,False,True,False,True,True,False,coverage;gap;ends_late,1966-2025,59,Sázava,49.876432,14.901245,350.0
0-203-0-11304028001,51,0.864406779661017,1966.0,2024.0,3,21.0,10.0,26.0,0.1890716292048831,58,False,True,True,True,True,True,False,coverage,1966-2025,59,Peruc,50.3386,13.9542,350.0
0-203-0-11304041001,51,0.864406779661017,1967.0,2024.0,6,23.0,11.0,26.0,0.15346127779328098,55,False,False,True,True,True,True,False,coverage;gap,1966-2025,59,Libochovice  Poplze,50.39983,14.04575,165.0
0-203-0-11401047001,51,0.864406779661017,1970.0,2024.0,4,22.0,10.0,26.0,0.20919462644954512,58,False,False,False,True,True,True,False,coverage;gap;starts_early,1966-2025,59,Lukov,50.527833,13.883763,502.0
0-203-0-11413,51,0.864406779661017,1966.0,2024.0,5,21.0,10.0,26.0,0.23838346501221766,56,False,False,True,True,True,True,False,coverage;gap,1966-2025,59,Mariánské Lázně  vodárna,49.990619,12.695966,696.0
0-203-0-11453,51,0.864406779661017,1974.0,2024.0,8,22.0,12.0,26.0,0.16032692728788767,51,False,False,False,True,True,True,False,coverage;gap;starts_early,1966-2025,59,Hojsova Stráž,49.212473,13.197146,866.0
0-203-0-11461,51,0.864406779661017,1966.0,2024.0,4,21.0,12.0,26.0,0.16783970721891386,58,False,False,True,True,True,True,False,coverage;gap,1966-2025,59,Teplice,50.645153,13.836344,227.0
0-203-0-11474,51,0.864406779661017,1966.0,2024.0,7,22.0,13.0,26.0,0.14079562209889931,58,False,False,True,True,True,True,False,coverage;gap,1966-2025,59,Lány,50.124148,13.952337,415.0
0-203-0-11551,51,0.864406779661017,1969.0,2024.0,3,21.0,10.0,25.0,0.20420056992470123,57,False,True,False,True,True,True,False,coverage;starts_early,1966-2025,59,Varnsdorf,50.90556,14.60222,367.0
0-203-0-11558,51,0.864406779661017,1968.0,2024.0,2,21.0,10.0,25.0,0.2026137537821048,59,False,True,True,True,True,True,False,coverage,1966-2025,59,Doksy,50.56811,14.66731,284.0
0-203-0-11585,51,0.864406779661017,1970.0,2024.0,4,22.0,14.0,26.0,0.14750222920532133,52,False,False,False,True,True,True,False,coverage;gap;starts_early,1966-2025,59,Borkovice,49.207925,14.636825,419.0
0-203-0-11589,51,0.864406779661017,1966.0,2024.0,3,22.0,10.0,26.0,0.2130356880718627,59,False,True,True,True,True,True,False,coverage,1966-2025,59,Třeboň  Lužnice,49.0617575,14.7585975,428.0
0-203-0-11608,51,0.864406779661017,1966.0,2024.0,5,22.0,10.0,26.0,0.20393901659441688,57,False,False,True,True,True,True,False,coverage;gap,1966-2025,59,Hejnice,50.88456,15.18317,396.0
0-203-0-11716,51,0.864406779661017,1966.0,2024.0,3,18.0,10.0,25.0,0.21800808156230317,58,False,True,True,True,True,True,False,coverage,1966-2025,59,Protivanov,49.47782,16.83105,675.0
0-203-0-11769,51,0.864406779661017,1967.0,2024.0,3,22.0,10.0,26.0,0.19485065723405642,58,False,True,True,True,True,True,False,coverage,1966-2025,59,Valašské Meziříčí,49.4636,17.9742,334.0
0-203-0-20301015001,51,0.864406779661017,1966.0,2016.0,8,23.0,13.0,26.0,0.14648312056952892,51,False,False,True,False,True,True,False,coverage;gap;ends_late,1966-2025,59,Šance,49.5125,18.4189,509.0
0-203-0-20301027102,51,0.864406779661017,1966.0,2016.0,8,22.0,11.0,26.0,0.14862663877869323,51,False,False,True,False,True,True,False,coverage;gap;ends_late,1966-2025,59,Frýdlant nad Ostravicí  Lubno,49.6011,18.3858,398.0
0-203-0-20303046001,51,0.864406779661017,1966.0,2018.0,6,22.0,10.0,26.0,0.1686521143408425,54,False,False,True,False,True,True,False,coverage;gap;ends_late,1966-2025,59,Český Těšín,49.753611,18.608611,274.0
0-203-0-20404085001,51,0.864406779661017,1971.0,2024.0,5,23.0,12.0,26.0,0.13847175237021403,53,False,False,False,True,True,True,False,coverage;gap;starts_early,1966-2025,59,Ostružná  Ramzová,50.197223,17.065201,740.0
0-203-0-41501135001,51,0.864406779661017,1966.0,2019.0,5,23.0,13.0,26.0,0.1203199818219993,54,False,False,True,False,True,True,False,coverage;gap;ends_late,1966-2025,59,Velká Bíteš,49.2918,16.221,485.0
0-20000-0-11487,50,0.847457627118644,1975.0,2024.0,9,21.0,13.0,26.0,0.149599254006116,51,False,False,False,True,True,True,False,coverage;gap;starts_early,1966-2025,59,Kocelovice,49.467222,13.838611,519.0
0-20000-0-11518,50,0.847457627118644,1966.0,2024.0,2,21.5,10.0,26.0,0.22560894037767523,59,False,True,True,True,True,True,False,coverage,1966-2025,59,Praha  Ruzyně,50.100278,14.255556,364.0
0-203-0-10406025001,50,0.847457627118644,1975.0,2024.0,9,23.0,11.0,26.0,0.16845331676034433,50,False,False,False,True,True,True,False,coverage;gap;starts_early,1966-2025,59,Dolní Chvatliny,49.983593,15.065951,290.0
0-203-0-10903037001,50,0.847457627118644,1966.0,2017.0,7,24.0,15.0,26.0,0.08558902490137354,52,False,False,True,False,True,True,False,coverage;gap;ends_late,1966-2025,59,Šebířov  Vrcholtovice,49.5997,14.7511,475.0
0-203-0-11103015001,50,0.847457627118644,1966.0,2019.0,5,23.0,14.0,26.0,0.14715298034859728,53,False,False,True,False,True,True,False,coverage;gap;ends_late,1966-2025,59,Rakovník,50.099245,13.738651,313.0
0-203-0-11525,50,0.847457627118644,1968.0,2024.0,5,23.0,12.0,26.0,0.12280184616007576,52,False,False,True,True,True,True,False,coverage;gap,1966-2025,59,Kamýk nad Vltavou,49.63234,14.24637,280.0
0-203-0-11535,50,0.847457627118644,1966.0,2024.0,7,21.0,12.0,26.0,0.17432818555912674,52,False,False,True,True,True,True,False,coverage;gap,1966-2025,59,Bechyně,49.299444,14.469444,409.0
0-203-0-11788,50,0.847457627118644,1967.0,2024.0,2,22.0,10.0,26.0,0.1665425282363177,59,False,True,True,True,True,True,False,coverage,1966-2025,59,Vsetín,49.3442,17.9961,387.0
0-203-0-20303075201,50,0.847457627118644,1966.0,2024.0,3,22.0,10.0,26.0,0.16624246266677392,57,False,True,True,True,True,True,False,coverage,1966-2025,59,Dolní Lutyně  Nerad,49.9153,18.4147,208.0
0-203-0-20407004001,50,0.847457627118644,1966.0,2018.0,6,23.0,13.0,26.0,0.13257122304061625,51,False,False,True,False,True,True,False,coverage;gap;ends_late,1966-2025,59,Jablonec nad Nisou,50.72922,15.17959,495.0
0-203-0-41002036001,50,0.847457627118644,1966.0,2024.0,9,24.0,16.0,26.0,0.1333844921336355,51,False,False,True,True,True,True,False,coverage;gap,1966-2025,59,Červená Voda,50.04034,16.742859,535.0
0-203-0-41102018001,50,0.847457627118644,1966.0,2024.0,6,22.0,11.0,26.0,0.17067608382148963,54,False,False,True,True,True,True,False,coverage;gap,1966-2025,59,Kelč,49.4765261,17.8195539,323.0
0-20000-0-11679,49,0.8305084745762712,1967.0,2024.0,2,20.0,10.0,25.0,0.23487092953946412,58,False,True,True,True,True,True,False,coverage,1966-2025,59,Ústí nad Orlicí,49.980278,16.422222,401.7
0-203-0-11005046001,49,0.8305084745762712,1966.0,2015.0,9,23.0,17.0,26.0,0.09272353634606831,50,False,False,True,False,True,True,False,coverage;gap;ends_late,1966-2025,59,Borovno  Míšov,49.623944,13.727867,651.0
0-203-0-11302113001,49,0.8305084745762712,1966.0,2024.0,4,20.0,11.0,25.0,0.19209300609780083,57,False,False,True,True,True,True,False,coverage;gap,1966-2025,59,Výsluní,50.46428,13.23853,738.0
0-203-0-11305010001,49,0.8305084745762712,1966.0,2024.0,5,21.0,11.0,25.0,0.20032436586471705,54,False,False,True,True,True,True,False,coverage;gap,1966-2025,59,Milešov,50.53642,13.94231,348.0
0-203-0-11582,49,0.8305084745762712,1970.0,2021.0,4,21.0,10.0,26.0,0.17903669433309652,55,False,False,False,False,True,True,False,coverage;gap;starts_early;ends_late,1966-2025,59,Tábor  Měšice,49.41,14.702389,467.0
0-203-0-11649,49,0.8305084745762712,1967.0,2024.0,6,22.0,10.0,26.0,0.19595840148528426,57,False,False,True,True,True,True,False,coverage;gap,1966-2025,59,Hradec Králové  Nový Hradec Králové,50.177649,15.838452,278.0
0-203-0-11667,49,0.8305084745762712,1968.0,2024.0,3,22.0,11.0,26.0,0.1969625239969002,57,False,True,True,True,True,True,False,coverage,1966-2025,59,Moravské Budějovice,49.0610864,15.8064603,460.0
0-203-0-11767,49,0.8305084745762712,1969.0,2024.0,5,22.0,10.0,25.0,0.18570705593984757,57,False,False,False,True,True,True,False,coverage;gap;starts_early,1966-2025,59,Vítkov,49.778037,17.757308,490.0
0-203-0-11780,49,0.8305084745762712,1966.0,2024.0,4,18.0,10.0,25.0,0.3037649055653562,59,False,False,True,True,True,True,False,coverage;gap,1966-2025,59,Štítná nad Vláří - Popov,49.0728,17.9711,315.0
0-203-0-11798,49,0.8305084745762712,1976.0,2024.0,10,21.0,11.0,26.0,0.1723191154544974,50,False,False,False,True,True,True,False,coverage;gap;starts_early,1966-2025,59,Mořkov,49.5414,18.057778,345.0
0-203-0-20101072001,49,0.8305084745762712,1966.0,2018.0,6,22.0,16.0,25.0,0.10986700881242839,53,False,False,True,False,True,True,False,coverage;gap;ends_late,1966-2025,59,Hodslavice,49.5472,18.0264,340.0
0-203-0-40202009001,49,0.8305084745762712,1976.0,2024.0,10,23.0,11.0,26.0,0.14044168141158106,49,False,False,False,True,True,True,False,coverage;gap;starts_early,1966-2025,59,Všeruby,49.343587,12.983841,445.0
0-203-0-41501038001,49,0.8305084745762712,1966.0,2024.0,6,23.0,10.0,26.0,0.17269449384105398,53,False,False,True,True,True,True,False,coverage;gap,1966-2025,59,Lísek,49.583611,16.183611,688.0
0-20000-0-11710,48,0.8135593220338984,1976.0,2024.0,10,22.0,10.0,26.0,0.18244633640811142,51,False,False,False,True,True,True,False,coverage;gap;starts_early,1966-2025,59,Luká,49.652222,16.953333,510.0
0-203-0-10201039001,48,0.8135593220338984,1966.0,2024.0,11,23.0,15.0,26.0,0.12262421892776855,49,False,False,True,True,True,True,False,coverage;gap,1966-2025,59,Zdobnice,50.247678,16.408505,671.0
0-203-0-10503002001,48,0.8135593220338984,1966.0,2023.0,8,22.5,10.0,26.0,0.17870177617097904,52,False,False,True,True,True,True,False,coverage;gap,1966-2025,59,Katusice,50.444653,14.779398,312.0
0-203-0-10504042001,48,0.8135593220338984,1966.0,2017.0,7,24.0,14.0,26.0,0.14863244792572092,51,False,False,True,False,True,True,False,coverage;gap;ends_late,1966-2025,59,Bezno,50.3744,14.7894,280.0
0-203-0-10601176001,48,0.8135593220338984,1975.0,2024.0,9,22.0,13.0,26.0,0.1447783248548,51,False,False,False,True,True,True,False,coverage;gap;starts_early,1966-2025,59,Chvalšiny,48.854722,14.208611,592.0
0-203-0-10602036001,48,0.8135593220338984,1970.0,2017.0,7,22.0,10.0,25.0,0.11590579143844758,49,False,False,False,False,True,True,False,coverage;gap;starts_early;ends_late,1966-2025,59,Netřebice,48.7925114,14.4535261,616.0
0-203-0-10801086001,48,0.8135593220338984,1966.0,2016.0,8,21.5,15.0,26.0,0.13750808680664245,51,False,False,True,False,True,True,False,coverage;gap;ends_late,1966-2025,59,Strašín,49.1779189,13.6413978,637.0
0-203-0-11203039001,48,0.8135593220338984,1970.0,2024.0,6,23.0,11.0,25.0,0.14601524196353022,56,False,False,False,True,True,True,False,coverage;gap;starts_early,1966-2025,59,Roudnice nad Labem,50.42731,14.24917,175.0
0-203-0-11203051001,48,0.8135593220338984,1966.0,2021.0,4,22.5,10.0,26.0,0.16360839157368903,53,False,False,True,False,True,True,False,coverage;gap;ends_late,1966-2025,59,Úštěk  Habřina,50.59617,14.30925,280.0
0-203-0-11554,48,0.8135593220338984,1966.0,2024.0,5,23.0,10.0,26.0,0.22627541524040812,54,False,False,True,True,True,True,False,coverage;gap,1966-2025,59,Česká Lípa,50.675373,14.541141,246.0
0-203-0-11591,48,0.8135593220338984,1966.0,2024.0,11,21.0,10.0,26.0,0.22924519189161427,48,False,False,True,True,True,True,False,coverage;gap,1966-2025,59,Rudolfov  Jivno,49.003611,14.579722,562.0
0-203-0-11671,48,0.8135593220338984,1968.0,2024.0,5,21.0,11.0,26.0,0.2078371721174976,53,False,False,True,True,True,True,False,coverage;gap,1966-2025,59,Broumov,50.569966,16.343617,373.0
0-203-0-11686,48,0.8135593220338984,1966.0,2024.0,3,19.5,10.0,25.0,0.275089648322025,58,False,True,True,True,True,True,False,coverage,1966-2025,59,Bystřice nad Pernštejnem,49.52416,16.25401,553.0
0-203-0-11741,48,0.8135593220338984,1966.0,2018.0,6,21.0,12.0,26.0,0.20177328276736478,53,False,False,True,False,True,True,False,coverage;gap;ends_late,1966-2025,59,Paseka,49.7776,17.2345,271.0
0-203-0-11770,48,0.8135593220338984,1969.0,2020.0,4,21.0,11.0,25.0,0.13957106120333287,52,False,False,False,False,True,True,False,coverage;gap;starts_early;ends_late,1966-2025,59,Hošťálková,49.3514,17.8683,385.0
0-203-0-11779,48,0.8135593220338984,1969.0,2024.0,3,18.0,10.0,26.0,0.26573227539172023,59,False,True,False,True,True,True,False,coverage;starts_early,1966-2025,59,Strání,48.9033,17.7086,383.0
0-203-0-20303022001,48,0.8135593220338984,1967.0,2024.0,6,23.0,14.0,26.0,0.14180850177650595,56,False,False,True,True,True,True,False,coverage;gap,1966-2025,59,Nýdek,49.6621492,18.7651222,425.0
0-20000-0-11502,47,0.7966101694915254,1978.0,2024.0,12,22.0,12.0,26.0,0.1565856873376665,48,False,False,False,True,True,True,False,coverage;gap;starts_early,1966-2025,59,Ústí nad Labem  Kočkov,50.68333,14.04111,375.39
0-20000-0-11683,47,0.7966101694915254,1971.0,2024.0,5,20.0,10.0,26.0,0.22619764352152985,59,False,False,False,True,True,True,False,coverage;gap;starts_early,1966-2025,59,Svratouch,49.735,16.034167,734.0
0-203-0-10305002001,47,0.7966101694915254,1966.0,2024.0,11,22.0,10.0,26.0,0.19897949468226284,49,False,False,True,True,True,True,False,coverage;gap,1966-2025,59,Krucemburk,49.688077,15.844811,559.0
0-203-0-10601075001,47,0.7966101694915254,1970.0,2016.0,8,22.0,11.0,26.0,0.14121686103674555,48,False,False,False,False,True,True,False,coverage;gap;starts_early;ends_late,1966-2025,59,Horní Planá,48.7675,14.0342,771.0
0-203-0-11101016001,47,0.7966101694915254,1966.0,2024.0,10,23.0,11.0,26.0,0.1716507057514827,50,False,False,True,True,True,True,False,coverage;gap,1966-2025,59,Dobřív,49.717616,13.689215,417.0
0-203-0-11432,47,0.7966101694915254,1968.0,2024.0,7,22.0,11.0,26.0,0.16013977540061755,51,False,False,True,True,True,True,False,coverage;gap,1966-2025,59,Nová Ves v Horách,50.59244,13.48561,725.0
0-203-0-40201003001,47,0.7966101694915254,1971.0,2024.0,7,24.0,17.0,26.0,0.0866446218898464,59,False,False,False,True,True,True,False,coverage;gap;starts_early,1966-2025,59,Špičák,49.169506,13.215816,973.0
0-203-0-41001042001,47,0.7966101694915254,1966.0,2024.0,12,24.0,14.0,26.0,0.10881330525478791,48,False,False,True,True,True,True,False,coverage;gap,1966-2025,59,Hanušovice,50.0819,16.940556,432.0
0-203-0-41401070001,47,0.7966101694915254,1966.0,2014.0,10,23.0,10.0,26.0,0.16584406694387877,49,False,False,True,False,True,True,False,coverage;gap;ends_late,1966-2025,59,Slavonice,48.995833,15.355556,519.0
0-203-0-41502105102,47,0.7966101694915254,1966.0,2024.0,4,19.0,10.0,25.0,0.2500631361704843,57,False,False,True,True,True,True,False,coverage;gap,1966-2025,59,Babice nad Svitavou,49.2889,16.6958,470.0
0-20000-0-11414,46,0.7796610169491526,1978.0,2024.0,12,22.5,10.0,26.0,0.1809535338593986,47,False,False,False,True,True,True,False,coverage;gap;starts_early,1966-2025,59,Karlovy Vary  Olšová Vrata,50.201667,12.914167,603.0
0-20000-0-11636,46,0.7796610169491526,1978.0,2024.0,12,22.5,14.0,26.0,0.13356070812528714,47,False,False,False,True,True,True,False,coverage;gap;starts_early,1966-2025,59,Kostelní Myslová,49.159167,15.439167,569.0
0-203-0-10502085001,46,0.7796610169491526,1979.0,2024.0,13,24.0,11.0,26.0,0.12458000373861385,46,False,False,False,True,True,True,False,coverage;gap;starts_early,1966-2025,59,Dolní Bousov,50.437897,15.141737,244.0
0-203-0-10601002002,46,0.7796610169491526,1979.0,2024.0,13,23.0,12.0,26.0,0.1418082385990244,46,False,False,False,True,True,True,False,coverage;gap;starts_early,1966-2025,59,Kvilda,49.0192,13.5792,1059.0
0-203-0-10801125001,46,0.7796610169491526,1969.0,2024.0,6,21.0,10.0,26.0,0.24365997002339673,57,False,False,False,True,True,True,False,coverage;gap;starts_early,1966-2025,59,Katovice,49.2705208,13.8319189,412.0
0-203-0-10802067001,46,0.7796610169491526,1966.0,2024.0,12,22.0,11.0,26.0,0.13641633409623022,48,False,False,True,True,True,True,False,coverage;gap,1966-2025,59,Kestřany,49.2678992,14.0736942,381.0
0-203-0-11301059001,46,0.7796610169491526,1979.0,2024.0,13,21.0,12.0,26.0,0.1829903084994703,46,False,False,False,True,True,True,False,coverage;gap;starts_early,1966-2025,59,Starý Hrozňatov,50.025396,12.389416,452.0
0-203-0-11301086001,46,0.7796610169491526,1979.0,2024.0,13,23.0,14.0,26.0,0.1263042531293442,46,False,False,False,True,True,True,False,coverage;gap;starts_early,1966-2025,59,Habartov,50.180156,12.54853,484.0
0-203-0-11302015001,46,0.7796610169491526,1979.0,2024.0,13,23.0,15.0,26.0,0.12026577704380324,46,False,False,False,True,True,True,False,coverage;gap;starts_early,1966-2025,59,Bečov nad Teplou,50.0824,12.836679,529.0
0-203-0-11403099001,46,0.7796610169491526,1966.0,2019.0,5,22.0,11.0,26.0,0.18740439140248916,52,False,False,True,False,True,True,False,coverage;gap;ends_late,1966-2025,59,Benešov nad Ploučnicí,50.74422,14.31186,250.0
0-203-0-11552,46,0.7796610169491526,1978.0,2024.0,12,23.0,10.0,26.0,0.19282253429899573,54,False,False,False,True,True,True,False,coverage;gap;starts_early,1966-2025,59,Jablonné v Podještědí,50.77206,14.77375,320.0
0-203-0-11593,46,0.7796610169491526,1979.0,2024.0,13,21.0,10.0,26.0,0.15467992508661865,47,False,False,False,True,True,True,False,coverage;gap;starts_early,1966-2025,59,Byňov,48.816603,14.799947,475.0
0-203-0-11605,46,0.7796610169491526,1979.0,2024.0,13,22.5,13.0,25.0,0.12057964900734307,52,False,False,False,True,True,True,False,coverage;gap;starts_early,1966-2025,59,Desná  Souš,50.789354,15.319286,772.0
0-203-0-11634,46,0.7796610169491526,1979.0,2024.0,13,22.0,12.0,25.0,0.12969642080205598,46,False,False,False,True,True,True,False,coverage;gap;starts_early,1966-2025,59,Počátky,49.2605217,15.2340794,618.0
0-203-0-11674,46,0.7796610169491526,1978.0,2024.0,12,23.0,10.0,26.0,0.18773220862530382,47,False,False,False,True,True,True,False,coverage;gap;starts_early,1966-2025,59,Deštné v Orlic. horách,50.306667,16.351959,656.0
0-203-0-11675,46,0.7796610169491526,1978.0,2024.0,12,21.0,11.0,25.0,0.18102861033346151,47,False,False,False,True,True,True,False,coverage;gap;starts_early,1966-2025,59,Úpice,50.506419,16.011618,413.0
0-203-0-11725,46,0.7796610169491526,1967.0,2024.0,5,22.0,10.0,26.0,0.19464494515731273,52,False,False,True,True,True,True,False,coverage;gap,1966-2025,59,Kobylí,48.9394,16.8814,175.0
0-203-0-11742,46,0.7796610169491526,1970.0,2024.0,4,22.0,11.0,26.0,0.1808537539056262,55,False,False,False,True,True,True,False,coverage;gap;starts_early,1966-2025,59,Olomouc  Holice,49.5758,17.2844,210.0
0-203-0-11763,46,0.7796610169491526,1968.0,2024.0,4,22.0,10.0,25.0,0.16663711010276025,57,False,False,True,True,True,True,False,coverage;gap,1966-2025,59,Opava,49.928847,17.878541,268.0
0-203-0-20301023001,46,0.7796610169491526,1966.0,2011.0,13,23.0,19.0,26.0,0.0765832527572361,47,False,False,True,False,True,True,False,coverage;gap;ends_late,1966-2025,59,Čeladná  Podolánky,49.5175,18.3389,510.0
0-203-0-20303008001,46,0.7796610169491526,1966.0,2024.0,7,23.0,13.0,26.0,0.153556248471916,51,False,False,True,True,True,True,False,coverage;gap,1966-2025,59,Horní Lomná,49.534088,18.637779,582.0
0-203-0-20303062001,46,0.7796610169491526,1966.0,2011.0,13,24.0,16.0,26.0,0.11178065603687933,47,False,False,True,False,True,True,False,coverage;gap;ends_late,1966-2025,59,Albrechtice,49.7769,18.5147,292.0
0-203-0-40201004001,46,0.7796610169491526,1979.0,2024.0,13,23.0,15.0,26.0,0.11641205773540074,46,False,False,False,True,True,True,False,coverage;gap;starts_early,1966-2025,59,Železná Ruda,49.138245,13.228729,754.0
0-203-0-40202023201,46,0.7796610169491526,1979.0,2024.0,13,22.0,11.0,26.0,0.1122291905321034,46,False,False,False,True,True,True,False,coverage;gap;starts_early,1966-2025,59,Česká Kubice,49.367941,12.857804,549.0
0-203-0-41001004001,46,0.7796610169491526,1967.0,2024.0,8,23.0,10.0,26.0,0.20810607754451288,51,False,False,True,True,True,True,False,coverage;gap,1966-2025,59,Malá Morava  Sklené,50.12165,16.841956,701.0
0-203-0-41002041001,46,0.7796610169491526,1973.0,2018.0,7,24.0,13.0,26.0,0.14315973015168387,49,False,False,False,False,True,True,False,coverage;gap;starts_early;ends_late,1966-2025,59,Hoštejn,49.875125,16.7688722,305.0
0-203-0-41601072001,46,0.7796610169491526,1968.0,2024.0,5,20.0,11.0,26.0,0.24872018091634973,59,False,False,True,True,True,True,False,coverage;gap,1966-2025,59,Brtnice,49.3069,15.6753,517.0
0-20000-0-11698,45,0.7627118644067796,1978.0,2024.0,12,23.0,10.0,26.0,0.14372210699572957,47,False,False,False,True,True,True,False,coverage;gap;starts_early,1966-2025,59,Kuchařovice,48.881111,16.085278,334.0
0-203-0-10101019001,45,0.7627118644067796,1966.0,2024.0,11,22.0,10.0,26.0,0.19840560159929962,48,False,False,True,True,True,True,False,coverage;gap,1966-2025,59,Dolní Dvůr  Rudolfov,50.654592,15.655815,560.0
0-203-0-10102027001,45,0.7627118644067796,1967.0,2024.0,11,21.0,10.0,26.0,0.19304411587153877,49,False,False,True,True,True,True,False,coverage;gap,1966-2025,59,Žacléř,50.661205,15.907098,644.0
0-203-0-10502049001,45,0.7627118644067796,1979.0,2024.0,13,23.0,12.0,26.0,0.1288256867282677,46,False,False,False,True,True,True,False,coverage;gap;starts_early,1966-2025,59,Jivina,50.5539,14.9492,308.0
0-203-0-10601115201,45,0.7627118644067796,1979.0,2024.0,13,21.0,13.0,26.0,0.15807634208779,46,False,False,False,True,True,True,False,coverage;gap;starts_early,1966-2025,59,Lipno,48.6336,14.2383,730.0
0-203-0-10702010001,45,0.7627118644067796,1979.0,2024.0,13,22.0,13.0,26.0,0.14107286365534719,46,False,False,False,True,True,True,False,coverage;gap;starts_early,1966-2025,59,Suchdol nad Lužnicí,48.8928,14.8669,457.0
0-203-0-10702060001,45,0.7627118644067796,1979.0,2024.0,13,22.0,14.0,25.0,0.13755575012744012,46,False,False,False,True,True,True,False,coverage;gap;starts_early,1966-2025,59,Ševětín,49.1000267,14.56552,501.0
0-203-0-10703057001,45,0.7627118644067796,1979.0,2024.0,13,21.0,10.0,26.0,0.15840547917765463,46,False,False,False,True,True,True,False,coverage;gap;starts_early,1966-2025,59,Stráž nad Nežárkou,49.0669992,14.9129792,478.0
0-203-0-10802038001,45,0.7627118644067796,1978.0,2024.0,12,21.0,14.0,26.0,0.14095605981848155,46,False,False,False,True,True,True,False,coverage;gap;starts_early,1966-2025,59,Volyně  Nihošovice,49.1854894,13.8612525,448.0
0-203-0-10903099001,45,0.7627118644067796,1966.0,2011.0,13,22.0,12.0,26.0,0.1644762578603761,47,False,False,True,False,True,True,False,coverage;gap;ends_late,1966-2025,59,Ledečko,49.8494,14.9469,300.0
0-203-0-10904009001,45,0.7627118644067796,1979.0,2024.0,13,23.0,10.0,26.0,0.13585764709975695,46,False,False,False,True,True,True,False,coverage;gap;starts_early,1966-2025,59,Jíloviště,49.9233,14.3319,354.0
0-203-0-10904013001,45,0.7627118644067796,1979.0,2024.0,13,23.0,10.0,26.0,0.13483997249264842,46,False,False,False,True,True,True,False,coverage;gap;starts_early,1966-2025,59,Praha  Komořany,49.9886,14.40636,213.0
0-203-0-11001153001,45,0.7627118644067796,1967.0,2011.0,13,23.0,13.0,26.0,0.1663081238381065,46,False,False,True,False,True,True,False,coverage;gap;ends_late,1966-2025,59,Lestkov,49.8836,12.8742,595.0
0-203-0-11103040001,45,0.7627118644067796,1966.0,2011.0,13,24.0,14.0,26.0,0.12776022953734545,47,False,False,True,False,True,True,False,coverage;gap;ends_late,1966-2025,59,Nový Dům,50.0897,13.829224,400.0
0-203-0-11201026001,45,0.7627118644067796,1979.0,2024.0,13,24.0,11.0,26.0,0.1395903881753788,46,False,False,False,True,True,True,False,coverage;gap;starts_early,1966-2025,59,Říčany,50.0003,14.6717,385.0
0-203-0-11301018001,45,0.7627118644067796,1979.0,2024.0,13,21.0,11.0,26.0,0.15294498199457326,46,False,False,False,True,True,True,False,coverage;gap;starts_early,1966-2025,59,Hazlov,50.159224,12.270389,551.0
0-203-0-11302082001,45,0.7627118644067796,1979.0,2024.0,13,22.0,11.0,26.0,0.15799733322983187,46,False,False,False,True,True,True,False,coverage;gap;starts_early,1966-2025,59,Stráž nad Ohří,50.338823,13.051677,330.0
0-203-0-11401,45,0.7627118644067796,1977.0,2024.0,11,22.0,11.0,26.0,0.20109685362837978,59,False,False,False,True,True,True,False,coverage;gap;starts_early,1966-2025,59,Aš,50.220602,12.179572,675.0
0-203-0-11401005501,45,0.7627118644067796,1966.0,2011.0,13,24.0,12.0,26.0,0.19402270012139738,47,False,False,True,False,True,True,False,coverage;gap;ends_late,1966-2025,59,Litvínov  Lounice,50.610805,13.559339,478.0
0-203-0-11403051001,45,0.7627118644067796,1966.0,2014.0,10,21.0,11.0,26.0,0.22845077939120975,49,False,False,True,False,True,True,False,coverage;gap;ends_late,1966-2025,59,Nový Bor,50.75,14.55719,358.0
0-203-0-11405001001,45,0.7627118644067796,1966.0,2011.0,13,20.0,12.0,25.0,0.15381278177721536,47,False,False,True,False,True,True,False,coverage;gap;ends_late,1966-2025,59,Kytlice  Mlýny,50.81333,14.49222,406.0
0-203-0-11656,45,0.7627118644067796,1978.0,2024.0,12,21.0,10.0,26.0,0.200662639638006,51,False,False,False,True,True,True,False,coverage;gap;starts_early,1966-2025,59,Havlíčkův Brod,49.61188,15.579696,452.0
0-203-0-20101047201,45,0.7627118644067796,1967.0,2024.0,11,23.0,10.0,26.0,0.18811963887224925,50,False,False,True,True,True,True,False,coverage;gap,1966-2025,59,Odry,49.670833,17.82,305.0
0-203-0-20402017001,45,0.7627118644067796,1966.0,2024.0,5,22.0,12.0,26.0,0.1903322671788029,54,False,False,True,True,True,True,False,coverage;gap,1966-2025,59,Osoblaha,50.2709,17.7135,238.0
0-203-0-20403023001,45,0.7627118644067796,1966.0,2015.0,9,21.0,11.0,26.0,0.15794229979671665,51,False,False,True,False,True,True,False,coverage;gap;ends_late,1966-2025,59,Božanov,50.525216,16.361634,426.0
0-203-0-41001034001,45,0.7627118644067796,1980.0,2024.0,14,22.0,16.0,26.0,0.11883011610527491,46,False,False,False,True,True,True,False,coverage;gap;starts_early,1966-2025,59,Branná  Františkov,50.1324,17.0129,548.0
0-203-0-41101042001,45,0.7627118644067796,1966.0,2011.0,13,24.0,13.0,26.0,0.15415319292768218,46,False,False,True,False,True,True,False,coverage;gap;ends_late,1966-2025,59,Francova Lhota,49.1925,18.0894,480.0
0-203-0-41102012001,45,0.7627118644067796,1979.0,2024.0,13,23.0,13.0,26.0,0.11363786321087016,46,False,False,False,True,True,True,False,coverage;gap;starts_early,1966-2025,59,Rajnochovice,49.413825,17.810276,405.0
0-203-0-41401024002,45,0.7627118644067796,1968.0,2024.0,5,17.0,11.0,26.0,0.2602875881371434,59,False,False,True,True,True,True,False,coverage;gap,1966-2025,59,Dačice,49.0831,15.4344,486.0
0-203-0-41602008001,45,0.7627118644067796,1966.0,2024.0,10,21.0,11.0,26.0,0.2374627166762865,49,False,False,True,True,True,True,False,coverage;gap,1966-2025,59,Bohdalov,49.481656,15.871783,583.0
0-20000-0-11692,44,0.7457627118644068,1979.0,2024.0,13,23.0,11.0,26.0,0.15832079108530145,46,False,False,False,True,True,True,False,coverage;gap;starts_early,1966-2025,59,Sedlec,49.170833,16.120556,474.0
0-203-0-10501060001,44,0.7457627118644068,1980.0,2024.0,14,24.0,17.0,26.0,0.06751542601427578,45,False,False,False,True,True,True,False,coverage;gap;starts_early,1966-2025,59,Josefův Důl,50.778158,15.22868,623.0
0-203-0-10502046001,44,0.7457627118644068,1966.0,2014.0,10,24.0,15.0,26.0,0.10071345402341504,47,False,False,True,False,True,True,False,coverage;gap;ends_late,1966-2025,59,Všelibice  Vrtky,50.6194,14.9511,410.0
0-203-0-10601152001,44,0.7457627118644068,1979.0,2024.0,13,21.0,10.0,26.0,0.14363872826860521,46,False,False,False,True,True,True,False,coverage;gap;starts_early,1966-2025,59,Slavkov,48.7642081,14.2431344,777.0
0-203-0-10602028001,44,0.7457627118644068,1981.0,2024.0,15,22.0,11.0,25.0,0.1556325866474542,44,False,False,False,True,True,True,False,coverage;gap;starts_early,1966-2025,59,Benešov nad Černou,48.7311,14.6283,665.0
0-203-0-10602029002,44,0.7457627118644068,1980.0,2024.0,14,22.0,11.0,26.0,0.1841324772253975,46,False,False,False,True,True,True,False,coverage;gap;starts_early,1966-2025,59,Pohorská Ves,48.6701047,14.6489614,773.0
0-203-0-10801053001,44,0.7457627118644068,1966.0,2010.0,14,22.5,12.0,26.0,0.1632019839529406,45,False,False,True,False,True,True,False,coverage;gap;ends_late,1966-2025,59,Hartmanice,49.17,13.4628,725.0
0-203-0-10803031001,44,0.7457627118644068,1981.0,2024.0,15,21.5,10.0,25.0,0.12783675647489195,44,False,False,False,True,True,True,False,coverage;gap;starts_early,1966-2025,59,Prachatice,49.0073094,13.9934122,607.0
0-203-0-10805081001,44,0.7457627118644068,1966.0,2011.0,13,23.0,10.0,26.0,0.1741017480817499,47,False,False,True,False,True,True,False,coverage;gap;ends_late,1966-2025,59,Slapy,49.8222,14.4331,311.0
0-203-0-10901041001,44,0.7457627118644068,1966.0,2011.0,13,22.0,12.0,26.0,0.13432852128224165,47,False,False,True,False,True,True,False,coverage;gap;ends_late,1966-2025,59,Horní Krupá,49.6739,15.5819,498.0
0-203-0-10902001001,44,0.7457627118644068,1979.0,2023.0,13,22.5,16.0,26.0,0.09583318840568751,46,False,False,False,True,True,True,False,coverage;gap;starts_early,1966-2025,59,Božejov,49.360705,15.152789,611.0
0-203-0-11101046001,44,0.7457627118644068,1966.0,2011.0,13,23.0,12.0,26.0,0.14708247363012422,47,False,False,True,False,True,True,False,coverage;gap;ends_late,1966-2025,59,Břasy  Darová,49.8389,13.5206,332.0
0-203-0-11103043001,44,0.7457627118644068,1979.0,2024.0,13,22.0,13.0,25.0,0.12548383809288854,46,False,False,False,True,True,True,False,coverage;gap;starts_early,1966-2025,59,Křivoklát,50.0381,13.8808,323.0
0-203-0-11105018001,44,0.7457627118644068,1966.0,2011.0,13,23.0,15.0,26.0,0.11212732878615729,47,False,False,True,False,True,True,False,coverage;gap;ends_late,1966-2025,59,Unhošť,50.0867,14.1272,389.0
0-203-0-11301117001,44,0.7457627118644068,1979.0,2024.0,13,23.0,12.0,26.0,0.1606067062917803,45,False,False,False,True,True,True,False,coverage;gap;starts_early,1966-2025,59,Oloví,50.24589,12.559014,537.0
0-203-0-11302028001,44,0.7457627118644068,1966.0,2011.0,13,21.0,10.0,26.0,0.18910783817795848,47,False,False,True,False,True,True,False,coverage;gap;ends_late,1966-2025,59,Kolová  Pila,50.179781,12.92504,535.0
0-203-0-11302057001,44,0.7457627118644068,1979.0,2024.0,13,22.0,11.0,25.0,0.13988591431022618,45,False,False,False,True,True,True,False,coverage;gap;starts_early,1966-2025,59,Abertamy,50.367742,12.816447,893.0
0-203-0-11408,44,0.7457627118644068,1980.0,2024.0,14,23.0,16.0,26.0,0.1029893356352146,45,False,False,False,True,True,True,False,coverage;gap;starts_early,1966-2025,59,Šindelová  Obora,50.317449,12.597466,589.0
0-203-0-11454,44,0.7457627118644068,1978.0,2024.0,12,20.5,11.0,24.0,0.15599702819387112,47,False,False,False,True,True,True,False,coverage;gap;starts_early,1966-2025,59,Libkov,49.366344,13.135593,574.0
0-203-0-11498,44,0.7457627118644068,1967.0,2016.0,8,20.5,10.0,24.0,0.1911443456572237,47,False,False,True,False,True,True,False,coverage;gap;ends_late,1966-2025,59,Lenora  Houžná,48.9344,13.7694,804.0
0-203-0-11510,44,0.7457627118644068,1979.0,2024.0,13,23.0,17.0,26.0,0.10280466442025242,46,False,False,False,True,True,True,False,coverage;gap;starts_early,1966-2025,59,Kralupy nad Vltavou,50.241923,14.289786,220.0
0-203-0-11581,44,0.7457627118644068,1981.0,2024.0,15,22.0,11.0,26.0,0.13221335605908313,44,False,False,False,True,True,True,False,coverage;gap;starts_early,1966-2025,59,Hlasivo,49.4981,14.7561,547.0
0-203-0-11777,44,0.7457627118644068,1970.0,2024.0,4,18.0,11.0,26.0,0.2789634406896891,52,False,False,False,True,True,True,False,coverage;gap;starts_early,1966-2025,59,Vizovice,49.22297,17.84361,313.0
0-203-0-41402084001,44,0.7457627118644068,1966.0,2024.0,11,22.0,11.0,26.0,0.18137883401752186,49,False,False,True,True,True,True,False,coverage;gap,1966-2025,59,Jaroslavice,48.7553,16.2325,190.0
0-203-0-41502078001,44,0.7457627118644068,1966.0,2011.0,13,22.0,10.0,26.0,0.21125807251180198,47,False,False,True,False,True,True,False,coverage;gap;ends_late,1966-2025,59,Sloup,49.4139,16.7383,470.0
0-203-0-41503067001,44,0.7457627118644068,1968.0,2024.0,8,20.0,10.0,26.0,0.300045989011853,51,False,False,True,True,True,True,False,coverage;gap,1966-2025,59,Bukovinka,49.296944,16.798889,511.0
0-203-0-41602014001,44,0.7457627118644068,1980.0,2024.0,14,23.5,11.0,26.0,0.16299403381600572,45,False,False,False,True,True,True,False,coverage;gap;starts_early,1966-2025,59,Radostín,49.460278,15.9675,512.0
0-20000-0-11438,43,0.7288135593220338,1978.0,2024.0,12,23.0,10.0,26.0,0.18183145848050447,47,False,False,False,True,True,True,False,coverage;gap;starts_early,1966-2025,59,Tušimice,50.37667,13.32806,321.71
0-20000-0-11520,43,0.7288135593220338,1971.0,2024.0,5,23.0,10.0,26.0,0.18047316281988493,55,False,False,False,True,True,True,False,coverage;gap;starts_early,1966-2025,59,Praha  Libuš,50.007778,14.446944,302.04
0-203-0-10601029001,43,0.7288135593220338,1974.0,2018.0,8,23.0,12.0,26.0,0.17228860913977878,45,False,False,False,False,True,True,False,coverage;gap;starts_early;ends_late,1966-2025,59,Strážný,48.9054436,13.7206847,811.0
0-203-0-10901004001,43,0.7288135593220338,1966.0,2010.0,14,23.0,10.0,25.0,0.1779631752396824,46,False,False,True,False,True,True,False,coverage;gap;ends_late,1966-2025,59,Žďár nad Sázavou  Stržanov,49.597833,15.936455,605.0
0-203-0-11104046001,43,0.7288135593220338,1966.0,2024.0,14,22.0,11.0,26.0,0.1355326984562127,45,False,False,True,True,True,True,False,coverage;gap,1966-2025,59,Zdice,49.9108,13.9714,305.0
0-203-0-11201006001,43,0.7288135593220338,1966.0,2009.0,15,23.0,10.0,25.0,0.13550972070148515,44,False,False,True,False,True,True,False,coverage;gap;ends_late,1966-2025,59,Praha  Braník,50.0383,14.4239,260.0
0-203-0-11201024001,43,0.7288135593220338,1966.0,2010.0,14,24.0,18.0,26.0,0.07196746660372562,46,False,False,True,False,True,True,False,coverage;gap;ends_late,1966-2025,59,Praha  Břevnov,50.080843,14.352689,355.0
0-203-0-11302021001,43,0.7288135593220338,1966.0,2009.0,15,22.0,11.0,26.0,0.2109254220035844,45,False,False,True,False,True,True,False,coverage;gap;ends_late,1966-2025,59,Březová,50.197003,12.856646,435.0
0-203-0-11303017001,43,0.7288135593220338,1971.0,2024.0,6,22.0,10.0,26.0,0.21532449990749203,52,False,False,False,True,True,True,False,coverage;gap;starts_early,1966-2025,59,Mašťov,50.2608,13.2828,373.0
0-203-0-11442,43,0.7288135593220338,1969.0,2024.0,7,21.0,10.0,26.0,0.19310452532189243,55,False,False,False,True,True,True,False,coverage;gap;starts_early,1966-2025,59,Kralovice,49.981823,13.494007,449.0
0-203-0-11446,43,0.7288135593220338,1969.0,2024.0,7,22.0,11.0,26.0,0.15739612525585797,54,False,False,False,True,True,True,False,coverage;gap;starts_early,1966-2025,59,Plzeň  Bolevec,49.788378,13.386411,331.0
0-203-0-11486,43,0.7288135593220338,1974.0,2024.0,8,20.0,10.0,26.0,0.20699441506903488,57,False,False,False,True,True,True,False,coverage;gap;starts_early,1966-2025,59,Nepomuk,49.486924,13.589389,471.0
0-203-0-11532,43,0.7288135593220338,1981.0,2024.0,15,22.0,10.0,26.0,0.12585921491137672,44,False,False,False,True,True,True,False,coverage;gap;starts_early,1966-2025,59,Vráž,49.3845275,14.1288047,433.0
0-203-0-11617,43,0.7288135593220338,1966.0,2024.0,8,22.0,10.0,26.0,0.22310501828275148,54,False,False,True,True,True,True,False,coverage;gap,1966-2025,59,Poděbrady,50.140503,15.133554,189.0
0-203-0-11676,43,0.7288135593220338,1978.0,2024.0,12,23.0,10.0,26.0,0.21232485392028438,46,False,False,False,True,True,True,False,coverage;gap;starts_early,1966-2025,59,Rokytnice v Orlic.horách,50.164432,16.460258,577.0
0-203-0-11713,43,0.7288135593220338,1966.0,2024.0,6,22.0,10.0,26.0,0.21497127491767246,50,False,False,True,True,True,True,False,coverage;gap,1966-2025,59,Jevíčko,49.6309,16.7055,362.0
0-203-0-20402001001,43,0.7288135593220338,1970.0,2024.0,5,23.0,13.0,26.0,0.15270312226381375,49,False,False,False,True,True,True,False,coverage;gap;starts_early,1966-2025,59,Jindřichov,50.2525,17.5231,358.2
0-203-0-40102029001,43,0.7288135593220338,1966.0,2011.0,13,23.0,14.0,26.0,0.11363615172775124,44,False,False,True,False,True,True,False,coverage;gap;ends_late,1966-2025,59,Lesná  Háje,49.715572,12.47552,710.0
0-203-0-41003005201,43,0.7288135593220338,1966.0,2011.0,13,23.0,11.0,26.0,0.14650323416485123,47,False,False,True,False,True,True,False,coverage;gap;ends_late,1966-2025,59,Litovel,49.705,17.070408,234.0
0-203-0-41202048001,43,0.7288135593220338,1975.0,2024.0,9,19.0,11.0,26.0,0.2517518597262693,52,False,False,False,True,True,True,False,coverage;gap;starts_early,1966-2025,59,Podivice,49.369444,17.003611,375.0
0-203-0-41301102001,43,0.7288135593220338,1969.0,2024.0,4,17.0,11.0,24.0,0.222017810274907,59,False,False,False,True,True,True,False,coverage;gap;starts_early,1966-2025,59,Horní Lhota,49.155,17.8033,348.0
0-203-0-42108066001,43,0.7288135593220338,1975.0,2024.0,9,18.0,10.0,26.0,0.28903349337634937,57,False,False,False,True,True,True,False,coverage;gap;starts_early,1966-2025,59,Valašské Klobouky,49.139167,18.015,402.0
0-20000-0-11433,42,0.711864406779661,1971.0,2024.0,6,22.5,10.0,26.0,0.17701224063135673,56,False,False,False,True,True,True,False,coverage;gap;starts_early,1966-2025,59,Kopisty,50.54417,13.62278,240.0
0-20000-0-11509,42,0.711864406779661,1969.0,2023.0,8,22.5,10.0,26.0,0.18867148257411298,55,False,False,False,True,True,True,False,coverage;gap;starts_early,1966-2025,59,Doksany,50.45889,14.17,158.0
0-203-0-10501038001,42,0.711864406779661,1983.0,2024.0,17,20.0,14.0,26.0,0.15893249652404465,42,False,False,False,True,True,True,False,coverage;gap;starts_early,1966-2025,59,Lomnice nad Popelkou,50.538491,15.379375,485.0
0-203-0-10801017001,42,0.711864406779661,1982.0,2024.0,16,21.5,11.0,26.0,0.13673867765325395,43,False,False,False,True,True,True,False,coverage;gap;starts_early,1966-2025,59,Srní  Vchynice - Tetov I,49.0606156,13.5041194,930.0
0-203-0-11001141001,42,0.711864406779661,1983.0,2024.0,17,23.0,12.0,26.0,0.1621103201000727,42,False,False,False,True,True,True,False,coverage;gap;starts_early,1966-2025,59,Úterý,49.938609,13.001143,489.0
0-203-0-11103017001,42,0.711864406779661,1966.0,2008.0,16,24.0,14.0,26.0,0.1261740483096987,43,False,False,True,False,True,True,False,coverage;gap;ends_late,1966-2025,59,Kounov,50.214902,13.672193,418.0
0-203-0-11305002001,42,0.711864406779661,1966.0,2024.0,10,21.0,10.0,26.0,0.18317441357497735,49,False,False,True,True,True,True,False,coverage;gap,1966-2025,59,Litoměřice,50.543229,14.140687,206.0
0-203-0-11419,42,0.711864406779661,1972.0,2024.0,6,21.5,11.0,26.0,0.18522949886989049,53,False,False,False,True,True,True,False,coverage;gap;starts_early,1966-2025,59,Konstantinovy Lázně,49.884787,12.975956,530.0
0-203-0-11559,42,0.711864406779661,1972.0,2024.0,6,24.0,11.0,26.0,0.16721158242503278,52,False,False,False,True,True,True,False,coverage;gap;starts_early,1966-2025,59,Kořenov  Jizerka,50.819878,15.344272,858.0
0-203-0-11572,42,0.711864406779661,1980.0,2024.0,14,21.0,10.0,25.0,0.1975821664110619,48,False,False,False,True,True,True,False,coverage;gap;starts_early,1966-2025,59,Ondřejov  Pecný,49.913822,14.786716,543.0
0-203-0-11709,42,0.711864406779661,1982.0,2024.0,16,22.0,11.0,26.0,0.12367719465902932,43,False,False,False,True,True,True,False,coverage;gap;starts_early,1966-2025,59,Dubicko,49.8269,16.9662,282.0
0-203-0-11778,42,0.711864406779661,1969.0,2024.0,4,18.0,10.0,26.0,0.2595582236436292,57,False,False,False,True,True,True,False,coverage;gap;starts_early,1966-2025,59,Luhačovice  Kladná-Žilín,49.0842,17.7925,329.0
0-203-0-11786,42,0.711864406779661,1966.0,2018.0,7,21.0,10.0,25.0,0.18168233263167785,47,False,False,True,False,True,True,False,coverage;gap;ends_late,1966-2025,59,Rožnov pod Radhoštěm,49.461251,18.138224,375.0
0-203-0-20101109101,42,0.711864406779661,1966.0,2011.0,13,23.5,12.0,26.0,0.16972903663986244,46,False,False,True,False,True,True,False,coverage;gap;ends_late,1966-2025,59,Ženklava,49.5617,18.1069,340.0
0-203-0-20202065001,42,0.711864406779661,1966.0,2011.0,13,22.5,10.0,26.0,0.21561503768888987,46,False,False,True,False,True,True,False,coverage;gap;ends_late,1966-2025,59,Kružberk,49.8244,17.6639,435.0
0-203-0-41003127001,42,0.711864406779661,1979.0,2024.0,13,23.0,12.0,26.0,0.1621132885869753,47,False,False,False,True,True,True,False,coverage;gap;starts_early,1966-2025,59,Velký Újezd,49.5812756,17.4855908,381.0
0-203-0-41101029001,42,0.711864406779661,1966.0,2011.0,13,23.5,15.0,26.0,0.12169609825871029,46,False,False,True,False,True,True,False,coverage;gap;ends_late,1966-2025,59,Halenkov,49.3203,18.1464,415.0
0-203-0-41102034001,42,0.711864406779661,1974.0,2018.0,8,22.0,10.0,26.0,0.19995252491374924,49,False,False,False,False,True,True,False,coverage;gap;starts_early;ends_late,1966-2025,59,Střítež nad Ludinou,49.605,17.7411,339.0
0-203-0-41502036001,42,0.711864406779661,1981.0,2024.0,15,22.0,10.0,26.0,0.17175263299917343,44,False,False,False,True,True,True,False,coverage;gap;starts_early,1966-2025,59,Knínice u Boskovic,49.537004,16.692288,369.0
0-203-0-41603056001,42,0.711864406779661,1981.0,2024.0,15,23.0,13.0,26.0,0.13728108964851377,44,False,False,False,True,True,True,False,coverage;gap;starts_early,1966-2025,59,Moravský Krumlov,49.040547,16.305604,255.0
0-203-0-10407065001,41,0.6949152542372882,1966.0,2007.0,17,24.0,13.0,26.0,0.14018249610166875,43,False,False,True,False,True,True,False,coverage;gap;ends_late,1966-2025,59,Káraný,50.175931,14.731428,170.0
0-203-0-10601197001,41,0.6949152542372882,1972.0,2024.0,7,21.0,10.0,26.0,0.2011759506557125,46,False,False,False,True,True,True,False,coverage;gap;starts_early,1966-2025,59,Brloh,48.9269169,14.2187506,559.0
0-203-0-11001075001,41,0.6949152542372882,1966.0,2006.0,18,23.0,13.0,26.0,0.15409448508865195,42,False,False,True,False,True,True,False,coverage;gap;ends_late,1966-2025,59,Svojšín  Řebří,49.763302,12.881296,460.0
0-203-0-11002084001,41,0.6949152542372882,1966.0,2017.0,10,23.0,11.0,26.0,0.1409868264268741,45,False,False,True,False,True,True,False,coverage;gap;ends_late,1966-2025,59,Stod,49.639696,13.166901,337.0
0-203-0-11103024001,41,0.6949152542372882,1966.0,2007.0,17,24.0,13.0,26.0,0.14551393567826057,42,False,False,True,False,True,True,False,coverage;gap;ends_late,1966-2025,59,Krušovice,50.174061,13.77522,385.0
0-203-0-11105027001,41,0.6949152542372882,1983.0,2024.0,17,23.0,11.0,26.0,0.1305430512684442,42,False,False,False,True,True,True,False,coverage;gap;starts_early,1966-2025,59,Loděnice,49.9964,14.1567,255.0
0-203-0-11403079001,41,0.6949152542372882,1979.0,2024.0,13,22.0,14.0,25.0,0.13490644524625106,46,False,False,False,True,True,True,False,coverage;gap;starts_early,1966-2025,59,Zahrádky,50.61428,14.51467,270.0
0-203-0-11417,41,0.6949152542372882,1980.0,2024.0,14,20.0,10.0,25.0,0.20619757801364003,45,False,False,False,True,True,True,False,coverage;gap;starts_early,1966-2025,59,Krásné Údolí,50.071286,12.920958,650.0
0-203-0-11451,41,0.6949152542372882,1969.0,2024.0,8,23.0,14.0,26.0,0.1453129255445963,57,False,False,False,True,True,True,False,coverage;gap;starts_early,1966-2025,59,Staňkov,49.552537,13.067369,362.0
0-203-0-11478,41,0.6949152542372882,1971.0,2024.0,5,21.0,10.0,26.0,0.19184409669647026,55,False,False,False,True,True,True,False,coverage;gap;starts_early,1966-2025,59,Zbiroh  Švabín,49.853987,13.751748,476.0
0-203-0-11561,41,0.6949152542372882,1969.0,2024.0,8,20.0,12.0,26.0,0.19897619375709408,51,False,False,False,True,True,True,False,coverage;gap;starts_early,1966-2025,59,Semčice,50.3671,15.0036,234.0
0-203-0-11606,41,0.6949152542372882,1978.0,2024.0,12,22.0,13.0,26.0,0.12554137279517683,41,False,False,False,True,True,True,False,coverage;gap;starts_early,1966-2025,59,Harrachov,50.781746,15.420036,675.0
0-203-0-11612,41,0.6949152542372882,1974.0,2024.0,8,21.0,12.0,25.0,0.1735567665621603,51,False,False,False,True,True,True,False,coverage;gap;starts_early,1966-2025,59,Holovousy,50.375735,15.5810108,321.0
0-203-0-11632,41,0.6949152542372882,1982.0,2024.0,16,21.0,16.0,25.0,0.11497350521771259,43,False,False,False,True,True,True,False,coverage;gap;starts_early,1966-2025,59,Nový Rychnov,49.385922,15.365095,619.0
0-203-0-11640,41,0.6949152542372882,1979.0,2022.0,13,24.0,13.0,26.0,0.16771595916036533,42,False,False,False,True,True,True,False,coverage;gap;starts_early,1966-2025,59,Labská bouda,50.769883,15.544927,1320.0
0-203-0-11660,41,0.6949152542372882,1981.0,2023.0,15,21.0,12.0,26.0,0.1380087796787136,44,False,False,False,True,True,True,False,coverage;gap;starts_early,1966-2025,59,Vatín,49.52306,15.96806,558.0
0-203-0-11680,41,0.6949152542372882,1981.0,2023.0,15,21.0,11.0,25.0,0.21037003669743387,44,False,False,False,True,True,True,False,coverage;gap;starts_early,1966-2025,59,Rychnov nad Kněžnou,50.164879,16.270033,335.0
0-203-0-41301014002,41,0.6949152542372882,1980.0,2024.0,14,18.0,10.0,25.0,0.2515829978824499,46,False,False,False,True,True,True,False,coverage;gap;starts_early,1966-2025,59,Zlín  Velíková,49.2875,17.7606,392.0
0-203-0-41402080001,41,0.6949152542372882,1981.0,2024.0,15,22.0,13.0,26.0,0.17706202791567904,45,False,False,False,True,True,True,False,coverage;gap;starts_early,1966-2025,59,Šatov,48.789167,16.020556,238.0
0-203-0-41502007002,41,0.6949152542372882,1977.0,2024.0,11,20.0,11.0,26.0,0.255750638273538,49,False,False,False,True,True,True,False,coverage;gap;starts_early,1966-2025,59,Březová nad Svitavou,49.6597,16.5003,387.0
0-203-0-41503074001,41,0.6949152542372882,1966.0,2011.0,13,22.0,13.0,26.0,0.16204108937358433,46,False,False,True,False,True,True,False,coverage;gap;ends_late,1966-2025,59,Podbřežice,49.2128,16.925,261.0
0-203-0-41601100001,41,0.6949152542372882,1979.0,2024.0,13,21.0,10.0,26.0,0.25781084538229776,46,False,False,False,True,True,True,False,coverage;gap;starts_early,1966-2025,59,Budišov,49.2717,16.0039,485.0
0-203-0-42106054001,41,0.6949152542372882,1971.0,2011.0,13,22.0,13.0,26.0,0.15227070584389882,42,False,False,False,False,True,True,False,coverage;gap;starts_early;ends_late,1966-2025,59,Mosty u Jablunkova,49.5103,18.7569,548.0
0-20000-0-11567,40,0.6779661016949152,1979.0,2024.0,13,22.0,10.0,25.0,0.1425509819783086,48,False,False,False,True,True,True,False,coverage;gap;starts_early,1966-2025,59,Praha  Kbely,50.123333,14.538056,284.5
0-203-0-10501035001,40,0.6779661016949152,1966.0,2005.0,19,23.0,13.0,26.0,0.11318034101066961,40,False,False,True,False,True,True,False,coverage;gap;ends_late,1966-2025,59,Studenec,50.55272,15.550286,532.0
0-203-0-10602066001,40,0.6779661016949152,1980.0,2024.0,14,20.5,11.0,26.0,0.18990315574559524,43,False,False,False,True,True,True,False,coverage;gap;starts_early,1966-2025,59,Besednice,48.7915,14.5549319,593.0
0-203-0-10801073001,40,0.6779661016949152,1966.0,2007.0,17,21.5,12.0,26.0,0.13895444682580976,42,False,False,True,False,True,True,False,coverage;gap;ends_late,1966-2025,59,Kolinec,49.2981,13.4342,543.0
0-203-0-11105048001,40,0.6779661016949152,1966.0,2024.0,17,23.0,14.0,26.0,0.09240657978408931,43,False,False,True,True,True,True,False,coverage;gap,1966-2025,59,Praha  Zadní Kopanina,50.0072,14.3178,330.0
0-203-0-11202078001,40,0.6779661016949152,1966.0,2006.0,18,23.0,13.0,26.0,0.13220168568842094,42,False,False,True,False,True,True,False,coverage;gap;ends_late,1966-2025,59,Slaný,50.236779,14.090481,307.0
0-203-0-11301070001,40,0.6779661016949152,1979.0,2018.0,13,21.0,13.0,26.0,0.17853226683731901,41,False,False,False,False,True,True,False,coverage;gap;starts_early;ends_late,1966-2025,59,Dolní Žandov,50.019769,12.550387,537.0
0-203-0-11420,40,0.6779661016949152,1977.0,2024.0,11,24.0,16.0,26.0,0.11117277730380072,40,False,False,False,True,True,True,False,coverage;gap;starts_early,1966-2025,59,Klínovec,50.3948,12.967957,1236.0
0-203-0-11491,40,0.6779661016949152,1979.0,2019.0,13,22.0,16.0,25.0,0.11188005531106085,41,False,False,False,False,True,True,False,coverage;gap;starts_early;ends_late,1966-2025,59,Strakonice  Nové Strakonice,49.2546,13.8827,404.0
0-203-0-11695,40,0.6779661016949152,1981.0,2024.0,15,22.0,13.0,26.0,0.13078298851816073,45,False,False,False,True,True,True,False,coverage;gap;starts_early,1966-2025,59,Troubsko,49.1745,16.5074,278.0
0-203-0-11727,40,0.6779661016949152,1981.0,2024.0,15,22.0,15.0,26.0,0.13142149778541587,45,False,False,False,True,True,True,False,coverage;gap;starts_early,1966-2025,59,Lednice,48.792616,16.798895,177.0
0-203-0-11771,40,0.6779661016949152,1975.0,2024.0,9,18.5,10.0,25.0,0.30234738764064,55,False,False,False,True,True,True,False,coverage;gap;starts_early,1966-2025,59,Bystřice pod Hostýnem,49.3964,17.6706,314.0
0-203-0-20201017001,40,0.6779661016949152,1979.0,2023.0,13,20.5,10.0,26.0,0.23103857379333886,46,False,False,False,True,True,True,False,coverage;gap;starts_early,1966-2025,59,Karlovice,50.0936408,17.4510033,467.0
0-203-0-20407036001,40,0.6779661016949152,1969.0,2019.0,5,22.0,10.0,26.0,0.21760858577942604,54,False,False,False,False,True,True,False,coverage;gap;starts_early;ends_late,1966-2025,59,Chotyně,50.83897,14.87175,260.0
0-203-0-41102054001,40,0.6779661016949152,1979.0,2024.0,13,23.0,13.0,26.0,0.12282857248680497,48,False,False,False,True,True,True,False,coverage;gap;starts_early,1966-2025,59,Lipník nad Bečvou,49.521944,17.590556,227.0
0-203-0-41602037001,40,0.6779661016949152,1985.0,2024.0,19,21.0,11.0,26.0,0.1859831038104656,41,False,False,False,True,True,True,False,coverage;gap;starts_early,1966-2025,59,Pavlínov,49.3508,15.8772,559.0
0-203-0-42109005002,40,0.6779661016949152,1980.0,2024.0,14,20.5,10.0,26.0,0.251188095904747,46,False,False,False,True,True,True,False,coverage;gap;starts_early,1966-2025,59,Starý Hrozenkov,48.9681,17.8614,412.0
0-203-0-10402021001,39,0.6610169491525424,1978.0,2024.0,12,22.0,12.0,26.0,0.16068339079044341,49,False,False,False,True,True,True,False,coverage;gap;starts_early,1966-2025,59,Slatiny  Milíčeves,50.379018,15.393348,254.0
0-203-0-10702039001,39,0.6610169491525424,1984.0,2024.0,18,21.0,10.0,26.0,0.1527207096642425,40,False,False,False,True,True,True,False,coverage;gap;starts_early,1966-2025,59,Ledenice,48.9334328,14.6184119,496.0
0-203-0-10803008001,39,0.6610169491525424,1984.0,2024.0,18,21.0,10.0,25.0,0.15508814135600033,41,False,False,False,True,True,True,False,coverage;gap;starts_early,1966-2025,59,Zbytiny,48.92618,13.9691961,792.0
0-203-0-11002093001,39,0.6610169491525424,1966.0,2007.0,17,23.0,13.0,26.0,0.14504927701145454,42,False,False,True,False,True,True,False,coverage;gap;ends_late,1966-2025,59,Merklín,49.55887,13.196879,377.0
0-203-0-11305015001,39,0.6610169491525424,1966.0,2011.0,13,21.0,10.0,26.0,0.17118419700436519,47,False,False,True,False,True,True,False,coverage;gap;ends_late,1966-2025,59,Ústí nad Labem  Církvice,50.59228,14.04103,150.0
0-203-0-11403070001,39,0.6610169491525424,1970.0,2011.0,13,21.0,10.0,25.0,0.19172053551609727,47,False,False,False,False,True,True,False,coverage;gap;starts_early;ends_late,1966-2025,59,Kravaře,50.63392,14.39306,283.0
0-203-0-11522,39,0.6610169491525424,1981.0,2024.0,15,21.0,10.0,26.0,0.18091060078165513,42,False,False,False,True,True,True,False,coverage;gap;starts_early,1966-2025,59,Neumětely,49.854272,14.037548,322.0
0-203-0-11563,39,0.6610169491525424,1980.0,2024.0,14,22.0,12.0,26.0,0.13957474916821794,43,False,False,False,True,True,True,False,coverage;gap;starts_early,1966-2025,59,Brandýs nad Labem-St.B,50.189691,14.660559,179.0
0-203-0-11610,39,0.6610169491525424,1966.0,2013.0,11,22.0,11.0,26.0,0.23040361146279362,47,False,False,True,False,True,True,False,coverage;gap;ends_late,1966-2025,59,Turnov,50.589631,15.154434,253.0
0-203-0-11625,39,0.6610169491525424,1966.0,2024.0,7,22.0,11.0,26.0,0.15318570754856375,49,False,False,True,True,True,True,False,coverage;gap,1966-2025,59,Nový Bydžov,50.237553,15.497443,232.0
0-203-0-20101039001,39,0.6610169491525424,1969.0,2011.0,13,21.0,10.0,26.0,0.20883267991211998,45,False,False,False,False,True,True,False,coverage;gap;starts_early;ends_late,1966-2025,59,Spálov,49.7036,17.7322,576.0
0-203-0-20202077001,39,0.6610169491525424,1979.0,2024.0,13,22.0,11.0,26.0,0.17767174163911842,45,False,False,False,True,True,True,False,coverage;gap;starts_early,1966-2025,59,Hradec nad Moravicí,49.876837,17.870902,275.0
0-203-0-20301042001,39,0.6610169491525424,1966.0,2005.0,19,20.0,11.0,25.0,0.1697224927277011,40,False,False,True,False,True,True,False,coverage;gap;ends_late,1966-2025,59,Morávka,49.5847,18.5389,541.0
0-203-0-41401050001,39,0.6610169491525424,1982.0,2024.0,16,21.0,11.0,26.0,0.249348108408038,43,False,False,False,True,True,True,False,coverage;gap;starts_early,1966-2025,59,Český Rudolec,49.073333,15.322222,520.0
0-203-0-41403009001,39,0.6610169491525424,1966.0,2009.0,15,22.0,12.0,26.0,0.16379339719071337,44,False,False,True,False,True,True,False,coverage;gap;ends_late,1966-2025,59,Jevišovice,48.9925,15.9811,330.0
0-203-0-41601014001,39,0.6610169491525424,1966.0,2007.0,17,22.0,11.0,26.0,0.26432427192093294,42,False,False,True,False,True,True,False,coverage;gap;ends_late,1966-2025,59,Rohozná,49.3544,15.4017,553.0
0-203-0-41601038001,39,0.6610169491525424,1966.0,2012.0,12,23.0,12.0,26.0,0.19296734065075138,41,False,False,True,False,True,True,False,coverage;gap;ends_late,1966-2025,59,Stonařov,49.284444,15.587222,584.0
0-203-0-41603002001,39,0.6610169491525424,1971.0,2024.0,14,23.0,10.0,26.0,0.176987515536315,41,False,False,False,True,True,True,False,coverage;gap;starts_early,1966-2025,59,Štěměchy,49.1936,15.7133,617.0
0-20000-0-11643,38,0.6440677966101694,1987.0,2024.0,21,22.0,12.0,26.0,0.15304012689360288,38,False,False,False,True,True,True,False,coverage;gap;starts_early,1966-2025,59,Pec pod Sněžkou,50.691944,15.728889,816.3
0-203-0-10103011001,38,0.6440677966101694,1966.0,2020.0,11,20.5,11.0,25.0,0.20098857051029187,45,False,False,True,False,True,True,False,coverage;gap;ends_late,1966-2025,59,Teplice nad Metují,50.578941,16.172543,460.0
0-203-0-10407058001,38,0.6440677966101694,1966.0,2024.0,20,23.0,11.0,26.0,0.14253760749337288,39,False,False,True,True,True,True,False,coverage;gap,1966-2025,59,Úvaly,50.0772,14.7111,260.0
0-203-0-10703073001,38,0.6440677966101694,1971.0,2024.0,15,19.0,10.0,24.0,0.19664077041857678,41,False,False,False,True,True,True,False,coverage;gap;starts_early,1966-2025,59,Kardašova Řečice,49.1864,14.8558,450.0
0-203-0-10804058001,38,0.6440677966101694,1966.0,2004.0,20,22.0,17.0,25.0,0.08975997670584143,39,False,False,True,False,True,True,False,coverage;gap;ends_late,1966-2025,59,Mirovice,49.5125,14.0383,444.0
0-203-0-11102135001,38,0.6440677966101694,1986.0,2024.0,20,23.0,11.0,26.0,0.14990694642746383,39,False,False,False,True,True,True,False,coverage;gap;starts_early,1966-2025,59,Terešov,49.901862,13.707071,402.0
0-203-0-11447,38,0.6440677966101694,1979.0,2024.0,13,22.0,10.0,26.0,0.17071096458615992,43,False,False,False,True,True,True,False,coverage;gap;starts_early,1966-2025,59,Stříbro,49.752524,12.981105,438.0
0-203-0-11556,38,0.6440677966101694,1968.0,2010.0,14,23.0,10.0,26.0,0.19797338564905753,46,False,False,True,False,True,True,False,coverage;gap;ends_late,1966-2025,59,Český Dub  Modlibohov,50.683677,14.981635,355.0
0-203-0-11562,38,0.6440677966101694,1978.0,2024.0,12,22.0,10.0,26.0,0.1614564477875188,43,False,False,False,True,True,True,False,coverage;gap;starts_early,1966-2025,59,Tuhaň,50.29582,14.520416,160.0
0-203-0-11711,38,0.6440677966101694,1984.0,2024.0,18,22.0,15.0,25.0,0.11399862713366761,38,False,False,False,True,True,True,False,coverage;gap;starts_early,1966-2025,59,Třebařov,49.8158,16.6969,375.0
0-203-0-11754,38,0.6440677966101694,1975.0,2024.0,9,20.5,10.0,25.0,0.3207583955724038,53,False,False,False,True,True,True,False,coverage;gap;starts_early,1966-2025,59,Staré Město,49.0917,17.4322,221.0
0-203-0-11761,38,0.6440677966101694,1966.0,2012.0,12,20.0,10.0,25.0,0.20123043745804517,47,False,False,True,False,True,True,False,coverage;gap;ends_late,1966-2025,59,Město Albrechtice  Žáry,50.154167,17.560556,498.0
0-203-0-41002058001,38,0.6440677966101694,1966.0,2007.0,17,22.5,11.0,26.0,0.16842599837825742,40,False,False,True,False,True,True,False,coverage;gap;ends_late,1966-2025,59,Rohle,49.8592,17.0194,341.0
0-203-0-41302039002,38,0.6440677966101694,1969.0,2024.0,6,17.0,10.0,26.0,0.28910059559885826,57,False,False,False,True,True,True,False,coverage;gap;starts_early,1966-2025,59,Velká nad Veličkou,48.8789,17.5167,289.0
0-203-0-41402050001,38,0.6440677966101694,1980.0,2024.0,14,21.0,10.0,26.0,0.2839436522750569,46,False,False,False,True,True,True,False,coverage;gap;starts_early,1966-2025,59,Bítov,48.938333,15.73,425.0
0-20000-0-11538,37,0.6271186440677966,1988.0,2024.0,22,21.0,11.0,26.0,0.12998227844251808,37,False,False,False,True,True,True,False,coverage;gap;starts_early,1966-2025,59,Temelín,49.197778,14.342222,500.0
0-20000-0-11774,37,0.6271186440677966,1979.0,2024.0,13,21.0,10.0,25.0,0.26335371173333005,47,False,False,False,True,True,True,False,coverage;gap;starts_early,1966-2025,59,Holešov,49.320556,17.57,222.25
0-203-0-10601205001,37,0.6271186440677966,1977.0,2024.0,11,20.0,11.0,26.0,0.14859999015195224,39,False,False,False,True,True,True,False,coverage;gap;starts_early,1966-2025,59,Křemže  Mříč,48.9075594,14.3305394,524.0
0-203-0-10702056101,37,0.6271186440677966,1966.0,2004.0,20,21.0,15.0,26.0,0.1356716568997725,40,False,False,True,False,True,True,False,coverage;gap;ends_late,1966-2025,59,Lomnice nad Lužnicí,49.0883,14.7231,423.0
0-203-0-11104027001,37,0.6271186440677966,1966.0,2011.0,13,23.0,11.0,26.0,0.13725513586409235,40,False,False,True,False,True,True,False,coverage;gap;ends_late,1966-2025,59,Zaječov  Nová Ves,49.7625,13.8425,485.0
0-203-0-11402027001,37,0.6271186440677966,1988.0,2024.0,22,21.0,12.0,26.0,0.1691738673002069,37,False,False,False,True,True,True,False,coverage;gap;starts_early,1966-2025,59,Tisá,50.78694,14.02167,556.0
0-203-0-11468,37,0.6271186440677966,1979.0,2024.0,13,22.0,11.0,26.0,0.17825192861850947,48,False,False,False,True,True,True,False,coverage;gap;starts_early,1966-2025,59,Žatec,50.34147,13.54319,210.0
0-203-0-11501,37,0.6271186440677966,1966.0,2024.0,14,21.0,11.0,26.0,0.19334729780913276,45,False,False,True,True,True,True,False,coverage;gap,1966-2025,59,Děčín,50.75097,14.20258,162.0
0-203-0-11731,37,0.6271186440677966,1988.0,2024.0,22,21.0,14.0,26.0,0.1471491238544314,37,False,False,False,True,True,True,False,coverage;gap;starts_early,1966-2025,59,Jeseník,50.231111,17.183333,502.0
0-203-0-20401011001,37,0.6271186440677966,1983.0,2024.0,17,22.0,10.0,26.0,0.2005237586366707,41,False,False,False,True,True,True,False,coverage;gap;starts_early,1966-2025,59,Sudice,50.0319,18.0736,217.0
0-203-0-41001048001,37,0.6271186440677966,1966.0,2011.0,13,22.0,10.0,26.0,0.19973248633219262,42,False,False,True,False,True,True,False,coverage;gap;ends_late,1966-2025,59,Ruda nad Moravou  Hostice,49.9922,16.8833,360.0
0-203-0-41202031001,37,0.6271186440677966,1975.0,2024.0,9,21.0,10.0,26.0,0.25179583050828036,50,False,False,False,True,True,True,False,coverage;gap;starts_early,1966-2025,59,Morkovice-Slížany  Slížany,49.2417,17.2319,289.0
0-203-0-41701074001,37,0.6271186440677966,1966.0,2006.0,18,24.0,13.0,26.0,0.12654233233150203,41,False,False,True,False,True,True,False,coverage;gap;ends_late,1966-2025,59,Kyjov,49.0167,17.1167,190.0
0-203-0-10202005001,36,0.6101694915254238,1977.0,2024.0,11,22.0,13.0,26.0,0.1556190689913545,38,False,False,False,True,True,True,False,coverage;gap;starts_early,1966-2025,59,Králíky,50.08289,16.73475,538.0
0-203-0-10302007001,36,0.6101694915254238,1975.0,2023.0,11,21.0,10.0,25.0,0.23049661492595908,40,False,False,False,True,True,True,False,coverage;gap;starts_early,1966-2025,59,Trstěnice,49.807087,16.341265,435.0
0-203-0-10406039001,36,0.6101694915254238,1989.0,2024.0,23,23.0,13.0,26.0,0.13546069802658317,36,False,False,False,True,True,True,False,coverage;gap;starts_early,1966-2025,59,Kostelec n. Černými Lesy,50.0044,14.8356,360.0
0-203-0-10805078001,36,0.6101694915254238,1988.0,2024.0,22,23.0,13.0,26.0,0.11773299347295996,37,False,False,False,True,True,True,False,coverage;gap;starts_early,1966-2025,59,Jablonná,49.780786,14.452009,327.0
0-203-0-11001043001,36,0.6101694915254238,1966.0,2002.0,22,19.5,13.0,26.0,0.17217825783859755,38,False,False,True,False,True,True,False,coverage;gap;ends_late,1966-2025,59,Chodský Újezd,49.8658,12.6522,565.0
0-203-0-11003030001,36,0.6101694915254238,1966.0,2007.0,17,20.0,10.0,26.0,0.2304115635908138,39,False,False,True,False,True,True,False,coverage;gap;ends_late,1966-2025,59,Dlažov,49.3636,13.1669,504.0
0-203-0-11104026001,36,0.6101694915254238,1987.0,2024.0,21,22.0,13.0,26.0,0.13121733952097628,38,False,False,False,True,True,True,False,coverage;gap;starts_early,1966-2025,59,Hvozdec  Mrtník,49.798186,13.872083,425.0
0-203-0-11303111001,36,0.6101694915254238,1987.0,2024.0,21,22.5,10.0,26.0,0.17969015569918503,38,False,False,False,True,True,True,False,coverage;gap;starts_early,1966-2025,59,Křimov,50.499,13.31453,570.0
0-203-0-11465,36,0.6101694915254238,1979.0,2024.0,13,22.0,10.0,25.0,0.15444413016361536,45,False,False,False,True,True,True,False,coverage;gap;starts_early,1966-2025,59,Smolnice,50.30872,13.85617,345.0
0-203-0-11492,36,0.6101694915254238,1989.0,2024.0,23,21.0,11.0,26.0,0.1824804604990727,36,False,False,False,True,True,True,False,coverage;gap;starts_early,1966-2025,59,Sušice,49.23768,13.5261728,484.0
0-203-0-11764,36,0.6101694915254238,1969.0,2011.0,13,21.0,11.0,26.0,0.18727310916058795,46,False,False,False,False,True,True,False,coverage;gap;starts_early;ends_late,1966-2025,59,Bohdanovice,49.9003,17.6292,463.0
0-203-0-11795,36,0.6101694915254238,1966.0,2021.0,10,20.5,10.0,26.0,0.25665511651238826,45,False,False,True,False,True,True,False,coverage;gap;ends_late,1966-2025,59,Karviná,49.8549,18.5332,224.0
0-203-0-20301060101,36,0.6101694915254238,1966.0,2013.0,11,22.0,11.0,25.0,0.16373727160000218,40,False,False,True,False,True,True,False,coverage;gap;ends_late,1966-2025,59,Olešná,49.6667,18.3167,308.0
0-203-0-41302015001,36,0.6101694915254238,1970.0,2024.0,7,18.5,10.0,26.0,0.3124661699818104,58,False,False,False,True,True,True,False,coverage;gap;starts_early,1966-2025,59,Blatnice pod svatým Antonínkem,48.947778,17.462222,210.0
0-203-0-42108060001,36,0.6101694915254238,1982.0,2022.0,16,18.0,11.0,26.0,0.26095042086414844,47,False,False,False,True,True,True,False,coverage;gap;starts_early,1966-2025,59,Slavičín,49.0853,17.8783,362.0
0-203-0-10102013001,35,0.5932203389830508,1990.0,2024.0,24,22.0,14.0,26.0,0.12498830161248013,35,False,False,False,True,True,True,False,coverage;gap;starts_early,1966-2025,59,Horní Maršov,50.654577,15.818973,585.0
0-203-0-11430,35,0.5932203389830508,1988.0,2024.0,22,19.0,13.0,25.0,0.17762030218307878,37,False,False,False,True,True,True,False,coverage;gap;starts_early,1966-2025,59,Měděnec,50.42936,13.13256,828.0
0-203-0-11751,35,0.5932203389830508,1980.0,2024.0,14,20.0,10.0,25.0,0.28705296704113437,50,False,False,False,True,True,True,False,coverage;gap;starts_early,1966-2025,59,Kroměříž,49.2847,17.3653,233.0
0-203-0-20302008201,35,0.5932203389830508,1979.0,2018.0,13,22.0,11.0,26.0,0.19536038473222547,40,False,False,False,False,True,True,False,coverage;gap;starts_early;ends_late,1966-2025,59,Ostrava  Slezská Ostrava,49.844977,18.317553,269.0
0-203-0-20303055001,35,0.5932203389830508,1966.0,2018.0,17,24.0,11.0,26.0,0.14959958404806906,38,False,False,True,False,True,True,False,coverage;gap;ends_late,1966-2025,59,Hnojník,49.6775,18.545,340.0
0-203-0-40402001001,35,0.5932203389830508,1982.0,2017.0,16,23.0,10.0,26.0,0.12389380530973451,36,False,False,False,False,True,True,False,coverage;gap;starts_early;ends_late,1966-2025,59,Frymburk  Svatý Tomáš,48.639722,14.104722,972.0
0-203-0-41002010001,35,0.5932203389830508,1966.0,2000.0,24,23.0,12.0,26.0,0.20954408127972438,35,False,False,True,False,True,True,False,coverage;gap;ends_late,1966-2025,59,Lanškroun,49.9028,16.625,362.0
0-203-0-41302020001,35,0.5932203389830508,1980.0,2024.0,14,21.0,10.0,26.0,0.28046803385841335,46,False,False,False,True,True,True,False,coverage;gap;starts_early,1966-2025,59,Buchlovice,49.089008,17.335389,257.0
0-203-0-41302026001,35,0.5932203389830508,1971.0,2024.0,8,21.0,10.0,25.0,0.27650030956144783,57,False,False,False,True,True,True,False,coverage;gap;starts_early,1966-2025,59,Bzenec,48.97416667,17.28916667,182.0
0-203-0-41302058001,35,0.5932203389830508,1968.0,2024.0,9,21.0,10.0,26.0,0.2719774424386169,58,False,False,True,True,True,True,False,coverage;gap,1966-2025,59,Radějov,48.8639,17.3348,240.0
0-203-0-41501005002,35,0.5932203389830508,1972.0,2024.0,18,22.0,17.0,25.0,0.10564915239023276,35,False,False,False,True,True,True,False,coverage;gap;starts_early,1966-2025,59,Křižánky  Moravské Křižánky,49.6833,16.0667,615.0
0-203-0-41501030001,35,0.5932203389830508,1990.0,2024.0,24,23.0,12.0,26.0,0.17673224010007796,35,False,False,False,True,True,True,False,coverage;gap;starts_early,1966-2025,59,Věcov  Jimramovské Pavlovice,49.6153,16.2019,550.0
0-20000-0-11624,34,0.576271186440678,1978.0,2024.0,12,21.0,10.0,26.0,0.19230024997953082,43,False,False,False,True,True,True,False,coverage;gap;starts_early,1966-2025,59,Chotusice  letiště,49.940833,15.386389,238.2
0-203-0-10401004001,34,0.576271186440678,1990.0,2024.0,24,21.0,10.0,25.0,0.22736623303239686,35,False,False,False,True,True,True,False,coverage;gap;starts_early,1966-2025,59,Zbýšov  Dobrovítov,49.78686,15.329835,490.0
0-203-0-10603048001,34,0.576271186440678,1990.0,2024.0,24,21.0,14.0,25.0,0.13422501688931596,35,False,False,False,True,True,True,False,coverage;gap;starts_early,1966-2025,59,Němčice,49.0308,14.2714,436.0
0-203-0-10703041001,34,0.576271186440678,1966.0,2004.0,20,23.0,15.0,26.0,0.15420254393731467,36,False,False,True,False,True,True,False,coverage;gap;ends_late,1966-2025,59,Kunžak,49.1219,15.19,590.0
0-203-0-10704056001,34,0.576271186440678,1966.0,2001.0,23,21.0,11.0,25.0,0.17867866675272398,37,False,False,True,False,True,True,False,coverage;gap;ends_late,1966-2025,59,Chýnov,49.4083044,14.8120983,498.0
0-203-0-11102061001,34,0.576271186440678,1966.0,2001.0,23,21.5,11.0,26.0,0.21079720674459762,37,False,False,True,False,True,True,False,coverage;gap;ends_late,1966-2025,59,Mladotice  Černá Hať,50.0083,13.3342,506.0
0-203-0-11403070002,34,0.576271186440678,1988.0,2024.0,22,22.0,11.0,26.0,0.16121612263660984,37,False,False,False,True,True,True,False,coverage;gap;starts_early,1966-2025,59,Verneřice,50.65789,14.30492,507.0
0-203-0-11415,34,0.576271186440678,1966.0,2012.0,12,20.0,10.0,26.0,0.2318515560286836,42,False,False,True,False,True,True,False,coverage;gap;ends_late,1966-2025,59,Karlovy Vary,50.227229,12.878151,377.0
0-203-0-11488,34,0.576271186440678,1990.0,2024.0,24,21.0,15.0,26.0,0.13098331208327266,36,False,False,False,True,True,True,False,coverage;gap;starts_early,1966-2025,59,Blatná,49.4333,13.8731,452.0
0-203-0-11504,34,0.576271186440678,1989.0,2024.0,23,19.5,12.0,25.0,0.16382386599649687,35,False,False,False,True,True,True,False,coverage;gap;starts_early,1966-2025,59,Sněžník,50.79683,14.08536,569.0
0-203-0-11539,34,0.576271186440678,1982.0,2017.0,16,22.0,16.0,26.0,0.10863795258985065,37,False,False,False,False,True,True,False,coverage;gap;starts_early;ends_late,1966-2025,59,Chelčice,49.119265,14.169367,451.0
0-203-0-11678,34,0.576271186440678,1979.0,2020.0,13,22.0,11.0,26.0,0.15917656957672907,40,False,False,False,False,True,True,False,coverage;gap;starts_early;ends_late,1966-2025,59,Velichovky,50.356612,15.832503,299.0
0-203-0-11732,34,0.576271186440678,1967.0,2000.0,24,20.5,10.0,26.0,0.2390474836776974,35,False,False,True,False,True,True,False,coverage;gap;ends_late,1966-2025,59,Zlaté Hory  Rejvíz,50.2297,17.3056,757.0
0-203-0-20402025002,34,0.576271186440678,1969.0,2005.0,19,21.5,12.0,26.0,0.21423687381617454,37,False,False,False,False,True,True,False,coverage;gap;starts_early;ends_late,1966-2025,59,Zlaté Hory,50.252778,17.3926,444.0
0-203-0-20407034001,34,0.576271186440678,1987.0,2024.0,21,21.5,11.0,25.0,0.14742527852115475,38,False,False,False,True,True,True,False,coverage;gap;starts_early,1966-2025,59,Chrastava,50.81872,14.95861,314.0
0-203-0-41003026002,34,0.576271186440678,1966.0,2024.0,23,22.0,10.0,25.0,0.1892457888955852,35,False,False,True,True,True,True,False,coverage;gap,1966-2025,59,Oskava,49.90482,17.134781,360.0
0-203-0-41202086001,34,0.576271186440678,1980.0,2024.0,14,21.0,10.0,25.0,0.2323082707505944,46,False,False,False,True,True,True,False,coverage;gap;starts_early,1966-2025,59,Dřevohostice,49.424444,17.586111,238.0
0-203-0-41202144001,34,0.576271186440678,1975.0,2024.0,9,20.5,11.0,26.0,0.2609229926258092,51,False,False,False,True,True,True,False,coverage;gap;starts_early,1966-2025,59,Kvasice,49.2453,17.4703,190.0
0-203-0-41502013001,34,0.576271186440678,1990.0,2024.0,24,23.0,10.0,26.0,0.20856051863325778,35,False,False,False,True,True,True,False,coverage;gap;starts_early,1966-2025,59,Stvolová  Skřib,49.589167,16.550556,395.0
0-20000-0-11652,33,0.559322033898305,1978.0,2024.0,12,21.0,11.0,25.0,0.19952474408735388,46,False,False,False,True,True,True,False,coverage;gap;starts_early,1966-2025,59,Pardubice  letiště,50.016111,15.740273,224.21
0-20000-0-11723,33,0.559322033898305,1978.0,2024.0,12,23.0,10.0,26.0,0.2913750303029134,48,False,False,False,True,True,True,False,coverage;gap;starts_early,1966-2025,59,Brno  Tuřany,49.153056,16.688889,241.0
0-203-0-10201001003,33,0.559322033898305,1990.0,2024.0,24,23.0,13.0,26.0,0.15115297622680882,34,False,False,False,True,True,True,False,coverage;gap;starts_early,1966-2025,59,Orlické Záhoří,50.280707,16.468455,690.0
0-203-0-10302022001,33,0.559322033898305,1990.0,2024.0,24,22.0,10.0,26.0,0.22370196533188913,35,False,False,False,True,True,True,False,coverage;gap;starts_early,1966-2025,59,Lubná,49.773006,16.190554,560.0
0-203-0-10601021001,33,0.559322033898305,1968.0,2001.0,23,23.0,10.0,26.0,0.2029707992231803,35,False,False,True,False,True,True,False,coverage;gap;ends_late,1966-2025,59,Horní Vltavice,48.9469,13.7889,830.0
0-203-0-10602007001,33,0.559322033898305,1987.0,2023.0,21,21.0,10.0,25.0,0.1713184790339425,36,False,False,False,True,True,True,False,coverage;gap;starts_early,1966-2025,59,Dolní Dvořiště,48.6583611,14.4604581,606.0
0-203-0-11002064001,33,0.559322033898305,1966.0,1999.0,25,21.0,14.0,26.0,0.13980646534000155,35,False,False,True,False,True,True,False,coverage;gap;ends_late,1966-2025,59,Koloveč,49.4836,13.1161,476.0
0-203-0-11407,33,0.559322033898305,1979.0,2020.0,13,23.0,13.0,26.0,0.1573942801506192,44,False,False,False,False,True,True,False,coverage;gap;starts_early;ends_late,1966-2025,59,Františkovy Lázně,50.116796,12.351238,435.0
0-203-0-11545,33,0.559322033898305,1989.0,2021.0,23,20.0,12.0,26.0,0.15898806942209295,33,False,False,False,False,True,True,False,coverage;gap;starts_early;ends_late,1966-2025,59,Český Krumlov  Srnín,48.8493247,14.3483183,546.0
0-203-0-11662,33,0.559322033898305,1984.0,2024.0,18,22.0,18.0,26.0,0.09982147809779626,33,False,False,False,True,True,True,False,coverage;gap;starts_early,1966-2025,59,Hubenov,49.3931,15.4669,570.0
0-203-0-20202019001,33,0.559322033898305,1992.0,2024.0,26,22.0,16.0,26.0,0.13309796923805556,33,False,False,False,True,True,True,False,coverage;gap;starts_early,1966-2025,59,Rýmařov  Harrachov,49.955833,17.286667,643.0
0-203-0-20402004001,33,0.559322033898305,1985.0,2018.0,19,23.0,12.0,26.0,0.1825318815336768,35,False,False,False,False,True,True,False,coverage;gap;starts_early;ends_late,1966-2025,59,Třemešná,50.2053,17.5757,369.0
0-203-0-20404057002,33,0.559322033898305,1979.0,2016.0,13,23.0,12.0,26.0,0.18116423037131427,40,False,False,False,False,True,True,False,coverage;gap;starts_early;ends_late,1966-2025,59,Vidnava,50.37794,17.1917,228.0
0-203-0-41301054101,33,0.559322033898305,1978.0,2021.0,12,21.0,11.0,26.0,0.2708800454213164,47,False,False,False,False,True,True,False,coverage;gap;starts_early;ends_late,1966-2025,59,Napajedla,49.1833,17.5167,185.0
0-203-0-41301116001,33,0.559322033898305,1969.0,2020.0,7,18.0,10.0,26.0,0.26407053852592177,52,False,False,False,False,True,True,False,coverage;gap;starts_early;ends_late,1966-2025,59,Uherský Brod,49.0255,17.6555,222.0
0-203-0-41501024001,33,0.559322033898305,1992.0,2024.0,26,24.0,15.0,26.0,0.12148135700323064,33,False,False,False,True,True,True,False,coverage;gap;starts_early,1966-2025,59,Kadov,49.6351314,16.07777778,672.0
0-203-0-41502003002,33,0.559322033898305,1988.0,2024.0,22,22.0,10.0,26.0,0.2581985755454253,37,False,False,False,True,True,True,False,coverage;gap;starts_early,1966-2025,59,Hradec nad Svitavou,49.7311,16.4875,446.0
0-20000-0-11693,32,0.5423728813559322,1983.0,2024.0,17,22.0,10.0,26.0,0.24982182308334522,43,False,False,False,True,True,True,False,coverage;gap;starts_early,1966-2025,59,Dukovany,49.095556,16.134444,400.15
0-203-0-10101025001,32,0.5423728813559322,1990.0,2022.0,24,22.0,10.0,26.0,0.18962627643742092,33,False,False,False,True,True,True,False,coverage;gap;starts_early,1966-2025,59,Hostinné,50.5400231,15.7201375,351.0
0-203-0-10201047001,32,0.5423728813559322,1990.0,2024.0,24,21.0,10.0,25.0,0.2038450178410055,35,False,False,False,True,True,True,False,coverage;gap;starts_early,1966-2025,59,Slatina nad Zdobnicí,50.13555556,16.38277778,390.0
0-203-0-10202014001,32,0.5423728813559322,1990.0,2024.0,24,23.0,14.0,26.0,0.14596855203028555,33,False,False,False,True,True,True,False,coverage;gap;starts_early,1966-2025,59,Orličky,50.026453,16.667424,570.0
0-203-0-10303009001,32,0.5423728813559322,1990.0,2024.0,24,21.0,13.0,24.0,0.15256126108608953,35,False,False,False,True,True,True,False,coverage;gap;starts_early,1966-2025,59,Hamry,49.738323,15.914045,605.0
0-203-0-10303045001,32,0.5423728813559322,1990.0,2024.0,24,23.0,10.0,26.0,0.22047927592204924,35,False,False,False,True,True,True,False,coverage;gap;starts_early,1966-2025,59,Nové Hrady,49.850201,16.1475,400.0
0-203-0-10903095001,32,0.5423728813559322,1966.0,2021.0,23,23.0,13.0,25.0,0.14799649172428686,35,False,False,True,False,True,True,False,coverage;gap;ends_late,1966-2025,59,Kozmice,49.8264,14.7942,500.0
0-203-0-11104016001,32,0.5423728813559322,1992.0,2024.0,26,22.5,10.0,26.0,0.16218721817849494,33,False,False,False,True,True,True,False,coverage;gap;starts_early,1966-2025,59,Rpety,49.8272,13.9369,360.0
0-203-0-11203010001,32,0.5423728813559322,1966.0,2012.0,12,20.0,11.0,25.0,0.1649611001196166,37,False,False,True,False,True,True,False,coverage;gap;ends_late,1966-2025,59,Střemy,50.38361,14.56861,269.0
0-203-0-11301025001,32,0.5423728813559322,1979.0,2011.0,13,23.0,15.0,26.0,0.11328800469338642,33,False,False,False,False,True,True,False,coverage;gap;starts_early;ends_late,1966-2025,59,Skalná,50.169754,12.363183,455.0
0-203-0-11303052001,32,0.5423728813559322,1966.0,2007.0,17,21.0,12.0,25.0,0.19535506565260155,35,False,False,True,False,True,True,False,coverage;gap;ends_late,1966-2025,59,Valeč,50.1794,13.2528,518.0
0-203-0-11574,32,0.5423728813559322,1978.0,2020.0,12,20.0,12.0,26.0,0.17011221230044474,39,False,False,False,False,True,True,False,coverage;gap;starts_early;ends_late,1966-2025,59,Netvořice,49.818411,14.521178,365.0
0-203-0-11595,32,0.5423728813559322,1979.0,2011.0,13,21.5,10.0,26.0,0.15184098602522114,34,False,False,False,False,True,True,False,coverage;gap;starts_early;ends_late,1966-2025,59,Římov,48.8494,14.4889,474.0
0-203-0-11637,32,0.5423728813559322,1990.0,2024.0,24,20.5,11.0,25.0,0.20491347697000525,33,False,False,False,True,True,True,False,coverage;gap;starts_early,1966-2025,59,Vrchlabí,50.622778,15.646389,482.0
0-203-0-11689,32,0.5423728813559322,1967.0,2008.0,16,19.0,10.0,25.0,0.28856360747734616,42,False,False,True,False,True,True,False,coverage;gap;ends_late,1966-2025,59,Úsuší  Čížky,49.3292,16.3667,397.0
0-203-0-11775,32,0.5423728813559322,1969.0,2024.0,9,16.5,10.0,25.0,0.32494884941849705,49,False,False,False,True,True,True,False,coverage;gap;starts_early,1966-2025,59,Zlín,49.236667,17.643333,283.0
0-203-0-11797,32,0.5423728813559322,1991.0,2024.0,25,22.0,13.0,26.0,0.13977204105084387,34,False,False,False,True,True,True,False,coverage;gap;starts_early,1966-2025,59,Ropice,49.6975,18.6125,327.0
0-203-0-41102072101,32,0.5423728813559322,1966.0,2011.0,13,23.0,10.0,25.0,0.191600872310761,40,False,False,True,False,True,True,False,coverage;gap;ends_late,1966-2025,59,Dluhonice,49.4494,17.4097,205.0
0-203-0-41301088002,32,0.5423728813559322,1980.0,2024.0,14,23.0,11.0,25.0,0.24840661785018972,46,False,False,False,True,True,True,False,coverage;gap;starts_early,1966-2025,59,Bojkovice,49.0402,17.81,310.0
0-203-0-41501132001,32,0.5423728813559322,1966.0,2002.0,22,22.0,10.0,26.0,0.23489256284494378,37,False,False,True,False,True,True,False,coverage;gap;ends_late,1966-2025,59,Skřinářov,49.3486,16.1708,565.0
0-203-0-41501153002,32,0.5423728813559322,1992.0,2024.0,26,21.0,11.0,25.0,0.1582156111944523,33,False,False,False,True,True,True,False,coverage;gap;starts_early,1966-2025,59,Brno  Jundrov,49.2019,16.5608,260.0
0-203-0-10103018001,31,0.5254237288135594,1990.0,2024.0,24,20.0,12.0,26.0,0.16535194438386372,35,False,False,False,True,True,True,False,coverage;gap;starts_early,1966-2025,59,Police nad Metují,50.537805,16.237511,446.0
0-203-0-10103041001,31,0.5254237288135594,1990.0,2024.0,24,22.0,11.0,26.0,0.1724639452714232,35,False,False,False,True,True,True,False,coverage;gap;starts_early,1966-2025,59,Náchod,50.395208,16.157201,336.0
0-203-0-10305021001,31,0.5254237288135594,1990.0,2024.0,24,22.0,11.0,26.0,0.2014911187587423,35,False,False,False,True,True,True,False,coverage;gap;starts_early,1966-2025,59,Běstvina  Pařížov,49.829595,15.569633,333.0
0-203-0-10601195001,31,0.5254237288135594,1994.0,2024.0,28,20.0,13.0,24.0,0.13980360570090963,31,False,False,False,True,True,True,False,coverage;gap;starts_early,1966-2025,59,Ktiš  Tisovka,48.9035069,14.1059625,758.0
0-203-0-10801100001,31,0.5254237288135594,1994.0,2024.0,28,21.0,14.0,26.0,0.12049491079723053,31,False,False,False,True,True,True,False,coverage;gap;starts_early,1966-2025,59,Nalžovské Hory,49.3347,13.5486,495.0
0-203-0-10802028001,31,0.5254237288135594,1994.0,2024.0,28,23.0,19.0,26.0,0.0766751795805289,32,False,False,False,True,True,True,False,coverage;gap;starts_early,1966-2025,59,Zálezly,49.1075389,13.8931481,569.0
0-203-0-11001110001,31,0.5254237288135594,1993.0,2024.0,27,21.0,12.0,26.0,0.14263686703386955,31,False,False,False,True,True,True,False,coverage;gap;starts_early,1966-2025,59,Bor,49.710653,12.770725,471.0
0-203-0-11301082001,31,0.5254237288135594,1986.0,2016.0,20,21.0,12.0,25.0,0.1564838005160623,32,False,False,False,False,True,True,False,coverage;gap;starts_early;ends_late,1966-2025,59,Kynžvart  Lazy,50.05,12.62322,845.0
0-203-0-11303071002,31,0.5254237288135594,1966.0,2011.0,13,21.0,10.0,26.0,0.22265186397045397,39,False,False,True,False,True,True,False,coverage;gap;ends_late,1966-2025,59,Kryry,50.1767,13.4272,306.0
0-203-0-11665,31,0.5254237288135594,1966.0,1996.0,28,23.0,15.0,25.0,0.10413104565378198,34,False,False,True,False,True,True,False,coverage;gap;ends_late,1966-2025,59,Lysice,49.4575,16.5367,410.0
0-203-0-11735,31,0.5254237288135594,1966.0,1996.0,28,24.0,17.0,26.0,0.08715982246556171,31,False,False,True,False,True,True,False,coverage;gap;ends_late,1966-2025,59,Praděd,50.0829406,17.2298264,1490.0
0-203-0-20301060301,31,0.5254237288135594,1966.0,2024.0,28,22.0,12.0,25.0,0.14642442073779618,32,False,False,True,True,True,True,False,coverage;gap,1966-2025,59,Paskov,49.7244,18.3031,254.0
0-203-0-41202119001,31,0.5254237288135594,1978.0,2015.0,12,17.0,10.0,25.0,0.24466360808489224,38,False,False,False,False,True,True,False,coverage;gap;starts_early;ends_late,1966-2025,59,Kostelany,49.203333,17.382222,381.0
0-203-0-41302005002,31,0.5254237288135594,1968.0,2024.0,12,21.0,10.0,26.0,0.2860996696992009,52,False,False,True,True,True,True,False,coverage;gap,1966-2025,59,Hluk,48.9863,17.538,225.0
0-203-0-41403002001,31,0.5254237288135594,1968.0,2011.0,13,19.0,12.0,26.0,0.19914820272658654,43,False,False,True,False,True,True,False,coverage;gap;ends_late,1966-2025,59,Nové Syrovice,49.0158,15.7756,432.0
0-203-0-41403039001,31,0.5254237288135594,1980.0,2024.0,14,21.0,10.0,26.0,0.2397869469132369,45,False,False,False,True,True,True,False,coverage;gap;starts_early,1966-2025,59,Džbánice,49.0022497,16.2084664,337.0
0-203-0-41503047001,31,0.5254237288135594,1983.0,2024.0,17,23.0,11.0,26.0,0.2331779102124411,49,False,False,False,True,True,True,False,coverage;gap;starts_early,1966-2025,59,Bučovice  Kloboučky,49.129881,17.014033,238.0
0-203-0-41701099001,31,0.5254237288135594,1975.0,2024.0,9,22.0,11.0,25.0,0.24074504070186456,52,False,False,False,True,True,True,False,coverage;gap;starts_early,1966-2025,59,Dubňany,48.9208,17.1028,200.0
0-203-0-10101067001,30,0.5084745762711864,1990.0,2024.0,24,22.0,12.0,26.0,0.17657218185514792,34,False,False,False,True,True,True,False,coverage;gap;starts_early,1966-2025,59,Bílá Třemešná,50.457596,15.766135,322.0
0-203-0-10803012001,30,0.5084745762711864,1979.0,2008.0,16,22.0,14.0,26.0,0.14702903081789728,31,False,False,False,False,True,True,False,coverage;gap;starts_early;ends_late,1966-2025,59,Mlynářovice,48.9469,13.9014,743.0
0-203-0-11547,30,0.5084745762711864,1994.0,2024.0,28,20.0,10.0,25.0,0.19748591038737753,31,False,False,False,True,True,True,False,coverage;gap;starts_early,1966-2025,59,Černá v Pošumaví,48.7355761,14.1073211,740.0
0-203-0-11622,30,0.5084745762711864,1989.0,2024.0,23,21.0,11.0,25.0,0.2137742164804915,39,False,False,False,True,True,True,False,coverage;gap;starts_early,1966-2025,59,Čáslav  Nové město,49.901695,15.3942797,251.0
0-203-0-11749,30,0.5084745762711864,1970.0,2024.0,7,19.5,10.0,25.0,0.2566711944118707,53,False,False,False,True,True,True,False,coverage;gap;starts_early,1966-2025,59,Ivanovice na Hané,49.3092,17.0894,243.0
0-203-0-20303038001,30,0.5084745762711864,1969.0,2007.0,17,21.5,10.0,26.0,0.2251669998810905,34,False,False,False,False,True,True,False,coverage;gap;starts_early;ends_late,1966-2025,59,Třinec  Dolní Líštná,49.6919,18.6986,380.0
0-203-0-41201009001,30,0.5084745762711864,1980.0,2024.0,14,21.0,12.0,26.0,0.1927865832122834,44,False,False,False,True,True,True,False,coverage;gap;starts_early,1966-2025,59,Náměšť na Hané,49.605,17.065,247.0
0-203-0-41402018001,30,0.5084745762711864,1969.0,2016.0,8,17.0,10.0,26.0,0.30845972899661556,48,False,False,False,False,True,True,False,coverage;gap;starts_early;ends_late,1966-2025,59,Budeč,49.0872,15.5861,491.0
0-203-0-41403043002,30,0.5084745762711864,1980.0,2024.0,14,20.5,12.0,26.0,0.20548485409404244,45,False,False,False,True,True,True,False,coverage;gap;starts_early,1966-2025,59,Božice,48.8344,16.2881,216.0
0-203-0-41701068003,30,0.5084745762711864,1993.0,2024.0,27,22.0,10.0,26.0,0.16771064072530573,32,False,False,False,True,True,True,False,coverage;gap;starts_early,1966-2025,59,Staré Hutě,49.1372,17.2883,427.0
0-203-0-10202065001,29,0.4915254237288136,1990.0,2024.0,24,22.0,10.0,25.0,0.20696901165677772,33,False,False,False,True,True,True,False,coverage;gap;starts_early,1966-2025,59,Choceň,50.009544,16.200903,282.0
0-203-0-10203008001,29,0.4915254237288136,1990.0,2024.0,24,20.0,10.0,25.0,0.19712121103860572,33,False,False,False,True,True,True,False,coverage;gap;starts_early,1966-2025,59,Dobřany,50.322178,16.281744,627.0
0-203-0-10302050001,29,0.4915254237288136,1990.0,2024.0,24,23.0,11.0,26.0,0.16449869318345534,35,False,False,False,True,True,True,False,coverage;gap;starts_early,1966-2025,59,Vysoké Mýto,49.962009,16.167796,278.0
0-203-0-10303020001,29,0.4915254237288136,1990.0,2024.0,24,21.0,11.0,26.0,0.190102184794337,34,False,False,False,True,True,True,False,coverage;gap;starts_early,1966-2025,59,Vysočina  Jančouř,49.755424,15.822131,548.0
0-203-0-10303027001,29,0.4915254237288136,1990.0,2024.0,24,22.0,11.0,26.0,0.16819064955646695,31,False,False,False,True,True,True,False,coverage;gap;starts_early,1966-2025,59,Křižanovice,49.865999,15.774205,432.0
0-203-0-10303061001,29,0.4915254237288136,1978.0,2024.0,12,21.0,10.0,25.0,0.27124773960216997,36,False,False,False,True,True,True,False,coverage;gap;starts_early,1966-2025,59,Skuteč,49.834881,15.996141,457.0
0-203-0-10405023001,29,0.4915254237288136,1990.0,2023.0,24,23.0,11.0,26.0,0.18611931565709527,35,False,False,False,True,True,True,False,coverage;gap;starts_early,1966-2025,59,Libáň,50.370822,15.214447,240.0
0-203-0-10602027001,29,0.4915254237288136,1994.0,2022.0,28,21.0,18.0,25.0,0.09505254622384958,30,False,False,False,True,True,True,False,coverage;gap;starts_early,1966-2025,59,Staré Hutě  Hojná Voda,48.72333333,14.723333,821.0
0-203-0-11203017001,29,0.4915254237288136,1988.0,2024.0,22,22.0,13.0,26.0,0.13596765729011612,33,False,False,False,True,True,True,False,coverage;gap;starts_early,1966-2025,59,Hořín,50.3422,14.465,158.0
0-203-0-11303115501,29,0.4915254237288136,1966.0,2011.0,13,20.0,11.0,25.0,0.25403121363185227,39,False,False,True,False,True,True,False,coverage;gap;ends_late,1966-2025,59,Málkov  Zelená,50.448,13.327,410.0
0-203-0-11611,29,0.4915254237288136,1995.0,2024.0,29,22.0,13.0,26.0,0.1600817277353383,32,False,False,False,True,True,True,False,coverage;gap;starts_early,1966-2025,59,Holenice,50.53026,15.302136,423.0
0-203-0-11650,29,0.4915254237288136,1990.0,2024.0,24,22.0,10.0,26.0,0.20535742844714613,41,False,False,False,True,True,True,False,coverage;gap;starts_early,1966-2025,59,Dobřenice,50.143231,15.638309,275.0
0-203-0-11721,29,0.4915254237288136,1981.0,2024.0,15,21.0,10.0,26.0,0.25551824580662136,45,False,False,False,True,True,True,False,coverage;gap;starts_early,1966-2025,59,Brno  Žabovřesky,49.2165,16.5677,236.0
0-203-0-11756,29,0.4915254237288136,1975.0,2024.0,9,21.0,10.0,26.0,0.25568835970672243,48,False,False,False,True,True,True,False,coverage;gap;starts_early,1966-2025,59,Hodonín,48.854292,17.104872,172.0
0-203-0-20202026001,29,0.4915254237288136,1994.0,2024.0,28,22.0,12.0,26.0,0.16922584955185385,32,False,False,False,True,True,True,False,coverage;gap;starts_early,1966-2025,59,Lomnice,49.8691,17.41431,594.0
0-203-0-41003136001,29,0.4915254237288136,1979.0,2011.0,13,23.0,12.0,26.0,0.16796775328675628,34,False,False,False,False,True,True,False,coverage;gap;starts_early;ends_late,1966-2025,59,Tovačov,49.4319,17.2792,199.0
0-203-0-41701001002,29,0.4915254237288136,1983.0,2024.0,17,21.0,11.0,26.0,0.25623087375686654,41,False,False,False,True,True,True,False,coverage;gap;starts_early,1966-2025,59,Dolní Věstonice,48.8872,16.6414,172.0
0-203-0-10104024001,28,0.4745762711864407,1990.0,2024.0,24,22.0,11.0,26.0,0.1551292910862052,34,False,False,False,True,True,True,False,coverage;gap;starts_early,1966-2025,59,Hořiněves,50.31285,15.76283,275.0
0-203-0-10203034001,28,0.4745762711864407,1990.0,2024.0,24,22.0,11.0,26.0,0.1671487507991675,34,False,False,False,True,True,True,False,coverage;gap;starts_early,1966-2025,59,České Meziříčí,50.282295,16.041312,255.0
0-203-0-10304023001,28,0.4745762711864407,1990.0,2024.0,24,23.0,10.0,26.0,0.17833298539913892,35,False,False,False,True,True,True,False,coverage;gap;starts_early,1966-2025,59,Heřmanův Městec,49.946639,15.673986,275.0
0-203-0-11303005301,28,0.4745762711864407,1966.0,2011.0,13,18.5,11.0,25.0,0.26038523049940226,35,False,False,True,False,True,True,False,coverage;gap;ends_late,1966-2025,59,Vilémov,50.3011,13.3078,300.0
0-203-0-11490,28,0.4745762711864407,1997.0,2024.0,31,21.0,16.0,25.0,0.13461531928236645,28,False,False,False,True,True,True,False,coverage;gap;starts_early,1966-2025,59,Vlkonice,49.3022,13.5897,493.0
0-203-0-11681,28,0.4745762711864407,1966.0,2001.0,23,20.0,10.0,25.0,0.2422832867398817,35,False,False,True,False,True,True,False,coverage;gap;ends_late,1966-2025,59,Litomyšl,49.865,16.3172,351.0
0-203-0-41202003001,28,0.4745762711864407,1975.0,2011.0,13,16.5,10.0,26.0,0.2690440759361879,40,False,False,False,False,True,True,False,coverage;gap;starts_early;ends_late,1966-2025,59,Vyškov  Rychtářov,49.3286,16.915,400.0
0-203-0-41403067001,28,0.4745762711864407,1970.0,2024.0,16,23.0,10.0,26.0,0.2489145695011644,47,False,False,False,True,True,True,False,coverage;gap;starts_early,1966-2025,59,Drnholec,48.8589,16.48,210.0
0-203-0-10102006101,27,0.4576271186440678,1997.0,2024.0,31,23.0,12.0,26.0,0.14281986497340793,28,False,False,False,True,True,True,False,coverage;gap;starts_early,1966-2025,59,Pomezní boudy  Horní Malá Úpa,50.745472,15.82027,1050.0
0-203-0-10202083001,27,0.4576271186440678,1990.0,2024.0,24,23.0,13.0,26.0,0.13582830619552946,34,False,False,False,True,True,True,False,coverage;gap;starts_early,1966-2025,59,Borohrádek,50.105254,16.086691,254.0
0-203-0-10203066201,27,0.4576271186440678,1990.0,2024.0,24,23.0,10.0,26.0,0.19214964851234786,31,False,False,False,True,True,True,False,coverage;gap;starts_early,1966-2025,59,Běleč nad Orlicí,50.186901,15.94687,247.0
0-203-0-10401034001,27,0.4576271186440678,1990.0,2024.0,24,22.0,11.0,26.0,0.16389322708080323,33,False,False,False,True,True,True,False,coverage;gap;starts_early,1966-2025,59,Kutná Hora  Sedlec,49.965934,15.288261,260.0
0-203-0-10404004001,27,0.4576271186440678,1990.0,2024.0,24,24.0,11.0,26.0,0.13642148679864843,34,False,False,False,True,True,True,False,coverage;gap;starts_early,1966-2025,59,Chlumec nad Cidlinou  Lučice,50.1382625,15.4638228,213.0
0-203-0-10404014001,27,0.4576271186440678,1990.0,2024.0,24,23.0,12.0,25.0,0.16829002553541472,32,False,False,False,True,True,True,False,coverage;gap;starts_early,1966-2025,59,Žehuň,50.133757,15.287765,204.0
0-203-0-10602046001,27,0.4576271186440678,1966.0,1992.0,32,23.0,16.0,25.0,0.10519941775170129,28,False,False,True,False,True,True,False,coverage;gap;ends_late,1966-2025,59,Nové Hrady,48.7908,14.7825,542.0
0-203-0-11102145001,27,0.4576271186440678,1966.0,1992.0,32,21.0,14.0,26.0,0.1664207552218023,27,False,False,True,False,True,True,False,coverage;gap;ends_late,1966-2025,59,Broumy,49.9519,13.8575,410.0
0-203-0-11201020002,27,0.4576271186440678,1972.0,1998.0,26,23.0,10.0,26.0,0.15939409612291963,27,False,False,False,False,True,True,False,coverage;gap;starts_early;ends_late,1966-2025,59,Praha  Hostivař,50.0342,14.535,251.0
0-203-0-11410,27,0.4576271186440678,1997.0,2024.0,31,22.0,12.0,26.0,0.1600378027175978,28,False,False,False,True,True,True,False,coverage;gap;starts_early,1966-2025,59,Dyleň,49.968079,12.502849,939.0
0-203-0-11471,27,0.4576271186440678,1980.0,2011.0,14,22.0,11.0,26.0,0.20001107764288156,31,False,False,False,False,True,True,False,coverage;gap;starts_early;ends_late,1966-2025,59,Louny,50.3533,13.8203,230.0
0-203-0-11560,27,0.4576271186440678,1979.0,2011.0,13,21.0,11.0,25.0,0.17273249301842294,35,False,False,False,False,True,True,False,coverage;gap;starts_early;ends_late,1966-2025,59,Praha  Uhříněves,50.0322,14.6036,299.0
0-203-0-11670,27,0.4576271186440678,1990.0,2024.0,24,21.0,10.0,26.0,0.24622895488721888,35,False,False,False,True,True,True,False,coverage;gap;starts_early,1966-2025,59,Žamberk,50.069195,16.45477,405.0
0-203-0-11755,27,0.4576271186440678,1984.0,2024.0,18,22.0,10.0,25.0,0.22115963218413182,44,False,False,False,True,True,True,False,coverage;gap;starts_early,1966-2025,59,Strážnice,48.8992,17.3381,176.0
0-203-0-41001073001,27,0.4576271186440678,1966.0,1995.0,29,23.0,13.0,26.0,0.13501247044950407,30,False,False,True,False,True,True,False,coverage;gap;ends_late,1966-2025,59,Sobotín,50.0,17.0833,425.0
0-203-0-41301123001,27,0.4576271186440678,1990.0,2024.0,24,23.0,10.0,25.0,0.2267505597049997,36,False,False,False,True,True,True,False,coverage;gap;starts_early,1966-2025,59,Nivnice,48.98061,17.64502,241.0
0-203-0-41501070001,27,0.4576271186440678,1991.0,2019.0,25,22.0,11.0,26.0,0.16786617321341776,30,False,False,False,False,True,True,False,coverage;gap;starts_early;ends_late,1966-2025,59,Sejřek,49.4367,16.3103,519.0
0-203-0-41502018001,27,0.4576271186440678,1990.0,2019.0,24,24.0,11.0,26.0,0.14672826637369565,30,False,False,False,False,True,True,False,coverage;gap;starts_early;ends_late,1966-2025,59,Letovice,49.5544,16.5767,334.0
0-203-0-41701115002,27,0.4576271186440678,1995.0,2024.0,29,23.0,11.0,26.0,0.1313514768457584,30,False,False,False,True,True,True,False,coverage;gap;starts_early,1966-2025,59,Hrušky,48.7919,16.9739,174.0
0-203-0-10103056001,26,0.4406779661016949,1996.0,2024.0,30,22.0,10.0,26.0,0.1877552652831357,28,False,False,False,True,True,True,False,coverage;gap;starts_early,1966-2025,59,Česká Skalice  Rozkoš,50.363056,16.061111,290.0
0-203-0-10201037001,26,0.4406779661016949,1968.0,2024.0,29,23.5,13.0,26.0,0.1571016803785594,30,False,False,True,True,True,True,False,coverage;gap,1966-2025,59,Luisino údolí  Deštné v Orlických horách,50.287003,16.38829,875.0
0-203-0-10202024001,26,0.4406779661016949,1990.0,2018.0,24,21.0,10.0,26.0,0.25220617806197576,30,False,False,False,False,True,True,False,coverage;gap;starts_early;ends_late,1966-2025,59,Letohrad,50.03782,16.48707,427.0
0-203-0-10203029301,26,0.4406779661016949,1990.0,2024.0,24,22.0,12.0,26.0,0.15368222551777397,33,False,False,False,True,True,True,False,coverage;gap;starts_early,1966-2025,59,Bílý Újezd  Hroška,50.234904,16.209938,319.0
0-203-0-10303098001,26,0.4406779661016949,1990.0,2024.0,24,23.0,13.0,26.0,0.14592607380746986,32,False,False,False,True,True,True,False,coverage;gap;starts_early,1966-2025,59,Hrochův Týnec,49.962057,15.909774,241.0
0-203-0-10403011001,26,0.4406779661016949,1990.0,2024.0,24,22.0,14.0,26.0,0.1378241058087698,33,False,False,False,True,True,True,False,coverage;gap;starts_early,1966-2025,59,Nechanice - Lubno,50.242972,15.659823,245.0
0-203-0-10405051001,26,0.4406779661016949,1990.0,2024.0,24,24.0,12.0,26.0,0.18072979180765425,33,False,False,False,True,True,True,False,coverage;gap;starts_early,1966-2025,59,Dymokury,50.248346,15.201165,208.0
0-203-0-10803062001,26,0.4406779661016949,1969.0,2001.0,23,21.0,11.0,25.0,0.1815166275631941,37,False,False,False,False,True,True,False,coverage;gap;starts_early;ends_late,1966-2025,59,Bavorov,49.123889,14.089722,416.0
0-203-0-11301106001,26,0.4406779661016949,1987.0,2016.0,21,23.0,13.0,26.0,0.1291647018880016,29,False,False,False,False,True,True,False,coverage;gap;starts_early;ends_late,1966-2025,59,Přebuz,50.37246,12.615467,904.0
0-203-0-11627,26,0.4406779661016949,1966.0,1998.0,26,19.5,10.0,25.0,0.2705126306354906,33,False,False,True,False,True,True,False,coverage;gap;ends_late,1966-2025,59,Čechtice,49.622912,15.04302,497.0
0-203-0-11733,26,0.4406779661016949,1999.0,2024.0,33,21.5,15.0,25.0,0.1262099249640802,27,False,False,False,True,True,True,False,coverage;gap;starts_early,1966-2025,59,Karlova Studánka,50.074053,17.306832,795.0
0-203-0-20202047001,26,0.4406779661016949,1966.0,1992.0,32,22.0,10.0,26.0,0.18317747204096532,28,False,False,True,False,True,True,False,coverage;gap;ends_late,1966-2025,59,Bruntál,49.9833,17.45,530.0
0-203-0-20410022001,26,0.4406779661016949,1999.0,2024.0,33,24.0,16.0,26.0,0.10632228524327203,29,False,False,False,True,True,True,False,coverage;gap;starts_early,1966-2025,59,Višňová,50.96594,15.01814,248.0
0-203-0-40102009001,26,0.4406779661016949,1979.0,2004.0,20,22.0,14.0,26.0,0.1459970451627431,27,False,False,False,False,True,True,False,coverage;gap;starts_early;ends_late,1966-2025,59,Rozvadov,49.6686,12.5522,581.0
0-203-0-41001061001,26,0.4406779661016949,1999.0,2024.0,33,23.0,11.0,25.0,0.1671188993100325,26,False,False,False,True,True,True,False,coverage;gap;starts_early,1966-2025,59,Dlouhé stráně  Kouty nad Desnou,50.0854114,17.1794408,765.0
0-203-0-41604016001,26,0.4406779661016949,1980.0,2024.0,14,24.0,10.0,26.0,0.20427935948297624,45,False,False,False,True,True,True,False,coverage;gap;starts_early,1966-2025,59,Branišovice,48.9661,16.4353,200.0
0-203-0-10501078001,25,0.423728813559322,1993.0,2020.0,27,23.0,12.0,25.0,0.14962614098026567,25,False,False,False,False,True,True,False,coverage;gap;starts_early;ends_late,1966-2025,59,Vysoké nad Jizerou,50.682981,15.408523,695.0
0-203-0-10704085001,25,0.423728813559322,1979.0,2004.0,20,20.0,13.0,24.0,0.12887312837270007,27,False,False,False,False,True,True,False,coverage;gap;starts_early;ends_late,1966-2025,59,Řepeč,49.4042,14.5186,475.0
0-203-0-11103064001,25,0.423728813559322,1996.0,2024.0,30,22.0,12.0,26.0,0.13916956540769432,35,False,False,False,True,True,True,False,coverage;gap;starts_early,1966-2025,59,Beroun,49.9711,14.0642,265.0
0-203-0-11201018001,25,0.423728813559322,1966.0,2007.0,17,21.0,11.0,26.0,0.16709756920175736,30,False,False,True,False,True,True,False,coverage;gap;ends_late,1966-2025,59,Průhonice,50.007829,14.561121,312.0
0-203-0-11202066001,25,0.423728813559322,1966.0,2010.0,19,21.0,10.0,25.0,0.18113242922265402,27,False,False,True,False,True,True,False,coverage;gap;ends_late,1966-2025,59,Zlonice,50.283586,14.086873,231.0
0-203-0-20202048001,25,0.423728813559322,2000.0,2024.0,34,22.0,15.0,26.0,0.12438243202884652,25,False,False,False,True,True,True,False,coverage;gap;starts_early,1966-2025,59,Dlouhá Stráň,49.95759,17.498288,520.0
0-203-0-20202091002,25,0.423728813559322,1966.0,1995.0,29,22.0,11.0,24.0,0.2130674797736847,31,False,False,True,False,True,True,False,coverage;gap;ends_late,1966-2025,59,Litultovice,49.9019,17.7556,310.0
0-203-0-20301057001,25,0.423728813559322,1974.0,2001.0,23,23.0,12.0,26.0,0.15995463807713128,28,False,False,False,False,True,True,False,coverage;gap;starts_early;ends_late,1966-2025,59,Řepiště,49.73,18.3097,290.0
0-203-0-41201054001,25,0.423728813559322,1972.0,2007.0,17,17.0,10.0,26.0,0.2527921919645545,36,False,False,False,False,True,True,False,coverage;gap;starts_early;ends_late,1966-2025,59,Plumlov  Žárovice,49.4583,16.9856,320.0
0-203-0-41201060001,25,0.423728813559322,1995.0,2024.0,29,22.0,10.0,26.0,0.2179177177809395,30,False,False,False,True,True,True,False,coverage;gap;starts_early,1966-2025,59,Kralice na Hané,49.4597,17.1827,210.0
0-203-0-41502073001,25,0.423728813559322,1992.0,2024.0,26,22.0,11.0,26.0,0.19320144409837278,36,False,False,False,True,True,True,False,coverage;gap;starts_early,1966-2025,59,Blansko,49.3597,16.6503,299.0
0-203-0-41503084002,25,0.423728813559322,1981.0,2009.0,15,23.0,11.0,26.0,0.16199339787034897,29,False,False,False,False,True,True,False,coverage;gap;starts_early;ends_late,1966-2025,59,Kobeřice,49.0919,16.8831,288.0
0-203-0-10401002001,24,0.4067796610169492,2000.0,2024.0,34,24.0,10.0,26.0,0.14954474983027374,25,False,False,False,True,True,True,False,coverage;gap;starts_early,1966-2025,59,Konárovice,50.03844,15.284988,209.0
0-203-0-10601064001,24,0.4067796610169492,1994.0,2018.0,28,21.0,11.0,26.0,0.1710673063302135,26,False,False,False,False,True,True,False,coverage;gap;starts_early;ends_late,1966-2025,59,Jelení  Nová Pec,48.8032344,13.8896103,810.0
0-203-0-10802004001,24,0.4067796610169492,1995.0,2018.0,29,22.0,16.0,25.0,0.12566346507358087,25,False,False,False,False,True,True,False,coverage;gap;starts_early;ends_late,1966-2025,59,Kubova Huť,48.986168,13.771537,997.0
0-203-0-11201020003,24,0.4067796610169492,2001.0,2024.0,35,23.0,17.0,26.0,0.0775923052024427,29,False,False,False,True,True,True,False,coverage;gap;starts_early,1966-2025,59,Praha  Chodov,50.0294,14.5,297.0
0-203-0-11496,24,0.4067796610169492,1969.0,1992.0,32,19.0,12.0,25.0,0.2212730405615374,25,False,False,False,False,True,True,False,coverage;gap;starts_early;ends_late,1966-2025,59,Nová Pec,48.7847,13.9589,753.0
0-203-0-11521,24,0.4067796610169492,2001.0,2024.0,35,23.0,19.0,26.0,0.0894025198493411,26,False,False,False,True,True,True,False,coverage;gap;starts_early,1966-2025,59,Dobřichovice,49.9335,14.27585,205.0
0-203-0-11526,24,0.4067796610169492,2001.0,2024.0,35,22.0,18.0,25.0,0.10391485062689235,26,False,False,False,True,True,True,False,coverage;gap;starts_early,1966-2025,59,Nedrahovice  Rudolec,49.631723,14.440088,348.0
0-203-0-11543,24,0.4067796610169492,1975.0,1998.0,26,19.0,13.0,25.0,0.1921902413889447,26,False,False,False,False,True,True,False,coverage;gap;starts_early;ends_late,1966-2025,59,Lhenice,48.9922,14.1494,558.0
0-203-0-11620,24,0.4067796610169492,2001.0,2024.0,35,22.0,13.0,26.0,0.15535443659251513,24,False,False,False,True,True,True,False,coverage;gap;starts_early,1966-2025,59,Seč,49.844725,15.6479,529.0
0-203-0-20202055001,24,0.4067796610169492,1997.0,2024.0,31,22.0,13.0,26.0,0.17780888616714297,28,False,False,False,True,True,True,False,coverage;gap;starts_early,1966-2025,59,Slezská Harta,49.888611,17.575278,516.0
0-203-0-20301036001,24,0.4067796610169492,1966.0,2024.0,22,22.0,11.0,25.0,0.17339585961023307,31,False,False,True,True,True,True,False,coverage;gap,1966-2025,59,Morávka  Lúčka,49.532588,18.55,600.0
0-203-0-41501094001,24,0.4067796610169492,1966.0,1990.0,34,25.0,11.0,26.0,0.14621439732847577,24,False,False,True,False,True,True,False,coverage;gap;ends_late,1966-2025,59,Moravecké Pavlovice,49.4253,16.2567,525.0
0-203-0-41503035001,24,0.4067796610169492,2001.0,2024.0,35,20.5,17.0,25.0,0.11934169149502408,25,False,False,False,True,True,True,False,coverage;gap;starts_early,1966-2025,59,Nemochovice,49.1808,17.1361,283.0
0-203-0-10401028001,23,0.3898305084745763,2002.0,2024.0,36,24.0,13.0,26.0,0.12704319735876543,23,False,False,False,True,True,True,False,coverage;gap;starts_early,1966-2025,59,Bahno,49.866846,15.234033,420.0
0-203-0-10903179001,23,0.3898305084745763,1979.0,2003.0,21,23.0,10.0,25.0,0.1534136655737182,25,False,False,False,False,True,True,False,coverage;gap;starts_early;ends_late,1966-2025,59,Lešany  Nová Ves,49.85,14.5106,295.0
0-203-0-11301096001,23,0.3898305084745763,1979.0,2001.0,23,23.0,16.0,26.0,0.1211096567656835,24,False,False,False,False,True,True,False,coverage;gap;starts_early;ends_late,1966-2025,59,Bublava,50.3711,12.5033,711.0
0-203-0-11623,23,0.3898305084745763,2002.0,2024.0,36,22.0,16.0,26.0,0.14652695411779534,23,False,False,False,True,True,True,False,coverage;gap;starts_early,1966-2025,59,Mokošín,50.016395,15.56668,255.0
0-203-0-11682,23,0.3898305084745763,1981.0,2004.0,20,21.0,11.0,25.0,0.1770130103308713,24,False,False,False,False,True,True,False,coverage;gap;starts_early;ends_late,1966-2025,59,Nekoř,50.0744,16.5619,488.0
0-203-0-11684,23,0.3898305084745763,2002.0,2024.0,36,21.0,11.0,26.0,0.16822167437012095,23,False,False,False,True,True,True,False,coverage;gap;starts_early,1966-2025,59,Gajer  Janov,49.8249969,16.4065347,510.0
0-203-0-11696,23,0.3898305084745763,1993.0,2024.0,27,22.0,10.0,26.0,0.18686934221798732,33,False,False,False,True,True,True,False,coverage;gap;starts_early,1966-2025,59,Dyjákovice,48.769,16.2925,187.0
0-203-0-11729,23,0.3898305084745763,1984.0,2022.0,18,22.0,11.0,26.0,0.1992012960291042,40,False,False,False,True,True,True,False,coverage;gap;starts_early,1966-2025,59,Brod nad Dyjí,48.8733,16.5358,177.0
0-203-0-41003038001,23,0.3898305084745763,1970.0,1992.0,32,23.0,12.0,26.0,0.17556141843703385,25,False,False,False,False,True,True,False,coverage;gap;starts_early;ends_late,1966-2025,59,Stránské,49.8931,17.3028,650.0
0-203-0-41202062001,23,0.3898305084745763,1995.0,2024.0,29,23.0,12.0,26.0,0.17066504100130886,29,False,False,False,True,True,True,False,coverage;gap;starts_early,1966-2025,59,Kojetín,49.3527,17.2944,203.0
0-203-0-41202124001,23,0.3898305084745763,1970.0,2006.0,18,16.0,10.0,25.0,0.2504068694155108,35,False,False,False,False,True,True,False,coverage;gap;starts_early;ends_late,1966-2025,59,Rusava,49.3458,17.6806,360.0
0-203-0-41601088001,23,0.3898305084745763,1968.0,1999.0,25,16.0,10.0,24.0,0.2301018468056735,37,False,False,True,False,True,True,False,coverage;gap;ends_late,1966-2025,59,Heraltice,49.2308,15.7331,556.0
0-20000-0-11609,22,0.3728813559322034,2002.0,2024.0,36,22.0,13.0,26.0,0.14338678560427212,24,False,False,False,True,True,True,False,coverage;gap;starts_early,1966-2025,59,Jičín,50.439511,15.352626,283.0
0-20000-0-11730,22,0.3728813559322034,2003.0,2024.0,37,24.0,17.0,26.0,0.09622998087483417,22,False,False,False,True,True,True,False,coverage;gap;starts_early,1966-2025,59,Šerák,50.1875,17.108333,1328.0
0-203-0-10503015001,22,0.3728813559322034,1966.0,1987.0,37,24.0,18.0,26.0,0.10035043449211895,23,False,False,True,False,True,True,False,coverage;gap;ends_late,1966-2025,59,Sojovice,50.2167,14.75,182.0
0-203-0-10804052001,22,0.3728813559322034,1979.0,2001.0,23,19.0,12.0,26.0,0.18903953246615288,27,False,False,False,False,True,True,False,coverage;gap;starts_early;ends_late,1966-2025,59,Tochovice,49.591667,14.004167,494.0
0-203-0-10805018001,22,0.3728813559322034,1979.0,2001.0,23,19.5,10.0,25.0,0.22560073092368818,24,False,False,False,False,True,True,False,coverage;gap;starts_early;ends_late,1966-2025,59,Krásná Hora nad Vltavou  Krašovice,49.6,14.2781,434.0
0-203-0-11003073001,22,0.3728813559322034,1989.0,2011.0,23,23.0,13.0,26.0,0.16789502335727924,24,False,False,False,False,True,True,False,coverage;gap;starts_early;ends_late,1966-2025,59,Horšice  Újezd,49.5375,13.4047,470.0
0-203-0-11571,22,0.3728813559322034,2003.0,2024.0,37,23.5,10.0,26.0,0.14029487473496702,22,False,False,False,True,True,True,False,coverage;gap;starts_early,1966-2025,59,Jílové u Prahy,49.907837,14.489046,448.0
0-203-0-11600,22,0.3728813559322034,1967.0,1992.0,32,17.5,10.0,24.0,0.23748117061633833,24,False,False,True,False,True,True,False,coverage;gap;ends_late,1966-2025,59,Višňová  Andělka,51.0008,14.9894,298.0
0-203-0-11737,22,0.3728813559322034,1966.0,1991.0,33,22.0,10.0,25.0,0.20998018128304818,26,False,False,True,False,True,True,False,coverage;gap;ends_late,1966-2025,59,Rýmařov,49.931389,17.296111,578.0
0-203-0-41403029001,22,0.3728813559322034,1981.0,2007.0,17,24.0,17.0,26.0,0.12245534021412512,27,False,False,False,False,True,True,False,coverage;gap;starts_early;ends_late,1966-2025,59,Výrovice,48.9297,16.1075,236.0
0-203-0-41501092002,22,0.3728813559322034,2003.0,2024.0,37,24.5,20.0,26.0,0.06611854893560466,22,False,False,False,True,True,True,False,coverage;gap;starts_early,1966-2025,59,Strážek,49.4411,16.198,445.0
0-20000-0-11450,21,0.3559322033898305,2004.0,2024.0,38,24.0,20.0,26.0,0.06525332051916434,21,False,False,False,True,True,True,False,coverage;gap;starts_early,1966-2025,59,Plzeň  Mikulka,49.764722,13.378889,359.8
0-203-0-10402058001,21,0.3559322033898305,1966.0,2005.0,19,17.0,10.0,25.0,0.24689856103329666,29,False,False,True,False,True,True,False,coverage;gap;ends_late,1966-2025,59,Žlunice,50.3022,15.3811,270.0
0-203-0-10704040001,21,0.3559322033898305,1970.0,1992.0,32,22.0,16.0,25.0,0.11470786693528087,24,False,False,False,False,True,True,False,coverage;gap;starts_early;ends_late,1966-2025,59,Soběslav,49.2556,14.7033,421.0
0-203-0-11201021001,21,0.3559322033898305,1979.0,1999.0,25,22.0,12.0,26.0,0.16347942645588467,21,False,False,False,False,True,True,False,coverage;gap;starts_early;ends_late,1966-2025,59,Praha  Smíchov,50.064444,14.394722,274.0
0-203-0-11485,21,0.3559322033898305,2004.0,2024.0,38,20.0,16.0,25.0,0.12844517926436053,21,False,False,False,True,True,True,False,coverage;gap;starts_early,1966-2025,59,Příbram,49.694602,14.022433,555.0
0-203-0-11541,21,0.3559322033898305,1966.0,1993.0,31,20.0,11.0,24.0,0.22453106952809881,28,False,False,True,False,True,True,False,coverage;gap;ends_late,1966-2025,59,České Budějovice  Planá,48.9469,14.4292,420.0
0-203-0-11621,21,0.3559322033898305,1991.0,2024.0,25,21.0,13.0,25.0,0.1563378624450618,25,False,False,False,True,True,True,False,coverage;gap;starts_early,1966-2025,59,Radovesnice II.,50.106526,15.368164,227.0
0-203-0-11641,21,0.3559322033898305,1966.0,1991.0,33,23.0,16.0,26.0,0.14305378044898967,21,False,False,True,False,True,True,False,coverage;gap;ends_late,1966-2025,59,Janské Lázně,50.6333,15.7833,650.0
0-203-0-11655,21,0.3559322033898305,1998.0,2024.0,32,22.0,10.0,26.0,0.2574106348989105,26,False,False,False,True,True,True,False,coverage;gap;starts_early,1966-2025,59,Libice nad Doubravou,49.744164,15.704862,425.0
0-203-0-20301018001,21,0.3559322033898305,1966.0,2024.0,38,21.0,11.0,26.0,0.19756579116573222,22,False,False,True,True,True,True,False,coverage;gap,1966-2025,59,Ostravice,49.525833,18.400556,435.0
0-203-0-20301039001,21,0.3559322033898305,1995.0,2015.0,29,22.0,13.0,25.0,0.13946829657057067,21,False,False,False,False,True,True,False,coverage;gap;starts_early;ends_late,1966-2025,59,Morávka  Uspolka,49.5619,18.5528,532.0
0-203-0-41003096001,21,0.3559322033898305,1967.0,1992.0,32,23.0,10.0,26.0,0.24606274606286913,28,False,False,True,False,True,True,False,coverage;gap;ends_late,1966-2025,59,Moravský Beroun  Sedm Dvorů,49.7736,17.4403,525.0
0-203-0-41101051001,21,0.3559322033898305,1966.0,2000.0,24,17.0,11.0,25.0,0.2590368962561462,24,False,False,True,False,True,True,False,coverage;gap;ends_late,1966-2025,59,Pozděchov,49.2319,17.9583,496.0
0-203-0-41501005001,21,0.3559322033898305,1966.0,2004.0,20,21.0,10.0,25.0,0.2129526805664223,23,False,False,True,False,True,True,False,coverage;gap;ends_late,1966-2025,59,České Milovy,49.6853,16.0886,635.0
0-203-0-42109005001,21,0.3559322033898305,1991.0,2011.0,25,19.0,12.0,24.0,0.15365125508487726,23,False,False,False,False,True,True,False,coverage;gap;starts_early;ends_late,1966-2025,59,Vápenice,48.9472,17.8144,760.0
0-20000-0-11669,20,0.3389830508474576,2004.0,2024.0,38,18.0,12.0,23.0,0.1902082478584309,21,False,False,False,True,True,True,False,coverage;gap;starts_early,1966-2025,59,Polom  Sedloňov,50.350278,16.322222,747.24
0-203-0-10101055001,20,0.3389830508474576,1990.0,2011.0,24,22.5,10.0,26.0,0.26090849226820256,23,False,False,False,False,True,True,False,coverage;gap;starts_early;ends_late,1966-2025,59,Čistá,50.526601,15.584265,445.0
0-203-0-10406042001,20,0.3389830508474576,1966.0,1986.0,38,19.0,10.0,24.0,0.21728609255518763,21,False,False,True,False,True,True,False,coverage;gap;ends_late,1966-2025,59,Oleška  Brník,49.9833,14.9,390.0
0-203-0-10803058001,20,0.3389830508474576,1979.0,2001.0,23,16.0,12.0,25.0,0.21988903275397306,25,False,False,False,False,True,True,False,coverage;gap;starts_early;ends_late,1966-2025,59,Frantoly,48.9823961,14.1003433,726.0
0-203-0-11437,20,0.3389830508474576,1978.0,2004.0,20,21.0,11.0,25.0,0.2273288370692303,25,False,False,False,False,True,True,False,coverage;gap;starts_early;ends_late,1966-2025,59,Blšany,50.2169,13.4664,290.0
0-203-0-11607,20,0.3389830508474576,1966.0,1991.0,33,20.0,11.0,24.0,0.2010399373342182,26,False,False,True,False,True,True,False,coverage;gap;ends_late,1966-2025,59,Vysoké nad Jizerou,50.6822,15.4003,670.0
0-203-0-20407033001,20,0.3389830508474576,1966.0,1985.0,39,23.0,12.0,26.0,0.21212142986690433,20,False,False,True,False,True,True,False,coverage;gap;ends_late,1966-2025,59,Chrastava  Dolní Vítkov,50.8408,14.9617,350.0
0-203-0-41001006001,20,0.3389830508474576,1967.0,1986.0,38,24.0,13.0,26.0,0.14994135120864102,21,False,False,True,False,True,True,False,coverage;gap;ends_late,1966-2025,59,Malá Morava  Podlesí,50.0667,16.85,640.0
0-203-0-41003022001,20,0.3389830508474576,1979.0,2001.0,23,24.5,13.0,26.0,0.17687531500350748,23,False,False,False,False,True,True,False,coverage;gap;starts_early;ends_late,1966-2025,59,Oskava  Bedřichov,49.9297,17.1556,415.0
0-203-0-41202009002,20,0.3389830508474576,1970.0,2014.0,10,16.5,10.0,26.0,0.33414929949101774,42,False,False,False,False,True,True,False,coverage;gap;starts_early;ends_late,1966-2025,59,Vyškov  Dědice,49.295,16.9822,263.0
0-203-0-41502109601,20,0.3389830508474576,2004.0,2024.0,38,22.5,11.0,25.0,0.15862816387973902,27,False,False,False,True,True,True,False,coverage;gap;starts_early,1966-2025,59,Brno  Židenice,49.1983,16.631111,200.0
0-20000-0-11791,19,0.3220338983050847,2006.0,2024.0,40,20.0,15.0,23.0,0.12219199541259301,19,False,False,False,True,True,True,False,coverage;gap;starts_early,1966-2025,59,Hošťálková  Maruška,49.3653,17.8286,664.1
0-203-0-10305030001,19,0.3220338983050847,2006.0,2024.0,40,23.0,11.0,26.0,0.1955684572696452,19,False,False,False,True,True,True,False,coverage;gap;starts_early,1966-2025,59,Licoměřice,49.914705,15.551646,335.0
0-203-0-10601089001,19,0.3220338983050847,1976.0,1996.0,28,19.0,10.0,25.0,0.25663441797583564,22,False,False,False,False,True,True,False,coverage;gap;starts_early;ends_late,1966-2025,59,Květušín  Boletice,48.7833,14.1308,810.0
0-203-0-10703053001,19,0.3220338983050847,1985.0,2007.0,19,20.0,13.0,26.0,0.1547443881678076,23,False,False,False,False,True,True,False,coverage;gap;starts_early;ends_late,1966-2025,59,Lásenice,49.0742,14.9689,452.0
0-203-0-11102140001,19,0.3220338983050847,1966.0,1984.0,40,24.0,21.0,26.0,0.055579908919592545,20,False,False,True,False,True,True,False,coverage;gap;ends_late,1966-2025,59,Ostrovec  Kohoutov,49.912621,13.774443,530.0
0-203-0-11202001001,19,0.3220338983050847,1979.0,1998.0,26,24.0,16.0,26.0,0.0994118377178366,20,False,False,False,False,True,True,False,coverage;gap;starts_early;ends_late,1966-2025,59,Praha  Podbaba,50.1172,14.3942,183.0
0-203-0-11439,19,0.3220338983050847,2005.0,2024.0,39,24.0,13.0,26.0,0.1468037962565549,20,False,False,False,True,True,True,False,coverage;gap;starts_early,1966-2025,59,Strojetice,50.17378,13.47694,372.0
0-203-0-11448,19,0.3220338983050847,1969.0,1996.0,28,20.0,10.0,26.0,0.27473178014275695,29,False,False,False,False,True,True,False,coverage;gap;starts_early;ends_late,1966-2025,59,Plzeň  Dobřany,49.6764,13.2694,360.0
0-203-0-20303071001,19,0.3220338983050847,1966.0,1984.0,40,22.0,15.0,24.0,0.09895347695171121,20,False,False,True,False,True,True,False,coverage;gap;ends_late,1966-2025,59,Orlová  Horní Lutyně,49.8722,18.4431,275.0
0-203-0-20402006001,19,0.3220338983050847,1966.0,1984.0,40,20.0,15.0,26.0,0.17418751809386906,19,False,False,True,False,True,True,False,coverage;gap;ends_late,1966-2025,59,Liptaň,50.2222,17.6,360.0
0-203-0-41002069001,19,0.3220338983050847,1966.0,1984.0,40,24.0,21.0,26.0,0.05952503504917043,20,False,False,True,False,True,True,False,coverage;gap;ends_late,1966-2025,59,Boršov,49.7458,16.6361,375.0
0-203-0-10304070001,18,0.3050847457627119,1990.0,2011.0,24,22.0,11.0,26.0,0.2475355552547787,23,False,False,False,False,True,True,False,coverage;gap;starts_early;ends_late,1966-2025,59,Litošice,49.986104,15.512615,270.0
0-203-0-10602021001,18,0.3050847457627119,1977.0,1997.0,27,19.5,10.0,23.0,0.21031743297168923,21,False,False,False,False,True,True,False,coverage;gap;starts_early;ends_late,1966-2025,59,Kaplice,48.7442,14.4936,536.0
0-203-0-10705014001,18,0.3050847457627119,1994.0,2011.0,28,21.0,17.0,26.0,0.09093227344447796,19,False,False,False,False,True,True,False,coverage;gap;starts_early;ends_late,1966-2025,59,Temešvár,49.3572,14.2633,421.0
0-203-0-10802060001,18,0.3050847457627119,1994.0,2011.0,28,20.0,11.0,26.0,0.1879751950238884,20,False,False,False,False,True,True,False,coverage;gap;starts_early;ends_late,1966-2025,59,Paračov,49.2014,13.9947,483.0
0-203-0-10805103001,18,0.3050847457627119,1993.0,2011.0,27,22.5,11.0,26.0,0.18851464236224227,20,False,False,False,False,True,True,False,coverage;gap;starts_early;ends_late,1966-2025,59,Dobříš,49.7858,14.1783,360.0
0-203-0-11004001002,18,0.3050847457627119,1979.0,1996.0,28,24.0,15.0,26.0,0.1359820733051053,19,False,False,False,False,True,True,False,coverage;gap;starts_early;ends_late,1966-2025,59,Plzeň  Doudlevce,49.7239,13.3944,312.0
0-203-0-41002011001,18,0.3050847457627119,2001.0,2018.0,35,24.0,16.0,26.0,0.09656064880012415,18,False,False,False,False,True,True,False,coverage;gap;starts_early;ends_late,1966-2025,59,Žichlínek,49.8839,16.6397,353.0
0-203-0-41003127002,18,0.3050847457627119,2000.0,2017.0,34,22.5,20.0,26.0,0.07498558108224683,18,False,False,False,False,True,True,False,coverage;gap;starts_early;ends_late,1966-2025,59,Kozlov,49.6017,17.5327,620.0
0-203-0-41503092001,18,0.3050847457627119,1980.0,2005.0,19,18.0,13.0,26.0,0.18219342943034295,22,False,False,False,False,True,True,False,coverage;gap;starts_early;ends_late,1966-2025,59,Chvalčov  Hostýn,49.3761,17.7006,715.0
0-203-0-41701090001,18,0.3050847457627119,2007.0,2024.0,41,24.0,16.0,26.0,0.11610199796048808,18,False,False,False,True,True,True,False,coverage;gap;starts_early,1966-2025,59,Hýsly,49.021389,17.18,217.0
0-203-0-10802015001,17,0.288135593220339,1983.0,2007.0,17,20.0,11.0,24.0,0.16264118493354734,18,False,False,False,False,True,True,False,coverage;gap;starts_early;ends_late,1966-2025,59,Javorník,49.1392,13.6611,988.0
0-203-0-11704,17,0.288135593220339,2003.0,2020.0,37,23.0,15.0,26.0,0.12461643979715763,19,False,False,False,False,True,True,False,coverage;gap;starts_early;ends_late,1966-2025,59,Staré Město pod Sněžníkem  Paprsek,50.209444,16.988889,1001.0
0-203-0-11743,17,0.288135593220339,2008.0,2024.0,42,23.0,12.0,25.0,0.16728942140261902,24,False,False,False,True,True,True,False,coverage;gap;starts_early,1966-2025,59,Plumlov,49.468056,17.012222,297.0
0-203-0-11796,17,0.288135593220339,1988.0,2005.0,22,21.0,13.0,26.0,0.161904232391524,17,False,False,False,False,True,True,False,coverage;gap;starts_early;ends_late,1966-2025,59,Bílý Kříž,49.5025,18.5386,900.0
0-203-0-20402025001,17,0.288135593220339,2008.0,2024.0,42,23.0,16.0,25.0,0.10386540124624347,18,False,False,False,True,True,True,False,coverage;gap;starts_early,1966-2025,59,Zlaté Hory,50.263,17.3926,407.0
0-203-0-41001001002,17,0.288135593220339,1966.0,2013.0,26,19.0,10.0,25.0,0.28920561485329355,24,False,False,True,False,True,True,False,coverage;gap;ends_late,1966-2025,59,Dolní Morava  Velká Morava,50.154444,16.814167,715.0
0-203-0-41502109502,17,0.288135593220339,1969.0,1993.0,31,14.0,10.0,23.0,0.2436625371395614,30,False,False,False,False,False,True,False,coverage;gap;starts_early;ends_late;density,1966-2025,59,Brno  Lesná,49.2203,16.6294,276.0
0-203-0-41601008001,17,0.288135593220339,2008.0,2024.0,42,23.0,20.0,25.0,0.06683804627249358,17,False,False,False,True,True,True,False,coverage;gap;starts_early,1966-2025,59,Batelov  Nová Ves,49.278056,15.355278,643.0
0-203-0-10704035001,16,0.2711864406779661,2009.0,2024.0,43,23.0,20.0,25.0,0.06327059080488141,17,False,False,False,True,True,True,False,coverage;gap;starts_early,1966-2025,59,Tučapy,49.2919,14.8017,454.0
0-203-0-10803089001,16,0.2711864406779661,1985.0,2001.0,23,20.0,14.0,23.0,0.12391494852619783,18,False,False,False,False,True,True,False,coverage;gap;starts_early;ends_late,1966-2025,59,Paseky,49.2497158,14.2682417,482.0
0-203-0-11202086001,16,0.2711864406779661,1987.0,2003.0,21,24.0,11.0,26.0,0.2043606256256876,17,False,False,False,False,True,True,False,coverage;gap;starts_early;ends_late,1966-2025,59,Hospozín,50.3061,14.175,195.0
0-203-0-11203055001,16,0.2711864406779661,1979.0,1995.0,29,21.0,10.0,23.0,0.22023123340904963,18,False,False,False,False,True,True,False,coverage;gap;starts_early;ends_late,1966-2025,59,Liběšice,50.5675,14.2839,240.0
0-203-0-11449,16,0.2711864406779661,1988.0,2011.0,22,21.0,11.0,26.0,0.20553282121458755,22,False,False,False,False,True,True,False,coverage;gap;starts_early;ends_late,1966-2025,59,Plzeň  město,49.7342,13.3761,335.0
0-203-0-11527,16,0.2711864406779661,1966.0,1993.0,31,21.0,11.0,24.0,0.21505773081751223,17,False,False,True,False,True,True,False,coverage;gap;ends_late,1966-2025,59,Solenice,49.6119,14.1803,359.0
0-203-0-11639,16,0.2711864406779661,2003.0,2024.0,37,19.5,12.0,26.0,0.21219056473721787,21,False,False,False,True,True,True,False,coverage;gap;starts_early,1966-2025,59,Lázně Bělohrad,50.427437,15.588567,299.0
0-203-0-20303060001,16,0.2711864406779661,2009.0,2024.0,43,22.5,18.0,26.0,0.10111230054778737,16,False,False,False,True,True,True,False,coverage;gap;starts_early,1966-2025,59,Těrlicko  Hradiště,49.735278,18.531667,356.0
0-203-0-41001074001,16,0.2711864406779661,1996.0,2011.0,30,23.0,15.0,26.0,0.1272713491608326,17,False,False,False,False,True,True,False,coverage;gap;starts_early;ends_late,1966-2025,59,Petrov nad Desnou,50.0164,17.0644,400.0
0-203-0-41002047001,16,0.2711864406779661,1968.0,1984.0,40,17.0,11.0,25.0,0.24407475472931472,20,False,False,True,False,True,True,False,coverage;gap;ends_late,1966-2025,59,Horní Studénky,49.95,16.8167,540.0
0-203-0-41101046001,16,0.2711864406779661,2001.0,2016.0,35,22.5,18.0,25.0,0.08332807288871531,17,False,False,False,False,True,True,False,coverage;gap;starts_early;ends_late,1966-2025,59,Horní Lideč,49.1861,18.0589,453.0
0-203-0-41501112001,16,0.2711864406779661,1969.0,1993.0,31,17.0,11.0,21.0,0.17407765595569782,24,False,False,False,False,True,True,False,coverage;gap;starts_early;ends_late,1966-2025,59,Brumov,49.4589,16.4294,531.0
0-203-0-10501045001,15,0.2542372881355932,1967.0,1981.0,43,16.0,10.0,21.0,0.22160475500482515,17,False,False,True,False,True,True,False,coverage;gap;ends_late,1966-2025,59,Libštát,50.5667,15.4333,430.0
0-203-0-10704040002,15,0.2542372881355932,1994.0,2008.0,28,20.0,14.0,26.0,0.1341847240419154,15,False,False,False,False,True,True,False,coverage;gap;starts_early;ends_late,1966-2025,59,Klenovice,49.2806,14.7011,421.0
0-203-0-11005057001,15,0.2542372881355932,1982.0,1996.0,28,23.0,16.0,26.0,0.1276483138579343,16,False,False,False,False,True,True,False,coverage;gap;starts_early;ends_late,1966-2025,59,Šťáhlavy,49.6767,13.5208,364.0
0-203-0-11103006001,15,0.2542372881355932,1979.0,1993.0,31,23.0,15.0,25.0,0.12212315970639115,15,False,False,False,False,True,True,False,coverage;gap;starts_early;ends_late,1966-2025,59,Petrovice,50.0661,13.6369,396.0
0-203-0-11401004901,15,0.2542372881355932,1989.0,2007.0,23,18.0,10.0,24.0,0.23626378630186456,18,False,False,False,False,True,True,False,coverage;gap;starts_early;ends_late,1966-2025,59,Otvice,50.4811,13.4472,325.0
0-203-0-11444,15,0.2542372881355932,2010.0,2024.0,44,24.0,15.0,26.0,0.1252882180446114,15,False,False,False,True,True,True,False,coverage;gap;starts_early,1966-2025,59,Heřmanov,50.148529,13.57133,407.0
0-203-0-11513,15,0.2542372881355932,1969.0,1991.0,33,22.0,14.0,25.0,0.14014012550413332,25,False,False,False,False,True,True,False,coverage;gap;starts_early;ends_late,1966-2025,59,Kladno   Kročehlavy,50.1333,14.1083,404.0
0-203-0-11533,15,0.2542372881355932,1985.0,1999.0,25,20.0,10.0,25.0,0.17708005107481084,18,False,False,False,False,True,True,False,coverage;gap;starts_early;ends_late,1966-2025,59,Olešná,49.3433,14.3131,452.0
0-203-0-11626,15,0.2542372881355932,1990.0,2009.0,24,19.0,10.0,24.0,0.24569168303828856,21,False,False,False,False,True,True,False,coverage;gap;starts_early;ends_late,1966-2025,59,Hulice,49.721111,15.086667,375.0
0-203-0-11633,15,0.2542372881355932,2008.0,2022.0,42,24.0,14.0,26.0,0.13953521704833224,16,False,False,False,True,True,True,False,coverage;gap;starts_early,1966-2025,59,Luční bouda,50.735318,15.697859,1413.0
0-203-0-20302005001,15,0.2542372881355932,1970.0,1984.0,40,22.0,12.0,24.0,0.13841034200325897,15,False,False,False,False,True,True,False,coverage;gap;starts_early;ends_late,1966-2025,59,Petřvald,49.8306,18.3833,260.0
0-203-0-20401003001,15,0.2542372881355932,1968.0,1982.0,42,24.0,14.0,26.0,0.1278408920191629,15,False,False,True,False,True,True,False,coverage;gap;ends_late,1966-2025,59,Třebom,50.0458,18.0261,225.0
0-203-0-41003016001,15,0.2542372881355932,2010.0,2024.0,44,22.0,16.0,25.0,0.09900372508523582,15,False,False,False,True,True,True,False,coverage;gap;starts_early,1966-2025,59,Medlov  Hlivice,49.782412,17.037966,268.0
0-203-0-41501114002,15,0.2542372881355932,1996.0,2011.0,30,22.0,12.0,25.0,0.21549607526972805,17,False,False,False,False,True,True,False,coverage;gap;starts_early;ends_late,1966-2025,59,Synalov,49.4322,16.4119,526.0
0-203-0-41501115001,15,0.2542372881355932,2010.0,2024.0,44,24.0,19.0,26.0,0.07913856975672795,15,False,False,False,True,True,True,False,coverage;gap;starts_early,1966-2025,59,Tišnov  Hájek,49.3731,16.4725,409.0
0-203-0-41501140001,15,0.2542372881355932,2010.0,2024.0,44,23.0,18.0,25.0,0.08495139067559569,15,False,False,False,True,True,True,False,coverage;gap;starts_early,1966-2025,59,Veverská Bítýška,49.2767,16.4317,246.0
0-203-0-41502069001,15,0.2542372881355932,1969.0,1987.0,37,14.0,10.0,19.0,0.2007896204425623,22,False,False,False,False,False,True,False,coverage;gap;starts_early;ends_late;density,1966-2025,59,Blansko  Dolní Lhota,49.3825,16.6317,280.0
0-203-0-41503084001,15,0.2542372881355932,2010.0,2024.0,44,23.0,18.0,26.0,0.1064745114387902,15,False,False,False,True,True,True,False,coverage;gap;starts_early,1966-2025,59,Milešovice,49.083889,16.853889,242.0
0-203-0-41601049001,15,0.2542372881355932,2010.0,2024.0,44,20.0,16.0,24.0,0.11310287416826453,15,False,False,False,True,True,True,False,coverage;gap;starts_early,1966-2025,59,Jihlava  Hruškové Dvory,49.4064,15.6164,468.0
0-203-0-41601082001,15,0.2542372881355932,2010.0,2024.0,44,23.0,21.0,26.0,0.06939975886566353,15,False,False,False,True,True,True,False,coverage;gap;starts_early,1966-2025,59,Nová Ves,49.2547,15.7869,422.0
0-203-0-10101026001,14,0.23728813559322035,2005.0,2018.0,39,24.0,16.0,26.0,0.13041787014671521,15,False,False,False,False,True,True,False,coverage;gap;starts_early;ends_late,1966-2025,59,Černý Důl,50.648678,15.712563,715.0
0-203-0-10101029002,14,0.23728813559322035,1990.0,2007.0,24,21.0,11.0,26.0,0.2535117574845228,17,False,False,False,False,True,True,False,coverage;gap;starts_early;ends_late,1966-2025,59,Rudník  Javorník,50.5831,15.7681,455.0
0-203-0-10305039001,14,0.23728813559322035,1990.0,2011.0,24,19.5,11.0,26.0,0.2137417919668917,17,False,False,False,False,True,True,False,coverage;gap;starts_early;ends_late,1966-2025,59,Golčův Jeníkov,49.81896,15.47526,375.0
0-203-0-10702037001,14,0.23728813559322035,2011.0,2024.0,45,23.5,15.0,26.0,0.11646890286489633,14,False,False,False,True,True,True,False,coverage;gap;starts_early,1966-2025,59,Lipnice,48.9109033,14.7651161,469.0
0-203-0-10801058001,14,0.23728813559322035,2011.0,2024.0,45,22.0,17.0,25.0,0.10323481634516489,14,False,False,False,True,True,True,False,coverage;gap;starts_early,1966-2025,59,Zámyšl,49.22629,13.374402,800.0
0-203-0-10805039001,14,0.23728813559322035,1979.0,1992.0,32,24.0,16.0,25.0,0.09656833739369367,15,False,False,False,False,True,True,False,coverage;gap;starts_early;ends_late,1966-2025,59,Borotice,49.7333,14.2667,470.0
0-203-0-10805051001,14,0.23728813559322035,1995.0,2011.0,29,21.0,10.0,25.0,0.26331759349816936,18,False,False,False,False,True,True,False,coverage;gap;starts_early;ends_late,1966-2025,59,Vojkov,49.6528,14.5225,463.0
0-203-0-11411,14,0.23728813559322035,1966.0,1979.0,45,21.5,17.0,25.0,0.12339018467494595,15,False,False,True,False,True,True,False,coverage;gap;ends_late,1966-2025,59,Potůčky,50.4147,12.7425,775.0
0-203-0-11467,14,0.23728813559322035,1979.0,1992.0,32,21.0,12.0,25.0,0.1681072005126417,15,False,False,False,False,True,True,False,coverage;gap;starts_early;ends_late,1966-2025,59,Žatec  Velemyšleves,50.3789,13.5775,273.0
0-203-0-11503012001,14,0.23728813559322035,1979.0,1992.0,32,21.5,15.0,25.0,0.12622663305587437,14,False,False,False,False,True,True,False,coverage;gap;starts_early;ends_late,1966-2025,59,Měděnec,50.4225,13.1178,840.0
0-203-0-11619,14,0.23728813559322035,1981.0,2001.0,23,23.0,17.0,24.0,0.08110384941440026,20,False,False,False,False,True,True,False,coverage;gap;starts_early;ends_late,1966-2025,59,Přelouč,50.0439,15.5719,209.0
0-203-0-11638,14,0.23728813559322035,1995.0,2012.0,29,23.0,16.0,26.0,0.1210715524441356,14,False,False,False,False,True,True,False,coverage;gap;starts_early;ends_late,1966-2025,59,Rýchorská bouda,50.6603,15.8497,1001.0
0-203-0-11648,14,0.23728813559322035,1979.0,1992.0,32,23.0,15.0,25.0,0.11289814590622917,15,False,False,False,False,True,True,False,coverage;gap;starts_early;ends_late,1966-2025,59,Pouchov  Hradec Králové,50.2456,15.8433,243.0
0-203-0-20101159201,14,0.23728813559322035,1996.0,2011.0,30,19.5,11.0,25.0,0.21972389768725498,19,False,False,False,False,True,True,False,coverage;gap;starts_early;ends_late,1966-2025,59,Studénka,49.7058,18.0672,233.0
0-203-0-41101042002,14,0.23728813559322035,2011.0,2024.0,45,23.0,18.0,24.0,0.06666666666666667,14,False,False,False,True,True,True,False,coverage;gap;starts_early,1966-2025,59,Valašská Senice,49.240278,18.126944,615.0
0-203-0-41403029002,14,0.23728813559322035,1966.0,1979.0,45,22.0,10.0,26.0,0.24441441581612894,14,False,False,True,False,True,True,False,coverage;gap;ends_late,1966-2025,59,Tvořihráz,48.9211,16.1411,230.0
0-203-0-10202022001,13,0.22033898305084745,1990.0,2011.0,24,22.0,13.0,26.0,0.21212783883102188,19,False,False,False,False,True,True,False,coverage;gap;starts_early;ends_late,1966-2025,59,Dolní Čermná,49.979555,16.566659,394.0
0-203-0-10202037001,13,0.22033898305084745,1990.0,2004.0,24,19.0,11.0,25.0,0.22546248764114477,15,False,False,False,False,True,True,False,coverage;gap;starts_early;ends_late,1966-2025,59,Mikuleč,49.8033,16.4119,513.0
0-203-0-10502036001,13,0.22033898305084745,1966.0,1978.0,46,21.0,18.0,23.0,0.0712894096678872,14,False,False,True,False,True,True,False,coverage;gap;ends_late,1966-2025,59,Hodkovice nad Mohelkou,50.6667,15.0833,388.0
0-203-0-10601144001,13,0.22033898305084745,1998.0,2024.0,32,21.0,13.0,24.0,0.1955467345434973,14,False,False,False,True,True,True,False,coverage;gap;starts_early,1966-2025,59,Rožmitál na Šumavě,48.697778,14.391111,627.0
0-203-0-10805063001,13,0.22033898305084745,1966.0,1978.0,46,24.0,22.0,26.0,0.050109863071431705,14,False,False,True,False,True,True,False,coverage;gap;ends_late,1966-2025,59,Nechvalice  Chválov,49.55,14.45,580.0
0-203-0-10805067001,13,0.22033898305084745,1981.0,1993.0,31,22.0,15.0,25.0,0.13580823815593956,14,False,False,False,False,True,True,False,coverage;gap;starts_early;ends_late,1966-2025,59,Sedlčany,49.6542,14.4269,363.0
0-203-0-10902011001,13,0.22033898305084745,1966.0,1978.0,46,18.0,10.0,24.0,0.25070764046525257,14,False,False,True,False,True,True,False,coverage;gap;ends_late,1966-2025,59,Nový Rychnov  Sázava,49.4,15.3333,702.0
0-203-0-11101034001,13,0.22033898305084745,1966.0,1978.0,46,24.0,19.0,25.0,0.06821197813594645,13,False,False,True,False,True,True,False,coverage;gap;ends_late,1966-2025,59,Osek,49.7792,13.6014,410.0
0-203-0-11104013001,13,0.22033898305084745,1987.0,1999.0,25,24.0,11.0,25.0,0.1966773151954169,13,False,False,False,False,True,True,False,coverage;gap;starts_early;ends_late,1966-2025,59,Jince,49.7819,13.9797,405.0
0-203-0-11302001001,13,0.22033898305084745,1966.0,1978.0,46,22.0,19.0,25.0,0.0811867780214363,14,False,False,True,False,True,True,False,coverage;gap;ends_late,1966-2025,59,Teplá,49.9833,12.8667,670.0
0-203-0-11425,13,0.22033898305084745,1966.0,2007.0,21,18.0,11.0,26.0,0.30023380055085336,23,False,False,True,False,True,True,False,coverage;gap;ends_late,1966-2025,59,Mutěnín,49.5458,12.7467,480.0
0-203-0-11456,13,0.22033898305084745,1975.0,1987.0,37,22.0,10.0,25.0,0.17079299732098005,14,False,False,False,False,True,True,False,coverage;gap;starts_early;ends_late,1966-2025,59,Hrádek,49.2667,13.5,495.0
0-203-0-11484,13,0.22033898305084745,1966.0,1978.0,46,22.0,10.0,25.0,0.1869399261175425,14,False,False,True,False,True,True,False,coverage;gap;ends_late,1966-2025,59,Vševily,49.5667,13.8833,577.0
0-203-0-11503003001,13,0.22033898305084745,1971.0,1991.0,33,22.0,10.0,25.0,0.23341808933466648,26,False,False,False,False,True,True,False,coverage;gap;starts_early;ends_late,1966-2025,59,Moldava,50.72,13.6825,797.0
0-203-0-11618,13,0.22033898305084745,1984.0,1996.0,28,23.0,12.0,25.0,0.208297286385519,14,False,False,False,False,True,True,False,coverage;gap;starts_early;ends_late,1966-2025,59,Poběžovice u Holic,50.0925,16.0064,322.0
0-203-0-11712,13,0.22033898305084745,1966.0,1978.0,46,21.0,13.0,25.0,0.16152564805449277,14,False,False,True,False,True,True,False,coverage;gap;ends_late,1966-2025,59,Bouzov,49.705076,16.892535,380.0
0-203-0-11776,13,0.22033898305084745,2010.0,2024.0,44,18.0,12.0,25.0,0.204820765008909,15,False,False,False,True,True,True,False,coverage;gap;starts_early,1966-2025,59,Velké Karlovice  Benešky,49.397036,18.294392,855.0
0-203-0-20101065001,13,0.22033898305084745,1966.0,1978.0,46,21.0,13.0,26.0,0.19994528561856387,13,False,False,True,False,True,True,False,coverage;gap;ends_late,1966-2025,59,Bernartice nad Odrou,49.6194,17.9444,252.0
0-203-0-20101147001,13,0.22033898305084745,1966.0,1978.0,46,23.0,11.0,25.0,0.20572965740632929,14,False,False,True,False,True,True,False,coverage;gap;ends_late,1966-2025,59,Fryčovice,49.6667,18.2167,273.0
0-203-0-20202025001,13,0.22033898305084745,1966.0,1978.0,46,17.0,10.0,22.0,0.21710384525136203,14,False,False,True,False,True,True,False,coverage;gap;ends_late,1966-2025,59,Břidličná,49.9167,17.375,560.0
0-203-0-20404032001,13,0.22033898305084745,1966.0,1978.0,46,22.0,16.0,24.0,0.11895910780669143,14,False,False,True,False,True,True,False,coverage;gap;ends_late,1966-2025,59,Bernartice  Horní Heřmanice,50.3847,17.1083,255.0
0-203-0-40102003001,13,0.22033898305084745,1966.0,1978.0,46,22.0,11.0,25.0,0.22158138388408086,14,False,False,True,False,True,True,False,coverage;gap;ends_late,1966-2025,59,Hošťka  Žebráky,49.7189,12.5869,600.0
0-203-0-41301067001,13,0.22033898305084745,1980.0,1992.0,32,14.0,10.0,21.0,0.2115541478073909,14,False,False,False,False,False,True,False,coverage;gap;starts_early;ends_late;density,1966-2025,59,Březolupy,49.1192,17.5719,205.0
0-203-0-41401003001,13,0.22033898305084745,1966.0,1978.0,46,23.0,10.0,24.0,0.21621032327287482,14,False,False,True,False,True,True,False,coverage;gap;ends_late,1966-2025,59,Sedlejov,49.2333,15.4833,540.0
0-203-0-41403002002,13,0.22033898305084745,2012.0,2024.0,46,23.0,18.0,25.0,0.07928655412870018,13,False,False,False,True,True,True,False,coverage;gap;starts_early,1966-2025,59,Láz,49.013078,15.786675,432.0
0-203-0-41501147001,13,0.22033898305084745,1980.0,2007.0,17,15.0,11.0,26.0,0.30837658733360673,37,False,False,False,False,True,True,False,coverage;gap;starts_early;ends_late,1966-2025,59,Brno  Kníničky,49.2328,16.52,240.0
0-203-0-41502036002,13,0.22033898305084745,1966.0,1979.0,45,20.0,12.0,25.0,0.18146644189694994,14,False,False,True,False,True,True,False,coverage;gap;ends_late,1966-2025,59,Vanovice,49.5692,16.6653,436.0
0-203-0-41602011001,13,0.22033898305084745,1966.0,1979.0,45,21.0,12.0,24.0,0.15337661458793644,15,False,False,True,False,True,True,False,coverage;gap;ends_late,1966-2025,59,Kněževes,49.4564,16.0019,573.0
0-203-0-41602032001,13,0.22033898305084745,1966.0,1979.0,45,22.0,17.0,24.0,0.10129736928861179,14,False,False,True,False,True,True,False,coverage;gap;ends_late,1966-2025,59,Měřín,49.4,15.8833,485.0
0-203-0-41701010301,13,0.22033898305084745,1971.0,1996.0,28,14.0,10.0,21.0,0.2070930313397571,30,False,False,False,False,False,True,False,coverage;gap;starts_early;ends_late;density,1966-2025,59,Bulhary,48.8303,16.7517,165.0
0-203-0-10203017001,12,0.2033898305084746,1990.0,2007.0,24,22.5,11.0,26.0,0.2311154767753948,17,False,False,False,False,True,True,False,coverage;gap;starts_early;ends_late,1966-2025,59,Dobruška,50.2867,16.1531,283.0
0-203-0-10305028001,12,0.2033898305084746,1990.0,2005.0,24,19.5,14.0,25.0,0.16029011758938197,17,False,False,False,False,True,True,False,coverage;gap;starts_early;ends_late,1966-2025,59,Míčov- Sušice  Zbyslavec,49.9,15.5844,510.0
0-203-0-10406037001,12,0.2033898305084746,2013.0,2024.0,47,22.0,20.0,26.0,0.07550423673568323,12,False,False,False,True,True,True,False,coverage;gap;starts_early,1966-2025,59,Mrzky,50.044659,14.80731,260.0
0-203-0-10704084001,12,0.2033898305084746,2013.0,2024.0,47,23.0,21.0,25.0,0.05587260669577024,12,False,False,False,True,True,True,False,coverage;gap;starts_early,1966-2025,59,Olší,49.4362272,14.5099342,495.0
0-203-0-10804062001,12,0.2033898305084746,2013.0,2024.0,47,23.0,20.0,25.0,0.06920610817534109,13,False,False,False,True,True,True,False,coverage;gap;starts_early,1966-2025,59,Krsice,49.4849553,14.0730208,430.0
0-203-0-11001002001,12,0.2033898305084746,1966.0,1979.0,45,16.0,10.0,19.0,0.18420939136527703,14,False,False,True,False,True,True,False,coverage;gap;ends_late,1966-2025,59,Halže  Branka,49.830833,12.516666,605.0
0-203-0-11001171001,12,0.2033898305084746,1966.0,1978.0,46,17.5,11.0,22.0,0.16947765117449198,14,False,False,True,False,True,True,False,coverage;gap;ends_late,1966-2025,59,Pernarec,49.8394,13.0975,482.0
0-203-0-11002074001,12,0.2033898305084746,1966.0,1978.0,46,19.0,13.0,24.0,0.16268631391329105,14,False,False,True,False,True,True,False,coverage;gap;ends_late,1966-2025,59,Zhoř,49.6611,12.9806,495.0
0-203-0-11203009001,12,0.2033898305084746,2013.0,2024.0,47,24.0,13.0,25.0,0.145580807891348,13,False,False,False,True,True,True,False,coverage;gap;starts_early,1966-2025,59,Vysoká  Bosyně,50.4165833,14.5482556,307.0
0-203-0-11303109001,12,0.2033898305084746,1966.0,1985.0,39,17.0,10.0,23.0,0.24232154951525584,20,False,False,True,False,True,True,False,coverage;gap;ends_late,1966-2025,59,Blatno  Bečov,50.5136,13.3314,595.0
0-203-0-11529,12,0.2033898305084746,2000.0,2011.0,34,21.0,14.0,26.0,0.1410583600411546,13,False,False,False,False,True,True,False,coverage;gap;starts_early;ends_late,1966-2025,59,Klenovice,49.5825,14.2042,422.0
0-203-0-11592,12,0.2033898305084746,1966.0,1977.0,47,22.5,21.0,25.0,0.049369329004648174,13,False,False,True,False,True,True,False,coverage;gap;ends_late,1966-2025,59,Horní Stropnice  Hojná Voda,48.73053,14.72717,785.0
0-203-0-11651,12,0.2033898305084746,2010.0,2024.0,44,21.5,13.0,24.0,0.1622868022395355,15,False,False,False,True,True,True,False,coverage;gap;starts_early,1966-2025,59,Hradec Králové  Svobodné Dvory,50.223004,15.787757,240.0
0-203-0-20101119001,12,0.2033898305084746,1966.0,1978.0,46,13.5,10.0,24.0,0.29423484108663417,14,False,False,True,False,False,True,False,coverage;gap;ends_late;density,1966-2025,59,Těškovice,49.8167,18.0167,430.0
0-203-0-20201029001,12,0.2033898305084746,1966.0,1977.0,47,19.5,11.0,24.0,0.19660356654131755,14,False,False,True,False,True,True,False,coverage;gap;ends_late,1966-2025,59,Nové Heřminovy,50.0167,17.5333,388.0
0-203-0-20301022001,12,0.2033898305084746,2013.0,2024.0,47,23.0,20.0,25.0,0.06773794912798965,12,False,False,False,True,True,True,False,coverage;gap;starts_early,1966-2025,59,Pstruží,49.559167,18.348889,400.0
0-203-0-20301060102,12,0.2033898305084746,2013.0,2024.0,47,22.0,15.0,25.0,0.10878565864408421,12,False,False,False,True,True,True,False,coverage;gap;starts_early,1966-2025,59,Frýdek-Místek  Místek,49.666667,18.315833,312.0
0-203-0-20301061001,12,0.2033898305084746,1966.0,1977.0,47,24.0,20.0,26.0,0.08070487633833479,12,False,False,True,False,True,True,False,coverage;gap;ends_late,1966-2025,59,Ostrava  Vítkovice,49.7986,18.2667,236.0
0-203-0-41001068001,12,0.2033898305084746,1966.0,1978.0,46,25.0,15.0,26.0,0.12238131828861103,14,False,False,True,False,True,True,False,coverage;gap;ends_late,1966-2025,59,Loučná nad Desnou,50.0722,17.0917,485.0
0-203-0-41101109001,12,0.2033898305084746,1966.0,1978.0,46,22.0,11.0,25.0,0.2345207879911715,14,False,False,True,False,True,True,False,coverage;gap;ends_late,1966-2025,59,Hutisko-Solanec,49.4333,18.2208,497.0
0-203-0-41201020201,12,0.2033898305084746,1966.0,1978.0,46,15.5,12.0,21.0,0.1613743060919757,14,False,False,True,False,True,True,False,coverage;gap;ends_late,1966-2025,59,Bystřička,49.4242,18.0208,388.0
0-203-0-41502076001,12,0.2033898305084746,2013.0,2024.0,47,21.0,16.0,22.0,0.10801234497346435,12,False,False,False,True,True,True,False,coverage;gap;starts_early,1966-2025,59,Šošůvka,49.414444,16.746944,533.0
0-203-0-41601060001,12,0.2033898305084746,1984.0,1995.0,29,22.5,15.0,26.0,0.13276080945049842,12,False,False,False,False,True,True,False,coverage;gap;starts_early;ends_late,1966-2025,59,Předín,49.1958,15.6736,614.0
0-203-0-41602079001,12,0.2033898305084746,1966.0,1978.0,46,21.0,10.0,24.0,0.20974762982098633,14,False,False,True,False,True,True,False,coverage;gap;ends_late,1966-2025,59,Kladeruby nad Oslavou,49.1453,16.1708,385.0
0-203-0-41603021001,12,0.2033898305084746,1968.0,1979.0,45,18.0,10.0,25.0,0.21817693726758522,14,False,False,True,False,True,True,False,coverage;gap;ends_late,1966-2025,59,Jaroměřice nad Rokytnou,49.0931,15.8928,416.0
0-20000-0-11747,11,0.1864406779661017,2014.0,2024.0,48,23.0,18.0,26.0,0.10628264204469137,14,False,False,False,True,True,True,False,coverage;gap;starts_early,1966-2025,59,Prostějov,49.4525,17.134722,214.75
0-203-0-10101014001,11,0.1864406779661017,2012.0,2024.0,46,23.0,13.0,26.0,0.18209811152843466,12,False,False,False,True,True,True,False,coverage;gap;starts_early,1966-2025,59,Strážné,50.6634733,15.6136806,791.0
0-203-0-10103032001,11,0.1864406779661017,1990.0,2001.0,24,16.0,10.0,25.0,0.28391232269810573,13,False,False,False,False,True,True,False,coverage;gap;starts_early;ends_late,1966-2025,59,Hronov  Zbečník,50.4839,16.1442,378.0
0-203-0-10103042001,11,0.1864406779661017,2001.0,2011.0,35,21.0,10.0,25.0,0.24649076851626994,11,False,False,False,False,True,True,False,coverage;gap;starts_early;ends_late,1966-2025,59,Olešnice  Čihalka,50.374902,16.352829,740.0
0-203-0-10302040001,11,0.1864406779661017,2013.0,2024.0,47,21.0,12.0,25.0,0.2188925080220435,12,False,False,False,True,True,True,False,coverage;gap;starts_early,1966-2025,59,Hrušová,49.916667,16.19522,291.0
0-203-0-10405053001,11,0.1864406779661017,1990.0,2007.0,24,22.0,13.0,26.0,0.16718660553720632,18,False,False,False,False,True,True,False,coverage;gap;starts_early;ends_late,1966-2025,59,Mcely,50.3033,15.0717,233.0
0-203-0-11002060001,11,0.1864406779661017,2001.0,2011.0,35,21.0,12.0,26.0,0.18045877617328335,12,False,False,False,False,True,True,False,coverage;gap;starts_early;ends_late,1966-2025,59,Stanětice,49.4417,13.0225,484.0
0-203-0-11103053001,11,0.1864406779661017,1966.0,1978.0,46,20.0,14.0,23.0,0.17052590359466308,14,False,False,True,False,True,True,False,coverage;gap;ends_late,1966-2025,59,Sýkořice  Skalka,50.05,13.9833,392.0
0-203-0-11460,11,0.1864406779661017,1980.0,1991.0,33,21.0,14.0,24.0,0.16304626872374745,13,False,False,False,False,True,True,False,coverage;gap;starts_early;ends_late,1966-2025,59,Cínovec,50.7319,13.7672,830.0
0-203-0-11536,11,0.1864406779661017,1977.0,1987.0,37,22.0,13.0,25.0,0.13973352225475538,12,False,False,False,False,True,True,False,coverage;gap;starts_early;ends_late,1966-2025,59,Protivín,49.1983,14.2128,394.0
0-203-0-11642,11,0.1864406779661017,1995.0,2005.0,29,23.0,16.0,26.0,0.11954117322198568,11,False,False,False,False,True,True,False,coverage;gap;starts_early;ends_late,1966-2025,59,Vítkovice  Horní Mísečky,50.735556,15.571111,1040.0
0-203-0-11645,11,0.1864406779661017,1978.0,2024.0,34,19.0,13.0,24.0,0.19655110683014781,13,False,False,False,True,True,True,False,coverage;gap;starts_early,1966-2025,59,Trutnov,50.558597,15.898311,437.0
0-203-0-11760,11,0.1864406779661017,2006.0,2016.0,40,19.0,10.0,26.0,0.250700477696785,11,False,False,False,False,True,True,False,coverage;gap;starts_early;ends_late,1966-2025,59,Krásná  Visalaje,49.5236,18.5333,805.0
0-203-0-41002086001,11,0.1864406779661017,1966.0,1977.0,47,18.0,12.0,25.0,0.2402655679224342,13,False,False,True,False,True,True,False,coverage;gap;ends_late,1966-2025,59,Horní Štěpánov,49.55,16.7917,600.0
0-203-0-41301068001,11,0.1864406779661017,1996.0,2011.0,30,21.0,11.0,24.0,0.25608246970950005,17,False,False,False,False,True,True,False,coverage;gap;starts_early;ends_late,1966-2025,59,Svárov,49.1144,17.6225,290.0
0-203-0-41301103001,11,0.1864406779661017,1980.0,1992.0,32,14.0,10.0,22.0,0.23295923493650483,15,False,False,False,False,False,True,False,coverage;gap;starts_early;ends_late;density,1966-2025,59,Pozlovice,49.1208,17.7753,290.0
0-203-0-41502055001,11,0.1864406779661017,2001.0,2011.0,35,21.0,15.0,24.0,0.11284807307253164,13,False,False,False,False,True,True,False,coverage;gap;starts_early;ends_late,1966-2025,59,Lhota Rapotina,49.46767,16.62363,305.0
0-203-0-42106052001,11,0.1864406779661017,2014.0,2024.0,48,22.0,16.0,25.0,0.13173023094772524,11,False,False,False,True,True,True,False,coverage;gap;starts_early,1966-2025,59,Hrčava,49.51946,18.830278,590.0
0-203-0-10504022002,10,0.1694915254237288,1994.0,2004.0,28,21.5,11.0,24.0,0.179708850782582,12,False,False,False,False,True,True,False,coverage;gap;starts_early;ends_late,1966-2025,59,Veleň  Mírovice,50.165,14.5464,224.0
0-203-0-10601040001,10,0.1694915254237288,2014.0,2023.0,48,20.0,13.0,23.0,0.15894157150443491,10,False,False,False,True,True,True,False,coverage;gap;starts_early,1966-2025,59,Volary,48.901667,13.896111,749.0
0-203-0-11401004902,10,0.1694915254237288,1967.0,1977.0,47,17.5,11.0,25.0,0.20995699498264608,11,False,False,True,False,True,True,False,coverage;gap;ends_late,1966-2025,59,Vrskmaň  Újezd,50.4931,13.4972,307.0
0-203-0-11494,10,0.1694915254237288,2015.0,2024.0,49,21.5,12.0,25.0,0.16174559461626287,10,False,False,False,True,True,True,False,coverage;gap;starts_early,1966-2025,59,Horská Kvilda,49.0533197,13.5652533,1052.0
0-203-0-11573,10,0.1694915254237288,1996.0,2024.0,30,21.5,16.0,22.0,0.11244051438929387,13,False,False,False,True,True,True,False,coverage;gap;starts_early,1966-2025,59,Benešov,49.78862,14.69668,343.0
0-203-0-20301076001,10,0.1694915254237288,2015.0,2024.0,49,23.0,18.0,25.0,0.0889369523992999,10,False,False,False,True,True,True,False,coverage;gap;starts_early,1966-2025,59,Šenov  Lapačka,49.770556,18.380278,258.0
0-203-0-41001039001,10,0.1694915254237288,1987.0,1996.0,28,22.0,13.0,26.0,0.17972350230414746,11,False,False,False,False,True,True,False,coverage;gap;starts_early;ends_late,1966-2025,59,Jindřichov  Rakousko,50.095,16.9833,445.0
0-203-0-41101075001,10,0.1694915254237288,2015.0,2024.0,49,20.5,12.0,25.0,0.18564699386388012,10,False,False,False,True,True,True,False,coverage;gap;starts_early,1966-2025,59,Kateřinice  Ojičná,49.400762,17.873311,585.0
0-203-0-41301107001,10,0.1694915254237288,1966.0,1979.0,45,13.0,10.0,18.0,0.196969696969697,14,False,False,True,False,False,True,False,coverage;gap;ends_late;density,1966-2025,59,Březůvky,49.15,17.7,371.0
0-203-0-41502057001,10,0.1694915254237288,2015.0,2024.0,49,21.0,14.0,23.0,0.11737072707436252,10,False,False,False,True,True,True,False,coverage;gap;starts_early,1966-2025,59,Obora,49.451667,16.603611,425.0
0-203-0-10303025001,9,0.15254237288135594,1990.0,1999.0,25,19.0,11.0,25.0,0.2242283469999576,11,False,False,False,False,True,True,False,coverage;gap;starts_early;ends_late,1966-2025,59,Seč  přehrada,49.8378,15.6542,495.0
0-203-0-10502047001,9,0.15254237288135594,2016.0,2024.0,50,23.0,21.0,26.0,0.08081220356417686,10,False,False,False,True,True,True,False,coverage;gap;starts_early,1966-2025,59,Všelibice,50.648954,14.950609,392.0
0-203-0-10804006001,9,0.15254237288135594,1968.0,1976.0,48,25.0,14.0,26.0,0.16536909861128893,10,False,False,True,False,True,True,False,coverage;gap;ends_late,1966-2025,59,Lnáře  Kocelovice,49.4333,13.7833,458.0
0-203-0-11301011001,9,0.15254237288135594,1984.0,1992.0,32,23.0,20.0,25.0,0.06966569272773866,11,False,False,False,False,True,True,False,coverage;gap;starts_early;ends_late,1966-2025,59,Dolní Hraničná,50.08,12.2847,475.0
0-203-0-11301092001,9,0.15254237288135594,2016.0,2024.0,50,22.0,19.0,26.0,0.08378558794237721,10,False,False,False,True,True,True,False,coverage;gap;starts_early,1966-2025,59,Sokolov,50.176985,12.639266,407.0
0-203-0-11418,9,0.15254237288135594,1988.0,1998.0,26,15.0,11.0,24.0,0.2338817956022448,11,False,False,False,False,True,True,False,coverage;gap;starts_early;ends_late,1966-2025,59,Mariánské Lázně  Skláře,49.9272,12.7183,540.0
0-203-0-11443,9,0.15254237288135594,1996.0,2009.0,30,22.0,11.0,26.0,0.2395523026373348,15,False,False,False,False,True,True,False,coverage;gap;starts_early;ends_late,1966-2025,59,Kněževes,50.144579,13.634577,358.0
0-203-0-11757,9,0.15254237288135594,1983.0,1996.0,28,14.0,10.0,20.0,0.22112439937736403,18,False,False,False,False,False,True,False,coverage;gap;starts_early;ends_late;density,1966-2025,59,Brankovice,49.1533,17.14,268.0
0-203-0-20404003001,9,0.15254237288135594,1970.0,1978.0,46,16.0,14.0,22.0,0.18678292333229557,10,False,False,False,False,True,True,False,coverage;gap;starts_early;ends_late,1966-2025,59,Bílá Voda,50.4333,16.9,360.0
0-203-0-20410027001,9,0.15254237288135594,1998.0,2006.0,32,18.0,14.0,24.0,0.15496111583208697,11,False,False,False,False,True,True,False,coverage;gap;starts_early;ends_late,1966-2025,59,Pertoltice,50.9806,15.0903,310.0
0-203-0-41202011001,9,0.15254237288135594,2015.0,2023.0,49,23.0,21.0,25.0,0.056613203666025035,10,False,False,False,True,True,True,False,coverage;gap;starts_early,1966-2025,59,Lysovice,49.216667,16.968611,275.0
0-203-0-41202117001,9,0.15254237288135594,2016.0,2024.0,50,23.0,20.0,26.0,0.06655975340195187,9,False,False,False,True,True,True,False,coverage;gap;starts_early,1966-2025,59,Újezdsko,49.211944,17.364444,336.0
0-203-0-41401070002,9,0.15254237288135594,2016.0,2024.0,50,24.0,21.0,26.0,0.06377353116652133,9,False,False,False,True,True,True,False,coverage;gap;starts_early,1966-2025,59,Slavonice  Stálkov,49.0292,15.2843,639.0
0-203-0-41502003001,9,0.15254237288135594,1966.0,1974.0,50,20.0,10.0,24.0,0.22739441047045125,10,False,False,True,False,True,True,False,coverage;gap;ends_late,1966-2025,59,Svitavy  Lány,49.7528,16.4742,430.0
0-203-0-10101015001,8,0.13559322033898305,1994.0,2003.0,28,19.5,10.0,24.0,0.2535359870174827,10,False,False,False,False,True,True,False,coverage;gap;starts_early;ends_late,1966-2025,59,Hříběcí boudy,50.6794,15.6281,840.0
0-203-0-10303080002,8,0.13559322033898305,1990.0,2004.0,24,21.5,10.0,24.0,0.2348064788683664,15,False,False,False,False,True,True,False,coverage;gap;starts_early;ends_late,1966-2025,59,Chrast,49.9036,15.9386,292.0
0-203-0-10601159002,8,0.13559322033898305,1997.0,2004.0,31,20.5,15.0,25.0,0.14805067141499406,10,False,False,False,False,True,True,False,coverage;gap;starts_early;ends_late,1966-2025,59,Polná na Šumavě,48.8008,14.1539,770.0
0-203-0-10702054001,8,0.13559322033898305,1987.0,1995.0,29,21.0,12.0,24.0,0.17320508075688773,11,False,False,False,False,True,True,False,coverage;gap;starts_early;ends_late,1966-2025,59,Jelmo  Rudolfov,49.0447,14.5611,505.0
0-203-0-10903095002,8,0.13559322033898305,1993.0,2001.0,27,22.5,13.0,24.0,0.18353712026566368,10,False,False,False,False,True,True,False,coverage;gap;starts_early;ends_late,1966-2025,59,Ostředek  Mžižovice,49.8333,14.8203,445.0
0-203-0-11570,8,0.13559322033898305,1996.0,2007.0,30,22.0,17.0,26.0,0.15236904715398153,13,False,False,False,False,True,True,False,coverage;gap;starts_early;ends_late,1966-2025,59,Český Brod  Liblice,50.070711,14.88443,220.0
0-203-0-20201003002,8,0.13559322033898305,1967.0,1978.0,46,17.0,11.0,25.0,0.27994168488950605,10,False,False,True,False,True,True,False,coverage;gap;ends_late,1966-2025,59,Vrbno pod Pradědem  Mnichov,50.1333,17.3833,550.0
0-203-0-20202052001,8,0.13559322033898305,1971.0,1978.0,46,14.0,10.0,18.0,0.17137094452245208,9,False,False,False,False,False,True,False,coverage;gap;starts_early;ends_late;density,1966-2025,59,Roudno  Volárna,49.8925,17.4861,610.0
0-203-0-41101046002,8,0.13559322033898305,2017.0,2024.0,51,22.0,12.0,24.0,0.1963165295562622,8,False,False,False,True,True,True,False,coverage;gap;starts_early,1966-2025,59,Lidečko,49.20948,18.052524,450.0
0-203-0-41403014001,8,0.13559322033898305,2010.0,2017.0,44,22.5,20.0,24.0,0.05733837042424982,8,False,False,False,False,True,True,False,coverage;gap;starts_early;ends_late,1966-2025,59,Střelice,48.9934,15.9828,325.0
0-203-0-41502007001,8,0.13559322033898305,1966.0,1975.0,49,15.0,12.0,21.0,0.19183326093250877,11,False,False,True,False,True,True,False,coverage;gap;ends_late,1966-2025,59,Banín,49.6589,16.4861,396.0
0-203-0-10101015002,7,0.11864406779661017,2004.0,2010.0,38,22.0,14.0,25.0,0.20102937258514067,9,False,False,False,False,True,True,False,coverage;gap;starts_early;ends_late,1966-2025,59,Frantova bouda  Strážné,50.6761,15.6308,780.0
0-203-0-10503012001,7,0.11864406779661017,2018.0,2024.0,52,23.0,21.0,26.0,0.07092052650046948,7,False,False,False,True,True,True,False,coverage;gap;starts_early,1966-2025,59,Chotětov,50.337419,14.810102,260.0
0-203-0-10601195002,7,0.11864406779661017,2004.0,2010.0,38,21.0,11.0,25.0,0.21044234925667418,8,False,False,False,False,True,True,False,coverage;gap;starts_early;ends_late,1966-2025,59,Markov,48.9031,14.0622,951.0
0-203-0-10803079601,7,0.11864406779661017,1973.0,1979.0,45,18.0,11.0,22.0,0.18870269562657932,10,False,False,False,False,True,True,False,coverage;gap;starts_early;ends_late,1966-2025,59,Dříteň,49.1456,14.35,420.0
0-203-0-11201020001,7,0.11864406779661017,2018.0,2024.0,52,24.0,17.0,26.0,0.11601400969780763,7,False,False,False,True,True,True,False,coverage;gap;starts_early,1966-2025,59,Praha  Vinohrady - Flora,50.07584,14.46186,280.0
0-203-0-11537,7,0.11864406779661017,1970.0,1976.0,48,22.0,15.0,25.0,0.13985902041021772,8,False,False,False,False,True,True,False,coverage;gap;starts_early;ends_late,1966-2025,59,Vodňany,49.15,14.1667,395.0
0-203-0-11616,7,0.11864406779661017,1992.0,1999.0,26,15.0,11.0,22.0,0.19750509984000394,10,False,False,False,False,True,True,False,coverage;gap;starts_early;ends_late,1966-2025,59,Krásné,49.8219,15.7383,613.0
0-203-0-11646,7,0.11864406779661017,1966.0,1978.0,46,14.0,10.0,23.0,0.2778817427983643,14,False,False,True,False,False,True,False,coverage;gap;ends_late;density,1966-2025,59,Dvůr Králové nad Labem,50.4167,15.9333,340.0
0-203-0-11702,7,0.11864406779661017,1968.0,1978.0,46,16.0,10.0,18.0,0.1781741612749496,14,False,False,True,False,True,True,False,coverage;gap;ends_late,1966-2025,59,Jablonné nad Orlicí,50.0333,16.6,449.0
0-203-0-11715,7,0.11864406779661017,1969.0,1986.0,38,16.0,10.0,18.0,0.20044165000255756,16,False,False,False,False,True,True,False,coverage;gap;starts_early;ends_late,1966-2025,59,Boskovice,49.5,16.6656,400.0
0-203-0-20101107001,7,0.11864406779661017,1966.0,1978.0,46,20.0,18.0,25.0,0.10085458113185984,9,False,False,True,False,True,True,False,coverage;gap;ends_late,1966-2025,59,Bartošovice,49.6694,18.0556,260.0
0-203-0-20404057001,7,0.11864406779661017,2017.0,2023.0,51,23.0,13.0,25.0,0.23750586700306983,7,False,False,False,True,True,True,False,coverage;gap;starts_early,1966-2025,59,Velká Kraš,50.370798,17.179638,235.0
0-203-0-41502088001,7,0.11864406779661017,2005.0,2011.0,39,22.0,16.0,26.0,0.1392632402134805,8,False,False,False,False,True,True,False,coverage;gap;starts_early;ends_late,1966-2025,59,Holštejn,49.4,16.7833,455.0
0-203-0-41601037101,7,0.11864406779661017,1995.0,2014.0,29,19.0,12.0,24.0,0.20726451669703816,9,False,False,False,False,True,True,False,coverage;gap;starts_early;ends_late,1966-2025,59,Otín,49.2675,15.569167,624.0
0-203-0-41701046001,7,0.11864406779661017,1980.0,1993.0,31,13.0,10.0,21.0,0.24828030059365558,23,False,False,False,False,False,True,False,coverage;gap;starts_early;ends_late;density,1966-2025,59,Břeclav,48.7608,16.8772,158.0
0-203-0-10501021001,6,0.1016949152542373,2019.0,2024.0,53,19.5,10.0,22.0,0.23661661497518063,6,False,False,False,True,True,True,False,coverage;gap;starts_early,1966-2025,59,Dvoračky,50.748172,15.514525,1115.0
0-203-0-11203061001,6,0.1016949152542373,1987.0,1992.0,32,24.0,21.0,25.0,0.06839468624817699,8,False,False,False,False,True,True,False,coverage;gap;starts_early;ends_late,1966-2025,59,Snědovice  Velký Hubenov,50.5278,14.4025,230.0
0-203-0-11203066001,6,0.1016949152542373,1987.0,1992.0,32,22.5,16.0,24.0,0.12597277731716483,7,False,False,False,False,True,True,False,coverage;gap;starts_early;ends_late,1966-2025,59,Chcebuz,50.4819,14.4314,305.0
0-203-0-11463,6,0.1016949152542373,1968.0,1979.0,45,14.5,10.0,24.0,0.3626436496985252,11,False,False,True,False,False,True,False,coverage;gap;ends_late;density,1966-2025,59,Dubí,50.6875,13.7881,410.0
0-203-0-11523,6,0.1016949152542373,1967.0,1979.0,45,12.0,11.0,20.0,0.23690177073967142,14,False,False,True,False,False,True,False,coverage;gap;ends_late;density,1966-2025,59,Hostomice,49.8264,14.0433,345.0
0-203-0-11673,6,0.1016949152542373,1966.0,1975.0,49,12.5,11.0,18.0,0.18311354944981667,11,False,False,True,False,False,True,False,coverage;gap;ends_late;density,1966-2025,59,Červený Kostelec,50.4667,16.0833,410.0
0-203-0-11706,6,0.1016949152542373,1973.0,1978.0,46,21.5,16.0,25.0,0.13746434980705377,7,False,False,False,False,True,True,False,coverage;gap;starts_early;ends_late,1966-2025,59,Zábřeh,49.8833,16.8833,283.0
0-203-0-20202088001,6,0.1016949152542373,1970.0,1975.0,49,23.0,12.0,25.0,0.2022943930341068,7,False,False,False,False,True,True,False,coverage;gap;starts_early;ends_late,1966-2025,59,Mladecko,49.9,17.7083,345.0
0-203-0-41101111001,6,0.1016949152542373,2019.0,2024.0,53,22.0,17.0,24.0,0.10313282709806257,6,False,False,False,True,True,True,False,coverage;gap;starts_early,1966-2025,59,Rožnov pod Radhoštěm,49.462778,18.112788,362.0
0-203-0-10102051101,5,0.0847457627118644,1990.0,1995.0,29,15.0,11.0,25.0,0.3136585238826295,6,False,False,False,False,True,True,False,coverage;gap;starts_early;ends_late,1966-2025,59,Česká Skalice  Ratibořice,50.4165464,16.0529453,290.0
0-203-0-10304076001,5,0.0847457627118644,1990.0,1996.0,28,15.0,13.0,22.0,0.2200974933396436,7,False,False,False,False,True,True,False,coverage;gap;starts_early;ends_late,1966-2025,59,Labské Chrčice,50.0478,15.4122,202.0
0-203-0-10403016001,5,0.0847457627118644,1990.0,1996.0,28,17.0,12.0,26.0,0.3035179280358959,7,False,False,False,False,True,True,False,coverage;gap;starts_early;ends_late,1966-2025,59,Bříšťany,50.3128,15.6128,265.0
0-203-0-10902081001,5,0.0847457627118644,1982.0,1986.0,38,17.0,12.0,24.0,0.21729302927880578,6,False,False,False,False,True,True,False,coverage;gap;starts_early;ends_late,1966-2025,59,Křešín  Kramolín,49.569957,15.06372,550.0
0-203-0-10903065001,5,0.0847457627118644,2019.0,2023.0,53,13.0,11.0,22.0,0.2699794230842211,6,False,False,False,True,False,True,False,coverage;gap;starts_early;density,1966-2025,59,Vlašim,49.691749,14.894545,415.0
0-203-0-10903094001,5,0.0847457627118644,2020.0,2024.0,54,23.0,18.0,24.0,0.09534625892455924,5,False,False,False,True,True,True,False,coverage;gap;starts_early,1966-2025,59,Teplýšovice,49.8067,14.8038,463.0
0-203-0-11303019001,5,0.0847457627118644,1986.0,1990.0,34,23.0,13.0,24.0,0.19737114095273717,5,False,False,False,False,True,True,False,coverage;gap;starts_early;ends_late,1966-2025,59,Veliká Ves  Vitčice,50.2861,13.3417,315.0
0-203-0-11401079001,5,0.0847457627118644,1973.0,1977.0,47,16.0,13.0,18.0,0.11889254481404748,5,False,False,False,False,True,True,False,coverage;gap;starts_early;ends_late,1966-2025,59,Bořislav,50.575833,13.929444,380.0
0-203-0-11409,5,0.0847457627118644,2003.0,2007.0,37,22.0,13.0,24.0,0.18825941193849818,5,False,False,False,False,True,True,False,coverage;gap;starts_early;ends_late,1966-2025,59,Kynžvart,50.0069,12.6347,710.0
0-203-0-11469,5,0.0847457627118644,1966.0,1972.0,52,18.0,11.0,21.0,0.2450547313738174,6,False,False,True,False,True,True,False,coverage;gap;ends_late,1966-2025,59,Hříškov,50.2714,13.8619,428.0
0-203-0-11601,5,0.0847457627118644,1988.0,1992.0,32,21.0,16.0,24.0,0.13370766369593978,7,False,False,False,False,True,True,False,coverage;gap;starts_early;ends_late,1966-2025,59,Frýdlant,50.91785,15.09015,337.0
0-203-0-11631,5,0.0847457627118644,1995.0,2000.0,29,13.0,10.0,15.0,0.1781741612749496,8,False,False,False,False,False,True,False,coverage;gap;starts_early;ends_late;density,1966-2025,59,Kožlí,49.6797,15.2447,454.0
0-203-0-41302035002,5,0.0847457627118644,1969.0,1975.0,49,22.0,16.0,24.0,0.179708850782582,10,False,False,False,False,True,True,False,coverage;gap;starts_early;ends_late,1966-2025,59,Nová Lhota  Vápenky,48.8614,17.5947,500.0
0-203-0-41402075001,5,0.0847457627118644,1980.0,1986.0,38,16.0,10.0,22.0,0.25843829535236884,14,False,False,False,False,True,True,False,coverage;gap;starts_early;ends_late,1966-2025,59,Hevlín,48.7506,16.3719,180.0
0-203-0-41601086002,5,0.0847457627118644,2004.0,2008.0,38,23.0,18.0,26.0,0.12176947943737372,7,False,False,False,False,True,True,False,coverage;gap;starts_early;ends_late,1966-2025,59,Přibyslavice,49.25,15.7667,480.0
0-203-0-10101004001,4,0.06779661016949153,1990.0,1993.0,31,20.5,16.0,26.0,0.17166032347921695,5,False,False,False,False,True,True,False,coverage;gap;starts_early;ends_late,1966-2025,59,Svatý Petr  Špindlerův Mlýn,50.7247,15.6278,870.0
0-203-0-10103004001,4,0.06779661016949153,2018.0,2024.0,52,20.5,17.0,26.0,0.16148404721726828,6,False,False,False,True,True,True,False,coverage;gap;starts_early,1966-2025,59,Teplice nad Metují Zdoňov,50.641075,16.147362,531.0
0-203-0-10601214001,4,0.06779661016949153,2017.0,2020.0,51,22.5,22.0,24.0,0.03644642626764175,4,False,False,False,False,True,True,False,coverage;gap;starts_early;ends_late,1966-2025,59,Boršov nad Vltavou,48.926667,14.439722,404.0
0-203-0-10903100001,4,0.06779661016949153,2021.0,2024.0,55,22.5,16.0,24.0,0.15384349212496495,4,False,False,False,True,True,True,False,coverage;gap;starts_early,1966-2025,59,Čekanov  Úžice,49.88332,14.95468,413.0
0-203-0-11303014001,4,0.06779661016949153,1984.0,1987.0,37,21.0,20.0,25.0,0.09408451461922357,5,False,False,False,False,True,True,False,coverage;gap;starts_early;ends_late,1966-2025,59,Krásný Dvůr,50.2525,13.3722,330.0
0-203-0-11401021001,4,0.06779661016949153,1980.0,1983.0,41,19.0,15.0,21.0,0.11780807955515335,6,False,False,False,False,True,True,False,coverage;gap;starts_early;ends_late,1966-2025,59,Litvínov,50.600686,13.611111,345.0
0-203-0-11403,4,0.06779661016949153,1966.0,1970.0,54,15.5,12.0,17.0,0.12472191289246472,5,False,False,True,False,True,True,False,coverage;gap;ends_late,1966-2025,59,Královské Poříčí,50.1972,12.6361,416.0
0-203-0-11540,4,0.06779661016949153,1988.0,1991.0,33,22.5,18.0,25.0,0.11588680712710873,5,False,False,False,False,True,True,False,coverage;gap;starts_early;ends_late,1966-2025,59,Hosín,49.0422,14.4944,488.0
0-203-0-11613,4,0.06779661016949153,1966.0,1978.0,46,14.0,13.0,19.0,0.1632993161855452,10,False,False,True,False,False,True,False,coverage;gap;ends_late;density,1966-2025,59,Městec Králové,50.2,15.3,211.0
0-203-0-11677,4,0.06779661016949153,1967.0,1978.0,46,12.5,11.0,17.0,0.17189497319140187,12,False,False,True,False,False,True,False,coverage;gap;ends_late;density,1966-2025,59,Doudleby nad Orlicí,50.1167,16.2667,310.0
0-203-0-20204003203,4,0.06779661016949153,1966.0,1969.0,55,18.0,11.0,21.0,0.23158846688270032,4,False,False,True,False,True,True,False,coverage;gap;ends_late,1966-2025,59,Ostrava  Nová Ves,49.8181,18.2222,214.0
0-203-0-41301120001,4,0.06779661016949153,1969.0,1978.0,46,12.0,12.0,17.0,0.16340101958196956,13,False,False,False,False,False,True,False,coverage;gap;starts_early;ends_late;density,1966-2025,59,Korytná,48.9375,17.6619,325.0
0-203-0-41302035001,4,0.06779661016949153,1976.0,1979.0,45,22.0,20.0,23.0,0.050102286707364066,4,False,False,False,False,True,True,False,coverage;gap;starts_early;ends_late,1966-2025,59,Nová Lhota  ?,48.8736,17.6133,420.0
0-203-0-10301024001,3,0.05084745762711865,1990.0,1992.0,32,21.0,16.0,24.0,0.1622868022395355,6,False,False,False,False,True,True,False,coverage;gap;starts_early;ends_late,1966-2025,59,Holice,50.0717,15.995,248.0
0-203-0-10301028001,3,0.05084745762711865,1990.0,1992.0,32,19.0,15.0,21.0,0.1360602686099615,5,False,False,False,False,True,True,False,coverage;gap;starts_early;ends_late,1966-2025,59,Býšť,50.1294,15.9128,244.0
0-203-0-10302074001,3,0.05084745762711865,1990.0,1992.0,32,24.0,16.0,25.0,0.18589301497837804,6,False,False,False,False,True,True,False,coverage;gap;starts_early;ends_late,1966-2025,59,Dašice,50.035,15.9092,226.0
0-203-0-10305012001,3,0.05084745762711865,1966.0,1969.0,55,13.0,11.0,18.0,0.2102800206268535,7,False,False,True,False,False,True,False,coverage;gap;ends_late;density,1966-2025,59,Chotěboř,49.7167,15.6667,519.0
0-203-0-11203016001,3,0.05084745762711865,1999.0,2001.0,33,16.0,16.0,19.0,0.0831890330807703,5,False,False,False,False,True,True,False,coverage;gap;starts_early;ends_late,1966-2025,59,Mělník,50.3558,14.4739,184.0
0-203-0-11434,3,0.05084745762711865,1967.0,1975.0,49,12.0,11.0,12.0,0.04040610178208843,10,False,False,True,False,False,True,False,coverage;gap;ends_late;density,1966-2025,59,Jirkov  Újezd,50.5,13.4667,275.0
0-203-0-11544,3,0.05084745762711865,1999.0,2001.0,33,16.0,14.0,16.0,0.061487546190134565,3,False,False,False,False,True,True,False,coverage;gap;starts_early;ends_late,1966-2025,59,Smědeč,48.9367,14.155,685.0
0-203-0-11661,3,0.05084745762711865,1966.0,1968.0,56,15.0,13.0,15.0,0.06577737499409744,4,False,False,True,False,True,True,False,coverage;gap;ends_late,1966-2025,59,Jihlava,49.3881,15.5408,560.0
0-203-0-20202048002,3,0.05084745762711865,1994.0,1999.0,28,18.0,11.0,20.0,0.23624156944469848,6,False,False,False,False,True,True,False,coverage;gap;starts_early;ends_late,1966-2025,59,Mezina,49.9625,17.4861,530.0
0-203-0-40202012001,3,0.05084745762711865,1969.0,1978.0,46,15.0,15.0,18.0,0.08838834764831845,11,False,False,False,False,True,True,False,coverage;gap;starts_early;ends_late,1966-2025,59,Tlumačov  Filipova Hora,49.3772,12.9258,584.0
0-203-0-41201035001,3,0.05084745762711865,1969.0,1971.0,53,23.0,15.0,25.0,0.2057377999494559,6,False,False,False,False,True,True,False,coverage;gap;starts_early;ends_late,1966-2025,59,Ptení,49.5117,16.9583,321.0
0-203-0-41301043002,3,0.05084745762711865,1975.0,1979.0,45,22.0,15.0,22.0,0.16778804977307907,11,False,False,False,False,True,True,False,coverage;gap;starts_early;ends_late,1966-2025,59,Zlín  Malenovice,49.209722,17.580556,193.0
0-203-0-41501156201,3,0.05084745762711865,1978.0,1983.0,41,11.0,10.0,13.0,0.1100487466698218,7,False,False,False,False,False,True,False,coverage;gap;starts_early;ends_late;density,1966-2025,59,Brno  Veveří,49.2003,16.5844,284.0
0-203-0-10601216001,2,0.03389830508474576,2021.0,2022.0,55,22.5,22.0,23.0,0.022222222222222223,2,False,False,False,True,True,True,False,coverage;gap;starts_early,1966-2025,59,Šindlovy Dvory  Litvínovice,48.964832,14.426389,416.0
0-203-0-10602076001,2,0.03389830508474576,2023.0,2024.0,57,24.0,22.0,26.0,0.08333333333333333,2,False,False,False,True,True,True,False,coverage;gap;starts_early,1966-2025,59,Kamenný Újezd,48.8962475,14.4526111,507.0
0-203-0-11435,2,0.03389830508474576,1969.0,1970.0,54,16.0,12.0,20.0,0.25,4,False,False,False,False,True,True,False,coverage;gap;starts_early;ends_late,1966-2025,59,Kadaň,50.3833,13.2667,330.0
0-203-0-11555,2,0.03389830508474576,1966.0,1967.0,57,15.0,14.0,16.0,0.06666666666666667,2,False,False,True,False,True,True,False,coverage;gap;ends_late,1966-2025,59,Hradčany,50.6183,14.7194,284.0
0-203-0-20301003001,2,0.03389830508474576,2017.0,2018.0,51,19.5,19.0,20.0,0.02564102564102564,2,False,False,False,False,True,True,False,coverage;gap;starts_early;ends_late,1966-2025,59,Bílá  Mezivodí,49.4256,18.4088,615.0
0-203-0-20404044001,2,0.03389830508474576,1966.0,1967.0,57,18.0,18.0,18.0,0.0,3,False,False,True,False,True,True,False,coverage;gap;ends_late,1966-2025,59,Skorošice  Nýznerov,50.2986,17.0819,396.0
0-203-0-41201012001,2,0.03389830508474576,1966.0,1967.0,57,23.0,22.0,24.0,0.043478260869565216,2,False,False,True,False,True,True,False,coverage;gap;ends_late,1966-2025,59,Olomouc  Neředín,49.5944,17.2167,262.5
0-203-0-41301057001,2,0.03389830508474576,2023.0,2024.0,57,22.0,19.0,25.0,0.13636363636363635,2,False,False,False,True,True,True,False,coverage;gap;starts_early,1966-2025,59,Halenkovice,49.1929933,17.4540381,352.0
0-203-0-41403001001,2,0.03389830508474576,1970.0,1971.0,53,14.5,14.0,15.0,0.034482758620689655,3,False,False,False,False,False,True,False,coverage;gap;starts_early;ends_late;density,1966-2025,59,Častohostice,49.0169,15.82,430.0
0-203-0-41501114003,2,0.03389830508474576,1994.0,1995.0,29,18.0,16.0,20.0,0.1111111111111111,2,False,False,False,False,True,True,False,coverage;gap;starts_early;ends_late,1966-2025,59,Osiky,49.455,16.4214,555.0
0-203-0-41501153001,2,0.03389830508474576,1969.0,1971.0,53,12.0,11.0,13.0,0.08333333333333333,9,False,False,False,False,False,True,False,coverage;gap;starts_early;ends_late;density,1966-2025,59,Brno  Pisárky,49.1958,16.5678,203.0
0-203-0-10704001001,1,0.01694915254237288,2024.0,2024.0,58,16.0,16.0,16.0,0.0,1,False,False,False,True,True,True,False,coverage;gap;starts_early,1966-2025,59,Veselí nad Lužnicí,49.1855297,14.7095372,409.0
0-203-0-10804036001,1,0.01694915254237288,1979.0,1979.0,45,13.0,13.0,13.0,0.0,2,False,False,False,False,False,True,False,coverage;gap;starts_early;ends_late;density,1966-2025,59,Rožmitál pod Třemšínem  Zalány,49.65,13.85,650.0
0-203-0-11431,1,0.01694915254237288,1968.0,1968.0,56,12.0,12.0,12.0,0.0,1,False,False,True,False,False,True,False,coverage;gap;ends_late;density,1966-2025,59,Hora Svatého Šebestiána,50.5117,13.2525,841.0
0-203-0-11647,1,0.01694915254237288,1978.0,1978.0,46,13.0,13.0,13.0,0.0,6,False,False,False,False,False,True,False,coverage;gap;starts_early;ends_late;density,1966-2025,59,Jaroměř,50.35,15.9167,263.0
0-203-0-11672,1,0.01694915254237288,1978.0,1978.0,46,18.0,18.0,18.0,0.0,2,False,False,False,False,True,True,False,coverage;gap;starts_early;ends_late,1966-2025,59,Špindlerův Mlýn  přehrada Labská,50.7167,15.583333,790.0
0-203-0-11714,1,0.01694915254237288,1969.0,1969.0,55,13.0,13.0,13.0,0.0,3,False,False,False,False,False,True,False,coverage;gap;starts_early;ends_late;density,1966-2025,59,Budětsko,49.5861,16.9261,442.0
0-203-0-20201009001,1,0.01694915254237288,2000.0,2000.0,34,25.0,25.0,25.0,0.0,1,False,False,False,False,True,True,False,coverage;gap;starts_early;ends_late,1966-2025,59,Ovčárna,50.0714,17.2392,1301.0
0-203-0-20401014001,1,0.01694915254237288,2024.0,2024.0,58,17.0,17.0,17.0,0.0,2,False,False,False,True,True,True,False,coverage;gap;starts_early,1966-2025,59,Chuchelná,49.991679,18.119769,258.0
0-203-0-41003055001,1,0.01694915254237288,1981.0,1981.0,43,23.0,23.0,23.0,0.0,2,False,False,False,False,True,True,False,coverage;gap;starts_early;ends_late,1966-2025,59,Troubelice,49.81576,17.08048,253.0
0-203-0-41003062001,1,0.01694915254237288,1969.0,1969.0,55,17.0,17.0,17.0,0.0,2,False,False,False,False,True,True,False,coverage;gap;starts_early;ends_late,1966-2025,59,Jiříkov  Hutov,49.8556,17.2833,620.0
0-203-0-41003104001,1,0.01694915254237288,1969.0,1969.0,55,16.0,16.0,16.0,0.0,4,False,False,False,False,True,True,False,coverage;gap;starts_early;ends_late,1966-2025,59,Hlubočky,49.625,17.4,300.0
0-203-0-41102037001,1,0.01694915254237288,2018.0,2018.0,52,23.0,23.0,23.0,0.0,2,False,False,False,False,True,True,False,coverage;gap;starts_early;ends_late,1966-2025,59,Potštát  Boškov,49.6238,17.6142,545.0
0-203-0-41301037001,1,0.01694915254237288,1996.0,1996.0,30,13.0,13.0,13.0,0.0,1,False,False,False,False,False,True,False,coverage;gap;starts_early;ends_late;density,1966-2025,59,Zlín  Louky,49.2278,17.6419,202.0
0-203-0-41502109603,1,0.01694915254237288,1996.0,1996.0,30,11.0,11.0,11.0,0.0,1,False,False,False,False,False,True,False,coverage;gap;starts_early;ends_late;density,1966-2025,59,Brno  Husovice,49.2142,16.6317,210.0
0-203-0-10401054001,0,0.0,,,59,,,,,1,False,False,False,False,False,False,False,coverage;gap;starts_early;ends_late;density;stability,1966-2025,59,Bychory,50.0833,15.25,214.0
0-203-0-10501059001,0,0.0,,,59,,,,,9,False,False,False,False,False,False,False,coverage;gap;starts_early;ends_late;density;stability,1966-2025,59,Bedřichov  Nová louka,50.81445,15.158215,780.0
0-203-0-10803016001,0,0.0,,,59,,,,,1,False,False,False,False,False,False,False,coverage;gap;starts_early;ends_late;density;stability,1966-2025,59,Záblatí,48.9972,13.9321,652.0
0-203-0-11412,0,0.0,,,59,,,,,3,False,False,False,False,False,False,False,coverage;gap;starts_early;ends_late;density;stability,1966-2025,59,Vřesová,50.2417,12.7133,461.0
0-203-0-11416,0,0.0,,,59,,,,,8,False,False,False,False,False,False,False,coverage;gap;starts_early;ends_late;density;stability,1966-2025,59,Toužim,50.0586,12.9858,635.0
0-203-0-11466,0,0.0,,,59,,,,,4,False,False,False,False,False,False,False,coverage;gap;starts_early;ends_late;density;stability,1966-2025,59,Lenešice,50.3733,13.7653,181.0
0-203-0-11503046201,0,0.0,,,59,,,,,9,False,False,False,False,False,False,False,coverage;gap;starts_early;ends_late;density;stability,1966-2025,59,Kalek,50.585556,13.356111,750.0
0-203-0-11553,0,0.0,,,59,,,,,2,False,False,False,False,False,False,False,coverage;gap;starts_early;ends_late;density;stability,1966-2025,59,Ještěd,50.7328,14.9864,1012.0
0-203-0-11614,0,0.0,,,59,,,,,5,False,False,False,False,False,False,False,coverage;gap;starts_early;ends_late;density;stability,1966-2025,59,Kolín,50.0333,15.2333,206.0
0-203-0-11753,0,0.0,,,59,,,,,3,False,False,False,False,False,False,False,coverage;gap;starts_early;ends_late;density;stability,1966-2025,59,Střílky,49.1442,17.2117,341.0
0-203-0-41301069001,0,0.0,,,59,,,,,2,False,False,False,False,False,False,False,coverage;gap;starts_early;ends_late;density;stability,1966-2025,59,Částkov,49.1078,17.6214,240.0
0-203-0-42109026001,0,0.0,,,59,,,,,1,False,False,False,False,False,False,False,coverage;gap;starts_early;ends_late;density;stability,1966-2025,59,Lopeník,48.9406,17.7875,655.0
