station_id,n_obs,bias_mm,rmse_mm,correlation,mean_observed_mm,mean_modelled_mm,station_name,latitude,longitude,elevation_m
0-20000-0-11406,2094,0.44058151082664365,4.557681912753674,0.8570160800812681,2.442550143266446,2.883131654093087,Cheb,50.068333,12.391389,483
0-20000-0-11414,2037,0.43823752385778647,7.977722201436034,0.8436927933614696,4.816053019145819,5.25429054300354,Karlovy Vary  Olšová Vrata,50.201667,12.914167,603
0-20000-0-11423,2230,-7.2330321237922055,21.54033901403365,0.8456693158301319,14.59322869955174,7.360196575759328,Přimda,49.669444,12.678056,742.76
0-20000-0-11433,2011,0.5355707614111588,3.916419897865148,0.7849708611059065,0.9458975634013012,1.4814683248124296,Kopisty,50.54417,13.62278,240
0-20000-0-11438,1962,1.1699859897014502,4.9008452944244905,0.8188529750880171,1.0651376146788982,2.2351236043803526,Tušimice,50.37667,13.32806,321.71
0-20000-0-11450,1074,0.39552687669236375,2.8380433459387775,0.8976823893636429,0.7871508379888278,1.1826777146811969,Plzeň  Mikulka,49.764722,13.378889,359.8
0-20000-0-11457,3008,7.498231920347318,38.87535844922118,0.893690700119653,41.56130319148955,49.05953511183666,Churáňov,49.068333,13.615278,1117.8
0-20000-0-11464,2252,-10.167080938749688,26.190237622524123,0.7778860658004927,13.101731793960678,2.9346508552112525,Milešovka,50.555,13.93083,830.5
0-20000-0-11487,2259,-1.0776311043728253,4.664702838794758,0.8918906971663416,2.325630810092956,1.2479997057201446,Kocelovice,49.467222,13.838611,519
0-20000-0-11502,1989,-0.7993187003095035,4.668690645045478,0.831314505105175,2.533584715937662,1.7342660156281455,Ústí nad Labem  Kočkov,50.68333,14.04111,375.39
0-20000-0-11509,2404,0.029888315320824626,2.376120335858334,0.8094697050477865,0.8043261231281228,0.8342144384489378,Doksany,50.45889,14.17,158
0-20000-0-11518,2158,-1.2909274454691093,5.177053326579322,0.8671737910539122,2.48892493049114,1.1979974850220836,Praha  Ruzyně,50.100278,14.255556,364
0-20000-0-11520,2034,-0.5247824029192261,2.763870750821169,0.8804421823413354,1.1472468043264432,0.622464401407226,Praha  Libuš,50.007778,14.446944,302.04
0-20000-0-11538,1731,-0.4685500314238646,3.912770074347897,0.8778676403522615,1.7644136337377299,1.2958636023138614,Temelín,49.197778,14.342222,500
0-20000-0-11567,1988,-0.2361300946417001,1.969944343657349,0.9226554592742492,0.9265090543259594,0.6903789596842497,Praha  Kbely,50.123333,14.538056,284.5
0-20000-0-11603,2261,1.8564121158834685,13.256471062199578,0.811846663687816,6.986775762936748,8.843187878820096,Liberec,50.76972,15.02389,397.72
0-20000-0-11609,922,0.02603185081019576,3.964739116213797,0.8844758406513286,2.623318872017363,2.6493507228275557,Jičín,50.439511,15.352626,283
0-20000-0-11624,1367,-0.12691784217191052,2.7903727386246246,0.8535292247965826,0.9643745427944372,0.837456700622533,Chotusice  letiště,49.940833,15.386389,238.2
0-20000-0-11628,2951,1.1819350787192289,6.204215523561157,0.8778737882850226,3.0332768553032925,4.2152119340224985,Košetice  Křešín  Kramolín,49.573504,15.08046,532.29
0-20000-0-11636,2158,-1.5516026256759399,7.623919981059589,0.8962051568013377,5.391427247451376,3.8398246217753917,Kostelní Myslová,49.159167,15.439167,569
0-20000-0-11643,1245,-18.476451378226503,50.44228518665365,0.8965973621310189,72.9560642570281,54.47961287880159,Pec pod Sněžkou,50.691944,15.728889,816.3
0-20000-0-11652,1828,0.032970391157061435,2.6101048581190773,0.8555041389589415,1.046280087527354,1.0792504786844193,Pardubice  letiště,50.016111,15.740273,224.21
0-20000-0-11659,2324,-1.2344349167509956,14.555261010107778,0.832452000877614,8.716824440619575,7.482389523868559,Přibyslav  Hřiště,49.582785,15.7625,532.5
0-20000-0-11669,581,-2.5915997959227255,24.002213481214543,0.9069580697523054,27.258691910499063,24.66709211457639,Polom  Sedloňov,50.350278,16.322222,747.24
0-20000-0-11679,1669,1.0612014157257632,10.147078843913713,0.8992638780621802,7.743079688436119,8.804281104161976,Ústí nad Orlicí,49.980278,16.422222,401.7
0-20000-0-11683,2117,-3.780314370957999,17.959180206933024,0.8860255004138112,13.297732640529118,9.517418269571118,Svratouch,49.735,16.034167,734
0-20000-0-11692,2045,0.1169309980284823,3.7002900929360876,0.8983575327490679,2.198484107579465,2.315415105607936,Sedlec,49.170833,16.120556,474
0-20000-0-11693,1269,0.3441589966520911,3.4895299600467014,0.8904577885607988,2.1617021276595842,2.505861124311671,Dukovany,49.095556,16.134444,400.15
0-20000-0-11698,2138,0.09518072202890784,2.568903939890432,0.8758734155837071,1.3536950420954226,1.448875764124334,Kuchařovice,48.881111,16.085278,334
0-20000-0-11710,2117,0.06742781665290548,4.9576481310242055,0.886485670765813,3.0388285309400103,3.1062563475929004,Luká,49.652222,16.953333,510
0-20000-0-11723,1307,-0.04387862162494166,3.678346828542792,0.8524658002433756,2.2638102524866386,2.21993163086164,Brno  Tuřany,49.153056,16.688889,241
0-20000-0-11730,973,-64.03783976248884,112.63834107823622,0.7806978556454557,85.12836587872557,21.090526116236703,Šerák,50.1875,17.108333,1328
0-20000-0-11747,602,-0.024071539976743418,2.051367224022758,0.8158954643814539,0.6710963455149539,0.6470248055382076,Prostějov,49.4525,17.134722,214.75
0-20000-0-11766,2832,-10.184129933132306,31.345935304103058,0.8529318412809234,20.735416666666804,10.551286733534349,Červená,49.777222,17.541944,748.13
0-20000-0-11774,1336,0.6418256448502961,3.432100093005871,0.9124680594844374,2.2091317365269703,2.850957381377272,Holešov,49.320556,17.57,222.25
0-20000-0-11782,2324,0.1846529408529679,4.997241343197096,0.8689399955195211,2.765146299483679,2.949799240336603,Mošnov,49.691944,18.112778,252.8
0-20000-0-11787,2942,-64.32695979054564,117.5602973540139,0.8002413970772062,99.05299116247416,34.7260313719289,Lysá hora,49.546111,18.4475,1322.03
0-20000-0-11791,864,-3.4224497775664497,14.360089645898071,0.9035488996935551,6.596527777777798,3.1740780002113373,Hošťálková  Maruška,49.3653,17.8286,664.1
0-203-0-10101004001,167,1.4760287452814476,39.68521953008146,0.8366418521983913,43.624550898203616,45.10057964348502,Svatý Petr  Špindlerův Mlýn,50.7247,15.6278,870
0-203-0-10101014001,573,-13.889672884921362,41.657989593418925,0.851729900286863,26.1832460732984,12.293573188377076,Strážné,50.6634733,15.6136806,791
0-203-0-10101015001,213,16.22666000568545,39.5475993652643,0.880214962936855,59.00234741784039,75.22900742352583,Hříběcí boudy,50.6794,15.6281,840
0-203-0-10101015002,278,3.501698415899298,40.500800834698175,0.8950298587210079,48.06870503597124,51.570403451870504,Frantova bouda  Strážné,50.6761,15.6308,780
0-203-0-10101019001,2086,4.204987070538888,35.84583147405394,0.8576163029043959,32.48993288590585,36.69491995644485,Dolní Dvůr  Rudolfov,50.654592,15.655815,560
0-203-0-10101025001,1251,-2.0567355290227622,9.99374209915312,0.8912593871189219,8.701998401278928,6.645262872256169,Hostinné,50.5400231,15.7201375,351
0-203-0-10101026001,644,5.0418252977127205,38.35672183467521,0.8182847873695925,30.75590062111801,35.79772591883075,Černý Důl,50.648678,15.712563,715
0-203-0-10101029002,505,-5.300364664642573,21.364955977419935,0.8076930062025671,15.782574257425756,10.48220959278316,Rudník  Javorník,50.5831,15.7681,455
0-203-0-10101055001,735,-0.7036160126303422,10.603174499212413,0.932203635023634,14.171836734693862,13.468220722063549,Čistá,50.526601,15.584265,445
0-203-0-10101067001,1299,-0.08908225149261094,5.740186353057531,0.9213697727214641,4.64026173979986,4.551179488307208,Bílá Třemešná,50.457596,15.766135,322
0-203-0-10102006101,1175,-9.64602643550263,37.26325241116086,0.851711142399185,33.652851063829665,24.006824628327134,Pomezní boudy  Horní Malá Úpa,50.745472,15.82027,1050
0-203-0-10102013001,1401,5.139505422088941,24.546462409150983,0.8620161037750299,20.191291934332842,25.330797356421574,Horní Maršov,50.654577,15.818973,585
0-203-0-10102027001,2034,-2.1543903644592195,16.505998559848997,0.8455144853798617,11.59336283185837,9.43897246739916,Žacléř,50.661205,15.907098,644
0-203-0-10102051101,161,-0.2939896144720491,7.486752817847526,0.8635993639722427,6.728571428571429,6.434581814099381,Česká Skalice  Ratibořice,50.4165464,16.0529453,290
0-203-0-10103004001,172,0.9902295731395343,6.084898530736526,0.8345984771810375,2.5174418604651185,3.5076714336046515,Teplice nad Metují Zdoňov,50.641075,16.147362,531
0-203-0-10103011001,1856,1.8861378949667018,11.851254764017181,0.818918576501052,5.684051724137881,7.5701896191046005,Teplice nad Metují,50.578941,16.172543,460
0-203-0-10103018001,1283,2.470647507667227,10.11096293702076,0.8340963835029473,3.8631332813717703,6.333780789039015,Police nad Metují,50.537805,16.237511,446
0-203-0-10103032001,824,-0.1910620118499905,7.6837047575099096,0.8632926807762945,5.741504854368923,5.550442842518938,Hronov  Zbečník,50.4839,16.1442,378
0-203-0-10103041001,1333,1.3339491893463915,7.411889208629236,0.8005273669215184,2.772618154538663,4.106567343885046,Náchod,50.395208,16.157201,336
0-203-0-10103042001,421,-6.688550055776724,30.86131794700863,0.8782665827566327,25.922802850356305,19.23425279457958,Olešnice  Čihalka,50.374902,16.352829,740
0-203-0-10103056001,1131,-0.2442681515901856,2.8135569745018456,0.9281160446613446,1.5837312113174316,1.3394630597272394,Česká Skalice  Rozkoš,50.363056,16.061111,290
0-203-0-10104024001,1289,0.1865234775115563,4.526622957299136,0.8114386574719548,1.563847944142748,1.7503714216542945,Hořiněves,50.31285,15.76283,275
0-203-0-10201001003,1357,-8.803448470736747,30.928358062093817,0.8656511810866127,23.240456890199006,14.437008419462229,Orlické Záhoří,50.280707,16.468455,690
0-203-0-10201037001,1636,-16.3297564858086,44.86761973824724,0.8728475498081177,26.003728606357093,9.673972120548358,Luisino údolí  Deštné v Orlických horách,50.287003,16.38829,875
0-203-0-10201039001,2206,-24.191914098158534,55.2099677663796,0.8695253835648985,39.44143245693583,15.24951835877716,Zdobnice,50.247678,16.408505,671
0-203-0-10201047001,1738,6.750811299304054,20.960566343598245,0.8278919284169122,4.355753739930918,11.106565039235058,Slatina nad Zdobnicí,50.13555556,16.38277778,390
0-203-0-10202005001,1315,3.3318690309673,13.505454824055937,0.9172810923550034,12.00380228136887,15.335671312336096,Králíky,50.08289,16.73475,538
0-203-0-10202014001,1351,0.77298423743301,14.116254570770709,0.9008957473660586,12.329311621021436,13.102295858454498,Orličky,50.026453,16.667424,570
0-203-0-10202022001,595,-0.2790157187926046,6.019157406718455,0.8920836128233491,3.7754621848739456,3.4964464660813412,Dolní Čermná,49.979555,16.566659,394
0-203-0-10202024001,1024,1.3595751389743191,7.727532877731222,0.9181956497909203,4.912695312499988,6.272270451474329,Letohrad,50.03782,16.48707,427
0-203-0-10202037001,408,0.24589757746813704,7.707871102821828,0.8627425339471565,7.41470588235294,7.660603459821079,Mikuleč,49.8033,16.4119,513
0-203-0-10202065001,1268,-0.10964607337263244,2.669355428303584,0.8731931951212771,1.1258675078864397,1.0162214345138048,Choceň,50.009544,16.200903,282
0-203-0-10202083001,1254,-0.33992528531471583,3.1876635541689042,0.9019058210986317,1.4399521531100472,1.100026867795333,Borohrádek,50.105254,16.086691,254
0-203-0-10203008001,1227,6.026738247008291,20.66510490629549,0.8346068788848099,9.375224123879345,15.401962370887702,Dobřany,50.322178,16.281744,627
0-203-0-10203017001,504,2.4824749724523794,7.496027407918694,0.8539512915252329,2.9095238095238063,5.391998781976189,Dobruška,50.2867,16.1531,283
0-203-0-10203029301,1242,-0.46727812779919514,4.955661582965209,0.8991580579060607,1.9741545893719639,1.5068764615727768,Bílý Újezd  Hroška,50.234904,16.209938,319
0-203-0-10203034001,1273,0.36731717796975233,4.175213056106856,0.7320755075436796,1.1043205027494039,1.4716376807191824,České Meziříčí,50.282295,16.041312,255
0-203-0-10203066201,1259,-0.20012659778736858,2.6242320174339127,0.8815436773810836,1.0008737092930842,0.8007471115057181,Běleč nad Orlicí,50.186901,15.94687,247
0-203-0-10301024001,159,0.13420411089937095,1.2449463973159676,0.8872760785935859,0.7471698113207556,0.8813739222201256,Holice,50.0717,15.995,248
0-203-0-10301028001,140,-0.04919571885714286,1.3909061533226963,0.931138059360936,0.43285714285714255,0.3836614240000003,Býšť,50.1294,15.9128,244
0-203-0-10302007001,1696,1.783052243989606,8.866979689547046,0.7999316985185903,2.5191037735849084,4.3021560175744975,Trstěnice,49.807087,16.341265,435
0-203-0-10302022001,1848,-1.3012225545791332,10.841168570766236,0.8561794529658958,5.410281385281359,4.109058830702232,Lubná,49.773006,16.190554,560
0-203-0-10302040001,381,0.1406674357244092,1.1625124303827694,0.7967675438942985,0.27165354330708674,0.41232097903149556,Hrušová,49.916667,16.19522,291
0-203-0-10302050001,1859,0.572040175091767,3.9800946350446016,0.6750350558948839,0.7540075309306081,1.3260477060223779,Vysoké Mýto,49.962009,16.167796,278
0-203-0-10302074001,157,0.173725701866242,1.380891130467145,0.8116270301184789,0.4891719745222931,0.6628976763885348,Dašice,50.035,15.9092,226
0-203-0-10303009001,1316,-0.3862828283560712,13.164634367469475,0.8716440858758628,8.269756838905776,7.883474010549654,Hamry,49.738323,15.914045,605
0-203-0-10303020001,1257,-4.469335747534113,18.653260913734268,0.8830248459314882,7.098568019093096,2.629232271558938,Vysočina  Jančouř,49.755424,15.822131,548
0-203-0-10303025001,266,0.578041457541353,5.234143543212202,0.8830974928310098,5.207142857142858,5.785184314684206,Seč  přehrada,49.8378,15.6542,495
0-203-0-10303027001,1272,0.356474287321131,4.107439374814066,0.8869538873788521,1.833176100628924,2.1896503879500515,Křižanovice,49.865999,15.774205,432
0-203-0-10303045001,1348,1.1153434343187925,6.73942323727974,0.8562997154986323,2.603115727002975,3.7184591613217406,Nové Hrady,49.850201,16.1475,400
0-203-0-10303061001,1084,0.22342219541033112,4.138249276718744,0.8403098576250737,1.8891143911439154,2.112536586554237,Skuteč,49.834881,15.996141,457
0-203-0-10303080002,381,0.18763679769028896,2.0178393930144227,0.7693068346085973,0.6950131233595799,0.8826499210498684,Chrast,49.9036,15.9386,292
0-203-0-10303098001,1260,0.16142604578412648,2.273776100244623,0.8640807591302825,0.5732539682539693,0.7346800140380965,Hrochův Týnec,49.962057,15.909774,241
0-203-0-10304023001,1759,-0.11479022383132394,2.2128334931957423,0.9206196999888211,1.2584422967595208,1.1436520729281978,Heřmanův Městec,49.946639,15.673986,275
0-203-0-10304070001,703,0.22765442180483664,2.3148589998780884,0.9186759940987287,1.6281650071123743,1.8558194289172103,Litošice,49.986104,15.512615,270
0-203-0-10304076001,175,0.05322418365142855,1.106033609442184,0.9220289924162212,0.7062857142857154,0.7595098979371449,Labské Chrčice,50.0478,15.4122,202
0-203-0-10305002001,2660,-0.8606215310120018,12.415590338181874,0.8686168254917244,8.242556390977464,7.381934859965476,Krucemburk,49.688077,15.844811,559
0-203-0-10305012001,121,12.846044825123967,27.298507641880345,0.41320318661047084,13.287603305785124,26.13364813090909,Chotěboř,49.7167,15.6667,519
0-203-0-10305021001,1311,-0.6945847520697981,4.405805626966277,0.9055000607841112,2.0942028985507135,1.3996181464809274,Běstvina  Pařížov,49.829595,15.569633,333
0-203-0-10305028001,486,-2.6614941350357983,7.20787709539037,0.8051745836590616,4.3917695473251,1.7302754122892996,Míčov- Sušice  Zbyslavec,49.9,15.5844,510
0-203-0-10305030001,813,-0.17920186524501797,2.321039510138319,0.9276031966062315,1.0589175891758842,0.8797157239308743,Licoměřice,49.914705,15.551646,335
0-203-0-10305039001,579,-0.7004584984801352,5.54939254711922,0.9095290678054545,1.522279792746106,0.8218212942659726,Golčův Jeníkov,49.81896,15.47526,375
0-203-0-10401002001,1153,-0.04788249061682615,1.9634108658171596,0.8621398798868231,0.48508239375542156,0.4371999031385926,Konárovice,50.03844,15.284988,209
0-203-0-10401004001,1304,-3.1205379612872295,11.425767076414871,0.8554305376316006,4.578220858895676,1.457682897608454,Zbýšov  Dobrovítov,49.78686,15.329835,490
0-203-0-10401028001,1067,0.7330483774082517,4.475590861911365,0.8792377098340975,1.5986879100281088,2.331736287436375,Bahno,49.866846,15.234033,420
0-203-0-10401034001,1247,-0.185275482640739,2.701978550662569,0.8962095334133822,0.7485164394546875,0.563240956813951,Kutná Hora  Sedlec,49.965934,15.288261,260
0-203-0-10401054001,4,0.284603665,0.48531360810722474,NA,0,0.284603665,Bychory,50.0833,15.25,214
0-203-0-10402021001,1773,1.6607036492928813,6.711191736959208,0.8113485488727343,1.3632825719120163,3.0239862212048956,Slatiny  Milíčeves,50.379018,15.393348,254
0-203-0-10402058001,1717,0.5813134595218926,3.9750580594590494,0.4831383066046885,0.2510192195690231,0.8323326790909155,Žlunice,50.3022,15.3811,270
0-203-0-10403011001,1238,-0.3825221018606627,3.421558640826949,0.8465125367512223,1.0788368336025893,0.6963147317419196,Nechanice - Lubno,50.242972,15.659823,245
0-203-0-10403016001,190,1.6835140537052622,5.3968479904323186,0.5967908917205568,1.0705263157894724,2.7540403694947404,Bříšťany,50.3128,15.6128,265
0-203-0-10404004001,1319,-0.11208864459893794,2.425839096831068,0.8804574595245271,0.8906747536012101,0.7785861090022731,Chlumec nad Cidlinou  Lučice,50.1382625,15.4638228,213
0-203-0-10404014001,1265,-0.22574919194129775,2.8447089360537503,0.9158268027063814,0.8761264822134363,0.6503772902721413,Žehuň,50.133757,15.287765,204
0-203-0-10405023001,1273,-0.3304320396373901,3.7101010921580464,0.8682842138657326,1.7701492537313404,1.4397172140939472,Libáň,50.370822,15.214447,240
0-203-0-10405051001,1775,0.09434791477530342,1.9207441068957067,0.8891862859511559,0.526873239436623,0.6212211542119194,Dymokury,50.248346,15.201165,208
0-203-0-10405053001,885,1.1547870173172876,5.01352850129578,0.6221223078216076,0.7053107344632753,1.8600977517805644,Mcely,50.3033,15.0717,233
0-203-0-10406025001,2346,0.3860575115077844,2.6168475409041263,0.8474944353888855,0.684782608695653,1.0708401202034248,Dolní Chvatliny,49.983593,15.065951,290
0-203-0-10406037001,616,-0.133012668399351,1.3076056957796007,0.9012719443869922,0.42857142857142866,0.29555876017207783,Mrzky,50.044659,14.80731,260
0-203-0-10406039001,1705,-0.22039036665695008,2.409493558678411,0.9091267407845431,1.1695601173020562,0.9491697506451013,Kostelec n. Černými Lesy,50.0044,14.8356,360
0-203-0-10406042001,1269,0.7038963298643776,4.993640086895149,0.8048284914356576,1.5963750985027574,2.3002714283671355,Oleška  Brník,49.9833,14.9,390
0-203-0-10407027001,3044,0.10020076618593947,1.347917408420977,0.9232830731495291,0.4407358738501941,0.5409366400361368,Kostomlaty nad Labem,50.181641,14.961299,185
0-203-0-10407058001,2074,-0.12923485064930823,1.60741948979012,0.9414425950303175,0.7286403085824541,0.5994054579331447,Úvaly,50.0772,14.7111,260
0-203-0-10407065001,2328,0.3825059275058426,2.6425851189784497,0.7768517916527733,0.49381443298968913,0.8763203604955361,Káraný,50.175931,14.731428,170
0-203-0-10501011001,2947,-13.36730952510257,38.744412245801485,0.8641800568532413,23.32429589412938,9.956986369027092,Rokytnice nad Jizerou  Vilémov,50.7319,15.4229,525
0-203-0-10501021001,138,-120.2520988775326,175.59967737340193,0.4942334574132607,136.80434782608694,16.55224894855435,Dvoračky,50.748172,15.514525,1115
0-203-0-10501025001,3152,-3.342000411387666,14.918873779727496,0.9083466368279668,11.395717005076099,8.053716593688485,Jilemnice,50.6014,15.5125,462
0-203-0-10501030001,2906,-3.7728337807370536,17.055651439816014,0.9101093019382068,13.311906400550654,9.53907261981351,Roprachtice,50.651199,15.414138,550
0-203-0-10501035001,2179,3.6416121857487456,13.054195103779609,0.889545687295817,7.532033042680122,11.17364522842887,Studenec,50.55272,15.550286,532
0-203-0-10501036001,3116,-3.089829306525774,12.984902067804281,0.8822487750084583,7.230423620025645,4.140594313499879,Nová Paka,50.49,15.5136,450
0-203-0-10501038001,1666,0.6286864564041483,8.707436622363845,0.90553972103392,6.763025210084036,7.391711666488181,Lomnice nad Popelkou,50.538491,15.379375,485
0-203-0-10501045001,895,1.3089510146635714,7.073523208911411,0.9233751964506256,3.4458100558659264,4.754761070529496,Libštát,50.5667,15.4333,430
0-203-0-10501059001,295,-87.97522707546543,113.8749021015875,0.8633109817236244,136.95932203389825,48.98409495843289,Bedřichov  Nová louka,50.81445,15.158215,780
0-203-0-10501060001,2161,-15.508878673963139,44.77426308496747,0.8504335381537665,37.066265617769574,21.557386943806197,Josefův Důl,50.778158,15.22868,623
0-203-0-10501063001,3138,-14.67003083683276,39.81145871124842,0.8891978136606788,25.08212237093685,10.412091534104155,Smržovka,50.7294,15.2511,550
0-203-0-10501078001,1102,-13.019298535278134,35.19913163725813,0.8907294587089968,25.88030852994552,12.861009994667457,Vysoké nad Jizerou,50.682981,15.408523,695
0-203-0-10502005001,3427,3.7185077315384394,13.508065959336864,0.8016490347833308,3.6365334111468033,7.355041142685195,Železný Brod,50.6408,15.2517,290
0-203-0-10502036001,793,-4.153233576172249,14.250222073578458,0.891650280165356,9.475409836065573,5.322176259893313,Hodkovice nad Mohelkou,50.6667,15.0833,388
0-203-0-10502046001,2487,-2.965962463648694,9.995502995265888,0.8303925618428972,5.278447929232001,2.312485465583308,Všelibice  Vrtky,50.6194,14.9511,410
0-203-0-10502047001,486,-0.4105117717489708,3.3971350427713367,0.9011457917363318,1.685185185185182,1.2746734134362128,Všelibice,50.648954,14.950609,392
0-203-0-10502049001,2186,-0.5169329121624594,4.338965744443723,0.8765035027408344,2.137191216834408,1.620258304671948,Jivina,50.5539,14.9492,308
0-203-0-10502050001,3185,-0.8344084311772187,5.247815867871025,0.8653553334395789,2.778492935635811,1.9440845044585793,Boseň  Mužský,50.5222,15.0404,382
0-203-0-10502072001,3195,-0.2600385380470758,2.974682799442801,0.8955594676106943,1.7143348982785442,1.4542963602314796,Bakov nad Jizerou,50.4804,14.9391,220
0-203-0-10502085001,2249,0.548365655103258,3.582585902931602,0.8178291950758296,0.8980880391285008,1.4464536942317594,Dolní Bousov,50.437897,15.141737,244
0-203-0-10502101001,3173,0.33196965543838164,2.7829706098430833,0.8270631849042592,0.7661203907973553,1.0980900462357381,Mladá Boleslav,50.42267,14.91405,221
0-203-0-10503002001,2562,-0.031246566195552515,3.194135587875198,0.8410957978272882,0.8985948477751889,0.8673482815796237,Katusice,50.444653,14.779398,312
0-203-0-10503012001,360,-0.07578526036388891,0.8275757190985076,0.9673143373062054,0.3652777777777782,0.2894925174138881,Chotětov,50.337419,14.810102,260
0-203-0-10503013001,3106,0.1927354658744791,2.199957028904092,0.9106677044999274,0.9545717965228524,1.147307262397327,Brodce,50.3347,14.8661,220
0-203-0-10503015001,1422,0.00980868158600339,2.679892607214038,0.8510454458102632,1.3637130801687771,1.3735217617547824,Sojovice,50.2167,14.75,182
0-203-0-10504022002,469,-0.0590758932643924,0.8259162113046473,0.9136129873005797,0.3918976545842217,0.3328217613198299,Veleň  Mírovice,50.165,14.5464,224
0-203-0-10504033001,3079,-0.14686973286093244,1.6250165912391328,0.9254473939097869,0.5494965898018782,0.4026268569409517,Bašť  Baštěk,50.205,14.4622,230
0-203-0-10504037001,2980,-0.26191097798303,3.253323368736511,0.9155896112112268,1.9103355704698015,1.6484245924867629,Mšeno,50.44061,14.63399,340
0-203-0-10504042001,2660,0.03314666809809583,2.228396411211547,0.8664228753101316,0.8159774436090345,0.8491241117071127,Bezno,50.3744,14.7894,280
0-203-0-10504048001,3001,0.07493780599053584,2.1517153036154575,0.8805547362221229,0.7964011996001269,0.8713390055906648,Kropáčova Vrutice  Střížovice,50.3255,14.7046,210
0-203-0-10601002002,2237,0.46663064732085097,35.644589139081006,0.9120087195383872,44.576620473849054,45.043251121169845,Kvilda,49.0192,13.5792,1059
0-203-0-10601011001,2647,16.762393596504,42.53953184573537,0.8573584698694834,22.438685304117886,39.201078900621646,Borová Lada,48.99055,13.661958,898
0-203-0-10601021001,1610,4.942260536024059,20.10437067807446,0.8280440473338064,10.509503105590053,15.451763641614123,Horní Vltavice,48.9469,13.7889,830
0-203-0-10601029001,2056,18.36958205711528,47.52514709171522,0.8251747822671768,17.713472762645893,36.08305481976126,Strážný,48.9054436,13.7206847,811
0-203-0-10601040001,452,0.5426817848738941,4.669785139204949,0.9449042579887105,4.082522123893808,4.625203908767699,Volary,48.901667,13.896111,749
0-203-0-10601050001,3036,6.419790437889429,24.460445606213376,0.8565872223244629,12.929973649538832,19.34976408742834,Stožec,48.8570531,13.8217247,797
0-203-0-10601064001,1151,4.67165458958844,16.061451530482604,0.906726474671714,8.108774978279746,12.780429567868207,Jelení  Nová Pec,48.8032344,13.8896103,810
0-203-0-10601075001,2213,12.27078480164237,32.3421931711811,0.7293405555709173,5.869769543605973,18.140554345248333,Horní Planá,48.7675,14.0342,771
0-203-0-10601089001,791,-0.11072175309608019,6.732699091346836,0.8990113530799834,6.339696586599245,6.228974833503159,Květušín  Boletice,48.7833,14.1308,810
0-203-0-10601115201,2106,4.476378916925863,16.11183215454763,0.8375025500129468,4.6680436847103675,9.144422601636217,Lipno,48.6336,14.2383,730
0-203-0-10601144001,635,-0.6211900703059855,3.903243617168828,0.9113991249066034,1.8458267716535401,1.224636701347559,Rožmitál na Šumavě,48.697778,14.391111,627
0-203-0-10601152001,2092,1.323912370831808,8.156735966512565,0.8623300795785851,4.031405353728481,5.355317724560266,Slavkov,48.7642081,14.2431344,777
0-203-0-10601159002,386,0.10336514218652662,7.022828785539357,0.8960752345924021,5.545854922279805,5.649220064466323,Polná na Šumavě,48.8008,14.1539,770
0-203-0-10601176001,2207,3.491600079486206,11.502302772304754,0.7894619228627576,2.286406887177161,5.778006966663356,Chvalšiny,48.854722,14.208611,592
0-203-0-10601188001,2193,-1.1480406741401936,5.527308522859768,0.8880905251014624,3.3615595075239444,2.213518833383752,Přídolí,48.7814842,14.3564461,653
0-203-0-10601195001,1421,-0.12148659520942849,7.1527183535697825,0.9287706413721082,6.184095707248397,6.06260911203902,Ktiš  Tisovka,48.903506899999996,14.1059625,758
0-203-0-10601195002,339,-10.68708650193216,35.42798084453519,0.8756154064174942,21.613274336283165,10.926187834351015,Markov,48.9031,14.0622,951
0-203-0-10601197001,2040,0.9283927963348524,4.617357624247101,0.8452646539547242,1.3063725490196154,2.2347653453544547,Brloh,48.9269169,14.2187506,559
0-203-0-10601205001,1807,0.007829811295242342,2.240834344866541,0.8886713440980153,1.3790813503043702,1.3869111615996248,Křemže  Mříč,48.9075594,14.3305394,524
0-203-0-10601214001,205,-0.10994074040243908,0.8204645516623047,0.9144418309188891,0.34341463414634127,0.2334738937439026,Boršov nad Vltavou,48.926667,14.439722,404
0-203-0-10601216001,80,-0.2625228872374999,1.3992940062761197,0.9057576808092038,0.6412500000000001,0.3787271127625,Šindlovy Dvory  Litvínovice,48.964832,14.426389,416
0-203-0-10602007001,1541,0.37527544271369007,4.082960268600875,0.8817817318554289,2.225957170668395,2.6012326133820944,Dolní Dvořiště,48.6583611,14.4604581,606
0-203-0-10602014001,2516,0.13500772420209617,9.451589911812494,0.8215499442409999,4.919793322734512,5.054801046936622,Malonty,48.6854828,14.5802869,694
0-203-0-10602021001,769,1.5878994691093677,6.155724628223632,0.8210477493755494,2.4408322496749015,4.028731718784265,Kaplice,48.7442,14.4936,536
0-203-0-10602027001,1361,-2.009738927580683,13.8221988150113,0.8938406554525499,9.186186627479765,7.176447699899091,Staré Hutě  Hojná Voda,48.72333333,14.723333,821
0-203-0-10602028001,2045,2.8346452671358033,12.744433336522164,0.8176152274294769,4.840977995110006,7.6756232622458604,Benešov nad Černou,48.7311,14.6283,665
0-203-0-10602029002,2073,0.059501400323554686,11.532242060949597,0.8524113312203251,7.128364688856758,7.187866089180276,Pohorská Ves,48.6701047,14.6489614,773
0-203-0-10602032201,3195,0.4188243351394537,8.568445141012498,0.8488804941276927,5.297026604068872,5.715850939208304,Soběnov,48.7476228,14.5355644,526
0-203-0-10602036001,2276,-0.9875850141745783,5.467409183607349,0.8922855639438028,2.700351493848847,1.712766479674292,Netřebice,48.7925114,14.4535261,616
0-203-0-10602046001,1501,-0.5260168319651571,4.153623034029005,0.8930656687107544,2.519253830779482,1.9932369988143241,Nové Hrady,48.7908,14.7825,542
0-203-0-10602062001,2800,0.3021416979563563,3.195997833830207,0.8752329458077572,1.500500000000007,1.8026416979563633,Trhové Sviny,48.8455767,14.6372439,468
0-203-0-10602066001,1917,-0.6089274966445348,4.53549583447183,0.8966288036849887,1.8916536254564338,1.282726128811904,Besednice,48.7915,14.5549319,593
0-203-0-10602076001,135,0.19696152925703708,2.2477312016228828,0.8805348679926177,0.406666666666667,0.6036281959237031,Kamenný Újezd,48.8962475,14.4526111,507
0-203-0-10602077001,2486,-0.3156115728451739,3.112574714975011,0.8484794059568901,1.4241753821399799,1.108563809294809,Roudné,48.9356,14.4903,393
0-203-0-10603048001,1602,-0.17904933657105526,1.886355715423773,0.9306653107717892,1.0529962546816443,0.8739469181105892,Němčice,49.0308,14.2714,436
0-203-0-10603060001,2976,-0.05301989619711024,2.028124697205885,0.918634371698323,1.115692204301074,1.0626723081039606,Hluboká nad Vltavou,49.0536578,14.4334833,410
0-203-0-10702007001,3162,-0.07106825140935848,3.948374528460938,0.8891071954983258,2.2372865275142213,2.1662182761048894,Hranice,48.8188419,14.8469519,479
0-203-0-10702010001,2144,-0.23934453943307918,2.957414970145122,0.9352394753886257,1.985261194029858,1.7459166545967801,Suchdol nad Lužnicí,48.8928,14.8669,457
0-203-0-10702020001,3166,-1.8580671845555055,7.983835646035566,0.9184883344452989,5.817687934301931,3.959620749746467,Nová Bystřice,49.0190528,15.0986103,583
0-203-0-10702028001,3173,0.1099734370507244,3.933502616390334,0.8867266231863732,2.2819098644815536,2.391883301532281,Chlum u Třeboně,48.9581153,14.9351097,462
0-203-0-10702037001,700,-0.08604426816788521,2.02817058206761,0.8085526746287686,0.6722857142857132,0.5862414461178282,Lipnice,48.9109033,14.7651161,469
0-203-0-10702039001,1857,-0.22768507199165125,3.5033093956630124,0.893272100144723,1.726817447495964,1.4991323755043027,Ledenice,48.9334328,14.6184119,496
0-203-0-10702054001,437,0.06705377197812351,3.781728230477589,0.8310845414831854,1.7377574370709374,1.8048112090490607,Jelmo  Rudolfov,49.0447,14.5611,505
0-203-0-10702056101,1964,0.21355215024211094,2.6222180195854037,0.8729602062831419,1.2804480651731145,1.4940002154152272,Lomnice nad Lužnicí,49.0883,14.7231,423
0-203-0-10702060001,2125,0.2740933626588198,2.6055909779903974,0.9116016896804451,1.3382117647058873,1.6123051273646967,Ševětín,49.1000267,14.56552,501
0-203-0-10703011001,3283,2.761426481802902,10.557587184005538,0.8588826540196431,4.549223271398064,7.31064975320096,Kamenice nad Lipou  Vodná,49.2831,15.0633,557
0-203-0-10703017001,3212,-0.6489286154391537,6.192334286010993,0.9016866577766295,4.23412204234125,3.5851934269020425,Nová Včelnice,49.2229981,15.0685064,509
0-203-0-10703027001,3176,-0.37605204026199585,5.577896477929766,0.866152104650453,3.1898929471032593,2.8138409068412678,Lodhéřov,49.2131911,14.9622222,526
0-203-0-10703036001,2286,-1.4336117563980373,9.551707600117682,0.895757735597675,6.41583552055991,4.98222376416186,Strmilov,49.1630636,15.2067203,582
0-203-0-10703041001,2368,1.6871194525239015,9.859224925175855,0.786379311517539,4.019256756756791,5.70637620928063,Kunžak,49.1219,15.19,590
0-203-0-10703053001,833,0.8030169235296551,5.710334417148452,0.891824388448537,2.902641056422571,3.7056579799522287,Lásenice,49.0742,14.9689,452
0-203-0-10703057001,2121,0.10739339845587038,3.2249609790931384,0.9250741450191385,1.9111268269684196,2.0185202254242927,Stráž nad Nežárkou,49.0669992,14.9129792,478
0-203-0-10703073001,1758,0.03438644259482405,2.583138041407356,0.8178379343202354,0.7946530147895351,0.8290394573843548,Kardašova Řečice,49.1864,14.8558,450
0-203-0-10704001001,50,0.13816007360000004,0.6702373624039584,NA,0,0.13816007360000004,Veselí nad Lužnicí,49.1855297,14.7095372,409
0-203-0-10704035001,830,0.33613245645783163,4.1057688178843685,0.8914159237399069,1.8481927710843506,2.1843252275421645,Tučapy,49.2919,14.8017,454
0-203-0-10704040001,1019,0.2878283746851907,3.3791017038742486,0.8278495317065636,1.4064769381746829,1.6943053128598715,Soběslav,49.2556,14.7033,421
0-203-0-10704040002,663,1.3367414456621414,6.080469381584567,0.825926385344889,0.7567119155354441,2.0934533611975854,Klenovice,49.2806,14.7011,421
0-203-0-10704050001,2963,0.24241590164035365,2.9266727246212065,0.8974009682931552,1.4504556193047557,1.6928715209451095,Planá nad Lužnicí,49.3533,14.6969,404
0-203-0-10704056001,2049,2.720417925458489,9.653619432896,0.7741618451252792,2.1332845290385807,4.853702454496961,Chýnov,49.4083044,14.8120983,498
0-203-0-10704084001,615,-0.44706534817398513,3.488413430946055,0.8471817096460742,1.0549593495934915,0.6078940014195129,Olší,49.4362272,14.5099342,495
0-203-0-10704085001,1163,0.5398016228380881,4.971965041935461,0.7769486255873967,1.7737747205502967,2.3135763433883914,Řepeč,49.4042,14.5186,475
0-203-0-10704094001,3133,-1.2936318356753187,7.262841641147881,0.8766248978944671,3.859112671560839,2.565480835885477,Jistebnice,49.484444,14.529167,580
0-203-0-10704104001,3038,-0.07381444219039153,4.041113364849749,0.8277767988162096,1.8465766951942038,1.7727622530038034,Milevsko,49.452778,14.368611,453
0-203-0-10704117001,3134,0.03407112741157907,2.3816982361260535,0.9111770551250502,1.5282067645182154,1.5622778919297773,Bernartice,49.3662453,14.3893392,485
0-203-0-10705014001,858,0.12694813246515307,3.941949462862069,0.8221716994835673,1.783916083916082,1.910864216381232,Temešvár,49.3572,14.2633,421
0-203-0-10705023001,2600,-0.3671358075190352,3.955954334189336,0.8513163154199279,1.7279230769230984,1.3607872694040393,Kovářov  Vepice,49.525278,14.301389,527
0-203-0-10801005002,2864,-9.939427047962159,37.55872243910435,0.9507683331514323,57.03819832402243,47.09877127606028,Filipova Huť,49.0298283,13.5197133,1110
0-203-0-10801017001,1985,25.06042092432692,59.028827385219245,0.7690449424127445,12.708715365239353,37.76913628956612,Srní  Vchynice - Tetov I,49.0606156,13.5041194,930
0-203-0-10801028001,2541,11.724758742081974,42.38859546196817,0.8869569739940413,36.376702085792964,48.10146082787531,Prášily,49.1069,13.3786,883
0-203-0-10801053001,2320,19.121105466142154,48.14643825798332,0.621681560675687,4.6366810344827565,23.757786500624906,Hartmanice,49.17,13.4628,725
0-203-0-10801058001,692,14.371573895069487,42.89558379368629,0.6930741410600664,4.797398843930635,19.168972739000083,Zámyšl,49.22629,13.374402,800
0-203-0-10801069001,3079,-0.9604665842028293,7.1953075518189555,0.8133473284851793,3.9174407275089296,2.9569741433061325,Čachrov,49.264136,13.301694,729
0-203-0-10801073001,2060,1.2710568473462647,7.5768055693990854,0.7136508807009143,2.2667961165048562,3.5378529638511167,Kolinec,49.2981,13.4342,543
0-203-0-10801086001,2362,10.39343871031584,29.52936756572021,0.5738984996509758,2.367273497036401,12.760712207352286,Strašín,49.1779189,13.6413978,637
0-203-0-10801100001,1478,0.09030901545525637,3.3798088950539706,0.8925807501790674,1.670500676589982,1.760809692045251,Nalžovské Hory,49.3347,13.5486,495
0-203-0-10801117001,3050,-0.32094653533777096,4.401293872256213,0.8565934574289298,2.57347540983606,2.2525288744983043,Chanovice,49.4031031,13.7176939,533
0-203-0-10801119001,3237,1.123790422986843,5.676574593116323,0.79825565169339,1.5257954896509072,2.649585912637763,Horažďovická Lhota  Smrkovec,49.3398103,13.5981892,483
0-203-0-10801125001,1756,0.3759070707220871,3.1937709811553776,0.8785990529335587,1.801480637813187,2.177387708535332,Katovice,49.2705208,13.8319189,412
0-203-0-10802004001,1154,-11.80300211521368,30.044629830090905,0.932767464893558,27.41715771230495,15.614155597091367,Kubova Huť,48.986168,13.771537,997
0-203-0-10802009001,3117,5.294905838723143,16.60977587820793,0.7760319650076501,3.932563362207254,9.227469200930269,Vimperk,49.0657822,13.7824278,637
0-203-0-10802015001,760,-0.4416310844294889,20.415392048452123,0.9069185624488834,18.06736842105264,17.625737336623143,Javorník,49.1392,13.6611,988
0-203-0-10802017001,2987,9.174696076306907,27.228326618708735,0.6774039266045117,3.3002343488450037,12.474930425151948,Vacov  Peckov,49.1352075,13.7263994,738
0-203-0-10802028001,1524,0.5970104552699196,3.935581383443473,0.916327425272732,2.317847769028883,2.914858224298809,Zálezly,49.1075389,13.8931481,569
0-203-0-10802038001,2111,0.7330898089830008,4.548116369226605,0.8195663932640548,1.31174798673615,2.044837795719145,Volyně  Nihošovice,49.1854894,13.8612525,448
0-203-0-10802060001,828,0.9174112546469806,4.668713306299382,0.8471364266454725,1.3835748792270546,2.300986133874032,Paračov,49.2014,13.9947,483
0-203-0-10802067001,2506,0.5554522373273448,3.0897936515454827,0.8007511799216399,0.5322426177174774,1.0876948550448318,Kestřany,49.2678992,14.0736942,381
0-203-0-10802073001,3027,-0.5984681749442038,3.4673253304423333,0.8980304813059728,1.6169474727452884,1.0184792978010937,Sedlice,49.3756828,13.9416925,511
0-203-0-10803008001,1865,1.7916233456101827,9.577550193376208,0.8978242071178263,5.5720643431635395,7.363687688773734,Zbytiny,48.92618,13.9691961,792
0-203-0-10803012001,1383,-1.9378430311568895,12.957636376887427,0.9209787736130806,11.890383224873487,9.952540193716562,Mlynářovice,48.9469,13.9014,743
0-203-0-10803016001,4,0.07449089,0.14898178,NA,0,0.07449089,Záblatí,48.9972,13.9321,652
0-203-0-10803031001,2068,0.45927877005234535,4.506585099316525,0.8860267041524658,2.462330754352036,2.9216095244043703,Prachatice,49.0073094,13.9934122,607
0-203-0-10803058001,959,2.0613579485197175,8.996645473906382,0.7727174275318524,2.14494264859228,4.206300597112001,Frantoly,48.9823961,14.1003433,726
0-203-0-10803062001,1297,1.4770475072879283,5.704798546801857,0.8139550680759157,2.25196607555895,3.7290135828469237,Bavorov,49.123889,14.089722,416
0-203-0-10803079601,147,-0.12561694481884333,4.789112170782043,0.7033143256012933,2.7034013605442175,2.5777844157253735,Dříteň,49.1456,14.35,420
0-203-0-10803089001,763,-0.17657293179370664,3.0889084156961752,0.9064718150504973,1.440498034076008,1.2639251022823026,Paseky,49.2497158,14.2682417,482
0-203-0-10804001001,3003,-1.0156221124095575,6.068032251170072,0.8810818420665699,3.2319014319014494,2.2162793194918855,Radošice  Mladý Smolivec,49.5023517,13.7266981,552
0-203-0-10804006001,437,0.3375611205142317,4.194697370093631,0.7455700247884842,1.2013729977116694,1.538934118225904,Lnáře  Kocelovice,49.4333,13.7833,458
0-203-0-10804016002,3068,-1.3272937997959595,6.025870479920428,0.8861151501989942,2.7665906127770805,1.4392968129810924,Závišín,49.487222,13.923056,501
0-203-0-10804036001,41,-1.803874064146341,6.89257305841596,0.7787242954158476,4.585365853658539,2.781491789512196,Rožmitál pod Třemšínem  Zalány,49.65,13.85,650
0-203-0-10804044001,2788,-0.15040041665972137,3.1046022175769483,0.9153965367537206,1.9227403156384504,1.7723398989787034,Březnice,49.5542,13.9461,493
0-203-0-10804052001,1046,-0.042362464907263656,2.341580426402466,0.8260825210800631,0.8573613766730384,0.8149989117657768,Tochovice,49.591667,14.004167,494
0-203-0-10804058001,2124,0.30957926584985995,2.6536877984370704,0.9216389754518176,1.4902071563088426,1.7997864221587054,Mirovice,49.5125,14.0383,444
0-203-0-10804062001,622,-0.1467598680520909,1.493202939431317,0.7599058506257741,0.4011254019292601,0.25436553387717076,Krsice,49.4849553,14.0730208,430
0-203-0-10805001001,2666,0.03329174995777063,2.1423754585520642,0.8680790249812771,0.7949362340585102,0.8282279840162872,Orlík nad Vltavou,49.5033544,14.1683553,431
0-203-0-10805018001,960,0.4283026330305831,4.559744693215441,0.5615780210110007,0.7321874999999958,1.160490133030586,Krásná Hora nad Vltavou  Krašovice,49.6,14.2781,434
0-203-0-10805038001,2953,-0.08325494455116106,3.372532901411416,0.8201522583021544,1.1764307483914753,1.0931758038402961,Nečín  Bělohrad,49.7067,14.2017,465
0-203-0-10805039001,740,-0.0284310059158109,2.841959548926173,0.8472005388375555,1.5252702702702692,1.4968392643544601,Borotice,49.7333,14.2667,470
0-203-0-10805047001,3098,-0.9545100992240206,6.325734865905475,0.874201341685563,3.6502582311168665,2.69574813189283,Střezimíř,49.5381,14.6181,588
0-203-0-10805051001,587,-0.46549109268995126,4.64708353951638,0.9364708726228479,3.672913117546853,3.207422024856901,Vojkov,49.6528,14.5225,463
0-203-0-10805063001,1486,-0.10568241335867702,4.756170891093834,0.9090990075063445,4.0088829071332395,3.9032004937745635,Nechvalice  Chválov,49.55,14.45,580
0-203-0-10805067001,695,-0.4554691863084451,3.791455511626958,0.8707944365639056,2.5815827338129593,2.1261135475044943,Sedlčany,49.6542,14.4269,363
0-203-0-10805078001,1741,-0.33303534616835484,2.3722278189624824,0.9310634483496811,1.008213670304418,0.6751783241360669,Jablonná,49.780786,14.452009,327
0-203-0-10805081001,2443,0.008778167288458564,2.271642096124807,0.8664567210704484,0.8354482194023647,0.8442263866908355,Slapy,49.8222,14.4331,311
0-203-0-10805103001,838,0.08021643453771195,1.9884490973578266,0.9573269943484589,1.36121718377089,1.4414336183085945,Dobříš,49.7858,14.1783,360
0-203-0-10805107001,2936,0.10834443370350391,3.023594789227704,0.8088426445120186,1.017098092643059,1.1254425263465686,Voznice,49.819169,14.212691,385
0-203-0-10901004001,2429,1.4938624208353555,8.820311288878662,0.8917232368081215,6.358130918073268,7.8519933389086916,Žďár nad Sázavou  Stržanov,49.597833,15.936455,605
0-203-0-10901012001,3021,1.3500315768811855,7.553460943783594,0.8696677894291407,3.312777226084071,4.662808802965273,Nížkov,49.5325,15.8067,531
0-203-0-10901041001,2238,-0.20811957266550202,7.523633702920214,0.9167939194240613,4.842761394101865,4.634641821436364,Horní Krupá,49.6739,15.5819,498
0-203-0-10901046001,3104,1.0419202492064275,6.496094480155147,0.879849283008185,3.1458440721649588,4.187764321371409,Polná,49.4864,15.7061,490
0-203-0-10901060001,2992,0.14276198711464788,5.317922206685481,0.8926405603511721,3.11580882352938,3.2585708106440934,Štoky,49.501462,15.590799,530
0-203-0-10901104001,2741,-2.046276510668288,7.844962751202027,0.8131387927665492,3.2283108354615053,1.182034324793208,Habry,49.751989,15.486748,470
0-203-0-10901110001,3163,0.11232420121964014,4.804985866864839,0.9038659620362237,3.2386342080303385,3.3509584092500293,Světlá nad Sázavou,49.6728,15.4075,410
0-203-0-10901114001,3194,1.3870350894866037,7.219895696420949,0.8523174783067781,3.071070757670622,4.458105847157269,Humpolec,49.54701,15.352715,515
0-203-0-10901127001,3054,0.5662456725875981,4.076013360955463,0.8896005092495075,1.776981008513391,2.3432266811010263,Ledeč nad Sázavou,49.698597,15.284048,408
0-203-0-10901134001,3477,-0.12620496130176387,7.032104314443741,0.8321059117174812,3.7140063272936454,3.5878013659918806,Bohdaneč,49.778642,15.223688,460
0-203-0-10901141001,3036,0.02800709192318196,4.739352651131536,0.8836818859103237,2.7575098814229153,2.7855169733461027,Řendějov  Nový Samechov,49.76873,15.08814,444
0-203-0-10902001001,2217,1.6856106129917867,7.921773579870151,0.8950144634313457,4.036490753270165,5.722101366261963,Božejov,49.360705,15.152789,611
0-203-0-10902011001,975,-0.07079585028636032,9.938788969425946,0.8783092220909164,7.139076923076913,7.068281072790562,Nový Rychnov  Sázava,49.4,15.3333,702
0-203-0-10902018001,2647,1.6438706009062474,8.478631858435502,0.8151149411791822,2.221949376652811,3.86581997755904,Pelhřimov,49.4331428,15.2339531,524
0-203-0-10902055001,3030,0.8335428491145481,6.616983113950554,0.8855266213083319,3.3987458745874646,4.232288723702028,Pacov,49.46355,15.02348,494
0-203-0-10902081001,222,1.4972980746666635,9.445348270770968,0.7825651601421078,4.085585585585584,5.582883660252247,Křešín  Kramolín,49.569957,15.06372,550
0-203-0-10902100001,3322,0.7193958799643487,4.533186797338909,0.8478960849384053,1.6610475617098133,2.3804434416741778,Dolní Kralovice  Střítež,49.66272,15.159775,420
0-203-0-10903037001,2873,1.5530276639430554,6.815468223467097,0.8642191069834982,2.8450052210233374,4.398032884966378,Šebířov  Vrcholtovice,49.5997,14.7511,475
0-203-0-10903055001,3107,1.2954096294600719,7.305428646319167,0.884350252111529,4.30827164467328,5.6036812741333195,Načeradec,49.6044,14.9086,502
0-203-0-10903058001,2989,0.07250614701003527,3.226384529507265,0.9124908564941634,1.834928069588485,1.9074342165985354,Veliš,49.6664,14.8233,451
0-203-0-10903065001,197,-0.07965792128934003,1.6961571181398458,0.8656054444562513,0.7106598984771565,0.631001977187818,Vlašim,49.691749,14.894545,415
0-203-0-10903081001,3018,0.3324812566676633,3.01633289708392,0.8833156958441672,1.1763088137839526,1.5087900704516417,Postupice,49.7306,14.7833,421
0-203-0-10903092001,2948,-0.21421769533237764,4.397037543149967,0.8962963501935404,2.8199118046132945,2.605694109280933,Psáře,49.7536,14.9678,475
0-203-0-10903094001,262,-0.34527421351144955,3.022927822438508,0.8212852171925354,1.0874045801526728,0.7421303666412221,Teplýšovice,49.8067,14.8038,463
0-203-0-10903095001,1941,-0.3545416413135569,5.990992070440722,0.8702697774861371,3.1604327666151404,2.8058911253015975,Kozmice,49.8264,14.7942,500
0-203-0-10903095002,370,0.04032819526756905,1.7640697118470217,0.9311440824196057,1.3891891891891874,1.429517384456756,Ostředek  Mžižovice,49.8333,14.8203,445
0-203-0-10903099001,2393,0.17153311954608946,3.7215931231244093,0.8894128295913036,1.666360217300429,1.8378933368465291,Ledečko,49.8494,14.9469,300
0-203-0-10903100001,199,0.025778340371859325,1.47075847603434,0.8727214135597641,0.3472361809045224,0.373014521276382,Čekanov  Úžice,49.88332,14.95468,413
0-203-0-10903101001,2830,0.3167808645601146,4.474554957244685,0.7920348792217308,1.477243816254431,1.7940246808145255,Sázava,49.876432,14.901245,350
0-203-0-10903144001,2987,0.1883221642225748,4.418934187061842,0.840211810535408,1.8390023434884628,2.0273245077110476,Votice,49.6433,14.6333,450
0-203-0-10903164001,3158,0.4572550285768544,3.871825988805778,0.851652820930088,1.6007916402786573,2.0580466688555386,Maršovice  Zahrádka,49.7325,14.5886,358
0-203-0-10903179001,1110,-0.15225522231837876,2.1565037887273113,0.8885300769931018,1.0926126126126094,0.9403573902942358,Lešany  Nová Ves,49.85,14.5106,295
0-203-0-10904008001,3129,-0.2586581129935103,2.2222266670394295,0.9175379264040582,1.2074464685202995,0.9487883555267824,Mníšek pod Brdy,49.8694,14.2625,367
0-203-0-10904009001,2160,-0.6241742457500736,3.083931816214958,0.879498667304023,1.2133796296296309,0.5892053838795562,Jíloviště,49.9233,14.3319,354
0-203-0-10904013001,2129,-0.013448593257726602,1.684761948501759,0.907303834277119,0.7039924847346195,0.6905438914768923,Praha  Komořany,49.9886,14.40636,213
0-203-0-11001002001,687,3.637573809685735,17.188219240150875,0.5378042821846614,1.959534206695781,5.597108016381509,Halže  Branka,49.830833,12.516666,605
0-203-0-11001016001,3416,4.590208403569915,15.509963004009371,0.7057020340257412,1.6853044496487215,6.275512853218662,Tachov,49.798357,12.623135,487
0-203-0-11001043001,1887,1.8809140676689478,8.146732942326441,0.6979911762777026,0.9325914149443609,2.8135054826133037,Chodský Újezd,49.8658,12.6522,565
0-203-0-11001044001,2972,1.6117456391904974,7.618128730931855,0.8324967295595814,2.4023889636608233,4.014134602851376,Planá,49.870952,12.735097,505
0-203-0-11001058001,3532,4.259038583143694,14.569764180311582,0.7743787541198354,3.387938844847089,7.646977427990765,Tři Sekery,49.943647,12.616463,672
0-203-0-11001075001,2196,0.7109689352349039,4.560029207900091,0.8667716994301177,1.9836065573770445,2.694575492611951,Svojšín  Řebří,49.763302,12.881296,460
0-203-0-11001107001,3029,0.7274663892353108,4.718335895414976,0.8133876587766208,1.167183889072312,1.8946502783076404,Staré Sedlo  Darmyšl,49.639765,12.878357,448
0-203-0-11001110001,1450,0.188785749398703,2.2416677214499985,0.9204814587866755,1.0323448275862108,1.2211305769849061,Bor,49.710653,12.770725,471
0-203-0-11001141001,1989,0.9690779367926142,5.145227681110497,0.8754278656697253,2.2874811463046694,3.256559083097292,Úterý,49.938609,13.001143,489
0-203-0-11001153001,2356,2.9513355269584594,11.613034396607178,0.7979965602833512,3.718208828522907,6.669544355481382,Lestkov,49.8836,12.8742,595
0-203-0-11001171001,1022,0.3727853862825247,2.542375175061814,0.6433964495643586,0.30430528375733495,0.6770906700398645,Pernarec,49.8394,13.0975,482
0-203-0-11001177001,3104,0.611410747523547,4.298048045328683,0.8003454757960917,1.146488402061862,1.7578991495853877,Úlice,49.759189,13.143405,428
0-203-0-11001186001,3554,0.9164534465276863,4.347104080528745,0.804609418871904,0.6180641530669667,1.5345175995946478,Plzeň  Radčice,49.765499,13.323199,320
0-203-0-11002020001,2860,0.14562174920042073,4.610069831688717,0.8494980716980188,2.0964335664335594,2.2420553156339937,Trhanov  Chodov,49.41688,12.83535,471
0-203-0-11002037001,3402,0.8202892091949914,4.1287523676717734,0.8303746774342077,0.6980305702527894,1.5183197794478014,Horšovský Týn,49.528213,12.943746,374
0-203-0-11002055001,2977,0.46685931964664024,3.411489921555951,0.825119293737801,1.024219012428621,1.4910783320752585,Kdyně,49.393642,13.045733,475
0-203-0-11002060001,493,1.0537475506170397,5.039281952254336,0.8957515756774163,1.581135902636916,2.6348834532539542,Stanětice,49.4417,13.0225,484
0-203-0-11002064001,1711,0.4884310826730261,3.7497302463750435,0.6944418923677615,0.7449444769140785,1.2333755595871125,Koloveč,49.4836,13.1161,476
0-203-0-11002074001,704,0.2795069287352275,1.4286968771516058,NA,0,0.2795069287352275,Zhoř,49.6611,12.9806,495
0-203-0-11002084001,2830,0.4278094886242714,2.886297365413584,0.7907677957629006,0.7346996466431094,1.1625091352673838,Stod,49.639696,13.166901,337
0-203-0-11002086001,3258,0.3160414760705578,3.4257618004062222,0.9050783098550877,1.632105586249204,1.948147062319797,Chudenice,49.465405,13.176262,490
0-203-0-11002093001,2697,0.30833314556359087,2.4658293249038006,0.7973093441437359,0.6434556915090861,0.9517888370726705,Merklín,49.55887,13.196879,377
0-203-0-11002097001,3753,0.37237134032035824,2.880088306750589,0.8460631022384365,0.9357847055688695,1.3081560458892132,Dnešice,49.601994,13.269301,378
0-203-0-11003009001,3399,0.8550554329239755,6.323880752639642,0.591923032115753,1.0728155339805776,1.9278709669045628,Nýrsko,49.290206,13.135924,457
0-203-0-11003028001,2960,1.3573723948255567,7.202674825852937,0.651236431267917,1.0490878378378403,2.406460232663395,Strážov,49.30562,13.246905,477
0-203-0-11003030001,2429,0.6166909624471056,4.366370801386974,0.8152579042078691,1.3535611362700777,1.9702520987171732,Dlažov,49.3636,13.1669,504
0-203-0-11003072001,3313,0.32712200565146243,2.631650540466586,0.8643730037976238,0.8938122547539983,1.2209342604054751,Lužany,49.54908,13.317522,358
0-203-0-11003073001,1038,0.22306735722211207,2.9335832205492496,0.8810553973557618,1.4450867052023149,1.6681540624244147,Horšice  Újezd,49.5375,13.4047,470
0-203-0-11003082001,3578,0.3038404099938138,4.158778541137169,0.8411531327391151,1.7268865287870256,2.0307269387808526,Netunice,49.61559,13.432035,464
0-203-0-11004001002,896,0.5249402322658477,2.8462870218322567,0.8025010765887187,0.8430803571428572,1.368020589408706,Plzeň  Doudlevce,49.7239,13.3944,312
0-203-0-11005008001,3344,-0.18035030023868365,3.984819273755403,0.8437586833940052,1.8304724880382937,1.6501221877995684,Lovčice  Kvasetice,49.402384,13.493545,597
0-203-0-11005011001,3655,0.2483558126100779,4.080224722486773,0.8676155976149282,2.0064295485636277,2.2547853611736826,Žinkovy,49.486555,13.491503,475
0-203-0-11005023001,3085,0.2990787634820397,4.983768594339276,0.7725139986766453,1.8235656401944924,2.1226444036765084,Životice,49.470036,13.681495,484
0-203-0-11005040001,3512,0.7026446004694283,4.084315126712707,0.7658163521034631,0.9097665148063804,1.6124111152758138,Seč,49.587397,13.506002,398
0-203-0-11005046001,3116,-1.5339981573678432,7.71504887697374,0.851552668022415,4.381931964056464,2.8479338066886557,Borovno  Míšov,49.623944,13.727867,651
0-203-0-11005050001,3527,0.5405947170021338,3.6805266072360174,0.8122990284460025,1.0164162177488005,1.5570109347509442,Spálené Poříčí,49.615175,13.604538,420
0-203-0-11005051001,2958,0.4735738292512883,3.4626077097262282,0.8422874640882083,1.035902636916841,1.5094764661680982,Nezvěstice,49.635765,13.528521,371
0-203-0-11005057001,734,-0.05352347452138868,1.9563031635121773,0.9256067228685656,1.2933242506811997,1.23980077615981,Šťáhlavy,49.6767,13.5208,364
0-203-0-11101013001,2940,0.752804786962028,5.662126061982327,0.8159511669312177,2.171870748299313,2.924675535261346,Strašice,49.742781,13.753217,526
0-203-0-11101016001,3060,0.6409769534604052,3.650114651393956,0.8088665469390075,0.8620261437908554,1.50300309725126,Dobřív,49.717616,13.689215,417
0-203-0-11101025001,3055,0.576420474462095,3.9646320055826068,0.842809855534862,1.503142389525373,2.079562863987473,Holoubkov  Medový Újezd,49.77498,13.71137,433
0-203-0-11101034001,922,0.06295600343785228,3.694176322759582,0.9013153046643567,2.4470715835141004,2.5100275869519524,Osek,49.7792,13.6014,410
0-203-0-11101046001,2683,0.6360616875105982,3.732609122655112,0.8411528649549297,1.035557212076034,1.6716188995866377,Břasy  Darová,49.8389,13.5206,332
0-203-0-11101047001,2698,0.8643320658827213,7.128377995437337,0.7451020486216583,2.4104892512972285,3.2748213171800518,Úněšov  Číhaná,49.894104,13.128163,573
0-203-0-11101055001,2981,0.8868866853833032,4.946178551900242,0.8805971573198108,2.1213686682321393,3.0082553536154544,Horní Bělá  Vrtbo,49.884347,13.248312,513
0-203-0-11101060001,3674,0.37449701092316173,3.324339326246899,0.8179830976399047,1.0650244964616278,1.4395215073847751,Hromnice,49.848142,13.445309,336
0-203-0-11102023001,2896,0.35010019410558585,5.094564273742136,0.8271453520565107,2.3288328729281895,2.6789330670337623,Žlutice,50.09822,13.160412000000001,569
0-203-0-11102028001,3517,1.51658470677618,9.234048189150702,0.7406424850676736,3.063548478817152,4.580133185593335,Verušičky,50.140984,13.172377,582
0-203-0-11102036001,3014,-1.3040672109324885,7.531755776888009,0.8971311776562992,5.653351028533518,4.349283817601025,Bezvěrov,49.993664,13.054363,699
0-203-0-11102044001,3564,1.9405538781241538,7.866048549360011,0.6929339822662631,1.131172839506171,3.071726717630296,Manětín,49.992466,13.22757,436
0-203-0-11102061001,1627,0.7086527669291959,3.8691352737484346,0.7794678905847457,1.0028887523048624,1.7115415192340462,Mladotice  Černá Hať,50.0083,13.3342,506
0-203-0-11102069001,3173,0.5252033700942047,2.909869155462148,0.8597398809967549,0.8216199180586226,1.3468232881528386,Plasy,49.933074,13.382176,330
0-203-0-11102088001,3038,0.21060388091510762,1.879741057649558,0.8723992471334604,0.5500329163923706,0.7606367973074701,Liblín,49.916487,13.5451,299
0-203-0-11102119001,3654,0.05592849940305822,2.0597722979510342,0.9305514005123526,1.34964422550631,1.405572724909353,Slabce  Modřejovice,49.992453,13.690636,389
0-203-0-11102135001,1812,-0.11193564469573397,1.9723887170262546,0.9254395522912018,1.0419426048565146,0.9300069601607817,Terešov,49.901862,13.707071,402
0-203-0-11102140001,1214,-0.1029694017070895,4.014850222128536,0.9044249202392874,2.8993410214167965,2.7963716197097233,Ostrovec  Kohoutov,49.912621,13.774443,530
0-203-0-11102145001,2044,0.7153765241817976,4.8502004617766215,0.7941961141182875,1.3408023483365983,2.056178872518397,Broumy,49.9519,13.8575,410
0-203-0-11102153001,2954,0.011835095720829891,2.815803436231598,0.8586187067420976,1.156364251861889,1.168199347582721,Karlova Ves,49.990212,13.861277,405
0-203-0-11103001001,2984,0.6948010411595772,4.032766074288135,0.8258276161917476,1.1654825737265464,1.8602836148861086,Oráčov,50.10814,13.54839,401
0-203-0-11103006001,698,0.041781968936170075,2.34731099645297,0.9113575527557898,1.5128939828080223,1.554675951744194,Petrovice,50.0661,13.6369,396
0-203-0-11103015001,3093,0.4924534862586332,2.6068838327279322,0.8538926599047537,0.5827675396055619,1.0752210258641925,Rakovník,50.099245,13.738651,313
0-203-0-11103017001,2815,-0.20870833395530994,2.862394131208872,0.8935949986920864,1.794635879218472,1.5859275452631527,Kounov,50.214902,13.672193,418
0-203-0-11103024001,2157,0.6211144827490618,4.378380404853407,0.7431138899461426,1.1109411219286007,1.7320556046776623,Krušovice,50.174061,13.77522,385
0-203-0-11103040001,3041,-0.385534042629862,2.9754448884824467,0.9037803299269691,1.977606050641228,1.5920720080113797,Nový Dům,50.0897,13.829224,400
0-203-0-11103043001,2116,0.1451816721758782,2.2361915638975103,0.853174831835254,0.7262759924385668,0.8714576646144381,Křivoklát,50.0381,13.8808,323
0-203-0-11103045001,3046,-0.603317300508928,3.5543724124132896,0.9073679549542285,2.366874589625766,1.763557289116836,Nové Strašecí,50.1456,13.8942,482
0-203-0-11103049001,3034,0.09216134477921352,2.5552695335779227,0.8787339839463453,1.00774555042848,1.0999068952076934,Zbečno,50.0614,13.935,262
0-203-0-11103053001,1085,0.2620781614267278,1.9480548759419738,0.5250958975771081,0.1456221198156672,0.4077002812423956,Sýkořice  Skalka,50.05,13.9833,392
0-203-0-11103064001,1737,0.10447621089390859,1.7498999652593108,0.8968776773143271,0.639320667818073,0.7437968787119893,Beroun,49.9711,14.0642,265
0-203-0-111040030,3109,0.21137914888710974,5.321613046495754,0.8312073693290846,2.494885815374719,2.706264964261792,Podlesí,49.6897,13.9806,510
0-203-0-11104013001,666,0.04410509375315332,2.2590641490389345,0.8401739185406295,1.0840840840840853,1.1281891778372364,Jince,49.7819,13.9797,405
0-203-0-11104016001,1513,0.04702389858598761,1.579432155629626,0.936630199389481,0.815598149372104,0.8626220479580956,Rpety,49.8272,13.9369,360
0-203-0-11104026001,1738,-0.16342689739030605,2.411966905955144,0.8877213364000545,1.1405063291139264,0.9770794317236215,Hvozdec  Mrtník,49.798186,13.872083,425
0-203-0-11104027001,1950,-0.010015740013779839,4.831303238467445,0.78299508634509285,1.9098461538461493,1.899830413832367,Zaječov  Nová Ves,49.7625,13.8425,485
0-203-0-11104046001,2375,0.7126571163280924,4.334399204063787,0.7685719810467522,0.7837894736842048,1.496446590012302,Zdice,49.9108,13.9714,305
0-203-0-11105018001,2450,-0.22382547317705873,3.626067237936944,0.8337858664000795,1.736857142857142,1.5130316696800783,Unhošť,50.0867,14.1272,389
0-203-0-11105027001,1975,-0.11059836293767018,1.6797851419566574,0.9195421873203693,0.7728607594936721,0.6622623965559987,Loděnice,49.9964,14.1567,255
0-203-0-11105036001,2882,-0.11662551626117286,2.1953975696762686,0.8729980940994871,0.7468771686328879,0.6302516523717189,Liteň,49.9033,14.1506,320
0-203-0-11105048001,2292,-0.245489639681629,2.622294244710741,0.8738850549520215,0.9694589877835994,0.7239693481019691,Praha  Zadní Kopanina,50.0072,14.3178,330
0-203-0-11201006001,2320,-0.3927038877747833,2.486450168985365,0.8662595394618945,1.0818534482758597,0.6891495605010777,Praha  Braník,50.0383,14.4239,260
0-203-0-11201018001,1531,-0.15484816666649232,1.7632912414075677,0.7578274181898341,0.5070542129327229,0.35220604626623253,Průhonice,50.007829,14.561121,312
0-203-0-11201020001,356,-0.06055847529101127,0.6534712825123687,0.9267386156877943,0.1952247191011239,0.13466624381011222,Praha  Vinohrady - Flora,50.07584,14.46186,280
0-203-0-11201020002,1344,-0.14699261858087817,1.9827267610331436,0.8309951707455319,0.7156249999999998,0.5686323814191225,Praha  Hostivař,50.0342,14.535,251
0-203-0-11201020003,1210,-0.5354886995935573,2.843298182986452,0.9323839042761995,1.1730578512396674,0.6375691516461132,Praha  Chodov,50.0294,14.5,297
0-203-0-11201021001,972,-0.3725874770704733,2.1380317649498966,0.8990666798909328,0.902572016460903,0.529984539390435,Praha  Smíchov,50.064444,14.394722,274
0-203-0-11201024001,2490,-0.8645084359640478,4.045995450345917,0.8819713023739768,1.8912449799196762,1.026736543955624,Praha  Břevnov,50.080843,14.352689,355
0-203-0-11201026001,2259,-0.6366560893741725,3.224262938605091,0.902465408853725,1.6093846834882497,0.9727285941140971,Říčany,50.0003,14.6717,385
0-203-0-11202001001,969,-0.09069297031527303,1.4521710325968613,0.8759997959594136,0.5609907120743046,0.4702977417590307,Praha  Podbaba,50.1172,14.3942,183
0-203-0-11202007001,2772,-0.20559918367160904,2.0782984876890898,0.8718086935563732,0.8591269841269811,0.6535278004553721,Praha  Suchdol,50.1436,14.3906,268
0-203-0-11202034001,3154,0.2245833454124172,3.1512939860312725,0.745267108620465,0.7912492073557353,1.0158325527681298,Koleč,50.1991,14.2377,238
0-203-0-11202066001,1321,0.33115205527501856,2.8101953512285838,0.7567311818460638,0.4811506434519273,0.8123026987269508,Zlonice,50.283586,14.086873,231
0-203-0-11202078001,2673,0.42632346030164037,3.1764407455060577,0.756943592817018,0.6508791619902787,1.077202622291925,Slaný,50.236779,14.090481,307
0-203-0-11202086001,733,0.04687653891096605,1.269728590446117,0.7044566691203966,0.29781718963165055,0.344693728542617,Hospozín,50.3061,14.175,195
0-203-0-11203009001,601,-0.07229541020682238,1.8600129813348623,0.879584249952783,0.5396006655574064,0.4673052553505827,Vysoká  Bosyně,50.4165833,14.5482556,307
0-203-0-11203010001,1932,1.1960062520184422,6.14588913151535,0.6972178880322761,0.9642857142857109,2.160291966304156,Střemy,50.38361,14.56861,269
0-203-0-11203016001,184,-0.12217483445380434,1.1056288570099704,0.7176422444992732,0.33206521739130435,0.20989038293749993,Mělník,50.3558,14.4739,184
0-203-0-11203017001,1401,-0.05783998938436832,1.1099993355891018,0.9400934763702286,0.49593147751605976,0.43809148813169,Hořín,50.3422,14.465,158
0-203-0-11203020001,2701,0.2838312284399129,3.4770171626681843,0.8154979785649972,0.9969640873750374,1.2807953158149532,Dubá  Nedamov,50.536399,14.555594,258
0-203-0-11203037002,584,0.06635879229212327,1.324417183537274,0.8551536321819183,0.450684931506849,0.5170437237989727,Hněvice,50.442,14.35038,179
0-203-0-11203039001,3259,0.02513564798734577,1.6812032181616678,0.7966920216254951,0.40871432954894055,0.43384997753628846,Roudnice nad Labem,50.42731,14.24917,175
0-203-0-11203051001,2555,-0.12055234460492549,3.0522586376683645,0.8467427419385812,1.3549510763209323,1.2343987317160112,Úštěk  Habřina,50.59617,14.30925,280
0-203-0-11203055001,686,0.01751205684620769,2.460114387014714,0.8934021156858023,1.3588921282798883,1.3764041851260953,Liběšice,50.5675,14.2839,240
0-203-0-11203061001,338,0.2963496115224855,2.2532090529169966,0.718130187383868,0.509467455621302,0.8058170671437875,Snědovice  Velký Hubenov,50.5278,14.4025,230
0-203-0-11203066001,292,-0.08032456691438315,1.547264375387304,0.7945121266967891,0.5202054794520544,0.4398809125376714,Chcebuz,50.4819,14.4314,305
0-203-0-11301011001,471,0.36777403997239944,3.665277583719878,0.7796507616643527,1.229087048832273,1.59686108880467,Dolní Hraničná,50.08,12.2847,475
0-203-0-11301018001,2083,-0.6668627907194375,4.781339175394588,0.8830203824461543,2.7279404704752865,2.061077679755837,Hazlov,50.159224,12.270389,551
0-203-0-11301025001,1539,0.5995690627872642,4.896963097951378,0.8331313196006399,2.0337881741390538,2.633357236926321,Skalná,50.169754,12.363183,455
0-203-0-11301046001,2974,10.329147311134102,29.709550787084112,0.7509378414598643,3.7821116341627565,14.111258945296816,Luby,50.256881,12.400238,524
0-203-0-11301059001,2115,0.08742568284090076,3.729072054204562,0.8547596400324755,1.7054373522458648,1.7928630350867616,Starý Hrozňatov,50.025396,12.389416,452
0-203-0-11301070001,1776,2.478308230887548,8.989981366841635,0.7519463773395186,1.5069819819819776,3.9852902128695256,Dolní Žandov,50.019769,12.550387,537
0-203-0-11301082001,1336,-6.0854187321185,22.007626419095146,0.7405568773761474,11.093338323353317,5.007919591234816,Kynžvart  Lazy,50.05,12.62322,845
0-203-0-11301086001,2199,-0.04335310209135697,5.725785947193069,0.8140215488347071,2.4857207821736993,2.442367680082344,Habartov,50.180156,12.54853,484
0-203-0-11301092001,473,0.5019521176105706,2.172087892366306,0.9079280394206608,0.5731501057082437,1.0751022233188134,Sokolov,50.176985,12.639266,407
0-203-0-11301096001,1078,3.611988322859099,17.94079135549864,0.9193370374138138,18.513914656771867,22.125902979630855,Bublava,50.3711,12.5033,711
0-203-0-11301106001,1254,-1.4667289772188534,26.112783814480743,0.8882244470564383,25.794497607655487,24.327768630436683,Přebuz,50.37246,12.615467,904
0-203-0-11301117001,2070,-3.191934393662371,12.076754656227225,0.8536886220974879,5.694009661835775,2.5020752681733884,Oloví,50.24589,12.559014,537
0-203-0-11301161001,3111,17.843310392684163,44.58836060185529,0.7881986954058243,12.020604307296678,29.863914699980814,Nejdek,50.335684,12.715486,609
0-203-0-11302001001,1432,4.400987710747276,14.440908155491393,0.7850634651724994,3.8975558659217726,8.298543576669054,Teplá,49.9833,12.8667,670
0-203-0-11302015001,2228,0.7994125688356271,6.534759387775917,0.8889277631512061,4.137746858168747,4.937159427004396,Bečov nad Teplou,50.0824,12.836679,529
0-203-0-11302021001,2269,1.5697760933792864,7.3949337316568275,0.791282822641879,2.285852798589685,3.8556288919689647,Březová,50.197003,12.856646,435
0-203-0-11302028001,2340,1.4844373391895926,7.736656213046749,0.777797068907547,2.6639743589743525,4.148411698163952,Kolová  Pila,50.179781,12.92504,535
0-203-0-11302052001,3406,8.138136447360795,23.032111028620367,0.6836788177881458,2.5969172049324927,10.735053652293288,Šemnice  Radošov,50.277061,12.994221,351
0-203-0-11302057001,2100,-4.4004460010801925,19.60084907485421,0.9434894450911394,24.40519047619053,20.00474447511027,Abertamy,50.367742,12.816447,893
0-203-0-11302082001,2132,3.6003870729406415,13.11627936527957,0.6348361613585493,1.4620075046904468,5.062394577631065,Stráž nad Ohří,50.338823,13.051677,330
0-203-0-11302113001,2909,2.1512797314768153,16.853067488061043,0.8646544706131754,12.151082846339003,14.302362577815765,Výsluní,50.46428,13.23853,738
0-203-0-11303005301,1593,0.06551657974045752,1.6875320161058665,0.9201914559932318,0.5834902699309414,0.6490068496713978,Vilémov,50.3011,13.3078,300
0-203-0-11303014001,221,-0.41156570411764754,2.204105238860253,0.9052105152095704,1.5199095022624445,1.1083437981447963,Krásný Dvůr,50.2525,13.3722,330
0-203-0-11303017001,2072,-0.35844037533110745,3.152655570411308,0.878498250133279,1.5749517374517192,1.2165113621206372,Mašťov,50.2608,13.2828,373
0-203-0-11303019001,221,0.21026333283257903,1.9033957499801828,0.6369981366998291,0.31221719457013575,0.5224805274027151,Veliká Ves  Vitčice,50.2861,13.3417,315
0-203-0-11303052001,1636,-2.1547379032007377,8.236748745507931,0.8881127175068397,3.9865525672371755,1.8318146640364366,Valeč,50.1794,13.2528,518
0-203-0-11303060001,3436,0.7068445116664414,4.568111048841414,0.8058737217576027,1.5947613504074494,2.3016058620738975,Velečín  Pastuchovice,50.07036,13.38189,470
0-203-0-11303071002,1685,0.4372699155820759,3.7318379958220036,0.8454586194489985,1.1637388724035593,1.6010087879856398,Kryry,50.1767,13.4272,306
0-203-0-11303078001,2761,0.39889808789721254,2.583473343796097,0.8535188093815882,0.7406736689605217,1.139571756857736,Velká Černoc,50.20283,13.58406,329
0-203-0-11303100001,2949,-0.11412499110430373,2.433950214273466,0.881125441012079,1.0039674465920672,0.8898424554877513,Hřivice,50.292153,13.732,270
0-203-0-11303109001,972,7.8274968825697515,22.506288197226684,0.6867095316572474,3.233333333333329,11.060830215903097,Blatno  Bečov,50.5136,13.3314,595
0-203-0-11303111001,1681,-4.988226346645616,17.305773932639532,0.8211730801551338,7.032361689470553,2.0441353428249527,Křimov,50.499,13.31453,570
0-203-0-11303115501,1760,0.9729128637712565,5.1118181109808205,0.7975808631743633,1.646079545454549,2.618992409225801,Málkov  Zelená,50.448,13.327,410
0-203-0-11303115901,86,0.19146449868604645,4.620132550426286,0.8572919736656543,5.104651162790697,5.296115661476745,Chomutov,50.447222,13.405833,333
0-203-0-11303115902,3306,-0.14405619339129977,3.558859347171386,0.7402086755625773,1.0786448880822959,0.9345886946909873,Chomutov,50.46225,13.39711,362
0-203-0-11304017001,3358,0.08062159532276005,1.8518946509005354,0.8252164885456753,0.540619416319241,0.6212410116419991,Cítoliby,50.3361,13.8164,235
0-203-0-11304028001,2755,0.01813164593829242,2.0446653889316475,0.8007468132115046,0.5772776769510034,0.5954093228892972,Peruc,50.3386,13.9542,350
0-203-0-11304041001,2576,0.1847418505843561,2.2394860225731157,0.8075012732344474,0.5656832298136703,0.7504250803980121,Libochovice  Poplze,50.39983,14.04575,165
0-203-0-11304046001,2778,0.03505749017991179,2.4136112615667424,0.8468984849306741,0.8646868250539964,0.899744315233904,Dlažkovice,50.47,13.95222,278
0-203-0-11304050101,581,0.14622802252151448,1.6767787150848796,0.740833853965336,0.5249569707401024,0.6711849932616174,Mšené-lázně,50.362222,14.123889,220
0-203-0-11304061001,2859,-0.10959604424379471,2.2257234460567767,0.86860228105782,0.776320391745376,0.6667243475015607,Straškov-Vodochody,50.36389,14.255,214
0-203-0-11305002001,2768,0.3978130280115575,2.4805622932771887,0.7928069265625971,0.43493497109826446,0.8327479991098325,Litoměřice,50.543229,14.140687,206
0-203-0-11305010001,2571,-0.08638716121471102,3.1282725220197074,0.8912737368863484,1.678607545702064,1.5922203844873515,Milešov,50.53642,13.94231,348
0-203-0-11305015001,2793,0.4309346945240961,2.922382497529431,0.7820479550224814,0.6206945936269261,1.051629288151019,Ústí nad Labem  Církvice,50.59228,14.04103,150
0-203-0-11401,2455,-3.4470245777265776,11.796121491380495,0.9139024956658758,9.436008146639614,5.988983568912991,Aš,50.220602,12.179572,675
0-203-0-11401004201,3272,-3.700746029059327,15.700713740184261,0.9007809793375466,13.18679706601454,9.486051036955336,Boleboř,50.537395,13.415082,600
0-203-0-11401004901,661,-0.3898267444358547,2.629633621547587,0.8446865989628458,1.2137670196671717,0.8239402752313157,Otvice,50.4811,13.4472,325
0-203-0-11401004902,264,0.9852774845920448,5.6352224131251045,0.8783536802395977,2.0223484848484854,3.007625969440528,Vrskmaň  Újezd,50.4931,13.4972,307
0-203-0-11401005101,425,0.29552370239999987,2.708499033493676,0.4660102982890264,0.22235294117647064,0.5178766435764699,Most  Komořany,50.528,13.571,233
0-203-0-11401005501,2374,-4.654398606247409,14.137624380076675,0.7290834563148263,6.41373209772533,1.7593334914779235,Litvínov  Lounice,50.610805,13.559339,478
0-203-0-11401020001,2689,1.6166885874264527,22.769596340351235,0.8690498604762189,17.630383042023123,19.247071629449508,Klíny,50.63875,13.55153,807
0-203-0-11401021001,245,-3.3737368499591804,9.668221845429446,0.9204209345768997,6.196734693877551,2.8229978439183734,Litvínov,50.600686,13.611111,345
0-203-0-11401043001,3032,0.018762270558493322,3.411133943273578,0.8561060599736926,1.7560356200528124,1.7747978906112645,Měrunice  Žichov,50.47908,13.79031,367
0-203-0-11401047001,2589,-0.32877789800089224,3.834703253155313,0.8396005748133772,1.8182309772112686,1.4894530792103855,Lukov,50.527833,13.883763,502
0-203-0-11401048001,3316,1.4112381640516884,6.305924204876387,0.7306850039228101,0.6692098914354696,2.080448055487171,Bílina,50.539526,13.775657,270
0-203-0-11401056001,2967,9.212680379323674,25.000095607356208,0.7673480585511143,5.864408493427772,15.077088872751423,Hrob  Křižanov,50.654,13.71953,360
0-203-0-11401079001,210,0.21829462899523797,1.3520402115046628,NA,0,0.21829462899523797,Bořislav,50.575833,13.929444,380
0-203-0-11401094001,2608,-2.8716518576549785,9.728176441895686,0.6788497087476273,3.8018021472392673,0.930150289584275,Telnice  Varvažov,50.725083,13.964611,340
0-203-0-11401097301,2730,-3.6831303980292933,13.174817780774918,0.7424922106562133,5.156117216117177,1.4729868180879118,Dubí,50.68056,13.80214,402
0-203-0-11402017001,2837,1.034539990681524,5.291717389194927,0.7411658600028949,0.8837504406062755,1.918290431287808,Děčín  Těchlovice,50.69783,14.20433,150
0-203-0-11402027001,1636,-2.7947473938042107,11.166140953438699,0.8677743899337454,6.713630806846006,3.918883413041745,Tisá,50.78694,14.02167,556
0-203-0-11402030001,2846,0.763793847207421,6.469237870403804,0.8230414324979418,2.4313070976809787,3.195100944888368,Jílové,50.76642,14.10183,310
0-203-0-11403,230,2.3417687464478263,10.836049720623596,0.1835678004830448,0.06608695652173903,2.4078557029695653,Královské Poříčí,50.1972,12.6361,416
0-203-0-11403005001,2892,-0.2756300321076018,6.403697391402334,0.8487485853905087,3.643257261410796,3.3676272293031806,Křižany,50.738722,14.907056,395
0-203-0-11403025001,3481,-0.09183347102002512,4.581910951244865,0.8681890334330503,2.6556736569951247,2.563840185975092,Mimoň,50.65975,14.72494,278
0-203-0-11403041001,2867,0.5328085756852431,8.917778362263194,0.8910666914416556,6.0020579002441306,6.534866475929397,Mařenice,50.80967,14.676,395
0-203-0-11403046001,486,3.984602421855976,13.433811538582859,0.742941870739843,3.626543209876546,7.6111456317325255,Cvikov,50.775833,14.633333,357
0-203-0-11403051001,2768,5.369156820343641,17.858984442660887,0.7385702533611582,2.276770231213832,7.64592705155755,Nový Bor,50.75,14.55719,358
0-203-0-11403070001,2073,0.6897067615087832,4.594949899403782,0.8108193741372293,1.2594790159189706,1.9491857774277535,Kravaře,50.63392,14.39306,283
0-203-0-11403070002,1603,-1.8615933519207606,10.579596721514337,0.825652598350456,4.860761072988145,2.9991677210673906,Verneřice,50.65789,14.30492,507
0-203-0-11403079001,2112,0.44298152849228184,3.610999794262462,0.8805207175256129,1.7329071969697027,2.1758887254619923,Zahrádky,50.61428,14.51467,270
0-203-0-11403086001,2923,0.4271124261775574,3.547889606516484,0.8841772577900175,1.6861443722203242,2.1132567983978863,Žandov  Horní Police,50.708083,14.403417,275
0-203-0-11403099001,2673,1.393999894740892,6.562967402374777,0.8153059464220869,1.6127197904975616,3.00671968523846,Benešov nad Ploučnicí,50.74422,14.31186,250
0-203-0-11405001001,2576,-3.6779056069821108,15.182684292674145,0.883458495380005,11.848913043478271,8.171007436496144,Kytlice  Mlýny,50.81333,14.49222,406
0-203-0-11405003001,2934,2.877237716681581,10.477280888595851,0.8535530749236476,3.23520790729376,6.11244562397532,Česká Kamenice,50.80333,14.44361,328
0-203-0-11405014001,3485,4.4335304557814315,15.87862351009172,0.8294367296062793,6.135007173601133,10.568537629382531,Chřibská  Horní Chřibská,50.85289,14.52456,440
0-203-0-11407,1660,0.46609822443541815,4.3003209779546,0.8847960739729384,2.470783132530136,2.936881356965559,Františkovy Lázně,50.116796,12.351238,435
0-203-0-11408,2139,11.160074467523053,32.147055836600494,0.8043091953365853,11.02552594670413,22.18560041422704,Šindelová  Obora,50.317449,12.597466,589
0-203-0-11409,213,3.948093209218309,11.939287326707293,0.9648967889973884,14.013145539906105,17.96123874912441,Kynžvart,50.0069,12.6347,710
0-203-0-11410,1182,-7.898126438890508,31.90525773427953,0.8106947346783628,15.114551607445135,7.216425168554507,Dyleň,49.968079,12.502849,939
0-203-0-11411,476,43.14380219893697,62.866422599884814,0.9067917286344386,45.73802521008402,88.88182740902103,Potůčky,50.4147,12.7425,775
0-203-0-11412,17,4.173747592058824,10.437201290768172,0.476586757393192,2.0294117647058822,6.203159356764706,Vřesová,50.2417,12.7133,461
0-203-0-11413,2005,-7.556794082507716,20.894009836678865,0.8472642512098931,13.4495760598505,5.892781977342681,Mariánské Lázně  vodárna,49.990619,12.695966,696
0-203-0-11415,2192,4.6889371552044015,14.682437682453518,0.6882708895135676,2.4846259124087564,7.173563067613153,Karlovy Vary,50.227229,12.878151,377
0-203-0-11416,52,7.555338002192309,16.686839206228978,0.9381854928293765,18.64423076923077,26.199568771423078,Toužim,50.0586,12.9858,635
0-203-0-11417,1766,0.9441631400527863,6.864256869825431,0.8589604364606499,3.5713476783691984,4.5155108184219825,Krásné Údolí,50.071286,12.920958,650
0-203-0-11418,293,0.5969005995870313,3.830041411758927,0.9138404945123765,3.5952218430034213,4.19212244259044,Mariánské Lázně  Skláře,49.9272,12.7183,540
0-203-0-11419,1974,1.4986986212123459,7.03339551392295,0.8119030934161743,2.5869807497466994,4.085679370959085,Konstantinovy Lázně,49.884787,12.975956,530
0-203-0-11420,1737,-41.640156881484934,90.57989271886062,0.8862559290578026,77.72671272308563,36.086555841600884,Klínovec,50.3948,12.967957,1236
0-203-0-11425,1040,8.312384109145679,22.707986180290966,0.6214711997442893,2.5885576923076905,10.90094180145336,Mutěnín,49.5458,12.7467,480
0-203-0-11428,3286,0.2972886667439291,3.614440116578934,0.8792827756034213,1.5661594643944,1.863448131138363,Domažlice,49.444716,12.922385,458
0-203-0-11430,1424,0.0023382685210212232,14.929580887171783,0.8888914273680755,13.31334269662922,13.315680965150262,Měděnec,50.42936,13.13256,828
0-203-0-11431,12,51.538902583333325,61.50693770699902,0.878131543051735,41.583333333333336,93.12223591666667,Hora Svatého Šebestiána,50.5117,13.2525,841
0-203-0-11432,2367,-2.462658354140633,18.4360065289853,0.7899683126322502,11.17131389945077,8.708655545310242,Nová Ves v Horách,50.59244,13.48561,725
0-203-0-11434,67,30.969760671,51.171787251481156,0.47346315155712393,9.995522388059703,40.9652830590597,Jirkov  Újezd,50.5,13.4667,275
0-203-0-11435,248,4.335446444087503,14.548727723847483,0.6772274427263406,1.9943548387096743,6.329801282797171,Kadaň,50.3833,13.2667,330
0-203-0-11437,1005,0.34210895166855204,2.501828179217301,0.8536930447514197,0.7991044776119423,1.1412134292804998,Blšany,50.2169,13.4664,290
0-203-0-11439,941,0.05293667930892628,2.3323620313460482,0.9085842458325369,0.9887353878852201,1.0416720671941562,Strojetice,50.17378,13.47694,372
0-203-0-11442,2001,0.2851241864136597,2.803205050433789,0.9187184452300478,1.5881059470264738,1.8732301334401618,Kralovice,49.981823,13.494007,449
0-203-0-11443,424,0.14385132545283114,2.5634572374619307,0.9414829368393306,2.275471698113203,2.4193230235660335,Kněževes,50.144579,13.634577,358
0-203-0-11444,746,0.05153990875388708,1.380548060220675,0.8971813228685115,0.45026809651474453,0.5018080052686328,Heřmanov,50.148529,13.57133,407
0-203-0-11446,2009,-0.010849220606668599,2.8562010598028564,0.9055387472657274,1.758934793429546,1.7480855728228935,Plzeň  Bolevec,49.788378,13.386411,331
0-203-0-11447,1850,0.7965965564325619,4.125143020587429,0.8386269460524668,1.2315135135135193,2.0281100699460555,Stříbro,49.752524,12.981105,438
0-203-0-11448,813,0.13413096358327484,3.6204306841208695,0.8141095829780715,1.7432964329643237,1.8774273965475994,Plzeň  Dobřany,49.6764,13.2694,360
0-203-0-11449,741,0.4474249083157881,3.214399674384428,0.8524208120775782,0.9230769230769238,1.3705018313927104,Plzeň  město,49.7342,13.3761,335
0-203-0-11451,2107,0.380207167408947,3.874917203474676,0.843812539864903,1.2001898433791947,1.5803970107881689,Staňkov,49.552537,13.067369,362
0-203-0-11453,2176,39.7506361330929,83.23750222464655,0.7405977749462275,17.807123161764626,57.557759294857476,Hojsova Stráž,49.212473,13.197146,866
0-203-0-11454,2059,-0.6863165630216658,5.093153897519244,0.8793155770298205,2.9650315687226843,2.278715005701026,Libkov,49.366344,13.135593,574
0-203-0-11455,3377,0.129983370578307,3.021306908320723,0.8671752055198297,1.4288125555226514,1.558795926100966,Klatovy,49.39042,13.303016,421
0-203-0-11456,501,0.9893074441137735,5.265467422485854,0.810111242879328,2.8504990019960057,3.839806446109782,Hrádek,49.2667,13.5,495
0-203-0-11460,528,-11.54788286157007,32.64088320693487,0.6529177772602617,12.834659090909085,1.2867762293390173,Cínovec,50.7319,13.7672,830
0-203-0-11461,3197,0.025478766966512786,2.819961623849325,0.8269832397051425,0.9380982170785163,0.963576984045025,Teplice,50.645153,13.836344,227
0-203-0-11463,200,-5.958093266895002,12.661316060422694,0.8703036153381588,11.244999999999996,5.286906733104997,Dubí,50.6875,13.7881,410
0-203-0-11465,1824,0.0548292569437077,2.305548970218502,0.8143207034893966,0.7294407894736892,0.7842700464173904,Smolnice,50.30872,13.85617,345
0-203-0-11466,473,0.03424345489640353,4.304613743730947,0.35844263602841747,0.2551797040169149,0.2894231589133193,Lenešice,50.3733,13.7653,181
0-203-0-11467,836,0.18393949015968997,1.8260585545668158,0.8858565188002184,0.8733253588516758,1.0572648490113636,Žatec  Velemyšleves,50.3789,13.5775,273
0-203-0-11468,2365,0.34372174002167266,2.9589489208787305,0.7256162049152276,0.39331923890063675,0.7370409789223039,Žatec,50.34147,13.54319,210
0-203-0-11469,447,-4.92544772986757,13.547958535926218,0.9489454642789038,7.544295302013446,2.6188475721458624,Hříškov,50.2714,13.8619,428
0-203-0-11471,1311,0.2811406495293686,2.888460411438878,0.7126842029975947,0.5332570556826861,0.8143977052120507,Louny,50.3533,13.8203,230
0-203-0-11474,2705,-0.2496120821352027,2.536198720605561,0.9026511743405405,1.1452865064695061,0.895674424334294,Lány,50.124148,13.952337,415
0-203-0-11478,1941,-0.3944681618149946,2.5380598161380963,0.9430607100509413,2.159866048428656,1.7653978866136606,Zbiroh  Švabín,49.853987,13.751748,476
0-203-0-11483,3134,-0.6487079595568613,5.9338944970989695,0.818751674120891,3.078589661774084,2.429881702217165,Rožmitál pod Třemšínem,49.605,13.8664,524
0-203-0-11484,780,-0.8419511174271755,4.762831354632133,0.918925552710577,2.8094871794871805,1.9675360620600033,Vševily,49.5667,13.8833,577
0-203-0-11485,971,-0.4374760974057677,3.3997390054146277,0.9473897916399098,1.9909371781668255,1.5534610807610785,Příbram,49.694602,14.022433,555
0-203-0-11486,1948,0.029543721177925072,4.449012497833875,0.8417615965524184,2.3716119096509125,2.401155630828814,Nepomuk,49.486924,13.589389,471
0-203-0-11488,1647,-0.8556538605895571,4.491451464247907,0.8708700468857421,2.208682452944734,1.3530285923551901,Blatná,49.4333,13.8731,452
0-203-0-11490,1337,-0.09309990845260362,3.2685852924738077,0.9119471427954835,2.0065818997756244,1.913481991323017,Vlkonice,49.3022,13.5897,493
0-203-0-11491,1902,0.07350717476732284,2.494859988037438,0.895214298790973,1.2434805467928474,1.3169877215601764,Strakonice  Nové Strakonice,49.2546,13.8827,404
0-203-0-11492,1623,6.720973987485223,22.120921716124432,0.6290752830140663,1.2864448552064045,8.007418842691646,Sušice,49.23768,13.5261728,484
0-203-0-11493,3394,8.869115195255135,27.205919455404818,0.7533239014796687,6.263229228049459,15.132344423304634,Kašperské Hory,49.145556,13.55,728
0-203-0-11494,474,5.894705676214347,26.780574818668846,0.8691867912275045,18.176160337552716,24.070866013767102,Horská Kvilda,49.0533197,13.5652533,1052
0-203-0-11496,843,9.791645992684469,26.620681882636994,0.8317832462387843,11.929300118624004,21.720946111308425,Nová Pec,48.7847,13.9589,753
0-203-0-11497,3139,1.1734183711476636,5.2961539068209,0.870039229429445,1.8545715195922174,3.027989890739883,Husinec,49.0522,13.9883,483
0-203-0-11498,1900,5.416388608925324,24.27072567277696,0.7732249028412855,11.347684210526307,16.764072819451677,Lenora  Houžná,48.9344,13.7694,804
0-203-0-11501,2690,2.0014020904679333,7.565562872213103,0.7456361384445744,1.1318215613382934,3.133223651806274,Děčín,50.75097,14.20258,162
0-203-0-11501028001,2729,0.2954711017322439,6.080006877076632,0.9237337341815257,4.5795895932575785,4.875060694989869,Lobendava,51.01965,14.31347,350
0-203-0-11501049001,3274,-0.2860522172275789,5.724303588570177,0.908461431896739,3.8982590103848263,3.612206793157242,Šluknov,51.002722,14.45525,352
0-203-0-11502020001,2680,-4.805801747068603,16.966533103510937,0.780836753143603,7.40608208955224,2.6002803424836514,Petrovice  Krásný Les,50.767361,13.937667,631
0-203-0-11503,3037,0.5334623420379973,3.289470208516859,0.8412171000276694,0.710405004939083,1.2438673469770836,Ústí nad Labem  Vaňov,50.62556,14.05831,150
0-203-0-11503003001,1146,-3.57039652859194,17.245770170417835,0.8980085843815641,9.529581151832396,5.95918462324045,Moldava,50.72,13.6825,797
0-203-0-11503012001,638,19.6570656222069,44.876153161296365,0.7756303423463193,11.91536050156738,31.572426123774324,Měděnec,50.4225,13.1178,840
0-203-0-11503029001,3166,-0.044618734887566944,20.41812703400322,0.871124700099862,16.302210991787756,16.257592256900168,Český Jiřetín  Fláje,50.68706,13.58558,740
0-203-0-11503046201,105,-16.99055659886667,57.276574393383434,0.7548126010000009,63.22571428571429,46.235157686847614,Kalek,50.585556,13.356111,750
0-203-0-11504,1501,-2.5424975095129194,11.049849094623205,0.8889019838097587,6.299933377748161,3.7574358682352518,Sněžník,50.79683,14.08536,569
0-203-0-11510,2221,-0.3976562430896011,2.519117508382539,0.8940698936522629,0.9455650607834283,0.5479088176938272,Kralupy nad Vltavou,50.241923,14.289786,220
0-203-0-11513,807,0.7999184803582436,5.531003802584977,0.7527799016035047,2.327137546468397,3.1270560268266316,Kladno   Kročehlavy,50.1333,14.1083,404
0-203-0-11521,1179,-0.1468190851016626,1.597926533838862,0.9348276950485096,0.5967769296013586,0.4499578444996956,Dobřichovice,49.9335,14.27585,205
0-203-0-11522,1793,0.1664082390934742,1.9836270351698961,0.9054806057138719,0.7376464026770804,0.9040546417705551,Neumětely,49.854272,14.037548,322
0-203-0-11523,650,1.5203868996176948,6.49942429625665,0.8140769561670042,1.0721538461538391,2.5925407457715357,Hostomice,49.8264,14.0433,345
0-203-0-11525,2421,0.5892140759526612,3.7787499932168718,0.8138741597343694,0.9163981825691807,1.5056122585218414,Kamýk nad Vltavou,49.63234,14.24637,280
0-203-0-11526,1167,-0.07537979182407946,2.206430026872134,0.9142994319288319,1.1641816623821784,1.0888018705581035,Nedrahovice  Rudolec,49.631723,14.440088,348
0-203-0-11527,684,0.0873716658733921,2.1876384357121195,0.8963912918887297,0.917397660818713,1.0047693266921076,Solenice,49.6119,14.1803,359
0-203-0-11528,2562,-1.3173894730936693,7.755845225132097,0.7893113390016416,3.6194379391100693,2.3020484660164,Nadějkov  Větrov,49.5169,14.4653,616
0-203-0-11529,580,-0.38323429066086223,3.380245558890082,0.923246053080107,2.0813793103448304,1.698145019683962,Klenovice,49.5825,14.2042,422
0-203-0-11532,2109,-0.43902916850112517,2.688626441882946,0.9206416070583171,1.4263632053105728,0.9873340368094538,Vráž,49.3845275,14.1288047,433
0-203-0-11533,745,-0.17254286247583886,2.6906622279616093,0.9186397333649117,1.818657718120806,1.6461148556449694,Olešná,49.3433,14.3131,452
0-203-0-11535,2254,-0.419176628982875,3.565574550952896,0.9026748932360038,1.664330079858039,1.2451534508751623,Bechyně,49.299444,14.469444,409
0-203-0-11536,532,0.09643769242951152,2.0889109586440195,0.9239991349218888,1.4734962406015049,1.5699339330310143,Protivín,49.1983,14.2128,394
0-203-0-11537,342,0.2441332512076028,1.6464058965907222,0.8106147454579354,0.48508771929824596,0.729220970505847,Vodňany,49.15,14.1667,395
0-203-0-11539,1688,-0.13461304190544904,2.7362182765117904,0.9117861592997726,1.6691350710900472,1.5345220291845998,Chelčice,49.119265,14.169367,451
0-203-0-11540,224,-0.16826761911607094,2.3314190957195278,0.6936958699663759,0.7299107142857139,0.5616430951696428,Hosín,49.0422,14.4944,488
0-203-0-11541,914,-0.13097190329365418,2.5629163647152837,0.9135713087844141,2.1115973741794436,1.9806254708857653,České Budějovice  Planá,48.9469,14.4292,420
0-203-0-11542,3254,-0.12596506193368417,1.7808764060190547,0.9343755853628176,1.2861708666256968,1.1602058046920147,České Budějovice  ul. S.K.Neumanna,48.9644,14.4672,388
0-203-0-11543,1007,1.9499821371859978,6.795326482058561,0.8293479602047901,2.028103277060575,3.97808541424658,Lhenice,48.9922,14.1494,558
0-203-0-11544,103,0.93094897118835,4.593974050699003,0.9665229613086823,1.2077669902912627,2.138715961479611,Smědeč,48.9367,14.155,685
0-203-0-11545,1504,0.13470117053999275,2.561081776314995,0.9298414800928874,1.5452792553191457,1.6799804258591367,Český Krumlov  Srnín,48.8493247,14.3483183,546
0-203-0-11547,1428,2.138222089052931,11.271344259644842,0.9270513274440946,6.350140056022375,8.488362145075339,Černá v Pošumaví,48.7355761,14.1073211,740
0-203-0-11549,2974,3.2870776826555503,12.541472584020635,0.7781895374656699,3.428950907868186,6.716028590523734,Vyšší Brod,48.6177092,14.3141131,559
0-203-0-11551,2541,2.38184228656214,8.947994018636805,0.8714028004568534,3.6355765446674932,6.017418831229618,Varnsdorf,50.90556,14.60222,367
0-203-0-11552,2556,-0.81188496844413,7.8627977107350295,0.7471651217866572,3.3554381846635293,2.5435532162194185,Jablonné v Podještědí,50.77206,14.77375,320
0-203-0-11553,16,0,0,NA,0,0,Ještěd,50.7328,14.9864,1012
0-203-0-11554,2470,0.23869253893773357,3.3209607174964075,0.8926184599928954,1.5499595141700393,1.7886520531077825,Česká Lípa,50.675373,14.541141,246
0-203-0-11555,609,0.26557782560344795,3.5360601696733522,0.8805434559056072,1.9546798029556758,2.220257628559107,Hradčany,50.6183,14.7194,284
0-203-0-11556,2260,-2.372326550039921,9.343002631647806,0.8995107465181845,8.238185840707976,5.86585929066803,Český Dub  Modlibohov,50.683677,14.981635,355
0-203-0-11557,2867,0.19435133950310574,5.592750428129382,0.8734941949097862,3.001988140913864,3.1963394804169587,Stráž pod Ralskem,50.70361,14.80739,310
0-203-0-11558,2551,0.07006011369968243,3.483495241794725,0.9148030101305817,2.1065464523715796,2.176606566071298,Doksy,50.56811,14.66731,284
0-203-0-11559,2198,10.655086913204752,54.23993735489623,0.8798421210707779,61.14740673339361,71.80249364659862,Kořenov  Jizerka,50.819878,15.344272,858
0-203-0-11560,1270,-0.18387264072913317,2.04364612006171,0.906329391512694,1.1694488188976335,0.9855761781685012,Praha  Uhříněves,50.0322,14.6036,299
0-203-0-11561,1847,0.04713386951223531,2.664733861321125,0.9191403338235857,1.4367081754195816,1.4838420449318188,Semčice,50.3671,15.0036,234
0-203-0-11562,1792,0.14377839828967573,1.9508754030755042,0.8867785047473015,0.6506138392857175,0.7943922375753989,Tuhaň,50.29582,14.520416,160
0-203-0-11563,1897,0.04482906984914982,1.6304402865385823,0.9158485335884485,0.7296257248286746,0.7744547946778291,Brandýs nad Labem-St.B,50.189691,14.660559,179
0-203-0-11570,903,0.20389324385824995,2.029914432898708,0.8105579348561781,0.6575858250276858,0.8614790688859356,Český Brod  Liblice,50.070711,14.88443,220
0-203-0-11571,1065,-0.7070125085278823,3.7817364204296733,0.9218791993191757,1.4492018779342777,0.7421893694063826,Jílové u Prahy,49.907837,14.489046,448
0-203-0-11572,2278,-0.9305216174308136,5.0680902130366965,0.8931721702361269,2.9796312554872806,2.0491096380564464,Ondřejov  Pecný,49.913822,14.786716,543
0-203-0-11573,483,-0.16997329370393446,1.5594396629212524,0.8948398371103294,0.7681159420289836,0.598142648325052,Benešov,49.78862,14.69668,343
0-203-0-11574,1458,-0.6462324978521269,3.431955285248087,0.9222204484086352,2.069958847736625,1.423726349884499,Netvořice,49.818411,14.521178,365
0-203-0-11578,2819,-0.7890304756360068,5.814024790887334,0.8937380779581533,2.560588861298314,1.7715583856623422,Vavřinec  Žíšov,49.902888,15.067741,415
0-203-0-11581,2093,1.503691533810116,7.800505134044149,0.8781343696872822,2.8609173435260393,4.364608877336157,Hlasivo,49.4981,14.7561,547
0-203-0-11582,2158,0.2017301457210008,3.1731593529607194,0.9267618640749171,2.157831325301186,2.3595614710222033,Tábor  Měšice,49.41,14.702389,467
0-203-0-11583,3385,0.3682029081014789,7.664462715745026,0.9243640588424703,6.519261447562783,6.88746435566428,Černovice  Dobešov,49.3575,14.9625,580
0-203-0-11585,2566,-0.05546609134170193,2.132629885468335,0.9243532184169774,1.2721745908027942,1.2167084994611073,Borkovice,49.207925,14.636825,419
0-203-0-11589,2368,0.15004967276819892,3.1766276569389915,0.9006291578195266,1.9969172297297175,2.1469669024978995,Třeboň  Lužnice,49.0617575,14.7585975,428
0-203-0-11591,2714,-1.6942992621810071,7.077612334995874,0.9045189879683643,3.9040162122328907,2.2097169500518437,Rudolfov  Jivno,49.003611,14.579722,562
0-203-0-11592,735,4.692170833151434,18.589707154830943,0.7305858104219286,6.7259863945578235,11.418157227709253,Horní Stropnice  Hojná Voda,48.73053,14.72717,785
0-203-0-11593,2160,-0.13993972942125094,2.921252990447826,0.9298757533010575,2.0689814814814746,1.929041752060227,Byňov,48.816603,14.799947,475
0-203-0-11595,1520,0.1438504912859656,2.9165211013268677,0.9025381310188609,1.5990131578947397,1.7428636491807035,Římov,48.8494,14.4889,474
0-203-0-11600,792,0.6869566311496182,4.667781355400558,0.8804421654443997,2.1939393939393734,2.880896025089034,Višňová  Andělka,51.0008,14.9894,298
0-203-0-11601,237,-0.11009952121940793,11.628905237051015,0.29891830281699955,1.8464135021097063,1.7363139808902965,Frýdlant,50.91785,15.09015,337
0-203-0-11602,2394,-20.869217765974096,52.87165058355902,0.8681701210342815,48.22752715121121,27.358309385237114,Bedřichov,50.81511,15.13708,777
0-203-0-11604,2367,-1.9954126019968432,10.194281999777056,0.8531996194269351,6.880439374735958,4.885026772739221,Nové Město pod Smrkem,50.92358,15.23381,473
0-203-0-11605,2127,8.434261897241644,46.72361746996936,0.9072080293079877,60.16469205453666,68.5989539517787,Desná  Souš,50.789354,15.319286,772
0-203-0-11606,1831,21.417457306113278,60.626281528897735,0.8335269660081596,53.8769524849809,75.29440979109417,Harrachov,50.781746,15.420036,675
0-203-0-11607,1618,-14.439617257333483,39.13298476672277,0.9480916911127376,27.460939431396824,13.021322174063311,Vysoké nad Jizerou,50.6822,15.4003,670
0-203-0-11608,2578,0.08006383217630696,8.553429535174443,0.8135893976261274,4.339953452288548,4.420017284464923,Hejnice,50.88456,15.18317,396
0-203-0-11610,2313,0.22817266301538758,5.524440111552866,0.8304322575456519,2.8166882836143405,3.0448609466297327,Turnov,50.589631,15.154434,253
0-203-0-11611,1301,2.30175714792291,8.652367758810131,0.923033359546824,4.261568024596441,6.563325172519351,Holenice,50.53026,15.302136,423
0-203-0-11612,1699,1.0057937165150057,5.150304942780248,0.9204408756852893,3.2725721012360194,4.278365817751016,Holovousy,50.375735,15.5810108,321
0-203-0-11613,149,-0.3189586230536917,3.6623095324168276,0.8296122486027944,3.1724832214765093,2.853524598422818,Městec Králové,50.2,15.3,211
0-203-0-11614,21,1.9568390904761908,6.541493594794124,0.6066295107797891,6.642857142857142,8.599696233333335,Kolín,50.0333,15.2333,206
0-203-0-11616,186,-2.165974925043011,8.405252526819554,0.8777882909330719,8.14731182795699,5.981336902913978,Krásné,49.8219,15.7383,613
0-203-0-11617,2335,0.18185290912088226,3.198105789516549,0.7480114713934518,0.9068094218415382,1.0886623309624173,Poděbrady,50.140503,15.133554,189
0-203-0-11618,515,-0.5296702730815489,3.8821740813690515,0.7908095763833004,1.97669902912621,1.4470287560446609,Poběžovice u Holic,50.0925,16.0064,322
0-203-0-11619,697,-0.12316161685308584,1.7839893467547867,0.9267525563102914,1.0836441893830708,0.9604825725299863,Přelouč,50.0439,15.5719,209
0-203-0-11620,914,-1.242294572130634,9.101710909797934,0.8631764555093847,4.614551422319492,3.372256850188843,Seč,49.844725,15.6479,529
0-203-0-11621,862,-0.4826567790431559,4.083733842590465,0.9286812489234209,1.1350348027842259,0.6523780237410668,Radovesnice II.,50.106526,15.368164,227
0-203-0-11622,1396,-0.17607888304054364,2.7731655373657675,0.8830749633119984,1.0780802292263578,0.9020013461858154,Čáslav  Nové město,49.901695,15.3942797,251
0-203-0-11623,894,-0.1570399675581667,2.705586330114161,0.9239547673638894,0.8885906040268462,0.7315506364686789,Mokošín,50.016395,15.56668,255
0-203-0-11625,2084,-0.15764692013901307,3.016958335381671,0.8266234975831027,0.9460172744721582,0.788370354333159,Nový Bydžov,50.237553,15.497443,232
0-203-0-11626,605,0.5914041986113199,6.140853969820891,0.8629286797432004,3.586611570247927,4.17801576885925,Hulice,49.721111,15.086667,375
0-203-0-11627,1106,1.488521887138972,8.719327434340276,0.8384675477779274,6.753797468354429,8.242319355493432,Čechtice,49.622912,15.04302,497
0-203-0-11631,90,-1.7367458716888902,6.163086700253755,0.8450018917272153,7.942222222222221,6.205476350533334,Kožlí,49.6797,15.2447,454
0-203-0-11632,1843,0.33395695535094755,6.03207732581803,0.9318858708791855,5.16044492674984,5.4944018821008385,Nový Rychnov,49.385922,15.365095,619
0-203-0-11633,594,-133.81643158198315,242.41395552249423,0.7315887895717755,169.74057239057248,35.924140808589236,Luční bouda,50.735318,15.697859,1413
0-203-0-11634,2204,-1.1542151517673256,8.034562684270638,0.9316511282080414,6.556715063520845,5.402499911753539,Počátky,49.2605217,15.2340794,618
0-203-0-11635,2882,-0.5286572777429319,5.0633832566868,0.9027617658118466,3.0488549618320735,2.5201976840891387,Jindřichův Hradec  Děbolín,49.1556,14.9575,524
0-203-0-11637,1185,-8.117137643727874,22.715756112162282,0.8597374384655787,15.173924050632795,7.056786406905106,Vrchlabí,50.622778,15.646389,482
0-203-0-11638,516,-14.113167928565904,41.38810644050708,0.9011718463015745,52.06414728682173,37.95097935825583,Rýchorská bouda,50.6603,15.8497,1001
0-203-0-11639,571,0.7927076050245154,5.689707059356226,0.8987716092174628,3.6430823117338056,4.435789916758337,Lázně Bělohrad,50.427437,15.588567,299
0-203-0-11640,1600,-184.24579686245352,304.2340263820041,0.45979929697478794,196.86731250000068,12.621515637546198,Labská bouda,50.769883,15.544927,1320
0-203-0-11641,839,-17.39585526677795,53.03162382977083,0.8736218680154083,57.526698450536514,40.130843183758365,Janské Lázně,50.6333,15.7833,650
0-203-0-11642,376,-86.32009981858509,145.34673088388678,0.9022225877635124,137.8117021276596,51.49160230907445,Vítkovice  Horní Mísečky,50.735556,15.571111,1040
0-203-0-11644,3325,-23.39148730312208,62.484242860109305,0.8708947398941261,49.0304360902251,25.638948787103892,Benecko,50.6713,15.5499,780
0-203-0-11645,359,-0.5830282766601663,5.247324595997678,0.956964671000952,4.9061281337047244,4.323099857044576,Trutnov,50.558597,15.898311,437
0-203-0-11646,247,3.9830919210323894,11.415352692718091,0.9024673339297692,16.843724696356272,20.826816617388662,Dvůr Králové nad Labem,50.4167,15.9333,340
0-203-0-11647,586,0.349173704572355,2.656139166182146,0.6290639086799121,0.4184300341296928,0.7676037387020472,Jaroměř,50.35,15.9167,263
0-203-0-11648,680,0.26445911286999996,2.568777948650923,0.7971139662742323,0.7049999999999981,0.9694591128700012,Pouchov  Hradec Králové,50.2456,15.8433,243
0-203-0-11649,2501,-0.39685635651627416,2.982708852683955,0.9249945621632261,1.8203918432626989,1.4235354867464194,Hradec Králové  Nový Hradec Králové,50.177649,15.838452,278
0-203-0-11650,1857,-0.06693833134625962,1.821991510064749,0.9196648861529929,0.7851373182552545,0.718198986908997,Dobřenice,50.143231,15.638309,275
0-203-0-11651,486,-0.2851954284567907,2.3474632079350837,0.8880534193436747,0.788065843621401,0.5028704151646096,Hradec Králové  Svobodné Dvory,50.223004,15.787757,240
0-203-0-11655,756,1.6696521158272435,11.262431650992106,0.7914784535811993,4.651719576719592,6.321371692546836,Libice nad Doubravou,49.744164,15.704862,425
0-203-0-11656,2067,1.4045075997473784,6.850827251451031,0.8948405545946139,2.817561683599416,4.222069283346811,Havlíčkův Brod,49.61188,15.579696,452
0-203-0-11660,1913,-0.3229675353914056,7.532554810526567,0.9170697659554082,6.350967067433324,6.027999532041922,Vatín,49.52306,15.96806,558
0-203-0-11661,112,7.608951114160714,16.181174772894977,0.7946995640112817,22.463392857142857,30.07234397130357,Jihlava,49.3881,15.5408,560
0-203-0-11662,1597,0.6227654965419409,7.185221269612932,0.9073010628713359,4.512586098935487,5.135351595477446,Hubenov,49.3931,15.4669,570
0-203-0-11665,1630,-0.16162391162393241,4.404581280725003,0.9164782586162544,3.514601226993864,3.352977315369931,Lysice,49.4575,16.5367,410
0-203-0-11667,2259,0.7443779538850162,4.536525670197709,0.8593604122679117,2.1333333333333333,2.877711287218412,Moravské Budějovice,49.0610864,15.8064603,460
0-203-0-11670,969,-0.6711581720432452,9.501299538965068,0.882249691076251,7.007327141382849,6.336168969339618,Žamberk,50.069195,16.45477,405
0-203-0-11671,2348,1.2570066994055509,7.116285060750123,0.863103821251664,4.059752981260648,5.316759680666245,Broumov,50.569966,16.343617,373
0-203-0-11672,48,-69.8378894870979,124.7156953769189,0.835754560303303,95.25,25.412110512902082,Špindlerův Mlýn  přehrada Labská,50.7167,15.583333,790
0-203-0-11673,176,-3.9103780675,15.955103267748257,0.7700736653478335,25.171022727272728,21.26064465977273,Červený Kostelec,50.4667,16.0833,410
0-203-0-11674,1765,-10.125611626923963,34.53609364639097,0.8921823387944701,32.52288951841357,22.39727789148966,Deštné v Orlic. horách,50.306667,16.351959,656
0-203-0-11675,1774,2.116996133282884,13.31170216645921,0.803210691554432,7.511781285231123,9.628777418514005,Úpice,50.506419,16.011618,413
0-203-0-11676,2164,1.8160558638330122,18.27333798955894,0.8448829958355436,12.024306839186654,13.840362703019652,Rokytnice v Orlic.horách,50.164432,16.460258,577
0-203-0-11677,141,15.305144292156037,33.73131744613961,0.5243475950535932,5.093617021276595,20.398761313432626,Doudleby nad Orlicí,50.1167,16.2667,310
0-203-0-11678,1425,-0.6577808232301816,5.867242925583949,0.8069472443395076,2.9123508771929854,2.254570053962801,Velichovky,50.356612,15.832503,299
0-203-0-11680,1531,3.265519992941619,11.108927362055628,0.8608247859869718,3.3813847158719885,6.646904708813594,Rychnov nad Kněžnou,50.164879,16.270033,335
0-203-0-11681,1042,4.26293448574545,15.274090961905031,0.5823726557765531,2.888099808061416,7.151034293806918,Litomyšl,49.865,16.3172,351
0-203-0-11682,1380,-1.7543243724487676,12.019563997681459,0.8860949801100028,9.430579710144807,7.6762553376961655,Nekoř,50.0744,16.5619,488
0-203-0-11684,887,-2.009964682109249,10.500438307100637,0.8928782675525824,7.455580608793663,5.445615926684429,Gajer  Janov,49.8249969,16.4065347,510
0-203-0-11685,2371,-0.3099260150233041,21.61607953946419,0.7879787480168992,12.488317165752761,12.178391150729588,Nedvězí,49.6344,16.3097,722
0-203-0-11686,1570,-0.29473385513662315,10.511454684139789,0.9041040441981119,11.337006369426827,11.042272514290204,Bystřice nad Pernštejnem,49.52416,16.25401,553
0-203-0-11687,2178,0.9251047953276592,6.090708990213459,0.9154538966360376,4.818044077135022,5.743148872462584,Velké Meziříčí,49.3528,16.0086,452
0-203-0-11689,1193,1.869192097228586,7.724017966918971,0.8563575060301248,4.092875104777886,5.962067202006462,Úsuší  Čížky,49.3292,16.3667,397
0-203-0-11691,2797,0.22582471613117877,3.2891578003221276,0.9095694906414387,1.9819806936002993,2.2078054097314617,Náměšť nad Oslavou,49.2101581,16.144155,390
0-203-0-11695,1918,-0.11128906693164767,2.93526668038417,0.8895993171256299,1.5268508863399268,1.415561819408295,Troubsko,49.1745,16.5074,278
0-203-0-11696,1083,0.09156450764589065,1.4457385180605202,0.9370655625398601,0.7364727608494901,0.8280372684953778,Dyjákovice,48.769,16.2925,187
0-203-0-11701,3046,-0.7553209991023442,5.3096375919657195,0.8011784155403958,2.098719632304659,1.3433986332023216,Javorník,50.3956,17.0075,284
0-203-0-11702,202,9.905955019717823,26.348568832409743,0.7307976346351636,18.822772277227717,28.728727296945543,Jablonné nad Orlicí,50.0333,16.6,449
0-203-0-11703,3202,-6.890622315173445,21.8333196511604,0.8711680904522937,15.457151780137236,8.566529464963986,Staré Město pod Sněžníkem  Kunčice,50.1925131,16.943146,649
0-203-0-11704,775,-49.4640849273943,97.47165149105196,0.7373158313774435,59.0870967741934,9.623011846799383,Staré Město pod Sněžníkem  Paprsek,50.209444,16.988889,1001
0-203-0-11705,2415,1.6589723313825073,9.74172565885652,0.860200040471013,5.260828157349961,6.919800488732369,Šumperk,49.9742,16.9675,328
0-203-0-11706,292,3.445209951853766,10.224042998106604,0.8137476416196869,1.3914383561643848,4.836648308018154,Zábřeh,49.8833,16.8833,283
0-203-0-11709,2011,0.5041497019025468,4.884702427842759,0.8911897562654425,1.9010442565887575,2.4051939584913113,Dubicko,49.8269,16.9662,282
0-203-0-11711,1828,0.1092381040424523,4.365526857113625,0.9283522917694811,2.931892778993448,3.0411308830358745,Třebařov,49.8158,16.6969,375
0-203-0-11712,1359,1.4940090257117797,8.457621743504541,0.848477308159279,2.739808682855051,4.233817708566808,Bouzov,49.705076,16.892535,380
0-203-0-11713,2494,2.927905837412217,11.23141859227719,0.7929168464467933,1.5100240577385848,4.437929895150821,Jevíčko,49.6309,16.7055,362
0-203-0-11714,90,8.266284077777778,21.199818998997795,0.7438771365789895,27.976666666666667,36.24295074444444,Budětsko,49.5861,16.9261,442
0-203-0-11715,184,13.964192519326089,26.65472983222474,0.5044347488207634,8.288043478260867,22.252235997586958,Boskovice,49.5,16.6656,400
0-203-0-11716,1668,0.928851551145494,12.952077503732456,0.834619971075627,10.398980815347826,11.32783236649315,Protivanov,49.47782,16.83105,675
0-203-0-11721,1203,0.16782753693649163,3.7420039096458377,0.8790102269263524,2.2896093100581623,2.4574368469947085,Brno  Žabovřesky,49.2165,16.5677,236
0-203-0-11724,2845,0.1655821865264024,2.0891434949870753,0.9000695213457923,0.9635852372583371,1.129167423784751,Pohořelice,48.9844,16.5283,180
0-203-0-11725,2144,0.3719795770893628,2.452289717365909,0.8913797249067915,0.8756996268656597,1.2476792039550302,Kobylí,48.9394,16.8814,175
0-203-0-11726,2810,0.004142273984968081,2.5713757170081117,0.8572465081648728,0.921494661921718,0.92563693590668,Mikulov,48.801911,16.6401,224
0-203-0-11727,2252,-0.07660275603244664,1.2341524920517897,0.9663818453472414,0.719538188277086,0.642935432244642,Lednice,48.792616,16.798895,177
0-203-0-11729,1069,-0.06532062241849274,2.114569399494048,0.9369485006202724,1.6528531337698666,1.5875325113513932,Brod nad Dyjí,48.8733,16.5358,177
0-203-0-11731,1569,12.00316069414208,30.587005820690266,0.7535448817753639,4.442893562778826,16.446054256920945,Jeseník,50.231111,17.183333,502
0-203-0-11732,1927,2.9302152967456028,18.464248807045184,0.8208144042931474,10.257083549558887,13.187298846304484,Zlaté Hory  Rejvíz,50.2297,17.3056,757
0-203-0-11733,1203,-8.735662570397038,24.323579567968082,0.8902103125481343,19.059351620947695,10.323689050550682,Karlova Studánka,50.074053,17.306832,795
0-203-0-11735,2008,-48.29678472109383,102.7609127588159,0.8705974150326212,84.75318725099594,36.45640252990201,Praděd,50.0829406,17.2298264,1490
0-203-0-11736,2339,-1.1905221728644195,12.756712550159763,0.9016286884822093,10.732749038050498,9.542226865186043,Světlá Hora,50.0331,17.4011,593
0-203-0-11737,1177,-0.6946697193869746,22.07919798460684,0.7826903896313948,16.450807136788438,15.756137417401408,Rýmařov,49.931389,17.296111,578
0-203-0-11741,2545,2.5184841474968063,11.318449713192573,0.8051266483988105,3.9537131630648568,6.472197310561689,Paseka,49.7776,17.2345,271
0-203-0-11742,2520,0.661915044414285,4.532756732001964,0.8109808129050573,1.193253968253974,1.8551690126682532,Olomouc  Holice,49.5758,17.2844,210
0-203-0-11743,885,-0.18692894068214466,2.770021565516416,0.9407689884874886,1.9249717514124496,1.7380428107302979,Plumlov,49.468056,17.012222,297
0-203-0-11748,2969,0.2911093595491144,3.084011176320586,0.8803221964267837,1.1991916470192068,1.4903010065683195,Přerov,49.464444,17.458889,210
0-203-0-11749,1231,0.7450678309182951,5.856942556814782,0.8638619372974592,2.9751421608448534,3.72020999176315,Ivanovice na Hané,49.3092,17.0894,243
0-203-0-11751,1304,-0.715611595789875,4.7398913129268845,0.8972492889301793,3.251380368098181,2.535768772308269,Kroměříž,49.2847,17.3653,233
0-203-0-11753,28,12.844375717857144,16.41284972028359,0.6936359319249913,14.625,27.46937571785714,Střílky,49.1442,17.2117,341
0-203-0-11754,1352,-0.033274748163683233,3.342454054125546,0.9007557945796275,2.3830621301775294,2.3497873820138464,Staré Město,49.0917,17.4322,221
0-203-0-11755,1200,0.5438310141095387,4.1330940053126355,0.8699910134186122,1.2083333333333184,1.7521643474428545,Strážnice,48.8992,17.3381,176
0-203-0-11756,1255,0.21730434889744907,3.196064198361072,0.860028149059079,1.4713944223107644,1.6886987712081933,Hodonín,48.854292,17.104872,172
0-203-0-11757,190,1.768454158782105,8.3005266966506,0.7997493998092549,7.9810526315789465,9.74950679036105,Brankovice,49.1533,17.14,268
0-203-0-11760,488,-3.4968782253092194,23.182902647614373,0.9495330043312007,24.4110655737705,20.914187348461255,Krásná  Visalaje,49.5236,18.5333,805
0-203-0-11761,2065,0.8387479601986957,11.090733746488004,0.8439539961785608,6.488426150121058,7.327174110319758,Město Albrechtice  Žáry,50.154167,17.560556,498
0-203-0-11762,2362,0.9525865829189332,6.804319375953406,0.8663740066633281,3.4178238780694423,4.370410460988393,Krnov,50.078,17.6922,360
0-203-0-11763,2130,-0.11067661091752824,3.929367107860025,0.8803831749495209,2.2530985915493185,2.142421980631776,Opava,49.928847,17.878541,268
0-203-0-11764,1869,1.9039252053858846,11.705046906884474,0.7506085518368416,4.850775815944365,6.754701021330236,Bohdanovice,49.9003,17.6292,463
0-203-0-11765,3384,0.3804175819137485,4.46823370581106,0.8745093400202081,2.0858156028368846,2.4662331847506276,Bělotín,49.5869,17.8042,306
0-203-0-11767,2487,-0.28935708228875817,7.515262938186469,0.8085129306335543,4.064173703256905,3.7748166209681764,Vítkov,49.778037,17.757308,490
0-203-0-11768,3254,1.2670816199811952,6.8371746699807074,0.8240275061633187,1.6065765212046574,2.8736581411858837,Hranice  Drahotuše,49.5525,17.701389,247
0-203-0-11769,2419,0.9463423028588868,8.290372185282806,0.8341364828399612,3.3968995452666286,4.34324184812552,Valašské Meziříčí,49.4636,17.9742,334
0-203-0-11770,2128,1.169662548598025,10.905065231961188,0.8843026595309639,7.139849624060151,8.309512172658152,Hošťálková,49.3514,17.8683,385
0-203-0-11771,1388,0.03760353755840761,5.201343573299727,0.8816299734241255,3.6927953890489653,3.7303989266073674,Bystřice pod Hostýnem,49.3964,17.6706,314
0-203-0-11775,1035,2.3217204068212687,7.508484480821335,0.8697264391564161,4.560966183574864,6.882686590396133,Zlín,49.236667,17.643333,283
0-203-0-11776,672,1.13658932318905,12.176881886531593,0.9546381163382884,10.746279761904733,11.882869085093839,Velké Karlovice  Benešky,49.397036,18.294392,855
0-203-0-11777,1383,2.798669521598103,8.75216858458871,0.9174669827353773,4.910773680404949,7.709443202003021,Vizovice,49.22297,17.84361,313
0-203-0-11778,1503,2.963059868546057,10.528494818006067,0.8672391172153143,5.348902195608754,8.31196206415493,Luhačovice  Kladná-Žilín,49.0842,17.7925,329
0-203-0-11779,1731,-1.1916065589295235,8.241981648466794,0.8894198615858219,6.879549393414189,5.687942834484733,Strání,48.9033,17.7086,383
0-203-0-11780,1498,4.176624975735975,14.060388506368184,0.8622410018170295,6.870493991989336,11.04711896772519,Štítná nad Vláří - Popov,49.0728,17.9711,315
0-203-0-11781,3527,-0.07865912575843369,3.7608952380765293,0.8837107705825599,2.0011908137227175,1.9225316879642926,Bohumín  Záblatí,49.882,18.3692,237
0-203-0-11783,135,0.3643443983333333,2.2479746427206555,NA,0,0.3643443983333333,Ostrava  Zábřeh,49.805582,18.240296,230
0-203-0-11784,2358,2.0650229146108,10.071324969408849,0.8755972225018188,4.193214588634451,6.258237503245253,Lučina,49.7308,18.4425,300
0-203-0-11785,2749,3.456474648834181,14.848656929426985,0.8061238805556002,5.580429246998945,9.036903895833005,Frenštát pod Radhoštěm,49.541055,18.240568,436
0-203-0-11786,2154,6.397593337186963,20.85824055324466,0.8031644968412684,3.338068709377929,9.735662046564885,Rožnov pod Radhoštěm,49.461251,18.138224,375
0-203-0-11788,2698,1.517721591748604,9.803411023148428,0.8888098612898355,6.170867309117831,7.6885889008664785,Vsetín,49.3442,17.9961,387
0-203-0-11789,3255,8.635467590951157,26.14472573233276,0.8296829672968545,9.662304147465319,18.2977717384167,Huslenky  Kychová,49.3,18.1261,450
0-203-0-11790,2745,-0.16548522895121973,3.661202906840309,0.8872426381615485,1.9585428051001883,1.7930575761489664,Ostrava  Poruba,49.825331,18.15942,240
0-203-0-11792,2894,12.913619636063686,36.260111356465366,0.6726093048365708,4.670352453351731,17.583972089415536,Jablunkov  Návsí,49.5875,18.7503,380
0-203-0-11793,3163,2.3006876004935135,21.98322099216706,0.9216438279104243,25.243439772367893,27.544127372861546,Bílá  Salajka,49.4132897,18.4206592,725
0-203-0-11794,3558,19.615573740825553,47.05724591302638,0.778246297101399,12.988813940415996,32.60438768124151,Horní Bečva,49.4311,18.2983,565
0-203-0-11795,1956,0.008157474746523811,5.252144106162892,0.845384887433604,2.7603271983639983,2.768484673110534,Karviná,49.8549,18.5332,224
0-203-0-11796,649,-11.877612273786266,41.2170850055403,0.933841988539852,63.729429892141866,51.851817618355476,Bílý Kříž,49.5025,18.5386,900
0-203-0-11797,1449,4.113160855991022,15.709489347476696,0.8748766425480564,3.138923395445152,7.252084251436102,Ropice,49.6975,18.6125,327
0-203-0-11798,2310,2.1387537003757346,11.861511031346781,0.7040610899019478,1.1839826839826944,3.3227363843584063,Mořkov,49.5414,18.057778,345
0-203-0-11799,22,0,0,NA,0,0,Staré Hamry  Gruň,49.4872,18.4844,800
0-203-0-20101008001,145,11.06682140282758,33.06842770078234,0.8168306199298786,5.234482758620692,16.301304161448282,Město Libavá,49.7306,17.5264,624
0-203-0-20101020001,114,8.815931464736844,25.70622639637066,0.9197390067577255,7.33508771929824,16.151019184035086,Rudoltovice,49.730558,17.629443,560
0-203-0-20101025001,3238,3.3648756407718845,12.470482232562434,0.8484100771271549,4.785114268066694,8.149989908838615,Budišov nad Budišovkou,49.797195,17.618216,530
0-203-0-20101039001,1940,2.7433496022130517,12.554415796444182,0.8518151251118545,6.371082474226806,9.114432076439845,Spálov,49.7036,17.7322,576
0-203-0-20101047201,2605,0.7956793116866422,6.6120490789178765,0.7472408811184674,1.618771593090219,2.414450904776848,Odry,49.670833,17.82,305
0-203-0-20101065001,818,0.7282039631503676,4.913375975539143,0.9018731733858055,2.7257946210268815,3.4539985841772545,Bernartice nad Odrou,49.6194,17.9444,252
0-203-0-20101069001,3473,2.9308246545061016,11.77094754698728,0.7453719618685135,1.8673769075726951,4.7982015620788045,Nový Jičín,49.6,18.031111,291
0-203-0-20101072001,3145,1.8462273104294757,9.613918893635953,0.8302834943295339,3.4405723370429313,5.286799647472379,Hodslavice,49.5472,18.0264,340
0-203-0-20101096001,3590,0.24781631939886825,4.68349957639634,0.8350053279623982,1.999832869080775,2.247649188479638,Fulnek  Kostelec,49.7235,17.93251,340
0-203-0-20101107001,481,1.3570724749534284,6.682692699952343,0.6516600937682029,1.0904365904365882,2.4475090653900198,Bartošovice,49.6694,18.0556,260
0-203-0-20101109101,2776,2.271370167164246,11.976473158783865,0.7442101712584012,3.637824207492799,5.909194374657028,Ženklava,49.5617,18.1069,340
0-203-0-20101114001,201,0.9326460400348263,4.788004292694259,0.6808296766896702,0.7422885572139293,1.6749345972487588,Petřvald  Petřvaldík,49.7208,18.1333,230
0-203-0-20101115001,2689,-1.1124918957654475,7.428201209239578,0.8743982338135649,4.850948307921113,3.7384564121557133,Skřipov,49.8178,17.9139,485
0-203-0-20101117001,3111,1.6930167128932156,8.148371350668544,0.7604238642985253,1.4891353262616276,3.182152039154877,Bílovec,49.7617,17.9917,290
0-203-0-20101119001,1242,0.26285509318422234,4.024628461647697,0.21129176544889244,0.22544283413848862,0.48829792732270133,Těškovice,49.8167,18.0167,430
0-203-0-20101127001,537,1.1373240067979964,7.7682247494723855,0.773061071446677,2.5780260707635003,3.715350077561498,Trojanovice  Pod Javorníkem,49.5231,18.1779,540
0-203-0-20101139001,3223,0.17861621965627988,4.641144322052999,0.8531139893824553,1.8978901644430577,2.0765063840993467,Příbor,49.6403,18.1342,307
0-203-0-20101147001,1390,0.009653963158845346,4.943225807149281,0.7866095900496545,1.9220863309352467,1.9317402940941042,Fryčovice,49.6667,18.2167,273
0-203-0-20101147002,3442,-0.7710614928101827,6.179788191582657,0.8585747908336641,3.4805926786751806,2.7095311858650106,Hukvaldy  Rychaltice,49.6428,18.2208,292
0-203-0-20101151001,549,1.0585853480548253,7.502939927844338,0.6673493148187659,1.4843351548269537,2.542920502881791,Stará Ves nad Ondřejnicí,49.7277769,18.1902767,235
0-203-0-20101153101,3468,-0.06669905122254328,4.980771488024222,0.8214413912210018,2.1475490196078524,2.08084996838529,Klimkovice,49.7844,18.1347,240
0-203-0-20101159201,640,0.5738411102249988,5.058713980565212,0.7285061178838146,1.083125000000004,1.6569661102249886,Studénka,49.7058,18.0672,233
0-203-0-20201003002,406,4.421598157453197,12.992934270374086,0.859547166262408,3.4201970443349694,7.841795201788178,Vrbno pod Pradědem  Mnichov,50.1333,17.3833,550
0-203-0-20201004001,2649,-2.9916956237842696,20.449000576325815,0.8884327995308334,18.976481691204317,15.984786067419922,Vidly,50.1056,17.2717,774
0-203-0-20201009001,34,-54.58670006247058,113.75459924750508,0.7774788010873198,68.11470588235294,13.528005819882353,Ovčárna,50.0714,17.2392,1301
0-203-0-20201017001,1787,1.6094032539751033,9.749548002061298,0.8600283975300088,4.074090654728596,5.6834939087037,Karlovice,50.0936408,17.4510033,467
0-203-0-20201029001,1455,4.220296474110032,14.943305354699012,0.7329852155401698,3.385360824742252,7.605657298852286,Nové Heřminovy,50.0167,17.5333,388
0-203-0-20201038001,2698,-0.16162558604735944,14.67554032192402,0.8269598108158054,9.265937731653041,9.104312145605745,Heřmanovice,50.1985,17.3816,665
0-203-0-20201069001,12,34.335343083333335,45.72188930073648,0.7061609251114099,11.341666666666665,45.677009749999996,Horní Benešov,49.9667,17.6083,580
0-203-0-20201071001,2900,0.80561775237444,6.4647546623856655,0.8613562671046765,2.964689655172433,3.7703074075468703,Lichnov,50.0127428,17.6374406,379
0-203-0-20202005001,2501,-2.4899015455574567,26.991425805594933,0.7401447730125703,17.134826069572135,14.644924524014693,Malá Morávka  Karlov,50.025278,17.259444,775
0-203-0-20202019001,1366,-5.262813587720162,17.25461439255112,0.8850894771755372,14.047144948755411,8.784331361035418,Rýmařov  Harrachov,49.955833,17.286667,643
0-203-0-20202025001,744,3.5942520261097215,14.692029657339724,0.7948199500591399,5.530779569892453,9.125031596002225,Břidličná,49.9167,17.375,560
0-203-0-20202026001,1220,0.04390065939117087,12.456196890788672,0.8758869345366949,9.231311475409864,9.275212134800933,Lomnice,49.8691,17.41431,594
0-203-0-20202047001,1399,4.897010256259207,15.94707635451342,0.6744325308030987,3.282487491065052,8.17949774732429,Bruntál,49.9833,17.45,530
0-203-0-20202048001,1109,2.2885979143341886,12.647479911123456,0.8718459309336993,4.033633904418412,6.322231818752548,Dlouhá Stráň,49.95759,17.498288,520
0-203-0-20202048002,94,6.105868139361707,18.21860675007187,0.5694888307784051,8.025531914893618,14.131400054255318,Mezina,49.9625,17.4861,530
0-203-0-20202052001,777,1.0918867683121445,12.12733002864857,0.8282415783391752,5.447361647361643,6.539248415673797,Roudno  Volárna,49.8925,17.4861,610
0-203-0-20202055001,1109,3.6164525736706126,16.02888283050275,0.7889008930952263,2.1104598737601377,5.726912447430787,Slezská Harta,49.888611,17.575278,516
0-203-0-20202065001,2682,1.8065436501305272,10.060168755163359,0.844095307513488,4.434004474272938,6.240548124403479,Kružberk,49.8244,17.6639,435
0-203-0-20202070001,3130,-0.6183519815477564,7.516345323080672,0.8720905530879806,4.098338658146944,3.4799866765992222,Melč,49.849444,17.756944,478
0-203-0-20202077001,1813,-0.19893799045148935,3.3890641930286067,0.9088479689946432,1.8412575841147332,1.642319593663234,Hradec nad Moravicí,49.876837,17.870902,275
0-203-0-20202088001,295,0.8739651244101696,3.9590383036090806,0.7552901693556653,0.9935593220338973,1.8675244464440686,Mladecko,49.9,17.7083,345
0-203-0-20202091002,1710,0.5839295521732701,5.584824760616201,0.7062059834977968,1.6402339181286558,2.2241634703019257,Litultovice,49.9019,17.7556,310
0-203-0-20202093001,152,-0.37777211355263185,4.405856815961273,0.823152373615302,2.034868421052629,1.6570963074999985,Štáblovice,49.8806,17.8167,340
0-203-0-20203007001,707,-0.18844029534427567,4.161635030659785,0.8935015461932894,2.3729844413012704,2.1845441459570014,Kravaře,49.9316,18.0174,237
0-203-0-20203012001,3272,-0.891576531437816,5.4974084049300895,0.8810509597759353,3.0326405867970867,2.1410640553592577,Hrabyně,49.8783,18.0533,395
0-203-0-20203022001,16,4.7871893125,9.386305845130366,NA,0,4.7871893125,Hlučín,49.9,18.1833,235
0-203-0-20203023001,3350,-0.7366742117545986,5.571587622408733,0.8752111601834179,3.0548059701492396,2.318131758394688,Děhylov,49.8701994,18.1648678,292
0-203-0-20204003203,1002,1.237401745536627,6.775238321684918,0.667880910985851,1.190818363273453,2.4282201088100788,Ostrava  Nová Ves,49.8181,18.2222,214
0-203-0-20301001001,3306,-0.4313797206443697,31.059856125260577,0.8658220421207221,28.041833030853013,27.610453310208726,Bílá  Hlavatá,49.421292,18.37984,770
0-203-0-20301003001,82,6.289365851707318,28.97291349279898,0.8819543870551171,17.368292682926825,23.657658534634145,Bílá  Mezivodí,49.4256,18.4088,615
0-203-0-20301004001,148,5.856210586925678,19.4231451815051,0.7678675524383705,7.32837837837838,13.184588965304055,Kavalčanka,49.4333,18.4667,700
0-203-0-20301008002,3151,11.934097524092202,32.406814276980846,0.8612407262382196,14.941383687718078,26.875481211810417,Staré Hamry  Samčanka,49.468936,18.43389,527
0-203-0-20301015001,2417,20.704126961799677,47.89558653772646,0.7355820216526272,11.994207695490244,32.69833465728998,Šance,49.5125,18.4189,509
0-203-0-20301018001,1888,20.66677176854519,50.431058539114765,0.5689531665411409,4.1522245762711725,24.818996344816142,Ostravice,49.525833,18.400556,435
0-203-0-20301022001,624,3.3738454916490404,13.419614397986983,0.7077843444678426,1.6418269230769231,5.0156724147259695,Pstruží,49.559167,18.348889,400
0-203-0-20301023001,2773,2.0034578746076686,23.135381632473464,0.7827409650345972,13.022971510998875,15.026429385606589,Čeladná  Podolánky,49.5175,18.3389,510
0-203-0-20301027102,2475,26.19416164589373,57.4603411184667,0.6383484060676174,5.245979797979817,31.440141443873518,Frýdlant nad Ostravicí  Lubno,49.6011,18.3858,398
0-203-0-20301036001,1632,5.9371206205039435,28.47926549345901,0.8634538298470427,19.08339460784315,25.020515228347087,Morávka  Lúčka,49.532588,18.55,600
0-203-0-20301039001,942,18.781576314685594,45.00597204059881,0.8459041505273853,17.177600849256898,35.95917716394245,Morávka  Uspolka,49.5619,18.5528,532
0-203-0-20301042001,1687,24.607692401612393,54.980865962861664,0.6975953576426643,12.043094250148316,36.65078665176068,Morávka,49.5847,18.5389,541
0-203-0-20301050202,550,2.2382551058328506,10.854935390078488,0.8289260487361471,2.802545454545457,5.040800560378297,Frýdek-Místek  Skalice,49.6522,18.4194,396
0-203-0-20301050204,3083,22.98150447792953,53.237965096758316,0.6134220580861476,4.976483944210195,27.95798842213979,Raškovice,49.622266,18.468383,397
0-203-0-20301053302,487,1.2322988648090338,5.735119599127598,NA,0,1.2322988648090338,Frýdek-Místek  Místek,49.675,18.3389,290
0-203-0-20301054001,432,0.5943405953032406,5.14616517488441,0.800123208437203,2.3840277777777743,2.9783683730810164,Frýdek-Místek  Frýdek,49.6917,18.3542,335
0-203-0-20301057001,1156,1.6814416089590822,6.838585512624119,0.7754257050027116,2.4299307958477505,4.111372404806832,Řepiště,49.73,18.3097,290
0-203-0-20301059001,588,-0.011889560267009462,10.260868508237808,0.7444753362843363,4.132653061224478,4.12076350095747,Palkovice  Podhůří,49.6375,18.3056,370
0-203-0-20301060101,1682,1.9566403329054636,9.46531170976052,0.8198286245417008,1.7370392390011804,3.6936795719066784,Olešná,49.6667,18.3167,308
0-203-0-20301060102,585,0.12682966762166642,3.1847431754609437,0.6554934567031289,0.6953846153846153,0.822214283006282,Frýdek-Místek  Místek,49.666667,18.315833,312
0-203-0-20301060301,2324,1.2936000499202884,8.200812753297791,0.7128110461664444,1.5895008605851841,2.883100910505539,Paskov,49.7244,18.3031,254
0-203-0-20301061001,1403,0.37698053195894893,4.443524924879301,0.8117400730625908,1.6973627940128333,2.074343325971778,Ostrava  Vítkovice,49.7986,18.2667,236
0-203-0-20301061002,400,0.15908085906749944,4.256726713963152,0.6182958523025779,1.0734999999999995,1.2325808590675007,Ostrava  Hrabůvka,49.7722,18.2583,242
0-203-0-20301070001,3103,-0.27422549384343897,4.213035370711626,0.8823343451404024,2.429648727038349,2.1554232331949064,Havířov  Bludovice,49.7656,18.4406,259
0-203-0-20301076001,505,-0.07838259301980145,1.705987863214324,0.8703265255165731,0.7051485148514852,0.6267659218316836,Šenov  Lapačka,49.770556,18.380278,258
0-203-0-20301082003,488,1.1085429400102447,6.357221686596681,0.6031758114933355,0.6202868852459047,1.72882982525615,Ostrava  Kunčičky,49.8125,18.3028,220
0-203-0-20301083001,261,0.6288262158007661,5.307312003757001,0.8005912635254944,1.270498084291187,1.8993243000919537,Ostrava  Moravská Ostrava,49.85,18.2917,212
0-203-0-20302005001,726,-0.6729293050578511,4.559496761990752,0.8931835989666455,2.4123966942148813,1.7394673891570236,Petřvald,49.8306,18.3833,260
0-203-0-20302006001,330,0.5616477544818184,3.9319919988464354,0.5750717700351125,0.5799999999999997,1.141647754481815,Rychvald,49.8647,18.3514,217
0-203-0-20302008201,1690,0.4525723703711145,5.865052959554112,0.7432259446373345,1.824674556213007,2.2772469265841413,Ostrava  Slezská Ostrava,49.844977,18.317553,269
0-203-0-20302008202,75,0.8165708290133333,3.04858801715073,NA,0,0.8165708290133333,Ostrava  Heřmanice,49.8583,18.3194,220
0-203-0-20302014002,3118,0.44218560800217643,3.5347417504107024,0.8786641753533547,1.519980756895452,1.9621663648976266,Hať,49.9458,18.2542,220
0-203-0-20303008001,2847,11.071686539569233,33.283246687630786,0.8340324834508089,14.131260976466502,25.20294751603571,Horní Lomná,49.534088,18.637779,582
0-203-0-20303022001,2532,4.161651410503612,17.39451592640335,0.8380535777784571,6.300473933649279,10.462125344152915,Nýdek,49.6621492,18.7651222,425
0-203-0-20303032001,2970,-0.40426125787345984,8.958774223655293,0.8848631684568125,5.996127946127962,5.591866688254478,Tyra,49.6258,18.6494,500
0-203-0-20303038001,1749,2.8727541553440235,13.916105727449178,0.7411861908848729,3.4528873642081073,6.325641519552141,Třinec  Dolní Líštná,49.6919,18.6986,380
0-203-0-20303046001,3190,-0.5336679746284348,5.423032457609983,0.8698910537018598,3.093416927899673,2.559748953271246,Český Těšín,49.753611,18.608611,274
0-203-0-20303055001,2417,4.494866065653618,16.484224222144476,0.844361016111133,3.8520893669838774,8.34695543263747,Hnojník,49.6775,18.545,340
0-203-0-20303060001,786,1.5949014271183228,6.966537733343454,0.8256862774652577,1.8712468193384295,3.466148246456749,Těrlicko  Hradiště,49.735278,18.531667,356
0-203-0-20303062001,2497,-0.23753154849026598,5.046306834814345,0.8614204324487609,2.7398878654385297,2.502356316948258,Albrechtice,49.7769,18.5147,292
0-203-0-20303071001,1274,-0.42168311726565166,4.440630727644895,0.840919550431807,2.493328100470964,2.071644983205299,Orlová  Horní Lutyně,49.8722,18.4431,275
0-203-0-20303074001,8,0.24742862499999999,1.2123109813917903,0.9317420258359476,1.225,1.472428625,Věřňovice,49.9310067,18.4166397,201
0-203-0-20303075201,3074,0.44858429077983913,4.6453673885178794,0.8324685214189506,1.8154521795705945,2.2640364703504257,Dolní Lutyně  Nerad,49.9153,18.4147,208
0-203-0-20401003001,753,0.08135646787782036,4.352714464337592,0.876422255951292,2.3911022576361174,2.4724587255139427,Třebom,50.0458,18.0261,225
0-203-0-20401011001,1618,0.4211433036644056,4.7068993291031695,0.8900037918090623,1.888813349814593,2.3099566534789853,Sudice,50.0319,18.0736,217
0-203-0-20401014001,60,0.40878998556666646,1.721477235614892,NA,0,0.40878998556666646,Chuchelná,49.991679,18.119769,258
0-203-0-20402001001,2525,0.4828776319437557,5.42260956500866,0.8467775625893091,2.219881188118808,2.7027588200625585,Jindřichov,50.2525,17.5231,358.2
0-203-0-20402004001,1351,2.641282155967325,11.231129243372067,0.8452169632897484,3.095854922279787,5.737137078247133,Třemešná,50.2053,17.5757,369
0-203-0-20402006001,1620,4.371482985476603,14.109169428219579,0.6795864383058898,2.254814814814809,6.626297800291402,Liptaň,50.2222,17.6,360
0-203-0-20402017001,2740,0.30225519421536123,5.074472642969506,0.7821926144751732,1.6701094890510968,1.972364683266459,Osoblaha,50.2709,17.7135,238
0-203-0-20402025001,805,-0.40855173601118155,3.5873772804025186,0.9195343523246474,2.3599999999999897,1.9514482639888187,Zlaté Hory,50.263,17.3926,407
0-203-0-20402025002,1838,-1.3336704257253942,7.58912918276275,0.8643656315541359,4.540369967355834,3.2066995416304462,Zlaté Hory,50.252778,17.3926,444
0-203-0-20403023001,2177,3.014731089982833,11.720634959480197,0.5422427431656981,1.6610473128157968,4.675778402798664,Božanov,50.525216,16.361634,426
0-203-0-20404003001,403,-0.04365042363200508,3.22993972782713,0.8077234034312669,0.7722084367245702,0.7285580130925572,Bílá Voda,50.4333,16.9,360
0-203-0-20404032001,1064,-0.02581298441616184,4.447376873233505,0.6879223425460351,1.3035714285714282,1.2777584441552607,Bernartice  Horní Heřmanice,50.3847,17.1083,255
0-203-0-20404044001,287,-4.106072115422294,14.261159198531749,0.9044558495363255,9.922299651567918,5.816227536145643,Skorošice  Nýznerov,50.2986,17.0819,396
0-203-0-20404050001,2701,-0.1730202596363206,5.3574957712507585,0.8369812153329799,2.5871158830062937,2.414095623369982,Černá Voda,50.3054197,17.142758,330
0-203-0-20404057001,325,-0.2352429667513847,1.4095594952666544,0.97025871409737,0.8381538461538466,0.6029108794024627,Velká Kraš,50.370798,17.179638,235
0-203-0-20404057002,1830,-0.10120278769726332,4.3123720911841,0.8481484859343698,2.0987978142076487,1.9975950265103886,Vidnava,50.37794,17.1917,228
0-203-0-20404063001,2705,11.603041561233875,35.590639674541485,0.6932828781962991,12.644214417744946,24.24725597897886,Bělá pod Pradědem  Filipovice,50.1464278,17.2064242,588
0-203-0-20404085001,2808,8.601768236637795,29.033671941331132,0.8065774897703529,16.71438746438748,25.316155701025345,Ostružná  Ramzová,50.197223,17.065201,740
0-203-0-20404091001,2648,-0.767311708018419,5.111112740437046,0.9117989384653175,2.826057401812675,2.058745693794299,Mikulovice,50.3006,17.3231,321
0-203-0-20407004001,3115,-8.790852114256328,25.863709741386984,0.8549376556080848,15.063210272873174,6.272358158616883,Jablonec nad Nisou,50.72922,15.17959,495
0-203-0-20407014001,35,-5.981760234285716,15.604464010296248,0.8542384477013578,35.48285714285714,29.501096908571427,Liberec,50.767,15.067,410
0-203-0-20407027001,2690,1.3619933013192624,14.083730269917554,0.7517666064492899,6.67505576208183,8.03704906340101,Mníšek  Fojtka,50.82725,15.05856,395
0-203-0-20407033001,1247,-0.1529000035217809,5.455785107414353,0.8816213608439574,3.713472333600646,3.5605723300788603,Chrastava  Dolní Vítkov,50.8408,14.9617,350
0-203-0-20407034001,1641,0.3068296580164528,3.2628610059378604,0.9066397121829564,1.7994515539305278,2.1062812119469796,Chrastava,50.81872,14.95861,314
0-203-0-20407036001,1905,0.692978605135064,5.006523189327361,0.862272131385488,2.2321259842519585,2.9251045893870264,Chotyně,50.83897,14.87175,260
0-203-0-20408003001,3265,1.135856772807688,6.8189912181387,0.9019490752707944,4.104073506891286,5.239930279698983,Rumburk,50.95156,14.57086,390
0-203-0-20410022001,1344,0.1952706067034252,2.568813460194214,0.8908091508104133,1.1395089285714262,1.3347795352748553,Višňová,50.96594,15.01814,248
0-203-0-20410027001,442,-0.13684034524388952,4.086512249038726,0.8147878609094305,1.7877828054298646,1.6509424601859721,Pertoltice,50.9806,15.0903,310
0-203-0-40102003001,718,-0.19344795247157454,11.29685136531453,0.8128763198736227,6.541225626740953,6.347777674269371,Hošťka  Žebráky,49.7189,12.5869,600
0-203-0-40102009001,1196,-0.7293845839685221,11.408239715870913,0.7745061357226856,5.963628762541822,5.234244178573257,Rozvadov,49.6686,12.5522,581
0-203-0-40102021001,2899,5.223278252824623,17.764219441116012,0.7438607768745832,3.0725422559503217,8.295820508774952,Železná,49.583431,12.581084,511
0-203-0-40102029001,2190,-3.3134880630617145,14.705519872677325,0.901804956535496,10.34963470319631,7.036146640134655,Lesná  Háje,49.715572,12.47552,710
0-203-0-40103004001,2910,0.43858166316970015,7.846828016185072,0.8630667712352496,3.8157731958762713,4.254354859045973,Nemanice  Nemaničky,49.431422,12.716909,529
0-203-0-40201003001,2757,7.043783042700098,44.94547870828648,0.8881628645075564,40.93949945593047,47.9832824986306,Špičák,49.169506,13.215816,973
0-203-0-40201004001,2196,33.54073252611461,75.92689284777401,0.7987511531152044,20.665346083788634,54.20607860990365,Železná Ruda,49.138245,13.228729,754
0-203-0-40202009001,2351,0.49613846516171656,5.174691948957808,0.7734517081543075,1.7263292216078328,2.2224676867695567,Všeruby,49.343587,12.983841,445
0-203-0-40202012001,387,-3.112535377095609,12.74423644017128,0.7162490420357703,11.225839793281633,8.113304416186041,Tlumačov  Filipova Hora,49.3772,12.9258,584
0-203-0-40202023201,2223,-1.579413385696404,9.344755611329786,0.8557092939883362,4.491812865497096,2.912399479800678,Česká Kubice,49.367941,12.857804,549
0-203-0-40402001001,1711,-16.35429131947849,39.660877235598356,0.8649107048946442,27.821215663354774,11.466924343876284,Frymburk  Svatý Tomáš,48.639722,14.104722,972
0-203-0-41001001002,1281,15.489966985095233,43.14067421277315,0.5927155040195022,7.261046057767383,22.751013042862557,Dolní Morava  Velká Morava,50.154444,16.814167,715
0-203-0-41001004001,2507,-0.8017751671279543,18.84278179933616,0.769970821931085,9.830594335859494,9.028819168731568,Malá Morava  Sklené,50.12165,16.841956,701
0-203-0-41001006001,989,2.5227902510913798,20.770095769689057,0.8304231610781669,15.036703741152657,17.55949399224406,Malá Morava  Podlesí,50.0667,16.85,640
0-203-0-41001013001,64,1.420249221875,4.696121735538439,0.15548377775960134,0.2578125,1.6780617218750002,Staré Město pod Sněžníkem  Stříbrnice,50.1806,16.9,655
0-203-0-41001034001,2495,9.814769143315072,27.49015975563848,0.8190358362222119,11.733867735470913,21.548636878785963,Branná  Františkov,50.1324,17.0129,548
0-203-0-41001035001,466,-3.5340723291128793,14.735898911945137,0.9303469554352742,12.319957081545079,8.785884752432201,Jindřichov  Nové Losiny,50.1167,17.05,780
0-203-0-41001039001,405,-0.9312349957716056,12.185063021410887,0.8707565831414977,11.694074074074093,10.762839078302466,Jindřichov  Rakousko,50.095,16.9833,445
0-203-0-41001042001,2445,1.4279248180358681,13.346387745203494,0.8812341854130705,9.484089979550165,10.912014797585822,Hanušovice,50.0819,16.940556,432
0-203-0-41001048001,1948,0.2916296784331043,9.596272888110986,0.8810921290702354,6.853490759753578,7.145120438186681,Ruda nad Moravou  Hostice,49.9922,16.8833,360
0-203-0-41001061001,1147,-3.3960282064659215,28.897582734548674,0.9051325105787009,29.029032258064394,25.633004051598604,Dlouhé stráně  Kouty nad Desnou,50.0854114,17.1794408,765
0-203-0-41001068001,801,4.577239171836962,15.868810787529402,0.8835555472737776,9.931335830212243,14.508575002049191,Loučná nad Desnou,50.0722,17.0917,485
0-203-0-41001073001,1546,5.580827082173602,18.25538164555183,0.784402511932851,6.564230271668825,12.145057353842422,Sobotín,50,17.0833,425
0-203-0-41001074001,702,1.7159476474843192,16.631557908671375,0.8021417873803646,8.443874643874661,10.159822291358973,Petrov nad Desnou,50.0164,17.0644,400
0-203-0-41001078001,3454,4.1008127952002935,16.495873728806608,0.7825683263692323,5.776925303995358,9.877738099195522,Velké Losiny,50.038056,17.051365,411
0-203-0-41002010001,2141,9.481318388920904,24.986032170911685,0.7213527860526783,5.123867351704819,14.605185740625808,Lanškroun,49.9028,16.625,362
0-203-0-41002011001,900,3.697738420719891,14.107620790512277,0.8728608693314128,3.481666666666658,7.179405087386546,Žichlínek,49.8839,16.6397,353
0-203-0-41002036001,2461,5.4389081208843235,23.642787951133936,0.7948644805793598,10.270499796830515,15.709407917714863,Červená Voda,50.04034,16.742859,535
0-203-0-41002038001,71,2.432701118450705,7.152848855706431,0.8962220136678221,2.787323943661974,5.220025062112671,Písařov,50.0083,16.8,565
0-203-0-41002041001,2618,-0.1278307341645639,9.162017376817593,0.854866798007952,5.53498854087087,5.4071578067063095,Hoštejn,49.875125,16.7688722,305
0-203-0-41002047001,1048,3.723879208456392,13.842201551205235,0.47099787035248036,0.8865458015267145,4.6104250099831035,Horní Studénky,49.95,16.8167,540
0-203-0-41002054001,3163,0.9769589505019738,7.204463943402779,0.8550085777189663,3.5546000632311,4.531559013733021,Mírov  Míroveček,49.796164,16.839447,370
0-203-0-41002058001,1911,1.5124312684327785,10.211383493292724,0.7757350491306413,3.7716378859235924,5.284069154356422,Rohle,49.8592,17.0194,341
0-203-0-41002064001,263,1.3068263243193927,4.5426365284886865,0.4103521570099028,0.20418250950570363,1.511008833825096,Mohelnice,49.7778,16.9111,273
0-203-0-41002066001,499,1.9912297107685362,7.565365829677516,0.5609746029298665,0.5923847695390769,2.583614480307619,Křenov,49.6833,16.6333,465
0-203-0-41002069001,1739,4.3135085116415715,13.173864159532556,0.7165722180029523,1.8506037952846424,6.1641123069262305,Boršov,49.7458,16.6361,375
0-203-0-41002086001,1048,2.1604217038530567,9.186423431067025,0.8604031756471697,4.704484732824425,6.864906436677466,Horní Štěpánov,49.55,16.7917,600
0-203-0-41002087001,398,1.5291637214386944,5.758929398408209,0.6953115697326357,0.40251256281407205,1.9316762842527584,Skřípov,49.5833,16.8167,580
0-203-0-41002096002,11,11.23897409090909,14.954560862360701,-0.1918550464587954,6.672727272727273,17.911701363636364,Zadní Arnoštov,49.6583,16.6667,535
0-203-0-41002099001,3385,3.356310372799053,12.08683729627349,0.6900822354983506,1.2669423929099104,4.62325276570905,Moravská Třebová  Bezděčí  Unerázka,49.7,16.7567,315
0-203-0-41002107001,326,3.8367051823588962,12.0870363323837,0.6772488186799093,1.8641104294478494,5.700815611806748,Kladky,49.65,16.8333,550
0-203-0-41002111001,421,1.879216808752967,7.3592503090165895,0.7039098932377769,1.0007125890736368,2.879929397826601,Luká  Ješov,49.669819,16.955585,452
0-203-0-41003005201,2869,0.9333837267928128,5.903141678219271,0.8067879174648825,1.7674102474729916,2.7007939742658045,Litovel,49.705,17.070408,234
0-203-0-41003016001,736,0.1732360673686148,1.9550855760826968,0.8217332828351013,0.6324728260869577,0.8057088934555698,Medlov  Hlivice,49.782412,17.037966,268
0-203-0-41003022001,1056,6.972312490933526,20.654172013697174,0.8020916609444392,9.460890151515153,16.43320264244868,Oskava  Bedřichov,49.9297,17.1556,415
0-203-0-41003026001,586,15.302224493568264,35.347518713808824,0.7808611120804251,4.674402730375426,19.976627223943677,Oskava  Třemešek,49.9167,17.125,490
0-203-0-41003026002,2045,8.782208328162913,25.724196695579824,0.7104722008775983,3.811149144254255,12.593357472417226,Oskava,49.90482,17.134781,360
0-203-0-41003038001,1319,3.9592950917022454,15.378455833851485,0.7044534351712705,4.696285064442774,8.655580156145028,Stránské,49.8931,17.3028,650
0-203-0-41003055001,63,3.476650594285713,9.132170066629147,0.7933763741609376,2.879365079365081,6.356015673650791,Troubelice,49.81576,17.08048,253
0-203-0-41003057001,257,2.6852247567824894,9.056039405832681,0.34223079300039844,0.2385214007782096,2.9237461575606987,Uničov,49.77641,17.117228,237
0-203-0-41003062001,55,6.527085331522728,22.79140567805515,0.7706175889008264,18.13636363636364,24.66344896788636,Jiříkov  Hutov,49.8556,17.2833,620
0-203-0-41003064001,2676,0.9841733185182081,5.958874613406621,0.6312874666775004,0.8390134529148106,1.823186771432997,Štěpánov,49.68115,17.22473,225
0-203-0-41003075001,3476,1.6287684503553252,7.204204536140354,0.8396467291287281,1.7875719217491266,3.416340372104434,Šternberk,49.725,17.2986,278
0-203-0-41003091001,3149,1.0892987594841832,5.310558047631592,0.7356641967837823,0.7169895204826969,1.8062882799668667,Olomouc  Klášterní Hradisko,49.608795,17.264465,215
0-203-0-41003096001,1869,5.334375022257771,19.542261570670792,0.5902858513592306,3.637025147137484,8.971400169395256,Moravský Beroun  Sedm Dvorů,49.7736,17.4403,525
0-203-0-41003104001,210,8.793756490133335,19.301283141176615,0.8481730719183799,5.418095238095235,14.211851728228575,Hlubočky,49.625,17.4,300
0-203-0-41003125001,656,0.8570708083094523,4.988411769460208,0.6812523439752742,1.2003048780487846,2.0573756863582346,Tršice,49.538345,17.424635,264
0-203-0-41003127001,2251,0.07796208971737285,5.69339632298432,0.8863201340503662,3.002532207907601,3.080494297624981,Velký Újezd,49.5812756,17.4855908,381
0-203-0-41003127002,887,-5.299631094709335,18.660505433573558,0.9613977341680074,10.366065388951542,5.066434294242193,Kozlov,49.6017,17.5327,620
0-203-0-41003129001,455,-0.013913565865275493,2.1514872220255614,0.7927484460522538,0.82461538461538475,0.8107018187501092,Kokory,49.4972,17.375,218
0-203-0-41003136001,1895,0.5353100226981583,4.1382746945151245,0.7455889016561528,0.9980474934036911,1.5333575161018491,Tovačov,49.4319,17.2792,199
0-203-0-41101014001,3516,18.292666816236785,44.50219300551335,0.8120690916155208,14.1414106939704,32.43407751020716,Velké Karlovice,49.359444,18.286944,518
0-203-0-41101029001,2418,15.228656167205267,38.74340311490579,0.7308397846677224,7.103515301902411,22.33217146910764,Halenkov,49.3203,18.1464,415
0-203-0-41101034002,3578,4.2505354649692295,16.590045254803275,0.8499475506024525,7.806819452207939,12.057354917177205,Zděchov,49.2639,18.0772,491
0-203-0-41101041301,708,7.36113154005621,20.02660217919206,0.7466703960060211,2.7514124293785316,10.112543969434745,Hovězí,49.3056,18.0611,380
0-203-0-41101042001,2730,-0.43603565623828544,12.273700666896675,0.8841631069209268,9.734652014651987,9.298616358413751,Francova Lhota,49.1925,18.0894,480
0-203-0-41101042002,686,-3.28440690094607,12.19291461168997,0.9507940193250216,9.630029154518926,6.345622253572902,Valašská Senice,49.240278000000004,18.126944,615
0-203-0-41101046001,784,1.5648748141304945,9.725586189426158,0.9439057001751682,7.672576530612214,9.237451344742738,Horní Lideč,49.1861,18.0589,453
0-203-0-41101046002,379,0.1411644263931394,3.583712082616227,0.9301564548309796,2.136147757255936,2.2773121836490744,Lidečko,49.20948,18.052524,450
0-203-0-41101051001,1052,1.7055401336895577,10.577794274980452,0.7502126860523501,4.0252851711026585,5.730825304792191,Pozděchov,49.2319,17.9583,496
0-203-0-41101075001,460,-2.1184428504413013,7.512000035154054,0.8444302791691068,3.484999999999993,1.3665571495586935,Kateřinice  Ojičná,49.400762,17.873311,585
0-203-0-41101084001,3307,0.9938617551643419,9.188388893934562,0.8736329582921954,4.720108859993976,5.713970615158266,Valašská Bystřice,49.416432,18.106298,458
0-203-0-41101109001,1281,3.0297031772763376,12.409933735529263,0.6300453309508032,1.461592505854807,4.491295683131171,Hutisko-Solanec,49.4333,18.2208,497
0-203-0-41101111001,308,0.4244152917318177,2.660385470540753,0.8206018724935803,0.5301948051948052,0.9546100969266234,Rožnov pod Radhoštěm,49.462778,18.112788,362
0-203-0-41101117001,492,2.2390281439605624,12.27623485598557,0.6327460023615133,0.7636178861788648,3.0026460301394304,Zašová,49.4778,18.0472,340
0-203-0-41102012001,2099,1.9057673111479343,11.31628983860436,0.744491230323777,3.059409242496417,4.965176553644383,Rajnochovice,49.413825,17.810276000000002,405
0-203-0-41102013001,365,1.1320734886846597,4.810700585233085,0.7398554813841883,1.0813698630136965,2.21344335169836,Kunovice,49.4444,17.8111,417
0-203-0-41102018001,3104,2.9397806326294127,11.53466421393265,0.6906002905085895,1.7128865979381538,4.652667230567541,Kelč,49.4765261,17.8195539,323
0-203-0-41102034001,2513,-0.12882542406036107,5.634111051027567,0.8803992268720303,3.341703143652995,3.212877719592646,Střítež nad Ludinou,49.605,17.7411,339
0-203-0-41102037001,58,-0.7258668594827592,3.639467072256553,0.8842580695241172,2.3189655172413786,1.5930986577586201,Potštát  Boškov,49.6238,17.6142,545
0-203-0-41102038001,2632,2.0021068069029906,11.966024075411157,0.8288163208460585,5.3816489361702,7.383755743073115,Potštát  Kyžlířov,49.6417,17.6764,565
0-203-0-41102050001,448,1.9421488000354918,7.313234458850225,0.6923940670695901,0.8888392857142862,2.830988085749779,Jezernice,49.5333,17.6392,264
0-203-0-41102054001,2330,2.107037117074457,9.26568215143443,0.7818923371139891,1.4095278969957115,3.516565014070155,Lipník nad Bečvou,49.521944,17.590556,227
0-203-0-41102059001,600,1.3626103723125464,6.6610439563777195,0.6933659285826983,1.3406666666666678,2.7032770389792247,Veselíčko,49.5333,17.5167,310
0-203-0-41102072101,1686,0.8705943442426597,4.6189456170743455,0.838913119701233,1.4123368920521937,2.282931236294849,Dluhonice,49.4494,17.4097,205
0-203-0-41201009001,1253,0.5682106891267422,3.9285127271474076,0.9153810649268745,2.140861931364724,2.7090726204914395,Náměšť na Hané,49.605,17.065,247
0-203-0-41201012001,586,1.6259546700766196,7.7679482311753905,0.36101408705029275,0.42064846416382234,2.0466031342404403,Olomouc  Neředín,49.5944,17.2167,262.5
0-203-0-41201020201,711,2.8086634427616066,10.693334197246646,0.6925692248739602,1.1676511954993054,3.9763146382609156,Bystřička,49.4242,18.0208,388
0-203-0-41201035001,185,8.602738833693518,18.714490907084876,0.8278140242448156,7.012432432432432,15.615171266125945,Ptení,49.5117,16.9583,321
0-203-0-41201054001,692,3.344370812552019,10.617242513456423,0.8309140743238814,4.868352601156074,8.212723413708094,Plumlov  Žárovice,49.4583,16.9856,320
0-203-0-41201059001,82,0.09875577487804901,10.820254134935114,0.6945384356599879,13.209756097560975,13.308511872439022,Mostkovice,49.4728,17.0536,258
0-203-0-41201060001,1105,0.20675615395656347,3.0876977743534395,0.918004119417569,1.688325791855216,1.895081945811751,Kralice na Hané,49.4597,17.1827,210
0-203-0-41202003001,802,1.3629323439359051,9.585303695502216,0.841617809827743,7.436159600997495,8.799091944933414,Vyškov  Rychtářov,49.3286,16.915,400
0-203-0-41202009002,787,4.586163650061125,14.237584034310856,0.7573097511024379,5.290724269377417,9.876887919438476,Vyškov  Dědice,49.295,16.9822,263
0-203-0-41202011001,481,-0.0019868540164249176,1.1645536690496925,0.8780246675837622,0.4575883575883578,0.45560150357193313,Lysovice,49.216667,16.968611,275
0-203-0-41202031001,1425,0.4852058398798601,6.246257183703718,0.8647065987214811,3.759017543859672,4.244223383739455,Morkovice-Slížany  Slížany,49.2417,17.2319,289
0-203-0-41202048001,1431,-0.5087166446065632,5.630915191455771,0.8737233718123233,4.079385045422774,3.5706684008161753,Podivice,49.369444,17.003611,375
0-203-0-41202062001,1104,-0.15059840234211838,3.08505235403104,0.9159548965571161,1.8051630434782644,1.6545646411361257,Kojetín,49.3527,17.2944,203
0-203-0-41202086001,1303,0.9269664242842613,4.803531542878401,0.8849212564394803,2.2126630851880047,3.139629509472263,Dřevohostice,49.424444,17.586111,238
0-203-0-41202087002,609,0.5465522122165853,3.0269323451147647,0.775094778439824,0.42068965517241386,0.9672418673890016,Pavlovice u Přerova,49.4722,17.5583,295
0-203-0-41202117001,451,-0.03285199149002202,2.1661897166857846,0.8076943618984765,0.7419068736141916,0.7090548821241678,Újezdsko,49.211944,17.364444,336
0-203-0-41202119001,896,-0.6464226308334848,5.893426477794777,0.8967303684855832,4.3686383928571635,3.722215762023681,Kostelany,49.203333,17.382222,381
0-203-0-41202124001,570,0.21444246694877286,12.255032495604116,0.7939671583986304,11.78070175438596,11.995144221334737,Rusava,49.3458,17.6806,360
0-203-0-41202144001,1401,0.7283067043862221,4.954967865463101,0.8201269505636467,2.1458244111348783,2.8741311155211187,Kvasice,49.2453,17.4703,190
0-203-0-41301014002,1343,4.259276920347233,14.602950109299305,0.8751802803172481,6.869992553983629,11.129269474330975,Zlín  Velíková,49.2875,17.7606,392
0-203-0-41301035102,2,14.3033495,15.331466007030524,1,5.1,19.4033495,Zlín,49.2272,17.6678,232
0-203-0-41301037001,13,-4.156115046153846,7.157715991520815,0.9927064385323832,17.323076923076922,13.166961876923077,Zlín  Louky,49.2278,17.6419,202
0-203-0-41301043002,167,1.494609733526947,5.780462704187005,0.7472337226064499,4.1766467065868245,5.67125644011377,Zlín  Malenovice,49.209722,17.580556,193
0-203-0-41301051001,13,9.368912923076925,15.703491977463308,0.7634338672406548,15.015384615384615,24.384297538461542,Otrokovice,49.1983,17.5178,194
0-203-0-41301054101,1169,-0.6211459498543203,3.918441575191129,0.9294736818927869,3.381437125748481,2.760291175894158,Napajedla,49.1833,17.5167,185
0-203-0-41301057001,128,0.013047734376562516,0.5909308362176651,0.9372606712687137,0.21171875000000034,0.22476648437656238,Halenkovice,49.1929933,17.454038099999998,352
0-203-0-41301067001,187,-0.3671528976310162,5.115586069844148,0.8880435195554396,7.05508021390374,6.687927316272728,Březolupy,49.1192,17.5719,205
0-203-0-41301068001,452,0.42387927329424824,5.113752356642576,0.9144643169299262,3.7225663716814217,4.146445644975673,Svárov,49.1144,17.6225,290
0-203-0-41301069001,8,0.49177242500000007,3.399996808849973,0.7554972213744803,3.025,3.516772425,Částkov,49.1078,17.6214,240
0-203-0-41301088002,1636,2.387548354995219,9.13062059317082,0.8589222577624518,3.514731051344721,5.9022794063400195,Bojkovice,49.0402,17.81,310
0-203-0-41301102001,1496,0.5831095267717221,10.886864205257444,0.8595576968686158,8.102473262032202,8.685582788803751,Horní Lhota,49.155,17.8033,348
0-203-0-41301103001,207,8.416462970231885,20.188483249390245,0.6587213670424494,13.6207729468599,22.037235917091788,Pozlovice,49.1208,17.7753,290
0-203-0-41301107001,245,-3.4044422834714263,14.538059211402011,0.7096733710301154,14.591428571428573,11.186986287957144,Březůvky,49.15,17.7,371
0-203-0-41301116001,1242,1.3830448211718336,5.346882336077149,0.8853651351412398,3.2121578099839136,4.595202631155745,Uherský Brod,49.0255,17.6555,222
0-203-0-41301120001,155,13.934026611238712,23.083516443969895,0.43756224308394354,6.360645161290323,20.294671772529032,Korytná,48.9375,17.6619,325
0-203-0-41301123001,1194,1.8397314200276313,7.769441388944981,0.8806197969569174,1.172864321608053,3.0125957416356375,Nivnice,48.98061,17.64502,241
0-203-0-41302002001,9,3.4788186999999997,5.915185700988725,0.9406635108260287,5.888888888888889,9.367707588888889,Kunovice,49.038,17.4425,173
0-203-0-41302005002,1278,1.5797104834530666,6.50510175405843,0.8637256291905427,1.6237871674491533,3.203497650902229,Hluk,48.9863,17.538,225
0-203-0-41302015001,1368,0.44138496820839357,4.078907997826572,0.8917511252280124,2.376608187134519,2.8179931553428625,Blatnice pod svatým Antonínkem,48.947778,17.462222,210
0-203-0-41302020001,1289,-0.2113523738384801,5.082279944779356,0.839549191750798,2.73677269200935,2.5254203181708568,Buchlovice,49.089008,17.335389,257
0-203-0-41302026001,1407,0.2378402972602009,4.17493685610832,0.8442704474527186,1.9353944562899952,2.1732347535501897,Bzenec,48.97416667,17.28916667,182
0-203-0-41302035001,190,0.11178754861420825,8.130938837614805,0.7240004558665853,2.8068421052631547,2.918629653877368,Nová Lhota  ?,48.8736,17.6133,420
0-203-0-41302035002,307,-0.09966437747565367,12.369971928853461,0.7754671466908415,9.961563517915314,9.861899140439673,Nová Lhota  Vápenky,48.8614,17.5947,500
0-203-0-41302039002,1388,0.5667847525401358,5.057310308518709,0.8555257227462021,2.1899855907780696,2.756770343318208,Velká nad Veličkou,48.8789,17.5167,289
0-203-0-41302058001,1421,-0.39079483917024,9.227749184678798,0.743895764155338,4.352076002814864,3.9612811636446246,Radějov,48.8639,17.3348,240
0-203-0-41401003001,772,-1.8464241298020718,8.507088229229959,0.9451451458183509,4.207383419689124,2.3609592898870515,Sedlejov,49.2333,15.4833,540
0-203-0-41401008001,18,5.914439949999999,12.452667040692585,0.6186732411864012,19.461111111111112,25.37555106111111,Telč  Telč-Štěpnice,49.1847,15.4539,514
0-203-0-41401024002,1530,2.006254117859432,8.27455594048641,0.843336563396469,3.878692810457554,5.884946928317013,Dačice,49.0831,15.4344,486
0-203-0-41401050001,1357,0.6340969891759713,7.44691648465123,0.89004270882531,5.407885040530515,6.041982029706559,Český Rudolec,49.073333,15.322222,520
0-203-0-41401070001,2418,0.8577512812639394,7.0504878999138745,0.848962844589925,3.530479735318443,4.388231016582383,Slavonice,48.995833,15.355556,519
0-203-0-41401070002,483,-1.3414184853975113,6.849574184846078,0.7836903530993009,2.392546583850927,1.0511280984534148,Slavonice  Stálkov,49.0292,15.2843,639
0-203-0-41402018001,988,2.017042615086532,8.693746575121144,0.8608585633079808,5.6434210526315765,7.66046366771814,Budeč,49.0872,15.5861,491
0-203-0-41402044002,2935,0.966788156695033,5.7048785009299845,0.8694671359919967,2.462180579216345,3.4289687359113654,Jemnice,49.025,15.59,502
0-203-0-41402050001,1337,0.2651092323353771,4.62385650337335,0.8805665763854569,3.1803290949887715,3.445438327324157,Bítov,48.938333,15.73,425
0-203-0-41402053001,2991,-0.13964518439280293,3.831977048530112,0.8997043452798353,2.231160147107987,2.0915149627151934,Vranov nad Dyjí,48.9056,15.8186,354
0-203-0-41402059001,2809,-0.9173606903855276,5.157713204678559,0.9003899264190757,2.4894624421502303,1.5721017517646938,Lukov,48.8566,15.9077,403
0-203-0-41402065001,75,-1.8166227192,5.426740483972207,0.8782198376099026,13.769333333333334,11.952710614133332,Znojmo,48.8561,16.05,250
0-203-0-41402075001,116,1.1085384855948277,4.419860133146692,0.8566953241853098,4.955172413793103,6.063710899387931,Hevlín,48.7506,16.3719,180
0-203-0-41402080001,1895,-0.0018230142676310852,2.261267101062496,0.8960885249943779,0.9801583113456489,0.9783352970780225,Šatov,48.789167,16.020556,238
0-203-0-41402084001,2269,0.19018666274694096,1.6401434015169423,0.9004168278615037,0.5556632877919833,0.7458499505389137,Jaroslavice,48.7553,16.2325,190
0-203-0-41403001001,37,1.5256791648648649,3.2529762683785863,0.9251891276432885,2.9756756756756757,4.50135484054054,Častohostice,49.0169,15.82,430
0-203-0-41403002001,1114,1.1157535462605788,6.1607035578054585,0.8568147314108807,4.23168761220826,5.347441158468833,Nové Syrovice,49.0158,15.7756,432
0-203-0-41403002002,642,-0.02304631761853533,1.500518148331435,0.8646756835036251,0.6087227414330221,0.5856764238144858,Láz,49.013078,15.786675,432
0-203-0-41403009001,2023,0.38633773982293496,3.468344623125507,0.8895628084993851,1.8306475531388984,2.2169852929618385,Jevišovice,48.9925,15.9811,330
0-203-0-41403014001,415,0.08405710965301226,1.5149882668976815,0.8782570740126431,0.5231325301204819,0.6071896397734935,Střelice,48.9934,15.9828,325
0-203-0-41403029001,1076,0.39439143912732116,3.3858510297086633,0.8234208292963148,1.3447955390334556,1.7391869781607838,Výrovice,48.9297,16.1075,236
0-203-0-41403029002,889,-0.044160756703261084,2.2649278809083246,0.5682317147031238,0.4215973003374609,0.3774365436341969,Tvořihráz,48.9211,16.1411,230
0-203-0-41403039001,1281,-0.30674685676073493,4.049902339567681,0.9031827128324144,2.775565964090607,2.468819107329797,Džbánice,49.0022497,16.2084664,337
0-203-0-41403043002,1268,-0.2473970961218447,2.369269365421261,0.9326121636411637,2.067113564668804,1.8197164685469318,Božice,48.8344,16.2881,216
0-203-0-41403067001,1297,0.6861386320778727,3.5556626083118066,0.87314613133563,1.425828835774886,2.1119674678527183,Drnholec,48.8589,16.48,210
0-203-0-41501005001,1102,3.1965071976298924,15.635226917052835,0.834431338067427,10.754537205081666,13.951044402711553,České Milovy,49.6853,16.0886,635
0-203-0-41501005002,1676,-0.39596502981302595,14.033552043580169,0.8517152431693428,9.980548926014329,9.584583896201282,Křižánky  Moravské Křižánky,49.6833,16.0667,615
0-203-0-41501010001,2919,3.4828029906995037,13.528557315462985,0.8116304914078296,5.46258992805754,8.945392918757017,Polička,49.716111,16.269167,552
0-203-0-41501024001,1455,-3.620572659450412,15.512678858762865,0.9187377469252188,12.399175257731866,8.778602598281584,Kadov,49.6351314,16.07777778,672
0-203-0-41501030001,1516,0.7999305980605917,8.80730071124079,0.8915040583638715,6.095712401055366,6.895642999116031,Věcov  Jimramovské Pavlovice,49.6153,16.2019,550
0-203-0-41501037001,2919,1.775611555741299,8.40718499699268,0.8782577875985657,4.772833162041788,6.5484447177831004,Vír,49.5642,16.3139,473
0-203-0-41501038001,2595,-1.1517285260006855,10.978064561926914,0.9048993402990475,9.17784200385355,8.02611347785285,Lísek,49.583611,16.183611,688
0-203-0-41501047001,3006,3.1989645782828746,10.505946404851308,0.8254808639322656,3.277245508982028,6.476210087264878,Štěpánov nad Svratkou,49.5041,16.3341,365
0-203-0-41501048001,2849,1.6328366584331064,7.904507325367252,0.8916157078065338,4.857704457704479,6.490541116137545,Olešnice,49.5586,16.4166,543
0-203-0-41501070001,1193,0.06175982837803907,5.548376914622711,0.9306788859836137,5.003855825649586,5.065615654027678,Sejřek,49.4367,16.3103,519
0-203-0-41501076001,2966,-1.9353197898155692,11.135570719281954,0.9188732612292478,10.039784221173333,8.10446443135767,Nové Město na Moravě,49.5581,16.0689,601
0-203-0-41501092002,1138,1.7065878286276153,7.8092118583701104,0.8809075878732038,2.0974516695957797,3.8040394982234242,Strážek,49.4411,16.198,445
0-203-0-41501094001,1417,-1.1408813354499394,7.7211019264547724,0.9216608185673562,4.95666901905435,3.815787683604401,Moravecké Pavlovice,49.4253,16.2567,525
0-203-0-41501101001,28,19.93969542857143,26.047035437477746,0.3939525638201496,17.757142857142856,37.696838285714286,Křižanov,49.3892,16.1108,532
0-203-0-41501112001,323,0.6603519017399374,12.895962232740045,0.8678337846804984,20.582352941176467,21.24270484291641,Brumov,49.4589,16.4294,531
0-203-0-41501114002,607,1.7026780237558512,10.626001132073561,0.8607174748219302,6.51317957166392,8.21585759541978,Synalov,49.4322,16.4119,526
0-203-0-41501114003,64,4.243400487968747,12.345396384782218,0.8821336368970341,10.079687499999997,14.323087987968753,Osiky,49.455,16.4214,555
0-203-0-41501115001,782,-0.64710534687762,3.4394963632568225,0.7987259743465943,1.3952685421994837,0.7481631953218683,Tišnov  Hájek,49.3731,16.4725,409
0-203-0-41501132001,1670,-0.5718769418928169,9.940153835730316,0.8711682850544042,7.418682634730531,6.846805692837721,Skřinářov,49.3486,16.1708,565
0-203-0-41501135001,2628,2.415431483052051,8.691049566222535,0.8637466262652502,3.6866057838660478,6.102037266918091,Velká Bíteš,49.2918,16.221,485
0-203-0-41501140001,754,0.14753654291472135,1.6810386207621277,0.7350310330901212,0.36657824933687005,0.514114792251592,Veverská Bítýška,49.2767,16.4317,246
0-203-0-41501142001,2843,1.0755415632620782,5.859354743602884,0.7964817204621649,1.5228983468167352,2.5984399100788185,Kuřim,49.3006,16.5322,291
0-203-0-41501147001,526,1.1002953108441074,6.5021773459553724,0.8550608951198551,6.583840304182482,7.684135615026601,Brno  Kníničky,49.2328,16.52,240
0-203-0-41501153001,82,0.8202614352756097,6.008094697487064,0.8728673480527216,8.079268292682926,8.899529727958537,Brno  Pisárky,49.1958,16.5678,203
0-203-0-41501153002,1456,-0.6877818172289789,3.7117587168113086,0.928620436877765,2.37905219780219,1.6912703805732228,Brno  Jundrov,49.2019,16.5608,260
0-203-0-41501156201,79,-1.8952535311443033,6.980647348584204,0.7303115216567996,9.286075949367088,7.390822418222785,Brno  Veveří,49.2003,16.5844,284
0-203-0-41502003001,643,5.227633496335291,19.26717800904313,0.641660735874433,1.4566096423017076,6.684243138637008,Svitavy  Lány,49.7528,16.4742,430
0-203-0-41502003002,1228,2.9778380587724724,10.326506601252289,0.8672141206067732,2.4491042345276575,5.426942293300108,Hradec nad Svitavou,49.7311,16.4875,446
0-203-0-41502007001,256,11.257748884218751,20.376544385157217,0.8339670438317696,15.774609375000008,27.03235825921875,Banín,49.6589,16.4861,396
0-203-0-41502007002,1411,4.454153952236751,12.694775303686352,0.7742160995522743,3.111481218993576,7.565635171230276,Březová nad Svitavou,49.6597,16.5003,387
0-203-0-41502013001,1478,1.165489507347409,5.805250096062861,0.8996801560875238,2.179769959404606,3.34525946675201,Stvolová  Skřib,49.589167,16.550556,395
0-203-0-41502018001,1248,2.100623230378575,8.095816540076504,0.8436521142148037,1.670432692307685,3.7710559226862834,Letovice,49.5544,16.5767,334
0-203-0-41502036001,1899,0.9305312453874001,5.488050429787942,0.8492663119704625,1.8810953133228092,2.8116265587102007,Knínice u Boskovic,49.537004,16.692288,369
0-203-0-41502036002,960,1.4817595441416707,6.441307446794222,0.914532243241481,2.981875000000004,4.4636345441416685,Vanovice,49.5692,16.6653,436
0-203-0-41502055001,532,1.537970895625938,6.575928490125883,0.9504988705809873,2.964661654135337,4.5026325497612705,Lhota Rapotina,49.46767,16.62363,305
0-203-0-41502057001,497,0.1282231154024144,1.1567712895413478,0.909250357869974,0.4615694164989943,0.5897925319014082,Obora,49.451667,16.603611,425
0-203-0-41502069001,334,9.935623261200599,20.629120274419424,0.6134783242570233,6.498502994011975,16.434126255212576,Blansko  Dolní Lhota,49.3825,16.6317,280
0-203-0-41502073001,1157,1.6098798780938464,6.748888149329412,0.8736619635266447,1.6707865168539409,3.280666394947823,Blansko,49.3597,16.6503,299
0-203-0-41502076001,563,-0.5147454425635867,2.831078332609757,0.8991961763603621,1.3662522202486673,0.8515067776850794,Šošůvka,49.414444,16.746944,533
0-203-0-41502078001,2226,0.31827443126549565,5.377740480359329,0.8876020560214132,3.4393980233602774,3.757672454625778,Sloup,49.4139,16.7383,470
0-203-0-41502083001,2851,1.619828718189723,9.873495791376156,0.8360690140656827,4.764608909154673,6.384437627344389,Rozstání,49.398026,16.835258,571
0-203-0-41502088001,344,0.8419993051017431,4.4303303705968995,0.9866013963717518,5.729360465116273,6.571359770218021,Holštejn,49.4,16.7833,455
0-203-0-41502105102,1540,-1.233062894335983,9.381363917721453,0.8722887512302969,7.467207792207811,6.234144897871857,Babice nad Svitavou,49.2889,16.6958,470
0-203-0-41502109502,379,-1.8523785401372048,8.751218165183746,0.8575134191944219,7.078100263852246,5.225721723715041,Brno  Lesná,49.2203,16.6294,276
0-203-0-41502109601,1010,0.32014214353376497,2.9132980961413084,0.8744397980064844,0.8750495049505014,1.1951916484842449,Brno  Židenice,49.1983,16.631111,200
0-203-0-41502109603,11,0.8378892727272731,4.296515323685654,0.9242556962353634,11.118181818181819,11.956071090909091,Brno  Husovice,49.2142,16.6317,210
0-203-0-41503007001,2701,-0.07101223601495912,2.9631341026806375,0.9103277107213974,1.9267308404294656,1.8557186044145177,Zastávka,49.19298,16.36313,375
0-203-0-41503025001,23,0.7900301321739129,6.378360215808117,0.7776079829959321,5.926086956521739,6.716117088695652,Brno  Černovice,49.15,16.7,240
0-203-0-41503035001,1140,0.2869361915282475,4.934394041907099,0.87544438633007,1.4858771929824612,1.7728133845106782,Nemochovice,49.1808,17.1361,283
0-203-0-41503047001,1336,1.3958163551435057,7.227666739148342,0.8228829174106146,2.500598802395226,3.896415157538718,Bučovice  Kloboučky,49.129881,17.014033,238
0-203-0-41503064001,2842,0.6368199790282429,4.753274064837684,0.7835066917875702,1.0292047853624375,1.6660247643906874,Slavkov u Brna,49.1575,16.879167,211
0-203-0-41503067001,1511,-0.5460566214921868,10.293583253110729,0.8856563183043205,9.231237590999273,8.685180969507115,Bukovinka,49.296944,16.798889,511
0-203-0-41503074001,2185,0.6506438384555807,4.874852884479115,0.8263042876300697,1.4957894736842028,2.1464333121397834,Podbřežice,49.2128,16.925,261
0-203-0-41503083001,6,3.72446645,6.024089731225771,0.5973905632467622,8.2,11.92446645,Šaratice,49.1181,16.8047,194
0-203-0-41503084001,750,0.002798848605947081,1.2611855066273778,0.8352138933719975,0.34826666666666833,0.3510655152726136,Milešovice,49.083889,16.853889,242
0-203-0-41503084002,1166,1.4118662814403993,6.668078630064698,0.8173216160393566,1.570840480274439,2.982706761714844,Kobeřice,49.0919,16.8831,288
0-203-0-41503092001,395,-16.39709726673787,31.00906231375966,0.8072031715149314,25.918481012658216,9.52138374592035,Chvalčov  Hostýn,49.3761,17.7006,715
0-203-0-41503106201,2891,0.8386073022560523,4.111519863289274,0.7959595433734413,0.5237288135593194,1.3623361158153608,Těšany,49.0419,16.7658,209
0-203-0-41503125001,2885,0.37168862084204457,2.7117558584540826,0.7750277700184589,0.5660311958405547,0.9377198166825981,Židlochovice,49.0319,16.6152,183
0-203-0-41601008001,844,-0.5523067861497661,5.001486572199447,0.9317768485147916,3.519194312796192,2.9668875266464494,Batelov  Nová Ves,49.278056,15.355278,643
0-203-0-41601014001,1925,1.3009536732950668,7.205428523354734,0.8752722732998641,3.1431688311688952,4.444122504463926,Rohozná,49.3544,15.4017,553
0-203-0-41601022101,2910,0.8725291302983468,6.987863993997297,0.8883922950307014,4.1414089347079095,5.013938065006266,Třešť,49.293889,15.476111,574
0-203-0-41601028001,2566,0.7282137345940428,7.639553056837957,0.875459286653904,4.244193296960253,4.972407031554292,Šimanov,49.4614,15.4486,630
0-203-0-41601037101,207,2.1957764619589377,8.539680052846924,0.8739044666585697,7.328019323671503,9.523795785630433,Otín,49.2675,15.569167,624
0-203-0-41601038001,2145,1.3778924799967183,8.072046475870014,0.8827930052968569,4.5215384615384435,5.899430941535163,Stonařov,49.284444,15.587222,584
0-203-0-41601049001,725,0.2966987744917225,2.6477767475231206,0.8728931785295215,0.969793103448278,1.2664918779399978,Jihlava  Hruškové Dvory,49.4064,15.6164,468
0-203-0-41601050001,83,14.726886341686747,20.077688887901825,0.5854479632823806,8.387951807228916,23.114838148915663,Puklice,49.3641,15.651,525
0-203-0-41601054001,2963,0.14009542975928194,6.103487512210755,0.8984816729229459,4.152919338508257,4.293014768267562,Vysoké Studnice,49.3931,15.7303,568
0-203-0-41601060001,568,-0.26072468368433044,8.190604789221153,0.884595173263806,6.259330985915488,5.998606302231172,Předín,49.1958,15.6736,614
0-203-0-41601072001,1614,3.4114787296191817,11.42948915934858,0.8434594402831305,5.461028500619556,8.872507230238776,Brtnice,49.3069,15.6753,517
0-203-0-41601082001,770,0.8817918264000005,4.2335354665633735,0.6739968787989336,0.7164935064935063,1.5982853328935067,Nová Ves,49.2547,15.7869,422
0-203-0-41601086002,287,5.0088767352784,16.887369048491138,0.9397581593199117,3.3606271777003522,8.369503912978749,Přibyslavice,49.25,15.7667,480
0-203-0-41601087001,3043,1.3176382610944921,5.928096878717552,0.8489835549705844,2.1120276043377983,3.42966586543235,Třebíč  Podklášteří,49.2236,15.87,463
0-203-0-41601088001,472,5.464221780377754,14.661345057006525,0.7974152736781188,12.516525423728819,17.980747204106564,Heraltice,49.2308,15.7331,556
0-203-0-41601100001,1388,2.039668854880426,7.9390184759962255,0.87804027121618,4.6457492795389035,6.685418134419308,Budišov,49.2717,16.0039,485
0-203-0-41602008001,1484,2.2178578972626553,10.738500324725626,0.8700226342986374,7.798584905660359,10.016442802923047,Bohdalov,49.481656,15.871783,583
0-203-0-41602011001,850,-0.7050471237877576,9.636313413724334,0.8995460087090097,6.739999999999995,6.034952876212229,Kněževes,49.4564,16.0019,573
0-203-0-41602014001,2008,0.7944486876868091,7.576520546404332,0.8711431941619245,4.610507968127506,5.4049566558143205,Radostín,49.460278,15.9675,512
0-203-0-41602032001,905,3.222494805216903,10.883880609134877,0.7752080170676297,3.050276243093913,6.27277104831083,Měřín,49.4,15.8833,485
0-203-0-41602037001,1718,1.0782564819405793,5.940014234212071,0.9008582948871999,3.050174621653099,4.12843110359366,Pavlínov,49.3508,15.8772,559
0-203-0-41602079001,833,-0.30317330746362703,3.6183976361312356,0.8318911590893782,1.2291716686674596,0.9259983612038432,Kladeruby nad Oslavou,49.1453,16.1708,385
0-203-0-41603002001,1814,0.3102539034395797,5.085167008275058,0.9190145871217907,3.5794928335170773,3.889746736956689,Štěměchy,49.193600000000004,15.7133,617
0-203-0-41603021001,502,-0.4191906370199145,5.556637312100068,0.8751385627380021,3.4426294820717116,3.023438845051785,Jaroměřice nad Rokytnou,49.0931,15.8928,416
0-203-0-41603036001,2962,-0.6002437431690277,5.980723768335943,0.8201220273526337,2.6558406482106767,2.0555969050416176,Hrotovice,49.1105,16.0588,425
0-203-0-41603042001,14,4.700823199999999,7.3021833961230165,0.4647965564001851,5.064285714285714,9.765108914285715,Rouchovany,49.0709,16.1088,342
0-203-0-41603056001,1959,0.0972058816007639,2.521047867716334,0.9046421432145871,1.3214395099540508,1.4186453915548192,Moravský Krumlov,49.040547,16.305604,255
0-203-0-41604001001,29,3.363836152413793,6.485360769885561,0.6855016728444945,3.913793103448276,7.277629255862069,Ivančice,49.1019,16.3789,227
0-203-0-41604005001,2805,0.009283065358897818,2.7990420852486446,0.8679852129234314,1.1484491978609699,1.1577322632198566,Moravské Bránice,49.0825,16.4494,210
0-203-0-41604016001,1257,0.3065959194241069,2.545963128482881,0.8808454716762382,1.1638027048528183,1.4703986242769067,Branišovice,48.9661,16.4353,200
0-203-0-41604020001,2914,0.3137675125303473,2.5083992633388403,0.8647278843418451,0.9594371997254587,1.2732047122558137,Miroslav,48.9442,16.3197,238
0-203-0-41701001002,1214,0.10339923207874775,2.364607017453027,0.9083573836857387,1.3869851729818676,1.4903844050606454,Dolní Věstonice,48.8872,16.6414,172
0-203-0-41701004001,2861,0.06901342780178304,1.681467737429429,0.8901568924087543,0.5762320866829792,0.6452455144847541,Hustopeče,48.9456,16.7258,201
0-203-0-41701010301,291,-1.9951710652920955,5.43614889653637,0.9013212753730272,6.713745704467353,4.718574639175258,Bulhary,48.8303,16.7517,165
0-203-0-41701013001,2910,0.795233396836257,5.089585858007316,0.8234147359125445,1.164570446735389,1.9598038435716534,Ždánice,49.071944,17.025556,238
0-203-0-41701032001,2856,0.23486814283854235,2.698639402722748,0.8625740758877423,1.0445378151260467,1.279405957964591,Klobouky u Brna,48.9961,16.8767,205
0-203-0-41701045601,57,11.348694884210527,16.61066555510447,0.8078953431547434,9.257894736842106,20.60658962105263,Podivín,48.8318,16.8498,158
0-203-0-41701046001,193,0.16702698537098526,6.953286430971101,0.7978749694774111,7.345077720207253,7.512104705578236,Břeclav,48.7608,16.8772,158
0-203-0-41701056001,2881,0.06323084267972909,2.2584858506046417,0.8422991470221548,0.724540090246447,0.7877709329261776,Valtice,48.745833,16.759167,195
0-203-0-41701068002,2725,-0.18747457129728676,4.844815702936393,0.8678767674263326,2.2398165137614447,2.052341942464187,Koryčany,49.1028,17.17,305
0-203-0-41701068003,1347,-0.9253670398116546,8.263246655598627,0.7906781126942879,3.6788418708240616,2.7534748310123924,Staré Hutě,49.1372,17.2883,427
0-203-0-41701074001,2124,0.8416719860824928,5.4062961970299455,0.7212582837725462,1.7435969868173187,2.585268972899805,Kyjov,49.0167,17.1167,190
0-203-0-41701090001,906,0.22661438439282608,1.6354695301598896,0.8999066340795898,0.2833333333333343,0.509947717726157,Hýsly,49.021389,17.18,217
0-203-0-41701099001,1299,0.5300913018639664,3.7642532995195332,0.8810368598294657,1.6058506543494824,2.135941956213486,Dubňany,48.9208,17.1028,200
0-203-0-41701101001,15,6.272357426666667,13.697238096465965,0.8736415551635861,8.406666666666666,14.679024093333334,Mutěnice,48.9067,17.0353,168
0-203-0-41701103001,5,-5.7504935,7.937974675370617,0.36305651684785845,20.7,14.9495065,Čejkovice,48.9045,16.9465,217
0-203-0-41701105001,2452,0.2999806385341937,2.809060532724859,0.8101954318972091,0.7268352365415955,1.0268158750758005,Prušánky,48.832222,16.969722,179
0-203-0-41701113001,2930,0.292988254069708,2.4402446936503033,0.832895217698022,0.6080546075085419,0.9010428615782466,Lanžhot,48.724722,16.9575,158
0-203-0-41701115002,1279,0.166993519344332,2.3291516084159687,0.9180596162581786,1.1216575449570132,1.288651064301317,Hrušky,48.7919,16.9739,174
0-203-0-42106052001,534,0.4935419520161,15.16683242501352,0.5815971860913949,4.289138576779035,4.782680528795127,Hrčava,49.51946,18.830278,590
0-203-0-42106054001,2208,1.7573687670594305,22.92720787593375,0.8585920397970365,17.27966485507254,19.037033622131815,Mosty u Jablunkova,49.5103,18.7569,548
0-203-0-42108060001,1260,2.886107021337702,10.325340906149805,0.9228042267248601,6.594920634920704,9.481027656258268,Slavičín,49.0853,17.8783,362
0-203-0-42108066001,1524,6.837433132659694,19.991608630483462,0.7875678244171155,6.993963254593202,13.831396387252823,Valašské Klobouky,49.139167,18.015,402
0-203-0-42109005001,629,-7.065995151382835,17.145527377482967,0.9529798250320356,19.479173290938007,12.413178139555143,Vápenice,48.9472,17.8144,760
0-203-0-42109005002,1373,5.145525503162615,15.902296885897254,0.815394455112735,4.252294246176223,9.397819749338801,Starý Hrozenkov,48.9681,17.8614,412
0-203-0-42109026001,7,-1.6607714285714286,4.248284682955664,0.9466484957418023,5.857142857142857,4.196371428571428,Lopeník,48.9406,17.7875,655
