station_id,station_name,latitude,longitude,elevation_m,obs_start,obs_end,n_valid_records,n_missing_records,total_records
0-20000-0-11406,Cheb,50.068333,12.391389,483.0,1965-02-19 06:00:00+00:00,2025-12-29 06:00:00+00:00,2094,23839,25933
0-20000-0-11414,Karlovy Vary  Olšová Vrata,50.201667,12.914167,603.0,1962-01-19 06:00:00+00:00,2025-12-29 06:00:00+00:00,2037,21598,23635
0-20000-0-11423,Přimda,49.669444,12.678056,742.76,1964-01-10 06:00:00+00:00,2025-12-29 06:00:00+00:00,2230,23795,26025
0-20000-0-11433,Kopisty,50.54417,13.62278,240.0,1969-12-27 06:00:00+00:00,2025-12-29 06:00:00+00:00,2011,18596,20607
0-20000-0-11438,Tušimice,50.37667,13.32806,321.71,1967-12-01 06:00:00+00:00,2025-12-29 06:00:00+00:00,1962,19498,21460
0-20000-0-11450,Plzeň  Mikulka,49.764722,13.378889,359.8,2004-07-05 06:00:00+00:00,2025-12-22 06:00:00+00:00,1074,6780,7854
0-20000-0-11457,Churáňov,49.068333,13.615278,1117.8,1953-01-02 06:00:00+00:00,2025-12-29 06:00:00+00:00,3008,19727,22735
0-20000-0-11464,Milešovka,50.555,13.93083,830.5,1961-01-06 06:00:00+00:00,2025-12-29 06:00:00+00:00,2252,21489,23741
0-20000-0-11487,Kocelovice,49.467222,13.838611,519.0,1975-03-10 06:00:00+00:00,2025-12-22 06:00:00+00:00,2259,15301,17560
0-20000-0-11502,Ústí nad Labem  Kočkov,50.68333,14.04111,375.39,1976-08-02 06:00:00+00:00,2025-12-29 06:00:00+00:00,1989,16639,18628
0-20000-0-11509,Doksany,50.45889,14.17,158.0,1951-01-05 06:00:00+00:00,2025-12-29 06:00:00+00:00,2404,24595,26999
0-20000-0-11518,Praha  Ruzyně,50.100278,14.255556,364.0,1946-01-03 06:00:00+00:00,2025-12-29 06:00:00+00:00,2170,27050,29220
0-20000-0-11520,Praha  Libuš,50.007778,14.446944,302.04,1971-03-01 06:00:00+00:00,2025-12-29 06:00:00+00:00,2034,18055,20089
0-20000-0-11538,Temelín,49.197778,14.342222,500.0,1989-01-02 06:00:00+00:00,2025-12-29 06:00:00+00:00,1731,11783,13514
0-20000-0-11567,Praha  Kbely,50.123333,14.538056,284.5,1951-01-05 06:00:00+00:00,2025-12-29 06:00:00+00:00,1988,27020,29008
0-20000-0-11603,Liberec,50.76972,15.02389,397.72,1946-08-02 06:00:00+00:00,2025-12-29 06:00:00+00:00,2423,24851,27274
0-20000-0-11609,Jičín,50.439511,15.352626,283.0,1969-02-07 06:00:00+00:00,2025-12-29 06:00:00+00:00,922,10843,11765
0-20000-0-11624,Chotusice  letiště,49.940833,15.386389,238.2,1979-01-08 06:00:00+00:00,2025-12-29 06:00:00+00:00,1367,15800,17167
0-20000-0-11628,Košetice  Křešín  Kramolín,49.573504,15.08046,532.29,1932-01-01 06:00:00+00:00,2025-12-22 06:00:00+00:00,3673,30342,34015
0-20000-0-11636,Kostelní Myslová,49.159167,15.439167,569.0,1951-11-30 06:00:00+00:00,2025-12-29 06:00:00+00:00,2158,25236,27394
0-20000-0-11643,Pec pod Sněžkou,50.691944,15.728889,816.3,1988-02-01 06:00:00+00:00,2025-12-22 06:00:00+00:00,1245,12604,13849
0-20000-0-11652,Pardubice  letiště,50.016111,15.740273,224.21,1951-01-05 06:00:00+00:00,2025-12-29 06:00:00+00:00,1828,24470,26298
0-20000-0-11659,Přibyslav  Hřiště,49.582785,15.7625,532.5,1961-01-06 06:00:00+00:00,2025-12-29 06:00:00+00:00,2324,21417,23741
0-20000-0-11669,Polom  Sedloňov,50.350278,16.322222,747.24,2004-08-02 06:00:00+00:00,2025-12-22 06:00:00+00:00,581,7242,7823
0-20000-0-11679,Ústí nad Orlicí,49.980278,16.422222,401.7,1966-11-04 06:00:00+00:00,2025-12-22 06:00:00+00:00,1669,20246,21915
0-20000-0-11683,Svratouch,49.735,16.034167,734.0,1961-02-24 06:00:00+00:00,2025-12-29 06:00:00+00:00,2117,21624,23741
0-20000-0-11692,Sedlec,49.170833,16.120556,474.0,1980-01-07 06:00:00+00:00,2025-12-29 06:00:00+00:00,2045,21696,23741
0-20000-0-11693,Dukovany,49.095556,16.134444,400.15,1983-02-07 06:00:00+00:00,2025-12-29 06:00:00+00:00,1269,14651,15920
0-20000-0-11698,Kuchařovice,48.881111,16.085278,334.0,1952-12-04 06:00:00+00:00,2025-12-22 06:00:00+00:00,2138,24770,26908
0-20000-0-11710,Luká,49.652222,16.953333,510.0,1922-03-03 06:00:00+00:00,2025-12-29 06:00:00+00:00,2746,20985,23731
0-20000-0-11723,Brno  Tuřany,49.153056,16.688889,241.0,1959-01-16 06:00:00+00:00,2025-12-29 06:00:00+00:00,1307,23427,24734
0-20000-0-11730,Šerák,50.1875,17.108333,1328.0,2004-01-05 06:00:00+00:00,2025-08-11 06:00:00+00:00,973,6923,7896
0-20000-0-11747,Prostějov,49.4525,17.134722,214.75,1946-12-13 06:00:00+00:00,2025-12-29 06:00:00+00:00,620,20232,20852
0-20000-0-11766,Červená,49.777222,17.541944,748.13,1953-01-02 06:00:00+00:00,2025-12-29 06:00:00+00:00,2832,22746,25578
0-20000-0-11774,Holešov,49.320556,17.57,222.25,1954-01-08 06:00:00+00:00,2025-12-29 06:00:00+00:00,1336,25237,26573
0-20000-0-11782,Mošnov,49.691944,18.112778,252.8,1959-10-02 06:00:00+00:00,2025-12-29 06:00:00+00:00,2324,21875,24199
0-20000-0-11787,Lysá hora,49.546111,18.4475,1322.03,1944-09-01 06:00:00+00:00,2025-12-29 06:00:00+00:00,3122,25459,28581
0-20000-0-11791,Hošťálková  Maruška,49.3653,17.8286,664.1,2006-12-18 06:00:00+00:00,2025-12-22 06:00:00+00:00,864,6093,6957
0-203-0-10101004001,Svatý Petr  Špindlerův Mlýn,50.7247,15.6278,870.0,1991-01-07 06:00:00+00:00,1995-01-30 06:00:00+00:00,167,1325,1492
0-203-0-10101014001,Strážné,50.6634733,15.6136806,791.0,2013-02-04 06:00:00+00:00,2025-12-29 06:00:00+00:00,573,3687,4260
0-203-0-10101015001,Hříběcí boudy,50.6794,15.6281,840.0,1995-01-02 06:00:00+00:00,2004-04-19 06:00:00+00:00,213,3186,3399
0-203-0-10101015002,Frantova bouda  Strážné,50.6761,15.6308,780.0,2004-04-26 06:00:00+00:00,2011-11-28 06:00:00+00:00,278,2852,3130
0-203-0-10101019001,Dolní Dvůr  Rudolfov,50.654592,15.655815,560.0,1920-04-09 06:00:00+00:00,2025-12-29 06:00:00+00:00,2799,34808,37607
0-203-0-10101025001,Hostinné,50.5400231,15.7201375,351.0,1991-01-07 06:00:00+00:00,2023-07-31 06:00:00+00:00,1251,10649,11900
0-203-0-10101026001,Černý Důl,50.648678,15.712563,715.0,2005-07-04 06:00:00+00:00,2019-12-30 06:00:00+00:00,644,4653,5297
0-203-0-10101029002,Rudník  Javorník,50.5831,15.7681,455.0,1991-01-07 06:00:00+00:00,2008-04-28 06:00:00+00:00,505,5825,6330
0-203-0-10101055001,Čistá,50.526601,15.584265,445.0,1991-01-07 06:00:00+00:00,2012-12-31 06:00:00+00:00,735,7301,8036
0-203-0-10101067001,Bílá Třemešná,50.457596,15.766135,322.0,1991-01-14 06:00:00+00:00,2025-12-29 06:00:00+00:00,1299,11485,12784
0-203-0-10102006101,Pomezní boudy  Horní Malá Úpa,50.745472,15.82027,1050.0,1997-12-01 06:00:00+00:00,2025-12-22 06:00:00+00:00,1175,9144,10319
0-203-0-10102013001,Horní Maršov,50.654577,15.818973,585.0,1991-01-07 06:00:00+00:00,2025-12-29 06:00:00+00:00,1401,11383,12784
0-203-0-10102027001,Žacléř,50.661205,15.907098,644.0,1964-01-03 06:00:00+00:00,2025-12-22 06:00:00+00:00,2034,16594,18628
0-203-0-10102051101,Česká Skalice  Ratibořice,50.4165464,16.0529453,290.0,1991-01-14 06:00:00+00:00,1996-03-18 06:00:00+00:00,161,12896,13057
0-203-0-10103004001,Teplice nad Metují Zdoňov,50.641075,16.147362,531.0,2019-01-07 06:00:00+00:00,2025-12-22 06:00:00+00:00,172,2190,2362
0-203-0-10103011001,Teplice nad Metují,50.578941,16.172543,460.0,1946-01-04 06:00:00+00:00,2021-06-28 06:00:00+00:00,2044,24647,26691
0-203-0-10103018001,Police nad Metují,50.537805,16.237511,446.0,1991-01-14 06:00:00+00:00,2025-12-29 06:00:00+00:00,1283,11501,12784
0-203-0-10103032001,Hronov  Zbečník,50.4839,16.1442,378.0,1899-04-07 06:00:00+00:00,2002-12-30 06:00:00+00:00,2311,24627,26938
0-203-0-10103041001,Náchod,50.395208,16.157201,336.0,1991-01-14 06:00:00+00:00,2025-12-29 06:00:00+00:00,1333,11451,12784
0-203-0-10103042001,Olešnice  Čihalka,50.374902,16.352829,740.0,2001-11-05 06:00:00+00:00,2012-09-24 06:00:00+00:00,421,3566,3987
0-203-0-10103056001,Česká Skalice  Rozkoš,50.363056,16.061111,290.0,1996-12-02 06:00:00+00:00,2025-12-29 06:00:00+00:00,1131,9553,10684
0-203-0-10104024001,Hořiněves,50.31285,15.76283,275.0,1991-01-07 06:00:00+00:00,2025-12-29 06:00:00+00:00,1289,11495,12784
0-203-0-10201001003,Orlické Záhoří,50.280707,16.468455,690.0,1991-01-07 06:00:00+00:00,2025-12-29 06:00:00+00:00,1357,11154,12511
0-203-0-10201037001,Luisino údolí  Deštné v Orlických horách,50.287003,16.38829,875.0,1956-07-06 06:00:00+00:00,2025-12-29 06:00:00+00:00,1636,15349,16985
0-203-0-10201039001,Zdobnice,50.247678,16.408505,671.0,1964-02-07 06:00:00+00:00,2025-12-29 06:00:00+00:00,2206,20440,22646
0-203-0-10201047001,Slatina nad Zdobnicí,50.13555556,16.38277778,390.0,1953-03-06 06:00:00+00:00,2025-12-22 06:00:00+00:00,1738,13819,15557
0-203-0-10202005001,Králíky,50.08289,16.73475,538.0,1978-01-02 06:00:00+00:00,2025-12-29 06:00:00+00:00,1315,12199,13514
0-203-0-10202014001,Orličky,50.026453,16.667424,570.0,1991-01-07 06:00:00+00:00,2025-12-29 06:00:00+00:00,1351,10795,12146
0-203-0-10202022001,Dolní Čermná,49.979555,16.566659,394.0,1991-01-07 06:00:00+00:00,2012-12-31 06:00:00+00:00,595,7441,8036
0-203-0-10202024001,Letohrad,50.03782,16.48707,427.0,1991-01-14 06:00:00+00:00,2019-12-30 06:00:00+00:00,1024,9568,10592
0-203-0-10202037001,Mikuleč,49.8033,16.4119,513.0,1991-01-07 06:00:00+00:00,2005-06-27 06:00:00+00:00,408,4887,5295
0-203-0-10202065001,Choceň,50.009544,16.200903,282.0,1991-01-07 06:00:00+00:00,2025-12-29 06:00:00+00:00,1268,11516,12784
0-203-0-10202083001,Borohrádek,50.105254,16.086691,254.0,1991-01-07 06:00:00+00:00,2025-12-29 06:00:00+00:00,1254,11530,12784
0-203-0-10203008001,Dobřany,50.322178,16.281744,627.0,1987-11-02 06:00:00+00:00,2025-12-22 06:00:00+00:00,1227,12014,13241
0-203-0-10203017001,Dobruška,50.2867,16.1531,283.0,1991-01-07 06:00:00+00:00,2008-04-28 06:00:00+00:00,504,5979,6483
0-203-0-10203029301,Bílý Újezd  Hroška,50.234904,16.209938,319.0,1991-01-07 06:00:00+00:00,2025-12-29 06:00:00+00:00,1242,11542,12784
0-203-0-10203034001,České Meziříčí,50.282295,16.041312,255.0,1991-01-07 06:00:00+00:00,2025-12-29 06:00:00+00:00,1273,11511,12784
0-203-0-10203066201,Běleč nad Orlicí,50.186901,15.94687,247.0,1991-01-07 06:00:00+00:00,2025-12-29 06:00:00+00:00,1259,11494,12753
0-203-0-10301024001,Holice,50.0717,15.995,248.0,1991-01-07 06:00:00+00:00,1997-01-27 06:00:00+00:00,159,2245,2404
0-203-0-10301028001,Býšť,50.1294,15.9128,244.0,1991-01-07 06:00:00+00:00,1997-01-20 06:00:00+00:00,140,2083,2223
0-203-0-10302007001,Trstěnice,49.807087,16.341265,435.0,1957-02-01 06:00:00+00:00,2024-10-28 06:00:00+00:00,1696,17905,19601
0-203-0-10302022001,Lubná,49.773006,16.190554,560.0,1943-01-01 06:00:00+00:00,2025-12-29 06:00:00+00:00,2201,40897,43098
0-203-0-10302040001,Hrušová,49.916667,16.19522,291.0,2013-11-18 06:00:00+00:00,2025-12-29 06:00:00+00:00,381,4057,4438
0-203-0-10302050001,Vysoké Mýto,49.962009,16.167796,278.0,1900-01-05 06:00:00+00:00,2025-12-29 06:00:00+00:00,4433,30631,35064
0-203-0-10302074001,Dašice,50.035,15.9092,226.0,1991-01-07 06:00:00+00:00,1997-01-20 06:00:00+00:00,157,2066,2223
0-203-0-10303009001,Hamry,49.738323,15.914045,605.0,1991-01-07 06:00:00+00:00,2025-12-29 06:00:00+00:00,1316,11468,12784
0-203-0-10303020001,Vysočina  Jančouř,49.755424,15.822131,548.0,1983-03-14 06:00:00+00:00,2025-12-29 06:00:00+00:00,1257,11558,12815
0-203-0-10303025001,Seč  přehrada,49.8378,15.6542,495.0,1991-01-07 06:00:00+00:00,2001-12-31 06:00:00+00:00,266,3752,4018
0-203-0-10303027001,Křižanovice,49.865999,15.774205,432.0,1991-01-07 06:00:00+00:00,2025-12-29 06:00:00+00:00,1272,11512,12784
0-203-0-10303045001,Nové Hrady,49.850201,16.1475,400.0,1991-01-07 06:00:00+00:00,2025-12-29 06:00:00+00:00,1348,11436,12784
0-203-0-10303061001,Skuteč,49.834881,15.996141,457.0,1979-01-01 06:00:00+00:00,2025-12-29 06:00:00+00:00,1084,18639,19723
0-203-0-10303080002,Chrast,49.9036,15.9386,292.0,1991-01-07 06:00:00+00:00,2005-12-26 06:00:00+00:00,381,5098,5479
0-203-0-10303098001,Hrochův Týnec,49.962057,15.909774,241.0,1991-01-07 06:00:00+00:00,2025-12-29 06:00:00+00:00,1260,11524,12784
0-203-0-10304023001,Heřmanův Městec,49.946639,15.673986,275.0,1934-01-05 06:00:00+00:00,2025-12-29 06:00:00+00:00,2567,32862,35429
0-203-0-10304070001,Litošice,49.986104,15.512615,270.0,1991-01-07 06:00:00+00:00,2012-12-31 06:00:00+00:00,703,7333,8036
0-203-0-10304076001,Labské Chrčice,50.0478,15.4122,202.0,1991-01-07 06:00:00+00:00,1998-06-29 06:00:00+00:00,175,2563,2738
0-203-0-10305002001,Krucemburk,49.688077,15.844811,559.0,1931-06-26 06:00:00+00:00,2025-12-29 06:00:00+00:00,3416,30079,33495
0-203-0-10305012001,Chotěboř,49.7167,15.6667,519.0,1962-01-05 06:00:00+00:00,1978-12-09 06:00:00+00:00,121,6088,6209
0-203-0-10305021001,Běstvina  Pařížov,49.829595,15.569633,333.0,1991-01-07 06:00:00+00:00,2025-12-22 06:00:00+00:00,1311,11473,12784
0-203-0-10305028001,Míčov- Sušice  Zbyslavec,49.9,15.5844,510.0,1991-01-07 06:00:00+00:00,2006-12-25 06:00:00+00:00,486,5358,5844
0-203-0-10305030001,Licoměřice,49.914705,15.551646,335.0,2007-01-01 06:00:00+00:00,2025-12-29 06:00:00+00:00,813,6127,6940
0-203-0-10305039001,Golčův Jeníkov,49.81896,15.47526,375.0,1991-01-07 06:00:00+00:00,2012-12-31 06:00:00+00:00,579,7457,8036
0-203-0-10401002001,Konárovice,50.03844,15.284988,209.0,2001-01-01 06:00:00+00:00,2025-12-29 06:00:00+00:00,1153,7978,9131
0-203-0-10401004001,Zbýšov  Dobrovítov,49.78686,15.329835,490.0,1991-01-07 06:00:00+00:00,2025-12-29 06:00:00+00:00,1304,11480,12784
0-203-0-10401028001,Bahno,49.866846,15.234033,420.0,2002-10-07 06:00:00+00:00,2025-09-29 06:00:00+00:00,1067,7336,8403
0-203-0-10401034001,Kutná Hora  Sedlec,49.965934,15.288261,260.0,1991-01-07 06:00:00+00:00,2025-12-29 06:00:00+00:00,1247,11507,12754
0-203-0-10401054001,Bychory,50.0833,15.25,214.0,1999-12-06 06:00:00+00:00,1999-12-27 06:00:00+00:00,4,911,915
0-203-0-10402021001,Slatiny  Milíčeves,50.379018,15.393348,254.0,1972-02-01 06:00:00+00:00,2025-12-29 06:00:00+00:00,1773,17427,19200
0-203-0-10402058001,Žlunice,50.3022,15.3811,270.0,1897-01-01 06:00:00+00:00,2006-03-27 06:00:00+00:00,4142,35243,39385
0-203-0-10403011001,Nechanice - Lubno,50.242972,15.659823,245.0,1991-01-07 06:00:00+00:00,2025-12-29 06:00:00+00:00,1238,11486,12724
0-203-0-10403016001,Bříšťany,50.3128,15.6128,265.0,1991-01-07 06:00:00+00:00,1997-03-31 06:00:00+00:00,190,2214,2404
0-203-0-10404004001,Chlumec nad Cidlinou  Lučice,50.1382625,15.4638228,213.0,1991-01-07 06:00:00+00:00,2025-12-29 06:00:00+00:00,1319,11465,12784
0-203-0-10404014001,Žehuň,50.133757,15.287765,204.0,1991-01-07 06:00:00+00:00,2025-12-29 06:00:00+00:00,1265,11519,12784
0-203-0-10405023001,Libáň,50.370822,15.214447,240.0,1991-01-07 06:00:00+00:00,2024-12-30 06:00:00+00:00,1273,11146,12419
0-203-0-10405051001,Dymokury,50.248346,15.201165,208.0,1897-01-01 06:00:00+00:00,2025-12-29 06:00:00+00:00,3485,25552,29037
0-203-0-10405053001,Mcely,50.3033,15.0717,233.0,1941-01-03 06:00:00+00:00,2008-04-28 06:00:00+00:00,1233,11764,12997
0-203-0-10406025001,Dolní Chvatliny,49.983593,15.065951,290.0,1975-12-01 06:00:00+00:00,2025-12-29 06:00:00+00:00,2346,15948,18294
0-203-0-10406037001,Mrzky,50.044659,14.80731,260.0,2013-07-01 06:00:00+00:00,2025-12-29 06:00:00+00:00,616,3951,4567
0-203-0-10406039001,Kostelec n. Černými Lesy,50.0044,14.8356,360.0,1990-01-01 06:00:00+00:00,2025-12-29 06:00:00+00:00,1705,12084,13789
0-203-0-10406042001,Oleška  Brník,49.9833,14.9,390.0,1933-01-06 06:00:00+00:00,1987-06-29 06:00:00+00:00,1926,30975,32901
0-203-0-10407027001,Kostomlaty nad Labem,50.181641,14.961299,185.0,1956-02-26 06:00:00+00:00,2025-12-29 06:00:00+00:00,3044,24350,27394
0-203-0-10407058001,Úvaly,50.0772,14.7111,260.0,1961-01-06 06:00:00+00:00,2025-12-29 06:00:00+00:00,2074,21667,23741
0-203-0-10407065001,Káraný,50.175931,14.731428,170.0,1942-02-06 06:00:00+00:00,2008-12-29 06:00:00+00:00,2461,22011,24472
0-203-0-10501011001,Rokytnice nad Jizerou  Vilémov,50.7319,15.4229,525.0,1959-01-04 06:00:00+00:00,2025-12-29 06:00:00+00:00,2947,24447,27394
0-203-0-10501021001,Dvoračky,50.748172,15.514525,1115.0,2020-01-06 06:00:00+00:00,2025-12-29 06:00:00+00:00,138,2125,2263
0-203-0-10501025001,Jilemnice,50.6014,15.5125,462.0,1922-11-25 06:00:00+00:00,2025-12-29 06:00:00+00:00,3925,41366,45291
0-203-0-10501030001,Roprachtice,50.651199,15.414138,550.0,1958-03-09 06:00:00+00:00,2025-12-29 06:00:00+00:00,2906,24366,27272
0-203-0-10501035001,Studenec,50.55272,15.550286,532.0,1961-01-06 06:00:00+00:00,2006-06-26 06:00:00+00:00,2179,14438,16617
0-203-0-10501036001,Nová Paka,50.49,15.5136,450.0,1952-01-13 06:00:00+00:00,2025-12-29 06:00:00+00:00,3116,24278,27394
0-203-0-10501038001,Lomnice nad Popelkou,50.538491,15.379375,485.0,1984-01-02 06:00:00+00:00,2025-12-29 06:00:00+00:00,1666,13675,15341
0-203-0-10501045001,Libštát,50.5667,15.4333,430.0,1961-02-24 06:00:00+00:00,1982-12-06 06:00:00+00:00,895,21751,22646
0-203-0-10501059001,Bedřichov  Nová louka,50.81445,15.158215,780.0,2001-01-22 06:00:00+00:00,2025-12-17 06:00:00+00:00,295,8836,9131
0-203-0-10501060001,Josefův Důl,50.778158,15.22868,623.0,1981-01-05 06:00:00+00:00,2025-12-15 06:00:00+00:00,2161,17563,19724
0-203-0-10501063001,Smržovka,50.7294,15.2511,550.0,1949-05-06 06:00:00+00:00,2025-12-22 06:00:00+00:00,3170,24834,28004
0-203-0-10501078001,Vysoké nad Jizerou,50.682981,15.408523,695.0,1994-01-03 06:00:00+00:00,2021-06-14 06:00:00+00:00,1102,7831,8933
0-203-0-10502005001,Železný Brod,50.6408,15.2517,290.0,1941-12-12 06:00:00+00:00,2025-12-29 06:00:00+00:00,3728,26650,30378
0-203-0-10502036001,Hodkovice nad Mohelkou,50.6667,15.0833,388.0,1963-04-05 06:00:00+00:00,1979-12-24 06:00:00+00:00,793,5326,6119
0-203-0-10502046001,Všelibice  Vrtky,50.6194,14.9511,410.0,1934-07-06 06:00:00+00:00,2015-12-28 06:00:00+00:00,2761,20028,22789
0-203-0-10502047001,Všelibice,50.648954,14.950609,392.0,2016-04-04 06:00:00+00:00,2025-12-29 06:00:00+00:00,486,3076,3562
0-203-0-10502049001,Jivina,50.5539,14.9492,308.0,1980-01-07 06:00:00+00:00,2025-12-29 06:00:00+00:00,2186,16670,18856
0-203-0-10502050001,Boseň  Mužský,50.5222,15.0404,382.0,1941-09-05 06:00:00+00:00,2025-12-29 06:00:00+00:00,3574,27229,30803
0-203-0-10502072001,Bakov nad Jizerou,50.4804,14.9391,220.0,1939-01-20 06:00:00+00:00,2025-12-29 06:00:00+00:00,3702,28075,31777
0-203-0-10502085001,Dolní Bousov,50.437897,15.141737,244.0,1980-01-07 06:00:00+00:00,2025-12-29 06:00:00+00:00,2249,15893,18142
0-203-0-10502101001,Mladá Boleslav,50.42267,14.91405,221.0,1945-01-05 06:00:00+00:00,2025-12-29 06:00:00+00:00,3320,28092,31412
0-203-0-10503002001,Katusice,50.444653,14.779398,312.0,1961-01-13 06:00:00+00:00,2024-12-30 06:00:00+00:00,2562,20814,23376
0-203-0-10503012001,Chotětov,50.337419,14.810102,260.0,2018-10-01 06:00:00+00:00,2025-12-29 06:00:00+00:00,360,2289,2649
0-203-0-10503013001,Brodce,50.3347,14.8661,220.0,1950-01-13 06:00:00+00:00,2025-12-29 06:00:00+00:00,3106,27940,31046
0-203-0-10503015001,Sojovice,50.2167,14.75,182.0,1942-02-13 06:00:00+00:00,1988-12-26 06:00:00+00:00,1423,38754,40177
0-203-0-10504022002,Veleň  Mírovice,50.165,14.5464,224.0,1994-04-04 06:00:00+00:00,2005-06-27 06:00:00+00:00,469,3914,4383
0-203-0-10504033001,Bašť  Baštěk,50.205,14.4622,230.0,1942-03-01 06:00:00+00:00,2025-12-29 06:00:00+00:00,3463,27218,30681
0-203-0-10504037001,Mšeno,50.44061,14.63399,340.0,1931-03-20 06:00:00+00:00,2025-12-29 06:00:00+00:00,3430,31269,34699
0-203-0-10504042001,Bezno,50.3744,14.7894,280.0,1898-01-07 06:00:00+00:00,2018-06-25 06:00:00+00:00,5289,39331,44620
0-203-0-10504048001,Kropáčova Vrutice  Střížovice,50.3255,14.7046,210.0,1961-01-13 06:00:00+00:00,2025-12-29 06:00:00+00:00,3001,29071,32072
0-203-0-10601002002,Kvilda,49.0192,13.5792,1059.0,1958-02-07 06:00:00+00:00,2025-12-22 06:00:00+00:00,2237,15142,17379
0-203-0-10601011001,Borová Lada,48.99055,13.661958,898.0,1964-01-03 06:00:00+00:00,2025-12-29 06:00:00+00:00,2647,18988,21635
0-203-0-10601021001,Horní Vltavice,48.9469,13.7889,830.0,1969-02-07 06:00:00+00:00,2002-12-30 06:00:00+00:00,1610,12754,14364
0-203-0-10601029001,Strážný,48.9054436,13.7206847,811.0,1974-12-09 06:00:00+00:00,2019-08-26 06:00:00+00:00,2056,13834,15890
0-203-0-10601040001,Volary,48.901667,13.896111,749.0,2015-01-05 06:00:00+00:00,2024-10-03 06:00:00+00:00,452,3112,3564
0-203-0-10601050001,Stožec,48.8570531,13.8217247,797.0,1963-07-05 06:00:00+00:00,2025-12-22 06:00:00+00:00,3036,19707,22743
0-203-0-10601064001,Jelení  Nová Pec,48.8032344,13.8896103,810.0,1994-07-04 06:00:00+00:00,2020-01-13 06:00:00+00:00,1151,8376,9527
0-203-0-10601075001,Horní Planá,48.7675,14.0342,771.0,1971-02-01 06:00:00+00:00,2017-12-18 06:00:00+00:00,2213,14923,17136
0-203-0-10601089001,Květušín  Boletice,48.7833,14.1308,810.0,1975-12-08 06:00:00+00:00,1997-02-03 06:00:00+00:00,791,5514,6305
0-203-0-10601115201,Lipno,48.6336,14.2383,730.0,1980-01-07 06:00:00+00:00,2025-12-22 06:00:00+00:00,2106,14362,16468
0-203-0-10601144001,Rožmitál na Šumavě,48.697778,14.391111,627.0,1998-06-01 06:00:00+00:00,2025-12-22 06:00:00+00:00,635,4358,4993
0-203-0-10601152001,Slavkov,48.7642081,14.2431344,777.0,1980-01-07 06:00:00+00:00,2025-12-29 06:00:00+00:00,2092,14529,16621
0-203-0-10601159002,Polná na Šumavě,48.8008,14.1539,770.0,1997-03-03 06:00:00+00:00,2005-11-28 06:00:00+00:00,386,2808,3194
0-203-0-10601176001,Chvalšiny,48.854722,14.208611,592.0,1975-03-03 06:00:00+00:00,2025-12-29 06:00:00+00:00,2207,15019,17226
0-203-0-10601188001,Přídolí,48.7814842,14.3564461,653.0,1973-01-01 06:00:00+00:00,2025-12-29 06:00:00+00:00,2193,15423,17616
0-203-0-10601195001,Ktiš  Tisovka,48.9035069,14.1059625,758.0,1994-10-03 06:00:00+00:00,2025-12-29 06:00:00+00:00,1421,9994,11415
0-203-0-10601195002,Markov,48.9031,14.0622,951.0,2005-01-24 06:00:00+00:00,2011-12-19 06:00:00+00:00,339,2217,2556
0-203-0-10601197001,Brloh,48.9269169,14.2187506,559.0,1962-12-07 06:00:00+00:00,2025-12-29 06:00:00+00:00,2040,14731,16771
0-203-0-10601205001,Křemže  Mříč,48.9075594,14.3305394,524.0,1954-01-01 06:00:00+00:00,2025-12-22 06:00:00+00:00,1807,14811,16618
0-203-0-10601214001,Boršov nad Vltavou,48.926667,14.439722,404.0,2017-07-03 06:00:00+00:00,2021-08-30 06:00:00+00:00,205,1318,1523
0-203-0-10601216001,Šindlovy Dvory  Litvínovice,48.964832,14.426389,416.0,2021-09-06 06:00:00+00:00,2023-04-24 06:00:00+00:00,80,527,607
0-203-0-10602007001,Dolní Dvořiště,48.6583611,14.4604581,606.0,1987-04-06 06:00:00+00:00,2024-02-26 06:00:00+00:00,1541,10908,12449
0-203-0-10602014001,Malonty,48.6854828,14.5802869,694.0,1963-01-04 06:00:00+00:00,2025-12-22 06:00:00+00:00,2516,16879,19395
0-203-0-10602021001,Kaplice,48.7442,14.4936,536.0,1976-12-06 06:00:00+00:00,1998-06-29 06:00:00+00:00,769,5587,6356
0-203-0-10602027001,Staré Hutě  Hojná Voda,48.72333333,14.723333,821.0,1994-02-07 06:00:00+00:00,2023-09-25 06:00:00+00:00,1361,9476,10837
0-203-0-10602028001,Benešov nad Černou,48.7311,14.6283,665.0,1982-01-04 06:00:00+00:00,2025-12-29 06:00:00+00:00,2045,13903,15948
0-203-0-10602029002,Pohorská Ves,48.6701047,14.6489614,773.0,1980-01-07 06:00:00+00:00,2025-12-29 06:00:00+00:00,2073,14181,16254
0-203-0-10602032201,Soběnov,48.7476228,14.5355644,526.0,1942-01-02 06:00:00+00:00,2025-12-29 06:00:00+00:00,3264,24731,27995
0-203-0-10602036001,Netřebice,48.7925114,14.4535261,616.0,1970-09-07 06:00:00+00:00,2018-12-17 06:00:00+00:00,2276,15285,17561
0-203-0-10602046001,Nové Hrady,48.7908,14.7825,542.0,1963-02-23 06:00:00+00:00,1993-12-20 06:00:00+00:00,1501,9456,10957
0-203-0-10602062001,Trhové Sviny,48.8455767,14.6372439,468.0,1961-01-06 06:00:00+00:00,2019-12-30 06:00:00+00:00,2800,18597,21397
0-203-0-10602066001,Besednice,48.7915,14.5549319,593.0,1946-01-04 06:00:00+00:00,2025-12-29 06:00:00+00:00,2069,14065,16134
0-203-0-10602076001,Kamenný Újezd,48.8962475,14.4526111,507.0,2023-05-01 06:00:00+00:00,2025-12-22 06:00:00+00:00,135,841,976
0-203-0-10602077001,Roudné,48.9356,14.4903,393.0,1963-05-03 06:00:00+00:00,2017-05-29 06:00:00+00:00,2486,16330,18816
0-203-0-10603048001,Němčice,49.0308,14.2714,436.0,1991-01-07 06:00:00+00:00,2025-12-22 06:00:00+00:00,1602,11182,12784
0-203-0-10603060001,Hluboká nad Vltavou,49.0536578,14.4334833,410.0,1962-06-01 06:00:00+00:00,2025-12-29 06:00:00+00:00,2976,20190,23166
0-203-0-10702007001,Hranice,48.8188419,14.8469519,479.0,1946-01-04 06:00:00+00:00,2025-12-22 06:00:00+00:00,3209,23509,26718
0-203-0-10702010001,Suchdol nad Lužnicí,48.8928,14.8669,457.0,1980-01-07 06:00:00+00:00,2025-12-29 06:00:00+00:00,2144,14294,16438
0-203-0-10702020001,Nová Bystřice,49.0190528,15.0986103,583.0,1955-11-17 06:00:00+00:00,2024-01-29 06:00:00+00:00,3166,21824,24990
0-203-0-10702028001,Chlum u Třeboně,48.9581153,14.9351097,462.0,1950-01-06 06:00:00+00:00,2025-12-29 06:00:00+00:00,3173,23355,26528
0-203-0-10702037001,Lipnice,48.9109033,14.7651161,469.0,2012-01-02 06:00:00+00:00,2025-12-22 06:00:00+00:00,700,4414,5114
0-203-0-10702039001,Ledenice,48.9334328,14.6184119,496.0,1985-02-11 06:00:00+00:00,2025-12-22 06:00:00+00:00,1857,12657,14514
0-203-0-10702054001,Jelmo  Rudolfov,49.0447,14.5611,505.0,1988-01-04 06:00:00+00:00,1998-10-26 06:00:00+00:00,437,6474,6911
0-203-0-10702056101,Lomnice nad Lužnicí,49.0883,14.7231,423.0,1944-02-04 06:00:00+00:00,2005-12-12 06:00:00+00:00,1990,13472,15462
0-203-0-10702060001,Ševětín,49.1000267,14.56552,501.0,1980-01-01 06:00:00+00:00,2025-12-29 06:00:00+00:00,2125,14677,16802
0-203-0-10703011001,Kamenice nad Lipou  Vodná,49.2831,15.0633,557.0,1954-01-01 06:00:00+00:00,2025-12-29 06:00:00+00:00,3283,23260,26543
0-203-0-10703017001,Nová Včelnice,49.2229981,15.0685064,509.0,1944-02-11 06:00:00+00:00,2025-12-29 06:00:00+00:00,3220,24138,27358
0-203-0-10703027001,Lodhéřov,49.2131911,14.9622222,526.0,1956-01-28 06:00:00+00:00,2025-12-29 06:00:00+00:00,3176,22223,25399
0-203-0-10703036001,Strmilov,49.1630636,15.2067203,582.0,1964-01-10 06:00:00+00:00,2024-01-29 06:00:00+00:00,2286,15361,17647
0-203-0-10703041001,Kunžak,49.1219,15.19,590.0,1941-12-05 06:00:00+00:00,2005-12-26 06:00:00+00:00,2457,17201,19658
0-203-0-10703053001,Lásenice,49.0742,14.9689,452.0,1985-11-04 06:00:00+00:00,2008-05-26 06:00:00+00:00,833,7476,8309
0-203-0-10703057001,Stráž nad Nežárkou,49.0669992,14.9129792,478.0,1980-02-04 06:00:00+00:00,2025-12-29 06:00:00+00:00,2121,14650,16771
0-203-0-10703073001,Kardašova Řečice,49.1864,14.8558,450.0,1971-04-05 06:00:00+00:00,2025-12-29 06:00:00+00:00,1758,12585,14343
0-203-0-10704001001,Veselí nad Lužnicí,49.1855297,14.7095372,409.0,2025-01-06 06:00:00+00:00,2025-12-29 06:00:00+00:00,50,315,365
0-203-0-10704035001,Tučapy,49.2919,14.8017,454.0,2009-04-06 06:00:00+00:00,2025-12-29 06:00:00+00:00,830,5289,6119
0-203-0-10704040001,Soběslav,49.2556,14.7033,421.0,1971-01-04 06:00:00+00:00,1993-11-15 06:00:00+00:00,1019,7108,8127
0-203-0-10704040002,Klenovice,49.2806,14.7011,421.0,1994-07-04 06:00:00+00:00,2009-03-30 06:00:00+00:00,663,4846,5509
0-203-0-10704050001,Planá nad Lužnicí,49.3533,14.6969,404.0,1961-01-13 06:00:00+00:00,2025-12-29 06:00:00+00:00,2963,19617,22580
0-203-0-10704056001,Chýnov,49.4083044,14.8120983,498.0,1952-01-04 06:00:00+00:00,2002-12-30 06:00:00+00:00,2049,16004,18053
0-203-0-10704084001,Olší,49.4362272,14.5099342,495.0,2013-08-05 06:00:00+00:00,2025-12-22 06:00:00+00:00,615,3921,4536
0-203-0-10704085001,Řepeč,49.4042,14.5186,475.0,1980-01-07 06:00:00+00:00,2005-12-26 06:00:00+00:00,1163,8245,9408
0-203-0-10704094001,Jistebnice,49.484444,14.529167,580.0,1960-12-16 06:00:00+00:00,2025-12-29 06:00:00+00:00,3133,20608,23741
0-203-0-10704104001,Milevsko,49.452778,14.368611,453.0,1961-01-13 06:00:00+00:00,2025-12-29 06:00:00+00:00,3038,20278,23316
0-203-0-10704117001,Bernartice,49.3662453,14.3893392,485.0,1946-01-04 06:00:00+00:00,2025-12-29 06:00:00+00:00,3166,25780,28946
0-203-0-10705014001,Temešvár,49.3572,14.2633,421.0,1994-07-04 06:00:00+00:00,2012-12-31 06:00:00+00:00,858,12291,13149
0-203-0-10705023001,Kovářov  Vepice,49.525278,14.301389,527.0,1966-04-01 06:00:00+00:00,2025-12-29 06:00:00+00:00,2600,17133,19733
0-203-0-10801005002,Filipova Huť,49.0298283,13.5197133,1110.0,1968-01-05 06:00:00+00:00,2025-12-29 06:00:00+00:00,2864,18230,21094
0-203-0-10801017001,Srní  Vchynice - Tetov I,49.0606156,13.5041194,930.0,1982-11-01 06:00:00+00:00,2025-12-22 06:00:00+00:00,1985,13448,15433
0-203-0-10801028001,Prášily,49.1069,13.3786,883.0,1970-12-07 06:00:00+00:00,2025-12-22 06:00:00+00:00,2541,16389,18930
0-203-0-10801053001,Hartmanice,49.17,13.4628,725.0,1961-01-06 06:00:00+00:00,2011-07-25 06:00:00+00:00,2320,15521,17841
0-203-0-10801058001,Zámyšl,49.22629,13.374402,800.0,2011-08-01 06:00:00+00:00,2025-12-29 06:00:00+00:00,692,4575,5267
0-203-0-10801069001,Čachrov,49.264136,13.301694,729.0,1961-01-06 06:00:00+00:00,2025-12-29 06:00:00+00:00,3079,20447,23526
0-203-0-10801073001,Kolinec,49.2981,13.4342,543.0,1962-03-02 06:00:00+00:00,2008-05-26 06:00:00+00:00,2060,14741,16801
0-203-0-10801086001,Strašín,49.1779189,13.6413978,637.0,1966-01-28 06:00:00+00:00,2017-03-27 06:00:00+00:00,2362,16233,18595
0-203-0-10801100001,Nalžovské Hory,49.3347,13.5486,495.0,1994-07-04 06:00:00+00:00,2025-12-22 06:00:00+00:00,1478,11306,12784
0-203-0-10801117001,Chanovice,49.4031031,13.7176939,533.0,1961-02-10 06:00:00+00:00,2025-12-22 06:00:00+00:00,3050,20387,23437
0-203-0-10801119001,Horažďovická Lhota  Smrkovec,49.3398103,13.5981892,483.0,1947-11-20 06:00:00+00:00,2025-12-22 06:00:00+00:00,3262,25094,28356
0-203-0-10801125001,Katovice,49.2705208,13.8319189,412.0,1945-01-05 06:00:00+00:00,2025-12-29 06:00:00+00:00,1778,14519,16297
0-203-0-10802004001,Kubova Huť,48.986168,13.771537,997.0,1995-05-01 06:00:00+00:00,2019-12-30 06:00:00+00:00,1154,7857,9011
0-203-0-10802009001,Vimperk,49.0657822,13.7824278,637.0,1952-12-27 06:00:00+00:00,2025-12-29 06:00:00+00:00,3117,23551,26668
0-203-0-10802015001,Javorník,49.1392,13.6611,988.0,1984-01-02 06:00:00+00:00,2008-10-27 06:00:00+00:00,760,5394,6154
0-203-0-10802017001,Vacov  Peckov,49.1352075,13.7263994,738.0,1961-01-06 06:00:00+00:00,2025-12-29 06:00:00+00:00,2987,20361,23348
0-203-0-10802028001,Zálezly,49.1075389,13.8931481,569.0,1994-02-07 06:00:00+00:00,2025-12-29 06:00:00+00:00,1524,15278,16802
0-203-0-10802038001,Volyně  Nihošovice,49.1854894,13.8612525,448.0,1978-11-06 06:00:00+00:00,2025-12-29 06:00:00+00:00,2111,14812,16923
0-203-0-10802060001,Paračov,49.2014,13.9947,483.0,1976-11-01 06:00:00+00:00,2012-12-31 06:00:00+00:00,828,7117,7945
0-203-0-10802067001,Kestřany,49.2678992,14.0736942,381.0,1961-01-13 06:00:00+00:00,2025-12-29 06:00:00+00:00,2506,16823,19329
0-203-0-10802073001,Sedlice,49.3756828,13.9416925,511.0,1961-01-20 06:00:00+00:00,2025-12-29 06:00:00+00:00,3027,20714,23741
0-203-0-10803008001,Zbytiny,48.92618,13.9691961,792.0,1984-06-04 06:00:00+00:00,2025-12-29 06:00:00+00:00,1865,12990,14855
0-203-0-10803012001,Mlynářovice,48.9469,13.9014,743.0,1980-01-07 06:00:00+00:00,2009-12-21 06:00:00+00:00,1383,9575,10958
0-203-0-10803016001,Záblatí,48.9972,13.9321,652.0,1981-04-06 06:00:00+00:00,1981-04-27 06:00:00+00:00,4,785,789
0-203-0-10803031001,Prachatice,49.0073094,13.9934122,607.0,1982-01-04 06:00:00+00:00,2025-12-29 06:00:00+00:00,2068,13944,16012
0-203-0-10803058001,Frantoly,48.9823961,14.1003433,726.0,1972-02-07 06:00:00+00:00,2002-12-30 06:00:00+00:00,959,7110,8069
0-203-0-10803062001,Bavorov,49.123889,14.089722,416.0,1946-01-04 06:00:00+00:00,2002-12-30 06:00:00+00:00,1323,14903,16226
0-203-0-10803079601,Dříteň,49.1456,14.35,420.0,1973-01-01 06:00:00+00:00,1983-02-28 06:00:00+00:00,147,1061,1208
0-203-0-10803089001,Paseky,49.2497158,14.2682417,482.0,1986-01-06 06:00:00+00:00,2002-12-30 06:00:00+00:00,763,5234,5997
0-203-0-10804001001,Radošice  Mladý Smolivec,49.5023517,13.7266981,552.0,1961-02-10 06:00:00+00:00,2025-05-26 06:00:00+00:00,3003,20738,23741
0-203-0-10804006001,Lnáře  Kocelovice,49.4333,13.7833,458.0,1964-01-03 06:00:00+00:00,1977-06-27 06:00:00+00:00,437,5525,5962
0-203-0-10804016002,Závišín,49.487222,13.923056,501.0,1961-01-06 06:00:00+00:00,2025-12-29 06:00:00+00:00,3068,20673,23741
0-203-0-10804036001,Rožmitál pod Třemšínem  Zalány,49.65,13.85,650.0,1980-01-07 06:00:00+00:00,1980-11-24 06:00:00+00:00,41,294,335
0-203-0-10804044001,Březnice,49.5542,13.9461,493.0,1961-02-03 06:00:00+00:00,2025-12-29 06:00:00+00:00,2788,19891,22679
0-203-0-10804052001,Tochovice,49.591667,14.004167,494.0,1972-11-06 06:00:00+00:00,2002-12-30 06:00:00+00:00,1046,7505,8551
0-203-0-10804058001,Mirovice,49.5125,14.0383,444.0,1961-01-06 06:00:00+00:00,2005-03-28 06:00:00+00:00,2124,14281,16405
0-203-0-10804062001,Krsice,49.4849553,14.0730208,430.0,2013-04-08 06:00:00+00:00,2025-12-29 06:00:00+00:00,622,4036,4658
0-203-0-10805001001,Orlík nad Vltavou,49.5033544,14.1683553,431.0,1922-12-01 06:00:00+00:00,2025-12-29 06:00:00+00:00,2674,19637,22311
0-203-0-10805018001,Krásná Hora nad Vltavou  Krašovice,49.6,14.2781,434.0,1980-02-11 06:00:00+00:00,2008-06-30 06:00:00+00:00,960,8990,9950
0-203-0-10805038001,Nečín  Bělohrad,49.7067,14.2017,465.0,1961-02-10 06:00:00+00:00,2025-12-29 06:00:00+00:00,2953,20788,23741
0-203-0-10805039001,Borotice,49.7333,14.2667,470.0,1942-01-02 06:00:00+00:00,1993-12-27 06:00:00+00:00,977,16889,17866
0-203-0-10805047001,Střezimíř,49.5381,14.6181,588.0,1952-11-16 06:00:00+00:00,2025-12-29 06:00:00+00:00,3098,24296,27394
0-203-0-10805051001,Vojkov,49.6528,14.5225,463.0,1995-12-18 06:00:00+00:00,2012-12-31 06:00:00+00:00,587,5684,6271
0-203-0-10805063001,Nechvalice  Chválov,49.55,14.45,580.0,1897-08-06 06:00:00+00:00,1979-12-31 06:00:00+00:00,2369,27945,30314
0-203-0-10805067001,Sedlčany,49.6542,14.4269,363.0,1931-01-02 06:00:00+00:00,1995-01-30 06:00:00+00:00,1341,34541,35882
0-203-0-10805078001,Jablonná,49.780786,14.452009,327.0,1989-01-02 06:00:00+00:00,2025-12-29 06:00:00+00:00,1741,12018,13759
0-203-0-10805081001,Slapy,49.8222,14.4331,311.0,1931-01-09 06:00:00+00:00,2012-12-31 06:00:00+00:00,3111,26840,29951
0-203-0-10805103001,Dobříš,49.7858,14.1783,360.0,1994-01-10 06:00:00+00:00,2012-12-31 06:00:00+00:00,838,6102,6940
0-203-0-10805107001,Voznice,49.819169,14.212691,385.0,1961-01-13 06:00:00+00:00,2025-12-29 06:00:00+00:00,2936,19709,22645
0-203-0-10901004001,Žďár nad Sázavou  Stržanov,49.597833,15.936455,605.0,1923-08-03 06:00:00+00:00,2011-12-26 06:00:00+00:00,3082,38190,41272
0-203-0-10901012001,Nížkov,49.5325,15.8067,531.0,1931-04-03 06:00:00+00:00,2025-12-29 06:00:00+00:00,3680,31019,34699
0-203-0-10901041001,Horní Krupá,49.6739,15.5819,498.0,1964-01-03 06:00:00+00:00,2012-12-24 06:00:00+00:00,2238,15633,17871
0-203-0-10901046001,Polná,49.4864,15.7061,490.0,1963-01-23 06:00:00+00:00,2025-12-22 06:00:00+00:00,3104,19907,23011
0-203-0-10901060001,Štoky,49.501462,15.590799,530.0,1961-01-13 06:00:00+00:00,2025-12-22 06:00:00+00:00,2992,24402,27394
0-203-0-10901104001,Habry,49.751989,15.486748,470.0,1897-02-26 06:00:00+00:00,2025-08-25 06:00:00+00:00,4920,42074,46994
0-203-0-10901110001,Světlá nad Sázavou,49.6728,15.4075,410.0,1952-02-03 06:00:00+00:00,2025-12-29 06:00:00+00:00,3163,43953,47116
0-203-0-10901114001,Humpolec,49.54701,15.352715,515.0,1941-01-08 06:00:00+00:00,2025-12-22 06:00:00+00:00,3518,27042,30560
0-203-0-10901127001,Ledeč nad Sázavou,49.698597,15.284048,408.0,1931-01-09 06:00:00+00:00,2025-12-29 06:00:00+00:00,3908,30791,34699
0-203-0-10901134001,Bohdaneč,49.778642,15.223688,460.0,1941-01-01 06:00:00+00:00,2020-12-28 06:00:00+00:00,3907,31157,35064
0-203-0-10901141001,Řendějov  Nový Samechov,49.76873,15.08814,444.0,1944-01-07 06:00:00+00:00,2025-12-29 06:00:00+00:00,3296,26409,29705
0-203-0-10902001001,Božejov,49.360705,15.152789,611.0,1940-04-05 06:00:00+00:00,2024-12-30 06:00:00+00:00,2695,33830,36525
0-203-0-10902011001,Nový Rychnov  Sázava,49.4,15.3333,702.0,1951-01-28 06:00:00+00:00,1979-11-28 06:00:00+00:00,975,9586,10561
0-203-0-10902018001,Pelhřimov,49.4331428,15.2339531,524.0,1938-01-14 06:00:00+00:00,2025-12-29 06:00:00+00:00,2676,33404,36080
0-203-0-10902055001,Pacov,49.46355,15.02348,494.0,1932-07-01 06:00:00+00:00,2025-12-29 06:00:00+00:00,3643,28463,32106
0-203-0-10902081001,Křešín  Kramolín,49.569957,15.06372,550.0,1983-01-10 06:00:00+00:00,1987-11-09 06:00:00+00:00,222,1556,1778
0-203-0-10902100001,Dolní Kralovice  Střítež,49.66272,15.159775,420.0,1944-02-04 06:00:00+00:00,2025-12-29 06:00:00+00:00,3596,25441,29037
0-203-0-10903037001,Šebířov  Vrcholtovice,49.5997,14.7511,475.0,1898-01-07 06:00:00+00:00,2018-08-27 06:00:00+00:00,3152,40889,44041
0-203-0-10903055001,Načeradec,49.6044,14.9086,502.0,1951-01-07 06:00:00+00:00,2025-12-29 06:00:00+00:00,3107,23737,26844
0-203-0-10903058001,Veliš,49.6664,14.8233,451.0,1952-11-16 06:00:00+00:00,2025-12-29 06:00:00+00:00,2989,24040,27029
0-203-0-10903065001,Vlašim,49.691749,14.894545,415.0,2020-01-06 06:00:00+00:00,2024-12-30 06:00:00+00:00,197,2198,2395
0-203-0-10903081001,Postupice,49.7306,14.7833,421.0,1961-01-20 06:00:00+00:00,2025-12-29 06:00:00+00:00,3018,24376,27394
0-203-0-10903092001,Psáře,49.7536,14.9678,475.0,1931-05-01 06:00:00+00:00,2021-11-29 06:00:00+00:00,3572,44943,48515
0-203-0-10903094001,Teplýšovice,49.8067,14.8038,463.0,2020-08-03 06:00:00+00:00,2025-12-29 06:00:00+00:00,262,1717,1979
0-203-0-10903095001,Kozmice,49.8264,14.7942,500.0,1952-01-27 06:00:00+00:00,2022-12-26 06:00:00+00:00,1941,17875,19816
0-203-0-10903095002,Ostředek  Mžižovice,49.8333,14.8203,445.0,1994-01-03 06:00:00+00:00,2002-11-25 06:00:00+00:00,370,2886,3256
0-203-0-10903099001,Ledečko,49.8494,14.9469,300.0,1953-02-08 06:00:00+00:00,2012-12-31 06:00:00+00:00,2393,20191,22584
0-203-0-10903100001,Čekanov  Úžice,49.88332,14.95468,413.0,2022-01-03 06:00:00+00:00,2025-12-29 06:00:00+00:00,199,1262,1461
0-203-0-10903101001,Sázava,49.876432,14.901245,350.0,1897-04-02 06:00:00+00:00,2021-12-13 06:00:00+00:00,4161,40673,44834
0-203-0-10903144001,Votice,49.6433,14.6333,450.0,1951-12-30 06:00:00+00:00,2025-12-29 06:00:00+00:00,2987,24407,27394
0-203-0-10903164001,Maršovice  Zahrádka,49.7325,14.5886,358.0,1952-11-16 06:00:00+00:00,2025-12-29 06:00:00+00:00,3158,23871,27029
0-203-0-10903179001,Lešany  Nová Ves,49.85,14.5106,295.0,1980-01-07 06:00:00+00:00,2004-01-26 06:00:00+00:00,1110,9179,10289
0-203-0-10904008001,Mníšek pod Brdy,49.8694,14.2625,367.0,1931-05-01 06:00:00+00:00,2025-12-29 06:00:00+00:00,3698,43418,47116
0-203-0-10904009001,Jíloviště,49.9233,14.3319,354.0,1980-01-07 06:00:00+00:00,2025-12-29 06:00:00+00:00,2160,14642,16802
0-203-0-10904013001,Praha  Komořany,49.9886,14.40636,213.0,1980-01-07 06:00:00+00:00,2025-12-29 06:00:00+00:00,2129,14673,16802
0-203-0-11001002001,Halže  Branka,49.830833,12.516666,605.0,1963-11-01 06:00:00+00:00,1980-06-30 06:00:00+00:00,687,5400,6087
0-203-0-11001016001,Tachov,49.798357,12.623135,487.0,1952-01-04 06:00:00+00:00,2025-12-29 06:00:00+00:00,3416,25528,28944
0-203-0-11001043001,Chodský Újezd,49.8658,12.6522,565.0,1961-02-17 06:00:00+00:00,2003-11-24 06:00:00+00:00,1887,13787,15674
0-203-0-11001044001,Planá,49.870952,12.735097,505.0,1964-01-10 06:00:00+00:00,2025-12-29 06:00:00+00:00,2972,19674,22646
0-203-0-11001058001,Tři Sekery,49.943647,12.616463,672.0,1951-09-07 06:00:00+00:00,2025-12-29 06:00:00+00:00,3532,23374,26906
0-203-0-11001075001,Svojšín  Řebří,49.763302,12.881296,460.0,1961-02-10 06:00:00+00:00,2007-12-31 06:00:00+00:00,2196,14880,17076
0-203-0-11001107001,Staré Sedlo  Darmyšl,49.639765,12.878357,448.0,1963-01-04 06:00:00+00:00,2025-12-29 06:00:00+00:00,3029,19982,23011
0-203-0-11001110001,Bor,49.710653,12.770725,471.0,1994-01-03 06:00:00+00:00,2025-12-22 06:00:00+00:00,1450,10148,11598
0-203-0-11001141001,Úterý,49.938609,13.001143,489.0,1984-01-02 06:00:00+00:00,2025-12-29 06:00:00+00:00,1989,13352,15341
0-203-0-11001153001,Lestkov,49.8836,12.8742,595.0,1961-02-10 06:00:00+00:00,2012-06-25 06:00:00+00:00,2356,16208,18564
0-203-0-11001171001,Pernarec,49.8394,13.0975,482.0,1956-03-02 06:00:00+00:00,1979-12-24 06:00:00+00:00,1022,7471,8493
0-203-0-11001177001,Úlice,49.759189,13.143405,428.0,1961-02-10 06:00:00+00:00,2025-12-29 06:00:00+00:00,3104,20331,23435
0-203-0-11001186001,Plzeň  Radčice,49.765499,13.323199,320.0,1951-01-12 06:00:00+00:00,2025-12-29 06:00:00+00:00,3554,23442,26996
0-203-0-11002020001,Trhanov  Chodov,49.41688,12.83535,471.0,1961-01-06 06:00:00+00:00,2025-12-29 06:00:00+00:00,2860,20881,23741
0-203-0-11002037001,Horšovský Týn,49.528213,12.943746,374.0,1955-11-04 06:00:00+00:00,2025-12-29 06:00:00+00:00,3402,22227,25629
0-203-0-11002055001,Kdyně,49.393642,13.045733,475.0,1961-01-13 06:00:00+00:00,2025-12-29 06:00:00+00:00,2977,20003,22980
0-203-0-11002060001,Stanětice,49.4417,13.0225,484.0,2001-12-03 06:00:00+00:00,2012-12-31 06:00:00+00:00,493,3739,4232
0-203-0-11002064001,Koloveč,49.4836,13.1161,476.0,1964-02-14 06:00:00+00:00,2000-12-18 06:00:00+00:00,1711,11623,13334
0-203-0-11002074001,Zhoř,49.6611,12.9806,495.0,1964-01-03 06:00:00+00:00,1979-12-24 06:00:00+00:00,704,5140,5844
0-203-0-11002084001,Stod,49.639696,13.166901,337.0,1951-01-12 06:00:00+00:00,2018-12-31 06:00:00+00:00,2830,18616,21446
0-203-0-11002086001,Chudenice,49.465405,13.176262,490.0,1957-01-04 06:00:00+00:00,2025-12-29 06:00:00+00:00,3258,21153,24411
0-203-0-11002093001,Merklín,49.55887,13.196879,377.0,1947-02-07 06:00:00+00:00,2008-08-25 06:00:00+00:00,2837,19656,22493
0-203-0-11002097001,Dnešice,49.601994,13.269301,378.0,1946-01-11 06:00:00+00:00,2025-12-29 06:00:00+00:00,3952,25117,29069
0-203-0-11003009001,Nýrsko,49.290206,13.135924,457.0,1952-01-04 06:00:00+00:00,2025-12-22 06:00:00+00:00,3399,23482,26881
0-203-0-11003028001,Strážov,49.30562,13.246905,477.0,1964-01-03 06:00:00+00:00,2025-12-22 06:00:00+00:00,2960,19656,22616
0-203-0-11003030001,Dlažov,49.3636,13.1669,504.0,1941-01-03 06:00:00+00:00,2008-08-25 06:00:00+00:00,2882,20342,23224
0-203-0-11003072001,Lužany,49.54908,13.317522,358.0,1956-09-07 06:00:00+00:00,2025-12-29 06:00:00+00:00,3313,22011,25324
0-203-0-11003073001,Horšice  Újezd,49.5375,13.4047,470.0,1990-01-01 06:00:00+00:00,2012-12-31 06:00:00+00:00,1038,7363,8401
0-203-0-11003082001,Netunice,49.61559,13.432035,464.0,1942-12-04 06:00:00+00:00,2025-12-29 06:00:00+00:00,3927,26145,30072
0-203-0-11004001002,Plzeň  Doudlevce,49.7239,13.3944,312.0,1980-01-07 06:00:00+00:00,1997-12-29 06:00:00+00:00,896,5679,6575
0-203-0-11005008001,Lovčice  Kvasetice,49.402384,13.493545,597.0,1941-03-07 06:00:00+00:00,2025-12-22 06:00:00+00:00,3388,26658,30046
0-203-0-11005011001,Žinkovy,49.486555,13.491503,475.0,1941-01-03 06:00:00+00:00,2025-12-29 06:00:00+00:00,4090,26621,30711
0-203-0-11005023001,Životice,49.470036,13.681495,484.0,1941-01-07 06:00:00+00:00,2025-12-22 06:00:00+00:00,3511,23795,27306
0-203-0-11005040001,Seč,49.587397,13.506002,398.0,1953-07-03 06:00:00+00:00,2025-12-22 06:00:00+00:00,3512,22970,26482
0-203-0-11005046001,Borovno  Míšov,49.623944,13.727867,651.0,1942-02-07 06:00:00+00:00,2016-12-26 06:00:00+00:00,3156,23447,26603
0-203-0-11005050001,Spálené Poříčí,49.615175,13.604538,420.0,1947-01-03 06:00:00+00:00,2025-12-29 06:00:00+00:00,3683,24351,28034
0-203-0-11005051001,Nezvěstice,49.635765,13.528521,371.0,1964-01-03 06:00:00+00:00,2025-12-29 06:00:00+00:00,2958,19596,22554
0-203-0-11005057001,Šťáhlavy,49.6767,13.5208,364.0,1983-01-03 06:00:00+00:00,1997-12-29 06:00:00+00:00,734,4745,5479
0-203-0-11101013001,Strašice,49.742781,13.753217,526.0,1961-02-10 06:00:00+00:00,2025-12-29 06:00:00+00:00,2940,20739,23679
0-203-0-11101016001,Dobřív,49.717616,13.689215,417.0,1941-01-03 06:00:00+00:00,2025-12-29 06:00:00+00:00,3508,23885,27393
0-203-0-11101025001,Holoubkov  Medový Újezd,49.77498,13.71137,433.0,1961-01-06 06:00:00+00:00,2025-12-22 06:00:00+00:00,3055,20686,23741
0-203-0-11101034001,Osek,49.7792,13.6014,410.0,1961-01-06 06:00:00+00:00,1979-06-25 06:00:00+00:00,922,5833,6755
0-203-0-11101046001,Břasy  Darová,49.8389,13.5206,332.0,1956-05-04 06:00:00+00:00,2012-12-31 06:00:00+00:00,2683,17896,20579
0-203-0-11101047001,Úněšov  Číhaná,49.894104,13.128163,573.0,1964-11-30 06:00:00+00:00,2025-12-29 06:00:00+00:00,2698,19676,22374
0-203-0-11101055001,Horní Bělá  Vrtbo,49.884347,13.248312,513.0,1961-01-06 06:00:00+00:00,2025-12-29 06:00:00+00:00,2981,20335,23316
0-203-0-11101060001,Hromnice,49.848142,13.445309,336.0,1950-01-13 06:00:00+00:00,2025-12-29 06:00:00+00:00,3674,23962,27636
0-203-0-11102023001,Žlutice,50.09822,13.160412,569.0,1965-01-01 06:00:00+00:00,2025-12-29 06:00:00+00:00,2896,19295,22191
0-203-0-11102028001,Verušičky,50.140984,13.172377,582.0,1947-01-03 06:00:00+00:00,2025-12-29 06:00:00+00:00,3669,25186,28855
0-203-0-11102036001,Bezvěrov,49.993664,13.054363,699.0,1963-04-05 06:00:00+00:00,2025-12-22 06:00:00+00:00,3014,19633,22647
0-203-0-11102044001,Manětín,49.992466,13.22757,436.0,1941-01-03 06:00:00+00:00,2025-12-29 06:00:00+00:00,3986,27060,31046
0-203-0-11102061001,Mladotice  Černá Hať,50.0083,13.3342,506.0,1965-01-01 06:00:00+00:00,2003-02-24 06:00:00+00:00,1627,12006,13633
0-203-0-11102069001,Plasy,49.933074,13.382176,330.0,1951-01-05 06:00:00+00:00,2025-12-29 06:00:00+00:00,3173,21268,24441
0-203-0-11102088001,Liblín,49.916487,13.5451,299.0,1961-01-13 06:00:00+00:00,2025-12-29 06:00:00+00:00,3038,20703,23741
0-203-0-11102119001,Slabce  Modřejovice,49.992453,13.690636,389.0,1942-03-06 06:00:00+00:00,2025-12-29 06:00:00+00:00,4052,26570,30622
0-203-0-11102135001,Terešov,49.901862,13.707071,402.0,1987-01-12 06:00:00+00:00,2025-12-29 06:00:00+00:00,1812,12433,14245
0-203-0-11102140001,Ostrovec  Kohoutov,49.912621,13.774443,530.0,1961-02-10 06:00:00+00:00,1985-12-30 06:00:00+00:00,1214,7886,9100
0-203-0-11102145001,Broumy,49.9519,13.8575,410.0,1946-01-11 06:00:00+00:00,1993-02-01 06:00:00+00:00,2245,14981,17226
0-203-0-11102153001,Karlova Ves,49.990212,13.861277,405.0,1961-02-03 06:00:00+00:00,2025-12-29 06:00:00+00:00,2954,20605,23559
0-203-0-11103001001,Oráčov,50.10814,13.54839,401.0,1963-01-04 06:00:00+00:00,2025-12-29 06:00:00+00:00,2984,19815,22799
0-203-0-11103006001,Petrovice,50.0661,13.6369,396.0,1980-01-07 06:00:00+00:00,1994-03-28 06:00:00+00:00,698,10350,11048
0-203-0-11103015001,Rakovník,50.099245,13.738651,313.0,1943-11-05 06:00:00+00:00,2020-05-25 06:00:00+00:00,3393,23605,26998
0-203-0-11103017001,Kounov,50.214902,13.672193,418.0,1945-11-02 06:00:00+00:00,2009-04-27 06:00:00+00:00,3015,19962,22977
0-203-0-11103024001,Krušovice,50.174061,13.77522,385.0,1963-03-15 06:00:00+00:00,2008-08-25 06:00:00+00:00,2157,14523,16680
0-203-0-11103040001,Nový Dům,50.0897,13.829224,400.0,1943-01-08 06:00:00+00:00,2012-12-31 06:00:00+00:00,3383,22185,25568
0-203-0-11103043001,Křivoklát,50.0381,13.8808,323.0,1980-01-07 06:00:00+00:00,2025-12-29 06:00:00+00:00,2116,14686,16802
0-203-0-11103045001,Nové Strašecí,50.1456,13.8942,482.0,1955-11-27 06:00:00+00:00,2025-12-29 06:00:00+00:00,3046,24348,27394
0-203-0-11103049001,Zbečno,50.0614,13.935,262.0,1952-01-27 06:00:00+00:00,2025-12-29 06:00:00+00:00,3034,24360,27394
0-203-0-11103053001,Sýkořice  Skalka,50.05,13.9833,392.0,1951-02-23 06:00:00+00:00,1979-12-31 06:00:00+00:00,1085,29411,30496
0-203-0-11103064001,Beroun,49.9711,14.0642,265.0,1940-03-01 06:00:00+00:00,2025-12-29 06:00:00+00:00,2220,22893,25113
0-203-0-111040030,Podlesí,49.6897,13.9806,510.0,1961-01-06 06:00:00+00:00,2025-12-22 06:00:00+00:00,3109,20632,23741
0-203-0-11104013001,Jince,49.7819,13.9797,405.0,1946-07-05 06:00:00+00:00,2000-01-31 06:00:00+00:00,840,19068,19908
0-203-0-11104016001,Rpety,49.8272,13.9369,360.0,1993-01-04 06:00:00+00:00,2025-12-29 06:00:00+00:00,1513,22228,23741
0-203-0-11104026001,Hvozdec  Mrtník,49.798186,13.872083,425.0,1988-01-04 06:00:00+00:00,2025-12-29 06:00:00+00:00,1738,12142,13880
0-203-0-11104027001,Zaječov  Nová Ves,49.7625,13.8425,485.0,1964-01-03 06:00:00+00:00,2012-12-31 06:00:00+00:00,1950,17043,18993
0-203-0-11104046001,Zdice,49.9108,13.9714,305.0,1952-01-27 06:00:00+00:00,2025-12-29 06:00:00+00:00,2375,44741,47116
0-203-0-11105018001,Unhošť,50.0867,14.1272,389.0,1926-02-01 06:00:00+00:00,2012-12-31 06:00:00+00:00,2478,42812,45290
0-203-0-11105027001,Loděnice,49.9964,14.1567,255.0,1984-01-02 06:00:00+00:00,2025-12-29 06:00:00+00:00,1975,13366,15341
0-203-0-11105036001,Liteň,49.9033,14.1506,320.0,1963-03-08 06:00:00+00:00,2024-12-30 06:00:00+00:00,2882,20494,23376
0-203-0-11105048001,Praha  Zadní Kopanina,50.0072,14.3178,330.0,1961-01-06 06:00:00+00:00,2025-12-29 06:00:00+00:00,2292,21449,23741
0-203-0-11201006001,Praha  Braník,50.0383,14.4239,260.0,1961-01-06 06:00:00+00:00,2010-07-26 06:00:00+00:00,2320,15789,18109
0-203-0-11201018001,Průhonice,50.007829,14.561121,312.0,1941-01-05 06:00:00+00:00,2008-12-29 06:00:00+00:00,1601,21410,23011
0-203-0-11201020001,Praha  Vinohrady - Flora,50.07584,14.46186,280.0,2019-01-07 06:00:00+00:00,2025-12-29 06:00:00+00:00,356,2201,2557
0-203-0-11201020002,Praha  Hostivař,50.0342,14.535,251.0,1961-01-06 06:00:00+00:00,1999-07-26 06:00:00+00:00,1344,16400,17744
0-203-0-11201020003,Praha  Chodov,50.0294,14.5,297.0,1997-01-06 06:00:00+00:00,2025-12-29 06:00:00+00:00,1210,9382,10592
0-203-0-11201021001,Praha  Smíchov,50.064444,14.394722,274.0,1980-01-07 06:00:00+00:00,2000-01-31 06:00:00+00:00,972,13363,14335
0-203-0-11201024001,Praha  Břevnov,50.080843,14.352689,355.0,1951-01-01 06:00:00+00:00,2011-12-26 06:00:00+00:00,2490,19790,22280
0-203-0-11201026001,Říčany,50.0003,14.6717,385.0,1941-01-03 06:00:00+00:00,2025-12-29 06:00:00+00:00,2674,25360,28034
0-203-0-11202001001,Praha  Podbaba,50.1172,14.3942,183.0,1980-01-07 06:00:00+00:00,1999-12-27 06:00:00+00:00,969,13488,14457
0-203-0-11202007001,Praha  Suchdol,50.1436,14.3906,268.0,1968-01-05 06:00:00+00:00,2025-12-29 06:00:00+00:00,2772,20969,23741
0-203-0-11202034001,Koleč,50.1991,14.2377,238.0,1958-01-26 06:00:00+00:00,2025-12-29 06:00:00+00:00,3154,22048,25202
0-203-0-11202066001,Zlonice,50.283586,14.086873,231.0,1932-04-01 06:00:00+00:00,2011-12-26 06:00:00+00:00,1923,31545,33468
0-203-0-11202078001,Slaný,50.236779,14.090481,307.0,1938-08-05 06:00:00+00:00,2007-12-31 06:00:00+00:00,2877,28169,31046
0-203-0-11202086001,Hospozín,50.3061,14.175,195.0,1931-04-03 06:00:00+00:00,2004-01-26 06:00:00+00:00,1387,25307,26694
0-203-0-11203009001,Vysoká  Bosyně,50.4165833,14.5482556,307.0,2013-04-08 06:00:00+00:00,2025-12-29 06:00:00+00:00,601,4057,4658
0-203-0-11203010001,Střemy,50.38361,14.56861,269.0,1959-01-02 06:00:00+00:00,2013-03-25 06:00:00+00:00,1932,14413,16345
0-203-0-11203016001,Mělník,50.3558,14.4739,184.0,1998-01-05 06:00:00+00:00,2002-07-29 06:00:00+00:00,184,1520,1704
0-203-0-11203017001,Hořín,50.3422,14.465,158.0,1988-11-01 06:00:00+00:00,2025-12-29 06:00:00+00:00,1401,10199,11600
0-203-0-11203020001,Dubá  Nedamov,50.536399,14.555594,258.0,1961-01-13 06:00:00+00:00,2025-12-29 06:00:00+00:00,2701,21440,24141
0-203-0-11203037002,Hněvice,50.442,14.35038,179.0,1950-06-02 06:00:00+00:00,1961-12-29 06:00:00+00:00,584,3648,4232
0-203-0-11203039001,Roudnice nad Labem,50.42731,14.24917,175.0,1941-09-05 06:00:00+00:00,2025-12-29 06:00:00+00:00,3666,27476,31142
0-203-0-11203051001,Úštěk  Habřina,50.59617,14.30925,280.0,1961-01-13 06:00:00+00:00,2022-07-25 06:00:00+00:00,2555,18660,21215
0-203-0-11203055001,Liběšice,50.5675,14.2839,240.0,1980-01-07 06:00:00+00:00,1997-01-27 06:00:00+00:00,686,12098,12784
0-203-0-11203061001,Snědovice  Velký Hubenov,50.5278,14.4025,230.0,1987-03-23 06:00:00+00:00,1993-12-27 06:00:00+00:00,338,2160,2498
0-203-0-11203066001,Chcebuz,50.4819,14.4314,305.0,1988-01-04 06:00:00+00:00,1993-12-20 06:00:00+00:00,292,2296,2588
0-203-0-11301011001,Dolní Hraničná,50.08,12.2847,475.0,1984-03-05 06:00:00+00:00,1993-12-27 06:00:00+00:00,471,3031,3502
0-203-0-11301018001,Hazlov,50.159224,12.270389,551.0,1980-01-07 06:00:00+00:00,2025-12-29 06:00:00+00:00,2083,14719,16802
0-203-0-11301025001,Skalná,50.169754,12.363183,455.0,1980-01-07 06:00:00+00:00,2012-04-30 06:00:00+00:00,1539,16316,17855
0-203-0-11301046001,Luby,50.256881,12.400238,524.0,1961-02-17 06:00:00+00:00,2025-12-29 06:00:00+00:00,2974,20738,23712
0-203-0-11301059001,Starý Hrozňatov,50.025396,12.389416,452.0,1980-01-07 06:00:00+00:00,2025-12-29 06:00:00+00:00,2115,14505,16620
0-203-0-11301070001,Dolní Žandov,50.019769,12.550387,537.0,1980-01-07 06:00:00+00:00,2019-12-30 06:00:00+00:00,1776,12437,14213
0-203-0-11301082001,Kynžvart  Lazy,50.05,12.62322,845.0,1987-01-05 06:00:00+00:00,2017-12-25 06:00:00+00:00,1336,9681,11017
0-203-0-11301086001,Habartov,50.180156,12.54853,484.0,1980-01-07 06:00:00+00:00,2025-12-29 06:00:00+00:00,2199,14603,16802
0-203-0-11301092001,Sokolov,50.176985,12.639266,407.0,2016-04-18 06:00:00+00:00,2025-12-29 06:00:00+00:00,473,3077,3550
0-203-0-11301096001,Bublava,50.3711,12.5033,711.0,1980-01-07 06:00:00+00:00,2002-12-23 06:00:00+00:00,1078,7323,8401
0-203-0-11301106001,Přebuz,50.37246,12.615467,904.0,1988-01-04 06:00:00+00:00,2017-12-25 06:00:00+00:00,1254,8505,9759
0-203-0-11301117001,Oloví,50.24589,12.559014,537.0,1980-01-07 06:00:00+00:00,2025-12-29 06:00:00+00:00,2070,13971,16041
0-203-0-11301161001,Nejdek,50.335684,12.715486,609.0,1961-01-06 06:00:00+00:00,2025-12-29 06:00:00+00:00,3111,20325,23436
0-203-0-11302001001,Teplá,49.9833,12.8667,670.0,1950-03-03 06:00:00+00:00,1979-12-23 06:00:00+00:00,1432,9374,10806
0-203-0-11302015001,Bečov nad Teplou,50.0824,12.836679,529.0,1980-01-07 06:00:00+00:00,2025-12-29 06:00:00+00:00,2228,20783,23011
0-203-0-11302021001,Březová,50.197003,12.856646,435.0,1961-01-06 06:00:00+00:00,2010-12-27 06:00:00+00:00,2269,15721,17990
0-203-0-11302028001,Kolová  Pila,50.179781,12.92504,535.0,1961-02-10 06:00:00+00:00,2012-12-31 06:00:00+00:00,2340,16622,18962
0-203-0-11302052001,Šemnice  Radošov,50.277061,12.994221,351.0,1955-01-07 06:00:00+00:00,2025-12-29 06:00:00+00:00,3406,22164,25570
0-203-0-11302057001,Abertamy,50.367742,12.816447,893.0,1980-02-04 06:00:00+00:00,2025-12-22 06:00:00+00:00,2100,14671,16771
0-203-0-11302082001,Stráž nad Ohří,50.338823,13.051677,330.0,1980-01-01 06:00:00+00:00,2025-12-29 06:00:00+00:00,2132,14670,16802
0-203-0-11302113001,Výsluní,50.46428,13.23853,738.0,1948-12-03 06:00:00+00:00,2025-12-29 06:00:00+00:00,2961,24951,27912
0-203-0-11303005301,Vilémov,50.3011,13.3078,300.0,1961-01-13 06:00:00+00:00,2012-12-31 06:00:00+00:00,1593,14663,16256
0-203-0-11303014001,Krásný Dvůr,50.2525,13.3722,330.0,1984-05-07 06:00:00+00:00,1988-12-26 06:00:00+00:00,221,1485,1706
0-203-0-11303017001,Mašťov,50.2608,13.2828,373.0,1965-02-05 06:00:00+00:00,2025-12-29 06:00:00+00:00,2072,20939,23011
0-203-0-11303019001,Veliká Ves  Vitčice,50.2861,13.3417,315.0,1987-02-02 06:00:00+00:00,1991-06-24 06:00:00+00:00,221,1678,1899
0-203-0-11303052001,Valeč,50.1794,13.2528,518.0,1963-05-03 06:00:00+00:00,2008-06-30 06:00:00+00:00,1636,12610,14246
0-203-0-11303060001,Velečín  Pastuchovice,50.07036,13.38189,470.0,1946-08-02 06:00:00+00:00,2025-12-29 06:00:00+00:00,3608,25282,28890
0-203-0-11303071002,Kryry,50.1767,13.4272,306.0,1963-05-03 06:00:00+00:00,2012-12-31 06:00:00+00:00,1685,13265,14950
0-203-0-11303078001,Velká Černoc,50.20283,13.58406,329.0,1963-05-03 06:00:00+00:00,2025-12-29 06:00:00+00:00,2761,20010,22771
0-203-0-11303100001,Hřivice,50.292153,13.732,270.0,1942-01-02 06:00:00+00:00,2025-12-29 06:00:00+00:00,3203,27477,30680
0-203-0-11303109001,Blatno  Bečov,50.5136,13.3314,595.0,1961-01-07 06:00:00+00:00,1986-06-30 06:00:00+00:00,972,8340,9312
0-203-0-11303111001,Křimov,50.499,13.31453,570.0,1988-01-04 06:00:00+00:00,2025-12-29 06:00:00+00:00,1681,12321,14002
0-203-0-11303115501,Málkov  Zelená,50.448,13.327,410.0,1922-01-09 06:00:00+00:00,2012-12-31 06:00:00+00:00,1934,34809,36743
0-203-0-11303115901,Chomutov,50.447222,13.405833,333.0,1953-12-04 06:00:00+00:00,1961-12-15 06:00:00+00:00,86,2928,3014
0-203-0-11303115902,Chomutov,50.46225,13.39711,362.0,1947-01-03 06:00:00+00:00,2025-12-29 06:00:00+00:00,3420,27445,30865
0-203-0-11304017001,Cítoliby,50.3361,13.8164,235.0,1941-01-03 06:00:00+00:00,2025-12-29 06:00:00+00:00,3789,27257,31046
0-203-0-11304028001,Peruc,50.3386,13.9542,350.0,1961-01-13 06:00:00+00:00,2025-12-29 06:00:00+00:00,2755,20560,23315
0-203-0-11304041001,Libochovice  Poplze,50.39983,14.04575,165.0,1968-01-05 06:00:00+00:00,2025-12-29 06:00:00+00:00,2576,18731,21307
0-203-0-11304046001,Dlažkovice,50.47,13.95222,278.0,1961-02-03 06:00:00+00:00,2025-12-29 06:00:00+00:00,2778,20067,22845
0-203-0-11304050101,Mšené-lázně,50.362222,14.123889,220.0,1941-03-07 06:00:00+00:00,1961-12-22 06:00:00+00:00,920,6750,7670
0-203-0-11304061001,Straškov-Vodochody,50.36389,14.255,214.0,1961-01-06 06:00:00+00:00,2025-12-29 06:00:00+00:00,2859,20696,23555
0-203-0-11305002001,Litoměřice,50.543229,14.140687,206.0,1951-01-05 06:00:00+00:00,2025-12-29 06:00:00+00:00,2768,20102,22870
0-203-0-11305010001,Milešov,50.53642,13.94231,348.0,1961-01-15 06:00:00+00:00,2025-12-29 06:00:00+00:00,2571,20105,22676
0-203-0-11305015001,Ústí nad Labem  Církvice,50.59228,14.04103,150.0,1946-03-01 06:00:00+00:00,2012-12-24 06:00:00+00:00,2970,20833,23803
0-203-0-11401,Aš,50.220602,12.179572,675.0,1952-01-11 06:00:00+00:00,2025-12-29 06:00:00+00:00,2455,24939,27394
0-203-0-11401004201,Boleboř,50.537395,13.415082,600.0,1955-01-08 06:00:00+00:00,2025-12-29 06:00:00+00:00,3272,22449,25721
0-203-0-11401004901,Otvice,50.4811,13.4472,325.0,1990-01-01 06:00:00+00:00,2008-07-28 06:00:00+00:00,661,6208,6869
0-203-0-11401004902,Vrskmaň  Újezd,50.4931,13.4972,307.0,1967-06-02 06:00:00+00:00,1978-03-13 06:00:00+00:00,264,3692,3956
0-203-0-11401005101,Most  Komořany,50.528,13.571,233.0,1953-07-03 06:00:00+00:00,1965-04-30 06:00:00+00:00,425,4448,4873
0-203-0-11401005501,Litvínov  Lounice,50.610805,13.559339,478.0,1961-02-24 06:00:00+00:00,2012-12-24 06:00:00+00:00,2374,23409,25783
0-203-0-11401020001,Klíny,50.63875,13.55153,807.0,1963-05-03 06:00:00+00:00,2024-10-28 06:00:00+00:00,2689,19054,21743
0-203-0-11401021001,Litvínov,50.600686,13.611111,345.0,1957-11-01 06:00:00+00:00,1984-08-27 06:00:00+00:00,245,11750,11995
0-203-0-11401043001,Měrunice  Žichov,50.47908,13.79031,367.0,1954-01-01 06:00:00+00:00,2025-12-29 06:00:00+00:00,3032,43657,46689
0-203-0-11401047001,Lukov,50.527833,13.883763,502.0,1964-06-05 06:00:00+00:00,2025-12-29 06:00:00+00:00,2589,19964,22553
0-203-0-11401048001,Bílina,50.539526,13.775657,270.0,1951-08-03 06:00:00+00:00,2025-12-29 06:00:00+00:00,3316,23165,26481
0-203-0-11401056001,Hrob  Křižanov,50.654,13.71953,360.0,1916-12-01 06:00:00+00:00,2024-04-29 06:00:00+00:00,2992,43243,46235
0-203-0-11401079001,Bořislav,50.575833,13.929444,380.0,1974-01-21 06:00:00+00:00,1978-10-30 06:00:00+00:00,210,3900,4110
0-203-0-11401094001,Telnice  Varvažov,50.725083,13.964611,340.0,1946-01-04 06:00:00+00:00,2025-12-29 06:00:00+00:00,2622,21211,23833
0-203-0-11401097301,Dubí,50.68056,13.80214,402.0,1965-01-01 06:00:00+00:00,2025-12-29 06:00:00+00:00,2730,19397,22127
0-203-0-11402017001,Děčín  Těchlovice,50.69783,14.20433,150.0,1962-08-03 06:00:00+00:00,2025-12-29 06:00:00+00:00,2837,20327,23164
0-203-0-11402027001,Tisá,50.78694,14.02167,556.0,1989-01-02 06:00:00+00:00,2025-12-29 06:00:00+00:00,1636,12092,13728
0-203-0-11402030001,Jílové,50.76642,14.10183,310.0,1962-11-02 06:00:00+00:00,2025-12-29 06:00:00+00:00,2846,20226,23072
0-203-0-11403,Královské Poříčí,50.1972,12.6361,416.0,1966-02-04 06:00:00+00:00,1971-09-27 06:00:00+00:00,230,1961,2191
0-203-0-11403005001,Křižany,50.738722,14.907056,395.0,1961-01-06 06:00:00+00:00,2025-12-29 06:00:00+00:00,2892,38688,41580
0-203-0-11403025001,Mimoň,50.65975,14.72494,278.0,1951-06-01 06:00:00+00:00,2025-12-29 06:00:00+00:00,3481,23762,27243
0-203-0-11403041001,Mařenice,50.80967,14.676,395.0,1961-01-06 06:00:00+00:00,2025-12-29 06:00:00+00:00,2867,25441,28308
0-203-0-11403046001,Cvikov,50.775833,14.633333,357.0,1930-01-10 06:00:00+00:00,1962-09-28 06:00:00+00:00,544,11417,11961
0-203-0-11403051001,Nový Bor,50.75,14.55719,358.0,1950-01-20 06:00:00+00:00,2015-08-31 06:00:00+00:00,2768,21402,24170
0-203-0-11403070001,Kravaře,50.63392,14.39306,283.0,1962-09-07 06:00:00+00:00,2012-12-31 06:00:00+00:00,2073,15886,17959
0-203-0-11403070002,Verneřice,50.65789,14.30492,507.0,1989-01-02 06:00:00+00:00,2025-12-29 06:00:00+00:00,1603,11944,13547
0-203-0-11403079001,Zahrádky,50.61428,14.51467,270.0,1937-03-03 06:00:00+00:00,2025-12-29 06:00:00+00:00,2178,44641,46819
0-203-0-11403086001,Žandov  Horní Police,50.708083,14.403417,275.0,1961-01-01 06:00:00+00:00,2025-12-29 06:00:00+00:00,2923,20483,23406
0-203-0-11403099001,Benešov nad Ploučnicí,50.74422,14.31186,250.0,1957-07-05 06:00:00+00:00,2020-09-28 06:00:00+00:00,2673,19334,22007
0-203-0-11405001001,Kytlice  Mlýny,50.81333,14.49222,406.0,1955-01-07 06:00:00+00:00,2012-12-31 06:00:00+00:00,2576,18480,21056
0-203-0-11405003001,Česká Kamenice,50.80333,14.44361,328.0,1961-01-06 06:00:00+00:00,2025-12-29 06:00:00+00:00,2934,20626,23560
0-203-0-11405014001,Chřibská  Horní Chřibská,50.85289,14.52456,440.0,1928-01-13 06:00:00+00:00,2025-12-29 06:00:00+00:00,4084,31711,35795
0-203-0-11407,Františkovy Lázně,50.116796,12.351238,435.0,1961-01-13 06:00:00+00:00,2021-12-20 06:00:00+00:00,1660,20620,22280
0-203-0-11408,Šindelová  Obora,50.317449,12.597466,589.0,1980-03-03 06:00:00+00:00,2025-12-29 06:00:00+00:00,2139,17615,19754
0-203-0-11409,Kynžvart,50.0069,12.6347,710.0,2004-02-02 06:00:00+00:00,2008-05-26 06:00:00+00:00,213,1369,1582
0-203-0-11410,Dyleň,49.968079,12.502849,939.0,1998-01-05 06:00:00+00:00,2025-12-29 06:00:00+00:00,1182,8922,10104
0-203-0-11411,Potůčky,50.4147,12.7425,775.0,1961-01-06 06:00:00+00:00,1980-12-29 06:00:00+00:00,476,6829,7305
0-203-0-11412,Vřesová,50.2417,12.7133,461.0,1975-11-03 06:00:00+00:00,1980-04-28 06:00:00+00:00,17,2691,2708
0-203-0-11413,Mariánské Lázně  vodárna,49.990619,12.695966,696.0,1967-01-06 06:00:00+00:00,2025-12-29 06:00:00+00:00,2005,18239,20244
0-203-0-11415,Karlovy Vary,50.227229,12.878151,377.0,1951-01-05 06:00:00+00:00,2013-04-29 06:00:00+00:00,2192,20543,22735
0-203-0-11416,Toužim,50.0586,12.9858,635.0,1965-12-03 06:00:00+00:00,1976-02-16 06:00:00+00:00,52,6491,6543
0-203-0-11417,Krásné Údolí,50.071286,12.920958,650.0,1981-01-05 06:00:00+00:00,2025-12-29 06:00:00+00:00,1766,14670,16436
0-203-0-11418,Mariánské Lázně  Skláře,49.9272,12.7183,540.0,1989-01-02 06:00:00+00:00,1999-03-29 06:00:00+00:00,293,3540,3833
0-203-0-11419,Konstantinovy Lázně,49.884787,12.975956,530.0,1972-01-03 06:00:00+00:00,2025-12-29 06:00:00+00:00,1974,17692,19666
0-203-0-11420,Klínovec,50.3948,12.967957,1236.0,1978-01-02 06:00:00+00:00,2025-12-22 06:00:00+00:00,1737,12689,14426
0-203-0-11425,Mutěnín,49.5458,12.7467,480.0,1949-11-04 06:00:00+00:00,2008-08-25 06:00:00+00:00,1049,14872,15921
0-203-0-11428,Domažlice,49.444716,12.922385,458.0,1951-01-05 06:00:00+00:00,2025-12-29 06:00:00+00:00,3286,24108,27394
0-203-0-11430,Měděnec,50.42936,13.13256,828.0,1933-10-06 06:00:00+00:00,2025-12-22 06:00:00+00:00,1434,29945,31379
0-203-0-11431,Hora Svatého Šebestiána,50.5117,13.2525,841.0,1968-12-06 06:00:00+00:00,1969-04-18 06:00:00+00:00,12,2697,2709
0-203-0-11432,Nová Ves v Horách,50.59244,13.48561,725.0,1955-11-04 06:00:00+00:00,2025-12-22 06:00:00+00:00,2367,23021,25388
0-203-0-11434,Jirkov  Újezd,50.5,13.4667,275.0,1967-11-03 06:00:00+00:00,1978-03-20 06:00:00+00:00,67,3555,3622
0-203-0-11435,Kadaň,50.3833,13.2667,330.0,1951-01-05 06:00:00+00:00,1971-12-27 06:00:00+00:00,248,7878,8126
0-203-0-11437,Blšany,50.2169,13.4664,290.0,1978-01-02 06:00:00+00:00,2005-06-27 06:00:00+00:00,1005,8616,9621
0-203-0-11439,Strojetice,50.17378,13.47694,372.0,2005-10-10 06:00:00+00:00,2025-12-29 06:00:00+00:00,941,6452,7393
0-203-0-11442,Kralovice,49.981823,13.494007,449.0,1963-02-22 06:00:00+00:00,2025-12-29 06:00:00+00:00,2001,21740,23741
0-203-0-11443,Kněževes,50.144579,13.634577,358.0,1996-01-01 06:00:00+00:00,2010-12-27 06:00:00+00:00,424,5361,5785
0-203-0-11444,Heřmanov,50.148529,13.57133,407.0,2011-01-03 06:00:00+00:00,2025-12-29 06:00:00+00:00,746,4733,5479
0-203-0-11446,Plzeň  Bolevec,49.788378,13.386411,331.0,1969-11-07 06:00:00+00:00,2025-12-29 06:00:00+00:00,2009,18720,20729
0-203-0-11447,Stříbro,49.752524,12.981105,438.0,1964-01-03 06:00:00+00:00,2025-12-29 06:00:00+00:00,1850,21041,22891
0-203-0-11448,Plzeň  Dobřany,49.6764,13.2694,360.0,1963-11-01 06:00:00+00:00,1997-02-24 06:00:00+00:00,813,11818,12631
0-203-0-11449,Plzeň  město,49.7342,13.3761,335.0,1989-01-02 06:00:00+00:00,2012-12-31 06:00:00+00:00,741,8025,8766
0-203-0-11451,Staňkov,49.552537,13.067369,362.0,1947-01-10 06:00:00+00:00,2025-12-29 06:00:00+00:00,2252,26511,28763
0-203-0-11453,Hojsova Stráž,49.212473,13.197146,866.0,1974-09-02 06:00:00+00:00,2025-12-22 06:00:00+00:00,2176,16574,18750
0-203-0-11454,Libkov,49.366344,13.135593,574.0,1979-01-01 06:00:00+00:00,2025-12-22 06:00:00+00:00,2059,15049,17108
0-203-0-11455,Klatovy,49.39042,13.303016,421.0,1951-01-05 06:00:00+00:00,2025-12-29 06:00:00+00:00,3377,23682,27059
0-203-0-11456,Hrádek,49.2667,13.5,495.0,1975-02-03 06:00:00+00:00,1988-10-31 06:00:00+00:00,501,3312,3813
0-203-0-11460,Cínovec,50.7319,13.7672,830.0,1946-03-08 06:00:00+00:00,1992-12-28 06:00:00+00:00,712,5225,5937
0-203-0-11461,Teplice,50.645153,13.836344,227.0,1946-12-06 06:00:00+00:00,2025-12-29 06:00:00+00:00,3355,25397,28752
0-203-0-11463,Dubí,50.6875,13.7881,410.0,1968-05-03 06:00:00+00:00,1980-06-30 06:00:00+00:00,200,4365,4565
0-203-0-11465,Smolnice,50.30872,13.85617,345.0,1979-01-05 06:00:00+00:00,2025-12-29 06:00:00+00:00,1824,15468,17292
0-203-0-11466,Lenešice,50.3733,13.7653,181.0,1944-12-01 06:00:00+00:00,1978-01-27 06:00:00+00:00,474,13316,13790
0-203-0-11467,Žatec  Velemyšleves,50.3789,13.5775,273.0,1949-04-15 06:00:00+00:00,1993-08-30 06:00:00+00:00,858,15321,16179
0-203-0-11468,Žatec,50.34147,13.54319,210.0,1951-01-05 06:00:00+00:00,2025-12-29 06:00:00+00:00,2365,24906,27271
0-203-0-11469,Hříškov,50.2714,13.8619,428.0,1955-05-06 06:00:00+00:00,1973-03-26 06:00:00+00:00,447,6616,7063
0-203-0-11471,Louny,50.3533,13.8203,230.0,1981-01-12 06:00:00+00:00,2012-10-29 06:00:00+00:00,1311,10316,11627
0-203-0-11474,Lány,50.124148,13.952337,415.0,1955-01-16 06:00:00+00:00,2025-12-29 06:00:00+00:00,2705,24505,27210
0-203-0-11478,Zbiroh  Švabín,49.853987,13.751748,476.0,1964-02-02 06:00:00+00:00,2025-12-29 06:00:00+00:00,1941,20705,22646
0-203-0-11483,Rožmitál pod Třemšínem,49.605,13.8664,524.0,1961-01-06 06:00:00+00:00,2025-12-29 06:00:00+00:00,3134,20607,23741
0-203-0-11484,Vševily,49.5667,13.8833,577.0,1961-02-17 06:00:00+00:00,1979-12-24 06:00:00+00:00,780,6159,6939
0-203-0-11485,Příbram,49.694602,14.022433,555.0,2004-11-01 06:00:00+00:00,2025-12-22 06:00:00+00:00,971,6828,7799
0-203-0-11486,Nepomuk,49.486924,13.589389,471.0,1963-02-02 06:00:00+00:00,2025-12-29 06:00:00+00:00,1948,21793,23741
0-203-0-11488,Blatná,49.4333,13.8731,452.0,1952-01-31 06:00:00+00:00,2025-12-22 06:00:00+00:00,1647,13574,15221
0-203-0-11490,Vlkonice,49.3022,13.5897,493.0,1997-08-04 06:00:00+00:00,2025-12-22 06:00:00+00:00,1337,9043,10380
0-203-0-11491,Strakonice  Nové Strakonice,49.2546,13.8827,404.0,1980-01-07 06:00:00+00:00,2020-05-18 06:00:00+00:00,1902,13396,15298
0-203-0-11492,Sušice,49.23768,13.5261728,484.0,1990-01-01 06:00:00+00:00,2025-12-22 06:00:00+00:00,1623,11194,12817
0-203-0-11493,Kašperské Hory,49.145556,13.55,728.0,1951-05-04 06:00:00+00:00,2025-12-29 06:00:00+00:00,3394,22906,26300
0-203-0-11494,Horská Kvilda,49.0533197,13.5652533,1052.0,2016-02-01 06:00:00+00:00,2025-12-29 06:00:00+00:00,474,3163,3637
0-203-0-11496,Nová Pec,48.7847,13.9589,753.0,1970-01-02 06:00:00+00:00,1993-12-20 06:00:00+00:00,843,6117,6960
0-203-0-11497,Husinec,49.0522,13.9883,483.0,1961-01-06 06:00:00+00:00,2025-12-22 06:00:00+00:00,3139,20519,23658
0-203-0-11498,Lenora  Houžná,48.9344,13.7694,804.0,1966-01-04 06:00:00+00:00,2017-12-25 06:00:00+00:00,1900,14108,16008
0-203-0-11501,Děčín,50.75097,14.20258,162.0,1936-01-03 06:00:00+00:00,2025-12-29 06:00:00+00:00,2728,24066,26794
0-203-0-11501028001,Lobendava,51.01965,14.31347,350.0,1962-08-03 06:00:00+00:00,2025-12-29 06:00:00+00:00,2729,20375,23104
0-203-0-11501049001,Šluknov,51.002722,14.45525,352.0,1951-07-06 06:00:00+00:00,2025-12-29 06:00:00+00:00,3274,23907,27181
0-203-0-11502020001,Petrovice  Krásný Les,50.767361,13.937667,631.0,1963-11-01 06:00:00+00:00,2025-12-29 06:00:00+00:00,2680,19904,22584
0-203-0-11503,Ústí nad Labem  Vaňov,50.62556,14.05831,150.0,1954-06-04 06:00:00+00:00,2025-12-29 06:00:00+00:00,3037,22565,25602
0-203-0-11503003001,Moldava,50.72,13.6825,797.0,1961-03-17 06:00:00+00:00,1992-12-28 06:00:00+00:00,1146,9876,11022
0-203-0-11503012001,Měděnec,50.4225,13.1178,840.0,1980-01-07 06:00:00+00:00,1993-06-28 06:00:00+00:00,638,4292,4930
0-203-0-11503013001,Přísečnice  Špičák,50.466,13.133,802.0,1922-02-05 06:00:00+00:00,1949-03-25 06:00:00+00:00,51,2140,2191
0-203-0-11503029001,Český Jiřetín  Fláje,50.68706,13.58558,740.0,1926-01-01 06:00:00+00:00,2025-12-22 06:00:00+00:00,3925,32447,36372
0-203-0-11503046201,Kalek,50.585556,13.356111,750.0,1946-02-01 06:00:00+00:00,1978-02-27 06:00:00+00:00,158,14177,14335
0-203-0-11504,Sněžník,50.79683,14.08536,569.0,1989-11-06 06:00:00+00:00,2025-12-29 06:00:00+00:00,1501,11529,13030
0-203-0-11510,Kralupy nad Vltavou,50.241923,14.289786,220.0,1941-01-07 06:00:00+00:00,2025-12-29 06:00:00+00:00,2655,21452,24107
0-203-0-11513,Kladno   Kročehlavy,50.1333,14.1083,404.0,1951-01-05 06:00:00+00:00,1992-12-28 06:00:00+00:00,807,14534,15341
0-203-0-11521,Dobřichovice,49.9335,14.27585,205.0,2000-01-17 06:00:00+00:00,2025-12-29 06:00:00+00:00,1179,8593,9772
0-203-0-11522,Neumětely,49.854272,14.037548,322.0,1981-06-01 06:00:00+00:00,2025-12-29 06:00:00+00:00,1793,14512,16305
0-203-0-11523,Hostomice,49.8264,14.0433,345.0,1951-01-19 06:00:00+00:00,1980-09-29 06:00:00+00:00,650,10216,10866
0-203-0-11525,Kamýk nad Vltavou,49.63234,14.24637,280.0,1969-01-02 06:00:00+00:00,2025-12-29 06:00:00+00:00,2421,16418,18839
0-203-0-11526,Nedrahovice  Rudolec,49.631723,14.440088,348.0,1999-12-13 06:00:00+00:00,2025-12-29 06:00:00+00:00,1167,8584,9751
0-203-0-11527,Solenice,49.6119,14.1803,359.0,1966-02-04 06:00:00+00:00,1994-04-25 06:00:00+00:00,684,5887,6571
0-203-0-11528,Nadějkov  Větrov,49.5169,14.4653,616.0,1972-01-10 06:00:00+00:00,2025-12-29 06:00:00+00:00,2562,17131,19693
0-203-0-11529,Klenovice,49.5825,14.2042,422.0,2001-01-08 06:00:00+00:00,2012-12-31 06:00:00+00:00,580,3925,4505
0-203-0-11532,Vráž,49.3845275,14.1288047,433.0,1981-11-02 06:00:00+00:00,2025-12-29 06:00:00+00:00,2109,14023,16132
0-203-0-11533,Olešná,49.3433,14.3131,452.0,1984-01-02 06:00:00+00:00,2000-12-18 06:00:00+00:00,745,5465,6210
0-203-0-11535,Bechyně,49.299444,14.469444,409.0,1967-01-06 06:00:00+00:00,2025-12-29 06:00:00+00:00,2254,15848,18102
0-203-0-11536,Protivín,49.1983,14.2128,394.0,1978-01-09 06:00:00+00:00,1988-12-26 06:00:00+00:00,532,3486,4018
0-203-0-11537,Vodňany,49.15,14.1667,395.0,1971-01-04 06:00:00+00:00,1977-12-26 06:00:00+00:00,342,2215,2557
0-203-0-11539,Chelčice,49.119265,14.169367,451.0,1982-02-01 06:00:00+00:00,2018-08-27 06:00:00+00:00,1688,11582,13270
0-203-0-11540,Hosín,49.0422,14.4944,488.0,1988-03-07 06:00:00+00:00,1992-09-28 06:00:00+00:00,224,1451,1675
0-203-0-11541,České Budějovice  Planá,48.9469,14.4292,420.0,1961-01-13 06:00:00+00:00,1994-10-31 06:00:00+00:00,914,8765,9679
0-203-0-11542,České Budějovice  ul. S.K.Neumanna,48.9644,14.4672,388.0,1961-01-06 06:00:00+00:00,2025-12-22 06:00:00+00:00,3254,20487,23741
0-203-0-11543,Lhenice,48.9922,14.1494,558.0,1975-03-03 06:00:00+00:00,1999-12-13 06:00:00+00:00,1007,6994,8001
0-203-0-11544,Smědeč,48.9367,14.155,685.0,2000-01-03 06:00:00+00:00,2002-05-27 06:00:00+00:00,103,1032,1135
0-203-0-11545,Český Krumlov  Srnín,48.8493247,14.3483183,546.0,1990-02-05 06:00:00+00:00,2022-10-31 06:00:00+00:00,1504,10397,11901
0-203-0-11547,Černá v Pošumaví,48.7355761,14.1073211,740.0,1994-12-05 06:00:00+00:00,2025-12-29 06:00:00+00:00,1428,10413,11841
0-203-0-11549,Vyšší Brod,48.6177092,14.3141131,559.0,1961-01-06 06:00:00+00:00,2025-12-22 06:00:00+00:00,2974,19409,22383
0-203-0-11551,Varnsdorf,50.90556,14.60222,367.0,1951-06-01 06:00:00+00:00,2025-12-29 06:00:00+00:00,2541,24247,26788
0-203-0-11552,Jablonné v Podještědí,50.77206,14.77375,320.0,1949-01-07 06:00:00+00:00,2025-12-29 06:00:00+00:00,2603,25521,28124
0-203-0-11553,Ještěd,50.7328,14.9864,1012.0,1971-05-10 06:00:00+00:00,1978-11-20 06:00:00+00:00,16,987,1003
0-203-0-11554,Česká Lípa,50.675373,14.541141,246.0,1951-04-06 06:00:00+00:00,2025-12-29 06:00:00+00:00,2470,24472,26942
0-203-0-11555,Hradčany,50.6183,14.7194,284.0,1948-05-07 06:00:00+00:00,1968-04-26 06:00:00+00:00,695,6542,7237
0-203-0-11556,Český Dub  Modlibohov,50.683677,14.981635,355.0,1939-04-07 06:00:00+00:00,2025-01-13 06:00:00+00:00,2393,44327,46720
0-203-0-11557,Stráž pod Ralskem,50.70361,14.80739,310.0,1961-02-17 06:00:00+00:00,2025-12-29 06:00:00+00:00,2867,25380,28247
0-203-0-11558,Doksy,50.56811,14.66731,284.0,1947-10-03 06:00:00+00:00,2025-12-29 06:00:00+00:00,2658,25864,28522
0-203-0-11559,Kořenov  Jizerka,50.819878,15.344272,858.0,1931-05-08 06:00:00+00:00,2025-12-29 06:00:00+00:00,2724,31686,34410
0-203-0-11560,Praha  Uhříněves,50.0322,14.6036,299.0,1951-01-18 06:00:00+00:00,2012-12-31 06:00:00+00:00,1270,20404,21674
0-203-0-11561,Semčice,50.3671,15.0036,234.0,1969-02-07 06:00:00+00:00,2025-12-29 06:00:00+00:00,1847,21529,23376
0-203-0-11562,Tuhaň,50.29582,14.520416,160.0,1979-01-01 06:00:00+00:00,2025-12-29 06:00:00+00:00,1792,21615,23407
0-203-0-11563,Brandýs nad Labem-St.B,50.189691,14.660559,179.0,1924-06-06 06:00:00+00:00,2025-12-29 06:00:00+00:00,1907,35258,37165
0-203-0-11570,Český Brod  Liblice,50.070711,14.88443,220.0,1932-01-01 06:00:00+00:00,2008-05-26 06:00:00+00:00,1612,22465,24077
0-203-0-11571,Jílové u Prahy,49.907837,14.489046,448.0,2004-02-16 06:00:00+00:00,2025-09-29 06:00:00+00:00,1065,6848,7913
0-203-0-11572,Ondřejov  Pecný,49.913822,14.786716,543.0,1941-05-02 06:00:00+00:00,2025-12-29 06:00:00+00:00,2476,30641,33117
0-203-0-11573,Benešov,49.78862,14.69668,343.0,1994-12-05 06:00:00+00:00,2025-12-29 06:00:00+00:00,483,4539,5022
0-203-0-11574,Netvořice,49.818411,14.521178,365.0,1979-01-01 06:00:00+00:00,2021-07-26 06:00:00+00:00,1458,12625,14083
0-203-0-11578,Vavřinec  Žíšov,49.902888,15.067741,415.0,1953-01-18 06:00:00+00:00,2025-12-29 06:00:00+00:00,2819,23754,26573
0-203-0-11581,Hlasivo,49.4981,14.7561,547.0,1982-01-04 06:00:00+00:00,2025-12-29 06:00:00+00:00,2093,13978,16071
0-203-0-11582,Tábor  Měšice,49.41,14.702389,467.0,1966-12-02 06:00:00+00:00,2022-10-31 06:00:00+00:00,2158,14948,17106
0-203-0-11583,Černovice  Dobešov,49.3575,14.9625,580.0,1951-01-05 06:00:00+00:00,2025-12-29 06:00:00+00:00,3385,22930,26315
0-203-0-11585,Borkovice,49.207925,14.636825,419.0,1961-01-13 06:00:00+00:00,2025-12-29 06:00:00+00:00,2566,17496,20062
0-203-0-11589,Třeboň  Lužnice,49.0617575,14.7585975,428.0,1961-01-06 06:00:00+00:00,2025-12-29 06:00:00+00:00,2368,15802,18170
0-203-0-11591,Rudolfov  Jivno,49.003611,14.579722,562.0,1946-04-05 06:00:00+00:00,2025-12-29 06:00:00+00:00,2900,19554,22454
0-203-0-11592,Horní Stropnice  Hojná Voda,48.73053,14.72717,785.0,1963-10-04 06:00:00+00:00,1978-12-25 06:00:00+00:00,735,4683,5418
0-203-0-11593,Byňov,48.816603,14.799947,475.0,1979-01-01 06:00:00+00:00,2025-12-29 06:00:00+00:00,2160,14889,17049
0-203-0-11595,Římov,48.8494,14.4889,474.0,1979-07-02 06:00:00+00:00,2012-12-31 06:00:00+00:00,1520,10416,11936
0-203-0-11600,Višňová  Andělka,51.0008,14.9894,298.0,1968-02-02 06:00:00+00:00,1993-03-29 06:00:00+00:00,792,8215,9007
0-203-0-11601,Frýdlant,50.91785,15.09015,337.0,1963-02-01 06:00:00+00:00,1993-03-22 06:00:00+00:00,237,3348,3585
0-203-0-11602,Bedřichov,50.81511,15.13708,777.0,1954-10-01 06:00:00+00:00,2025-12-29 06:00:00+00:00,2394,23115,25509
0-203-0-11604,Nové Město pod Smrkem,50.92358,15.23381,473.0,1968-02-02 06:00:00+00:00,2025-12-22 06:00:00+00:00,2367,18727,21094
0-203-0-11605,Desná  Souš,50.789354,15.319286,772.0,1974-04-08 06:00:00+00:00,2025-12-29 06:00:00+00:00,2127,32572,34699
0-203-0-11606,Harrachov,50.781746,15.420036,675.0,1922-01-21 06:00:00+00:00,2025-12-22 06:00:00+00:00,2600,33042,35642
0-203-0-11607,Vysoké nad Jizerou,50.6822,15.4003,670.0,1926-04-02 06:00:00+00:00,1992-05-18 06:00:00+00:00,2446,22225,24671
0-203-0-11608,Hejnice,50.88456,15.18317,396.0,1960-10-07 06:00:00+00:00,2025-12-22 06:00:00+00:00,2578,21255,23833
0-203-0-11610,Turnov,50.589631,15.154434,253.0,1943-03-05 06:00:00+00:00,2014-02-03 06:00:00+00:00,2619,22982,25601
0-203-0-11611,Holenice,50.53026,15.302136,423.0,1994-01-03 06:00:00+00:00,2025-12-29 06:00:00+00:00,1301,14668,15969
0-203-0-11612,Holovousy,50.375735,15.5810108,321.0,1969-02-07 06:00:00+00:00,2025-12-29 06:00:00+00:00,1699,19089,20788
0-203-0-11613,Městec Králové,50.2,15.3,211.0,1966-01-07 06:00:00+00:00,1979-12-24 06:00:00+00:00,149,4710,4859
0-203-0-11614,Kolín,50.0333,15.2333,206.0,1967-01-06 06:00:00+00:00,1977-01-31 06:00:00+00:00,21,4150,4171
0-203-0-11616,Krásné,49.8219,15.7383,613.0,1992-02-10 06:00:00+00:00,2001-01-22 06:00:00+00:00,186,3406,3592
0-203-0-11617,Poděbrady,50.140503,15.133554,189.0,1931-01-02 06:00:00+00:00,2025-12-29 06:00:00+00:00,3216,31336,34552
0-203-0-11618,Poběžovice u Holic,50.0925,16.0064,322.0,1985-01-07 06:00:00+00:00,1997-12-29 06:00:00+00:00,515,4233,4748
0-203-0-11619,Přelouč,50.0439,15.5719,209.0,1981-11-02 06:00:00+00:00,2002-12-23 06:00:00+00:00,697,7034,7731
0-203-0-11620,Seč,49.844725,15.6479,529.0,2001-11-05 06:00:00+00:00,2025-12-29 06:00:00+00:00,914,7951,8865
0-203-0-11621,Radovesnice II.,50.106526,15.368164,227.0,1992-01-06 06:00:00+00:00,2025-12-29 06:00:00+00:00,862,11557,12419
0-203-0-11622,Čáslav  Nové město,49.901695,15.3942797,251.0,1961-01-13 06:00:00+00:00,2025-12-29 06:00:00+00:00,1396,50103,51499
0-203-0-11623,Mokošín,50.016395,15.56668,255.0,2002-06-03 06:00:00+00:00,2025-12-29 06:00:00+00:00,894,7724,8618
0-203-0-11625,Nový Bydžov,50.237553,15.497443,232.0,1961-01-06 06:00:00+00:00,2025-12-29 06:00:00+00:00,2084,20834,22918
0-203-0-11626,Hulice,49.721111,15.086667,375.0,1991-01-07 06:00:00+00:00,2010-12-27 06:00:00+00:00,605,6700,7305
0-203-0-11627,Čechtice,49.622912,15.04302,497.0,1942-01-01 06:00:00+00:00,1999-03-29 06:00:00+00:00,1466,19626,21092
0-203-0-11631,Kožlí,49.6797,15.2447,454.0,1994-01-10 06:00:00+00:00,2001-06-25 06:00:00+00:00,90,2648,2738
0-203-0-11632,Nový Rychnov,49.385922,15.365095,619.0,1982-08-02 06:00:00+00:00,2025-12-22 06:00:00+00:00,1843,14042,15885
0-203-0-11633,Luční bouda,50.735318,15.697859,1413.0,2009-01-26 06:00:00+00:00,2023-11-27 06:00:00+00:00,594,4680,5274
0-203-0-11634,Počátky,49.2605217,15.2340794,618.0,1980-01-07 06:00:00+00:00,2025-12-29 06:00:00+00:00,2204,14386,16590
0-203-0-11635,Jindřichův Hradec  Děbolín,49.1556,14.9575,524.0,1959-01-02 06:00:00+00:00,2025-12-29 06:00:00+00:00,2882,19339,22221
0-203-0-11637,Vrchlabí,50.622778,15.646389,482.0,1991-01-07 06:00:00+00:00,2025-12-29 06:00:00+00:00,1185,11054,12239
0-203-0-11638,Rýchorská bouda,50.6603,15.8497,1001.0,1995-12-04 06:00:00+00:00,2013-03-25 06:00:00+00:00,516,6029,6545
0-203-0-11639,Lázně Bělohrad,50.427437,15.588567,299.0,2003-12-01 06:00:00+00:00,2025-12-29 06:00:00+00:00,571,7496,8067
0-203-0-11640,Labská bouda,50.769883,15.544927,1320.0,1980-01-07 06:00:00+00:00,2023-11-27 06:00:00+00:00,1600,13522,15122
0-203-0-11641,Janské Lázně,50.6333,15.7833,650.0,1962-01-06 06:00:00+00:00,1992-04-27 06:00:00+00:00,839,7957,8796
0-203-0-11642,Vítkovice  Horní Mísečky,50.735556,15.571111,1040.0,1995-11-06 06:00:00+00:00,2006-05-29 06:00:00+00:00,376,3642,4018
0-203-0-11644,Benecko,50.6713,15.5499,780.0,1938-10-07 06:00:00+00:00,2025-12-29 06:00:00+00:00,3541,30547,34088
0-203-0-11645,Trutnov,50.558597,15.898311,437.0,1979-01-01 06:00:00+00:00,2025-12-29 06:00:00+00:00,359,4548,4907
0-203-0-11646,Dvůr Králové nad Labem,50.4167,15.9333,340.0,1962-02-02 06:00:00+00:00,1979-11-26 06:00:00+00:00,247,6327,6574
0-203-0-11647,Jaroměř,50.35,15.9167,263.0,1927-06-03 06:00:00+00:00,1979-11-26 06:00:00+00:00,1176,8869,10045
0-203-0-11648,Pouchov  Hradec Králové,50.2456,15.8433,243.0,1979-01-01 06:00:00+00:00,1993-03-29 06:00:00+00:00,680,4524,5204
0-203-0-11649,Hradec Králové  Nový Hradec Králové,50.177649,15.838452,278.0,1933-06-02 06:00:00+00:00,2025-12-29 06:00:00+00:00,3246,30268,33514
0-203-0-11650,Dobřenice,50.143231,15.638309,275.0,1949-04-01 06:00:00+00:00,2025-12-29 06:00:00+00:00,1897,22119,24016
0-203-0-11651,Hradec Králové  Svobodné Dvory,50.223004,15.787757,240.0,2010-11-22 06:00:00+00:00,2025-12-29 06:00:00+00:00,486,5033,5519
0-203-0-11655,Libice nad Doubravou,49.744164,15.704862,425.0,1998-01-05 06:00:00+00:00,2025-12-29 06:00:00+00:00,756,9471,10227
0-203-0-11656,Havlíčkův Brod,49.61188,15.579696,452.0,1901-02-01 06:00:00+00:00,2025-12-22 06:00:00+00:00,2494,46814,49308
0-203-0-11660,Vatín,49.52306,15.96806,558.0,1981-04-06 06:00:00+00:00,2025-12-29 06:00:00+00:00,1913,13977,15890
0-203-0-11661,Jihlava,49.3881,15.5408,560.0,1962-02-02 06:00:00+00:00,1969-12-26 06:00:00+00:00,112,3175,3287
0-203-0-11662,Hubenov,49.3931,15.4669,570.0,1984-08-06 06:00:00+00:00,2025-10-27 06:00:00+00:00,1597,10425,12022
0-203-0-11665,Lysice,49.4575,16.5367,410.0,1964-01-03 06:00:00+00:00,1999-12-27 06:00:00+00:00,1630,11764,13394
0-203-0-11667,Moravské Budějovice,49.0610864,15.8064603,460.0,1955-03-04 06:00:00+00:00,2025-12-29 06:00:00+00:00,2259,26782,29041
0-203-0-11670,Žamberk,50.069195,16.45477,405.0,1941-01-08 06:00:00+00:00,2025-12-29 06:00:00+00:00,1108,12771,13879
0-203-0-11671,Broumov,50.569966,16.343617,373.0,1923-01-05 06:00:00+00:00,2025-12-29 06:00:00+00:00,3096,33584,36680
0-203-0-11672,Špindlerův Mlýn  přehrada Labská,50.7167,15.583333,790.0,1979-01-01 06:00:00+00:00,1979-12-31 06:00:00+00:00,48,317,365
0-203-0-11673,Červený Kostelec,50.4667,16.0833,410.0,1961-12-01 06:00:00+00:00,1978-02-27 06:00:00+00:00,176,6061,6237
0-203-0-11674,Deštné v Orlic. horách,50.306667,16.351959,656.0,1979-01-08 06:00:00+00:00,2025-12-29 06:00:00+00:00,1765,15037,16802
0-203-0-11675,Úpice,50.506419,16.011618,413.0,1979-01-01 06:00:00+00:00,2025-12-29 06:00:00+00:00,1774,15668,17442
0-203-0-11676,Rokytnice v Orlic.horách,50.164432,16.460258,577.0,1948-01-03 06:00:00+00:00,2025-12-22 06:00:00+00:00,2260,19656,21916
0-203-0-11677,Doudleby nad Orlicí,50.1167,16.2667,310.0,1963-01-31 06:00:00+00:00,1979-12-31 06:00:00+00:00,141,6221,6362
0-203-0-11678,Velichovky,50.356612,15.832503,299.0,1939-08-04 06:00:00+00:00,2021-06-28 06:00:00+00:00,1561,15221,16782
0-203-0-11680,Rychnov nad Kněžnou,50.164879,16.270033,335.0,1981-06-01 06:00:00+00:00,2024-12-30 06:00:00+00:00,1531,14389,15920
0-203-0-11681,Litomyšl,49.865,16.3172,351.0,1939-12-01 06:00:00+00:00,2002-08-26 06:00:00+00:00,1385,15691,17076
0-203-0-11682,Nekoř,50.0744,16.5619,488.0,1945-11-02 06:00:00+00:00,2005-07-25 06:00:00+00:00,1557,13053,14610
0-203-0-11684,Gajer  Janov,49.8249969,16.4065347,510.0,2002-06-03 06:00:00+00:00,2025-12-29 06:00:00+00:00,887,7730,8617
0-203-0-11685,Nedvězí,49.6344,16.3097,722.0,1952-01-01 06:00:00+00:00,2025-12-29 06:00:00+00:00,2371,24658,27029
0-203-0-11686,Bystřice nad Pernštejnem,49.52416,16.25401,553.0,1951-02-02 06:00:00+00:00,2025-12-29 06:00:00+00:00,1570,29476,31046
0-203-0-11687,Velké Meziříčí,49.3528,16.0086,452.0,1945-02-02 06:00:00+00:00,2025-12-29 06:00:00+00:00,2189,23371,25560
0-203-0-11689,Úsuší  Čížky,49.3292,16.3667,397.0,1941-11-02 06:00:00+00:00,2009-04-27 06:00:00+00:00,1258,19071,20329
0-203-0-11691,Náměšť nad Oslavou,49.2101581,16.144155,390.0,1954-02-05 06:00:00+00:00,2025-12-29 06:00:00+00:00,2797,24934,27731
0-203-0-11695,Troubsko,49.1745,16.5074,278.0,1981-04-06 06:00:00+00:00,2025-12-29 06:00:00+00:00,1918,14428,16346
0-203-0-11696,Dyjákovice,48.769,16.2925,187.0,1992-01-06 06:00:00+00:00,2025-12-29 06:00:00+00:00,1083,11336,12419
0-203-0-11701,Javorník,50.3956,17.0075,284.0,1948-04-02 06:00:00+00:00,2025-12-22 06:00:00+00:00,3134,20966,24100
0-203-0-11702,Jablonné nad Orlicí,50.0333,16.6,449.0,1961-01-06 06:00:00+00:00,1979-12-24 06:00:00+00:00,202,6372,6574
0-203-0-11703,Staré Město pod Sněžníkem  Kunčice,50.1925131,16.943146,649.0,1951-02-02 06:00:00+00:00,2025-12-22 06:00:00+00:00,3202,23979,27181
0-203-0-11704,Staré Město pod Sněžníkem  Paprsek,50.209444,16.988889,1001.0,2003-11-03 06:00:00+00:00,2021-12-27 06:00:00+00:00,775,5620,6395
0-203-0-11705,Šumperk,49.9742,16.9675,328.0,1933-04-07 06:00:00+00:00,2025-12-29 06:00:00+00:00,2817,25885,28702
0-203-0-11706,Zábřeh,49.8833,16.8833,283.0,1974-01-14 06:00:00+00:00,1979-12-24 06:00:00+00:00,292,1899,2191
0-203-0-11709,Dubicko,49.8269,16.9662,282.0,1983-01-10 06:00:00+00:00,2025-12-29 06:00:00+00:00,2011,13667,15678
0-203-0-11711,Třebařov,49.8158,16.6969,375.0,1985-01-07 06:00:00+00:00,2025-12-29 06:00:00+00:00,1828,12052,13880
0-203-0-11712,Bouzov,49.705076,16.892535,380.0,1944-11-03 06:00:00+00:00,1979-12-24 06:00:00+00:00,1534,12314,13848
0-203-0-11713,Jevíčko,49.6309,16.7055,362.0,1943-01-01 06:00:00+00:00,2025-12-29 06:00:00+00:00,2827,25443,28270
0-203-0-11714,Budětsko,49.5861,16.9261,442.0,1952-12-05 06:00:00+00:00,1974-01-21 06:00:00+00:00,90,10008,10098
0-203-0-11715,Boskovice,49.5,16.6656,400.0,1956-02-03 06:00:00+00:00,1987-03-30 06:00:00+00:00,184,9675,9859
0-203-0-11716,Protivanov,49.47782,16.83105,675.0,1954-01-01 06:00:00+00:00,2025-12-29 06:00:00+00:00,1668,24630,26298
0-203-0-11721,Brno  Žabovřesky,49.2165,16.5677,236.0,1980-01-07 06:00:00+00:00,2025-12-29 06:00:00+00:00,1203,18155,19358
0-203-0-11724,Pohořelice,48.9844,16.5283,180.0,1952-02-01 06:00:00+00:00,2025-12-29 06:00:00+00:00,2845,24095,26940
0-203-0-11725,Kobylí,48.9394,16.8814,175.0,1952-02-01 06:00:00+00:00,2025-12-29 06:00:00+00:00,2144,23636,25780
0-203-0-11726,Mikulov,48.801911,16.6401,224.0,1948-01-23 06:00:00+00:00,2025-12-29 06:00:00+00:00,2813,20685,23498
0-203-0-11727,Lednice,48.792616,16.798895,177.0,1951-07-06 06:00:00+00:00,2025-12-29 06:00:00+00:00,2252,26603,28855
0-203-0-11729,Brod nad Dyjí,48.8733,16.5358,177.0,1982-01-04 06:00:00+00:00,2023-09-25 06:00:00+00:00,1069,14271,15340
0-203-0-11731,Jeseník,50.231111,17.183333,502.0,1988-12-19 06:00:00+00:00,2025-12-22 06:00:00+00:00,1569,11976,13545
0-203-0-11732,Zlaté Hory  Rejvíz,50.2297,17.3056,757.0,1958-08-01 06:00:00+00:00,2001-08-27 06:00:00+00:00,1927,13687,15614
0-203-0-11733,Karlova Studánka,50.074053,17.306832,795.0,1999-04-05 06:00:00+00:00,2025-12-22 06:00:00+00:00,1203,8569,9772
0-203-0-11735,Praděd,50.0829406,17.2298264,1490.0,1941-09-05 06:00:00+00:00,2025-12-29 06:00:00+00:00,2042,17855,19897
0-203-0-11736,Světlá Hora,50.0331,17.4011,593.0,1922-03-03 06:00:00+00:00,2021-11-29 06:00:00+00:00,2793,25331,28124
0-203-0-11737,Rýmařov,49.931389,17.296111,578.0,1948-02-06 06:00:00+00:00,1992-11-09 06:00:00+00:00,1251,13040,14291
0-203-0-11741,Paseka,49.7776,17.2345,271.0,1947-02-07 06:00:00+00:00,2019-12-30 06:00:00+00:00,2691,23760,26451
0-203-0-11742,Olomouc  Holice,49.5758,17.2844,210.0,1942-01-02 06:00:00+00:00,2025-12-29 06:00:00+00:00,2681,27696,30377
0-203-0-11743,Plumlov,49.468056,17.012222,297.0,1941-01-05 06:00:00+00:00,2025-12-29 06:00:00+00:00,936,19274,20210
0-203-0-11748,Přerov,49.464444,17.458889,210.0,1962-01-05 06:00:00+00:00,2023-08-28 06:00:00+00:00,2969,19492,22461
0-203-0-11749,Ivanovice na Hané,49.3092,17.0894,243.0,1955-01-07 06:00:00+00:00,2025-12-29 06:00:00+00:00,1231,22461,23692
0-203-0-11751,Kroměříž,49.2847,17.3653,233.0,1951-02-02 06:00:00+00:00,2025-12-29 06:00:00+00:00,1304,22714,24018
0-203-0-11753,Střílky,49.1442,17.2117,341.0,1965-02-05 06:00:00+00:00,1979-01-22 06:00:00+00:00,28,7489,7517
0-203-0-11754,Staré Město,49.0917,17.4322,221.0,1961-01-02 06:00:00+00:00,2025-12-29 06:00:00+00:00,1352,22043,23395
0-203-0-11755,Strážnice,48.8992,17.3381,176.0,1970-12-07 06:00:00+00:00,2025-12-29 06:00:00+00:00,1200,22432,23632
0-203-0-11756,Hodonín,48.854292,17.104872,172.0,1941-02-01 06:00:00+00:00,2025-12-29 06:00:00+00:00,1272,21828,23100
0-203-0-11757,Brankovice,49.1533,17.14,268.0,1981-12-21 06:00:00+00:00,2000-01-24 06:00:00+00:00,190,6293,6483
0-203-0-11760,Krásná  Visalaje,49.5236,18.5333,805.0,2006-10-16 06:00:00+00:00,2017-10-30 06:00:00+00:00,488,3552,4040
0-203-0-11761,Město Albrechtice  Žáry,50.154167,17.560556,498.0,1936-01-03 06:00:00+00:00,2013-09-30 06:00:00+00:00,2568,26710,29278
0-203-0-11762,Krnov,50.078,17.6922,360.0,1939-01-20 06:00:00+00:00,2025-12-22 06:00:00+00:00,2470,24615,27085
0-203-0-11763,Opava,49.928847,17.878541,268.0,1961-01-06 06:00:00+00:00,2025-12-29 06:00:00+00:00,2130,27031,29161
0-203-0-11764,Bohdanovice,49.9003,17.6292,463.0,1953-06-05 06:00:00+00:00,2012-06-25 06:00:00+00:00,1869,19619,21488
0-203-0-11765,Bělotín,49.5869,17.8042,306.0,1953-08-21 06:00:00+00:00,2025-12-29 06:00:00+00:00,3384,23067,26451
0-203-0-11767,Vítkov,49.778037,17.757308,490.0,1922-01-07 06:00:00+00:00,2025-12-22 06:00:00+00:00,3245,29018,32263
0-203-0-11768,Hranice  Drahotuše,49.5525,17.701389,247.0,1951-01-12 06:00:00+00:00,2025-12-29 06:00:00+00:00,3254,23442,26696
0-203-0-11769,Valašské Meziříčí,49.4636,17.9742,334.0,1936-02-28 06:00:00+00:00,2025-12-22 06:00:00+00:00,2806,28028,30834
0-203-0-11770,Hošťálková,49.3514,17.8683,385.0,1922-03-10 06:00:00+00:00,2021-05-31 06:00:00+00:00,2627,23333,25960
0-203-0-11771,Bystřice pod Hostýnem,49.3964,17.6706,314.0,1922-01-01 06:00:00+00:00,2025-12-29 06:00:00+00:00,1418,36271,37689
0-203-0-11775,Zlín,49.236667,17.643333,283.0,1954-01-01 06:00:00+00:00,2025-12-29 06:00:00+00:00,1035,21542,22577
0-203-0-11776,Velké Karlovice  Benešky,49.397036,18.294392,855.0,2010-05-03 06:00:00+00:00,2025-12-22 06:00:00+00:00,672,5052,5724
0-203-0-11777,Vizovice,49.22297,17.84361,313.0,1945-12-14 06:00:00+00:00,2025-12-29 06:00:00+00:00,1390,23804,25194
0-203-0-11778,Luhačovice  Kladná-Žilín,49.0842,17.7925,329.0,1940-01-03 06:00:00+00:00,2025-12-29 06:00:00+00:00,1572,29112,30684
0-203-0-11779,Strání,48.9033,17.7086,383.0,1953-05-01 06:00:00+00:00,2025-12-29 06:00:00+00:00,1731,26912,28643
0-203-0-11780,Štítná nad Vláří - Popov,49.0728,17.9711,315.0,1965-01-07 06:00:00+00:00,2025-12-29 06:00:00+00:00,1498,21451,22949
0-203-0-11781,Bohumín  Záblatí,49.882,18.3692,237.0,1933-01-06 06:00:00+00:00,2025-12-22 06:00:00+00:00,3929,26021,29950
0-203-0-11783,Ostrava  Zábřeh,49.805582,18.240296,230.0,1932-07-01 06:00:00+00:00,1955-03-25 06:00:00+00:00,899,7135,8034
0-203-0-11784,Lučina,49.7308,18.4425,300.0,1958-10-03 06:00:00+00:00,2025-12-22 06:00:00+00:00,2358,22206,24564
0-203-0-11785,Frenštát pod Radhoštěm,49.541055,18.240568,436.0,1943-01-08 06:00:00+00:00,2025-12-22 06:00:00+00:00,3096,26947,30043
0-203-0-11786,Rožnov pod Radhoštěm,49.461251,18.138224,375.0,1961-01-06 06:00:00+00:00,2019-07-22 06:00:00+00:00,2154,16902,19056
0-203-0-11788,Vsetín,49.3442,17.9961,387.0,1945-03-02 06:00:00+00:00,2025-12-22 06:00:00+00:00,2903,26224,29127
0-203-0-11789,Huslenky  Kychová,49.3,18.1261,450.0,1941-01-05 06:00:00+00:00,2025-12-22 06:00:00+00:00,3695,26528,30223
0-203-0-11790,Ostrava  Poruba,49.825331,18.15942,240.0,1968-01-05 06:00:00+00:00,2025-12-29 06:00:00+00:00,2745,18440,21185
0-203-0-11792,Jablunkov  Návsí,49.5875,18.7503,380.0,1932-09-02 06:00:00+00:00,2025-12-22 06:00:00+00:00,3085,25797,28882
0-203-0-11793,Bílá  Salajka,49.4132897,18.4206592,725.0,1942-01-02 06:00:00+00:00,2023-11-06 06:00:00+00:00,3300,22917,26217
0-203-0-11794,Horní Bečva,49.4311,18.2983,565.0,1935-07-26 06:00:00+00:00,2025-12-22 06:00:00+00:00,4268,28430,32698
0-203-0-11795,Karviná,49.8549,18.5332,224.0,1922-01-06 06:00:00+00:00,2022-12-19 06:00:00+00:00,2903,25742,28645
0-203-0-11796,Bílý Kříž,49.5025,18.5386,900.0,1989-01-02 06:00:00+00:00,2006-05-08 06:00:00+00:00,649,5539,6188
0-203-0-11797,Ropice,49.6975,18.6125,327.0,1991-07-01 06:00:00+00:00,2025-12-22 06:00:00+00:00,1449,10940,12389
0-203-0-11798,Mořkov,49.5414,18.057778,345.0,1976-01-12 06:00:00+00:00,2025-12-22 06:00:00+00:00,2310,15922,18232
0-203-0-11799,Staré Hamry  Gruň,49.4872,18.4844,800.0,2006-05-15 06:00:00+00:00,2006-10-09 06:00:00+00:00,22,130,152
0-203-0-20101008001,Město Libavá,49.7306,17.5264,624.0,1947-01-17 06:00:00+00:00,1952-12-05 06:00:00+00:00,287,1884,2171
0-203-0-20101020001,Rudoltovice,49.730558,17.629443,560.0,1947-01-17 06:00:00+00:00,1952-06-27 06:00:00+00:00,262,1746,2008
0-203-0-20101025001,Budišov nad Budišovkou,49.797195,17.618216,530.0,1922-03-03 06:00:00+00:00,2025-12-22 06:00:00+00:00,4232,31774,36006
0-203-0-20101039001,Spálov,49.7036,17.7322,576.0,1961-01-06 06:00:00+00:00,2012-12-31 06:00:00+00:00,1940,16357,18297
0-203-0-20101047201,Odry,49.670833,17.82,305.0,1922-02-24 06:00:00+00:00,2025-12-29 06:00:00+00:00,3759,32370,36129
0-203-0-20101065001,Bernartice nad Odrou,49.6194,17.9444,252.0,1962-12-07 06:00:00+00:00,1979-04-30 06:00:00+00:00,818,5115,5933
0-203-0-20101069001,Nový Jičín,49.6,18.031111,291.0,1922-01-21 06:00:00+00:00,2025-12-29 06:00:00+00:00,4326,28594,32920
0-203-0-20101072001,Hodslavice,49.5472,18.0264,340.0,1932-01-01 06:00:00+00:00,2019-12-23 06:00:00+00:00,4026,26778,30804
0-203-0-20101096001,Fulnek  Kostelec,49.7235,17.93251,340.0,1948-05-07 06:00:00+00:00,2025-12-29 06:00:00+00:00,3674,24359,28033
0-203-0-20101107001,Bartošovice,49.6694,18.0556,260.0,1964-12-04 06:00:00+00:00,1979-12-30 06:00:00+00:00,481,3051,3532
0-203-0-20101109101,Ženklava,49.5617,18.1069,340.0,1945-12-07 06:00:00+00:00,2012-12-31 06:00:00+00:00,2892,18314,21206
0-203-0-20101114001,Petřvald  Petřvaldík,49.7208,18.1333,230.0,1958-01-17 06:00:00+00:00,1961-12-29 06:00:00+00:00,201,1260,1461
0-203-0-20101115001,Skřipov,49.8178,17.9139,485.0,1934-01-05 06:00:00+00:00,2025-12-22 06:00:00+00:00,2944,25910,28854
0-203-0-20101117001,Bílovec,49.7617,17.9917,290.0,1932-06-24 06:00:00+00:00,2024-04-29 06:00:00+00:00,3766,27140,30906
0-203-0-20101117002,Velké Albrechtice,49.75,18.05,253.0,1929-01-01 06:00:00+00:00,1938-09-30 06:00:00+00:00,187,3373,3560
0-203-0-20101119001,Těškovice,49.8167,18.0167,430.0,1949-05-06 06:00:00+00:00,1979-12-24 06:00:00+00:00,1277,9925,11202
0-203-0-20101127001,Trojanovice  Pod Javorníkem,49.5231,18.1779,540.0,1942-01-02 06:00:00+00:00,1961-12-15 06:00:00+00:00,928,6377,7305
0-203-0-20101139001,Příbor,49.6403,18.1342,307.0,1945-12-07 06:00:00+00:00,2025-12-29 06:00:00+00:00,3405,25207,28612
0-203-0-20101147001,Fryčovice,49.6667,18.2167,273.0,1942-05-01 06:00:00+00:00,1979-12-31 06:00:00+00:00,1766,11993,13759
0-203-0-20101147002,Hukvaldy  Rychaltice,49.6428,18.2208,292.0,1946-01-04 06:00:00+00:00,2025-12-22 06:00:00+00:00,3526,24078,27604
0-203-0-20101151001,Stará Ves nad Ondřejnicí,49.7277769,18.1902767,235.0,1942-03-06 06:00:00+00:00,1961-02-24 06:00:00+00:00,940,6059,6999
0-203-0-20101153101,Klimkovice,49.7844,18.1347,240.0,1922-01-14 06:00:00+00:00,2025-12-29 06:00:00+00:00,3844,30977,34821
0-203-0-20101159201,Studénka,49.7058,18.0672,233.0,1995-01-02 06:00:00+00:00,2012-12-31 06:00:00+00:00,640,6241,6881
0-203-0-20201003002,Vrbno pod Pradědem  Mnichov,50.1333,17.3833,550.0,1966-07-01 06:00:00+00:00,1979-12-31 06:00:00+00:00,406,2881,3287
0-203-0-20201004001,Vidly,50.1056,17.2717,774.0,1931-03-27 06:00:00+00:00,2025-12-22 06:00:00+00:00,3041,22739,25780
0-203-0-20201009001,Ovčárna,50.0714,17.2392,1301.0,1936-05-01 06:00:00+00:00,2001-05-28 06:00:00+00:00,91,1973,2064
0-203-0-20201017001,Karlovice,50.0936408,17.4510033,467.0,1958-04-18 06:00:00+00:00,2024-09-30 06:00:00+00:00,1787,22184,23971
0-203-0-20201029001,Nové Heřminovy,50.0167,17.5333,388.0,1945-11-02 06:00:00+00:00,1979-12-17 06:00:00+00:00,1640,10412,12052
0-203-0-20201038001,Heřmanovice,50.1985,17.3816,665.0,1962-06-08 06:00:00+00:00,2025-12-22 06:00:00+00:00,2698,20193,22891
0-203-0-20201069001,Horní Benešov,49.9667,17.6083,580.0,1929-01-02 06:00:00+00:00,1953-04-24 06:00:00+00:00,875,6213,7088
0-203-0-20201071001,Lichnov,50.0127428,17.6374406,379.0,1959-01-02 06:00:00+00:00,2025-12-22 06:00:00+00:00,2900,21572,24472
0-203-0-20202005001,Malá Morávka  Karlov,50.025278,17.259444,775.0,1964-01-03 06:00:00+00:00,2025-12-29 06:00:00+00:00,2501,19038,21539
0-203-0-20202019001,Rýmařov  Harrachov,49.955833,17.286667,643.0,1992-11-16 06:00:00+00:00,2025-12-29 06:00:00+00:00,1366,10734,12100
0-203-0-20202025001,Břidličná,49.9167,17.375,560.0,1964-01-02 06:00:00+00:00,1979-12-17 06:00:00+00:00,744,5100,5844
0-203-0-20202026001,Lomnice,49.8691,17.41431,594.0,1994-01-03 06:00:00+00:00,2025-12-29 06:00:00+00:00,1220,10468,11688
0-203-0-20202047001,Bruntál,49.9833,17.45,530.0,1964-01-10 06:00:00+00:00,1993-12-27 06:00:00+00:00,1399,9074,10473
0-203-0-20202048001,Dlouhá Stráň,49.95759,17.498288,520.0,2001-01-01 06:00:00+00:00,2025-12-22 06:00:00+00:00,1109,8022,9131
0-203-0-20202048002,Mezina,49.9625,17.4861,530.0,1994-12-05 06:00:00+00:00,2000-12-25 06:00:00+00:00,94,2373,2467
0-203-0-20202052001,Roudno  Volárna,49.8925,17.4861,610.0,1953-09-04 06:00:00+00:00,1979-12-24 06:00:00+00:00,777,5372,6149
0-203-0-20202055001,Slezská Harta,49.888611,17.575278,516.0,1996-03-04 06:00:00+00:00,2025-12-22 06:00:00+00:00,1109,9818,10927
0-203-0-20202065001,Kružberk,49.8244,17.6639,435.0,1934-03-02 06:00:00+00:00,2012-12-31 06:00:00+00:00,2911,21956,24867
0-203-0-20202070001,Melč,49.849444,17.756944,478.0,1922-01-06 06:00:00+00:00,2025-12-29 06:00:00+00:00,3908,29672,33580
0-203-0-20202077001,Hradec nad Moravicí,49.876837,17.870902,275.0,1980-01-07 06:00:00+00:00,2025-12-29 06:00:00+00:00,1813,18217,20030
0-203-0-20202088001,Mladecko,49.9,17.7083,345.0,1971-01-25 06:00:00+00:00,1976-12-20 06:00:00+00:00,295,1897,2192
0-203-0-20202091002,Litultovice,49.9019,17.7556,310.0,1953-06-05 06:00:00+00:00,1998-03-30 06:00:00+00:00,1710,14879,16589
0-203-0-20202093001,Štáblovice,49.8806,17.8167,340.0,1958-01-02 06:00:00+00:00,1960-12-23 06:00:00+00:00,152,944,1096
0-203-0-20203007001,Kravaře,49.9316,18.0174,237.0,1930-03-07 06:00:00+00:00,1963-09-27 06:00:00+00:00,1180,7585,8765
0-203-0-20203012001,Hrabyně,49.8783,18.0533,395.0,1947-06-06 06:00:00+00:00,2025-12-22 06:00:00+00:00,3402,25059,28461
0-203-0-20203022001,Hlučín,49.9,18.1833,235.0,1952-07-04 06:00:00+00:00,1953-01-30 06:00:00+00:00,16,138,154
0-203-0-20203023001,Děhylov,49.8701994,18.1648678,292.0,1950-10-06 06:00:00+00:00,2025-12-29 06:00:00+00:00,3350,23863,27213
0-203-0-20204003101,Ostrava  Hrušov,49.8694,18.2889,205.0,1941-10-03 06:00:00+00:00,1949-07-29 06:00:00+00:00,352,2357,2709
0-203-0-20204003203,Ostrava  Nová Ves,49.8181,18.2222,214.0,1941-01-03 06:00:00+00:00,1970-06-26 06:00:00+00:00,1462,9280,10742
0-203-0-20301001001,Bílá  Hlavatá,49.421292,18.37984,770.0,1930-07-04 06:00:00+00:00,2025-12-22 06:00:00+00:00,3893,27834,31727
0-203-0-20301003001,Bílá  Mezivodí,49.4256,18.4088,615.0,2017-10-16 06:00:00+00:00,2019-07-29 06:00:00+00:00,82,572,654
0-203-0-20301004001,Kavalčanka,49.4333,18.4667,700.0,1942-04-24 06:00:00+00:00,1955-02-25 06:00:00+00:00,437,2876,3313
0-203-0-20301008002,Staré Hamry  Samčanka,49.468936,18.43389,527.0,1952-05-02 06:00:00+00:00,2025-12-22 06:00:00+00:00,3151,23573,26724
0-203-0-20301015001,Šance,49.5125,18.4189,509.0,1964-01-08 06:00:00+00:00,2017-05-29 06:00:00+00:00,2417,16698,19115
0-203-0-20301018001,Ostravice,49.525833,18.400556,435.0,1943-03-12 06:00:00+00:00,2025-12-22 06:00:00+00:00,2195,14186,16381
0-203-0-20301022001,Pstruží,49.559167,18.348889,400.0,2013-05-06 06:00:00+00:00,2025-12-22 06:00:00+00:00,624,4004,4628
0-203-0-20301023001,Čeladná  Podolánky,49.5175,18.3389,510.0,1902-12-05 06:00:00+00:00,2012-12-31 06:00:00+00:00,4440,34429,38869
0-203-0-20301027102,Frýdlant nad Ostravicí  Lubno,49.6011,18.3858,398.0,1942-01-02 06:00:00+00:00,2017-10-30 06:00:00+00:00,2685,18959,21644
0-203-0-20301036001,Morávka  Lúčka,49.532588,18.55,600.0,1953-03-06 06:00:00+00:00,2025-12-22 06:00:00+00:00,1632,16967,18599
0-203-0-20301038001,Morávka  Slavíč,49.5667,18.5833,620.0,1922-01-06 06:00:00+00:00,1938-09-30 06:00:00+00:00,777,5340,6117
0-203-0-20301039001,Morávka  Uspolka,49.5619,18.5528,532.0,1965-02-05 06:00:00+00:00,2016-09-26 06:00:00+00:00,942,7155,8097
0-203-0-20301042001,Morávka,49.5847,18.5389,541.0,1966-01-07 06:00:00+00:00,2006-08-28 06:00:00+00:00,1687,12831,14518
0-203-0-20301050202,Frýdek-Místek  Skalice,49.6522,18.4194,396.0,1950-10-06 06:00:00+00:00,1961-12-01 06:00:00+00:00,550,3560,4110
0-203-0-20301050204,Raškovice,49.622266,18.468383,397.0,1959-01-02 06:00:00+00:00,2025-12-22 06:00:00+00:00,3083,21389,24472
0-203-0-20301053302,Frýdek-Místek  Místek,49.675,18.3389,290.0,1952-11-07 06:00:00+00:00,1966-06-24 06:00:00+00:00,487,4473,4960
0-203-0-20301054001,Frýdek-Místek  Frýdek,49.6917,18.3542,335.0,1942-01-02 06:00:00+00:00,1962-06-29 06:00:00+00:00,822,5020,5842
0-203-0-20301057001,Řepiště,49.73,18.3097,290.0,1975-01-06 06:00:00+00:00,2002-10-28 06:00:00+00:00,1156,9010,10166
0-203-0-20301059001,Palkovice  Podhůří,49.6375,18.3056,370.0,1949-05-06 06:00:00+00:00,1962-06-29 06:00:00+00:00,622,4187,4809
0-203-0-20301060101,Olešná,49.6667,18.3167,308.0,1966-07-01 06:00:00+00:00,2014-03-31 06:00:00+00:00,1682,12471,14153
0-203-0-20301060102,Frýdek-Místek  Místek,49.666667,18.315833,312.0,2014-01-13 06:00:00+00:00,2025-12-29 06:00:00+00:00,585,3790,4375
0-203-0-20301060301,Paskov,49.7244,18.3031,254.0,1941-12-05 06:00:00+00:00,2025-12-29 06:00:00+00:00,2699,17664,20363
0-203-0-20301061001,Ostrava  Vítkovice,49.7986,18.2667,236.0,1944-07-07 06:00:00+00:00,1978-10-30 06:00:00+00:00,1688,10853,12541
0-203-0-20301061002,Ostrava  Hrabůvka,49.7722,18.2583,242.0,1951-01-01 06:00:00+00:00,1959-09-25 06:00:00+00:00,400,2795,3195
0-203-0-20301070001,Havířov  Bludovice,49.7656,18.4406,259.0,1953-04-03 06:00:00+00:00,2025-12-22 06:00:00+00:00,3103,23015,26118
0-203-0-20301076001,Šenov  Lapačka,49.770556,18.380278,258.0,2015-09-07 06:00:00+00:00,2025-12-22 06:00:00+00:00,505,3270,3775
0-203-0-20301082003,Ostrava  Kunčičky,49.8125,18.3028,220.0,1942-01-01 06:00:00+00:00,1960-05-27 06:00:00+00:00,897,5829,6726
0-203-0-20301083001,Ostrava  Moravská Ostrava,49.85,18.2917,212.0,1942-04-03 06:00:00+00:00,1955-11-25 06:00:00+00:00,526,4556,5082
0-203-0-20302005001,Petřvald,49.8306,18.3833,260.0,1971-01-04 06:00:00+00:00,1985-09-30 06:00:00+00:00,726,4661,5387
0-203-0-20302006001,Rychvald,49.8647,18.3514,217.0,1955-11-04 06:00:00+00:00,1962-09-28 06:00:00+00:00,330,2166,2496
0-203-0-20302008201,Ostrava  Slezská Ostrava,49.844977,18.317553,269.0,1940-01-05 06:00:00+00:00,2019-12-30 06:00:00+00:00,2129,16832,18961
0-203-0-20302008202,Ostrava  Heřmanice,49.8583,18.3194,220.0,1954-07-02 06:00:00+00:00,1956-01-20 06:00:00+00:00,75,534,609
0-203-0-20302014002,Hať,49.9458,18.2542,220.0,1952-10-03 06:00:00+00:00,2025-12-29 06:00:00+00:00,3118,23637,26755
0-203-0-20303008001,Horní Lomná,49.534088,18.637779,582.0,1933-01-06 06:00:00+00:00,2025-12-22 06:00:00+00:00,3130,24569,27699
0-203-0-20303010001,Morávka  Skalka,49.5361,18.5833,650.0,1927-11-04 06:00:00+00:00,1938-09-30 06:00:00+00:00,568,3419,3987
0-203-0-20303022001,Nýdek,49.6621492,18.7651222,425.0,1964-03-06 06:00:00+00:00,2025-12-22 06:00:00+00:00,2532,19389,21921
0-203-0-20303032001,Tyra,49.6258,18.6494,500.0,1952-11-07 06:00:00+00:00,2020-12-28 06:00:00+00:00,2970,21133,24103
0-203-0-20303038001,Třinec  Dolní Líštná,49.6919,18.6986,380.0,1955-07-01 06:00:00+00:00,2008-06-30 06:00:00+00:00,1749,17247,18996
0-203-0-20303046001,Český Těšín,49.753611,18.608611,274.0,1950-01-06 06:00:00+00:00,2019-12-30 06:00:00+00:00,3190,22288,25478
0-203-0-20303055001,Hnojník,49.6775,18.545,340.0,1948-08-06 06:00:00+00:00,2019-12-23 06:00:00+00:00,2489,17112,19601
0-203-0-20303060001,Těrlicko  Hradiště,49.735278,18.531667,356.0,2009-11-02 06:00:00+00:00,2025-12-22 06:00:00+00:00,786,5119,5905
0-203-0-20303062001,Albrechtice,49.7769,18.5147,292.0,1962-08-03 06:00:00+00:00,2012-12-31 06:00:00+00:00,2497,15888,18385
0-203-0-20303071001,Orlová  Horní Lutyně,49.8722,18.4431,275.0,1954-10-01 06:00:00+00:00,1985-12-23 06:00:00+00:00,1274,8134,9408
0-203-0-20303074001,Věřňovice,49.9310067,18.4166397,201.0,2025-11-03 06:00:00+00:00,2025-12-22 06:00:00+00:00,8,70,78
0-203-0-20303075201,Dolní Lutyně  Nerad,49.9153,18.4147,208.0,1952-01-04 06:00:00+00:00,2025-07-28 06:00:00+00:00,3074,23802,26876
0-203-0-20401003001,Třebom,50.0458,18.0261,225.0,1968-11-01 06:00:00+00:00,1983-10-31 06:00:00+00:00,753,4725,5478
0-203-0-20401011001,Sudice,50.0319,18.0736,217.0,1983-11-07 06:00:00+00:00,2025-12-29 06:00:00+00:00,1618,13753,15371
0-203-0-20401014001,Chuchelná,49.991679,18.119769,258.0,2024-03-04 06:00:00+00:00,2025-12-29 06:00:00+00:00,60,3441,3501
0-203-0-20402001001,Jindřichov,50.2525,17.5231,358.2,1922-01-06 06:00:00+00:00,2025-12-22 06:00:00+00:00,3456,28899,32355
0-203-0-20402004001,Třemešná,50.2053,17.5757,369.0,1985-04-01 06:00:00+00:00,2019-05-27 06:00:00+00:00,1351,11037,12388
0-203-0-20402006001,Liptaň,50.2222,17.6,360.0,1952-11-07 06:00:00+00:00,1985-03-25 06:00:00+00:00,1620,10157,11777
0-203-0-20402017001,Osoblaha,50.2709,17.7135,238.0,1948-06-04 06:00:00+00:00,2025-01-27 06:00:00+00:00,2821,23722,26543
0-203-0-20402025001,Zlaté Hory,50.263,17.3926,407.0,2006-07-03 06:00:00+00:00,2025-12-29 06:00:00+00:00,805,6319,7124
0-203-0-20402025002,Zlaté Hory,50.252778,17.3926,444.0,1951-04-06 06:00:00+00:00,2006-03-27 06:00:00+00:00,1838,16511,18349
0-203-0-20403023001,Božanov,50.525216,16.361634,426.0,1963-08-02 06:00:00+00:00,2020-12-28 06:00:00+00:00,2177,17396,19573
0-203-0-20404003001,Bílá Voda,50.4333,16.9,360.0,1971-01-04 06:00:00+00:00,1979-12-31 06:00:00+00:00,403,2823,3226
0-203-0-20404019001,Zálesí u Javorníka,50.35,16.9333,632.0,1937-01-01 06:00:00+00:00,1946-06-28 06:00:00+00:00,127,845,972
0-203-0-20404032001,Bernartice  Horní Heřmanice,50.3847,17.1083,255.0,1895-07-05 06:00:00+00:00,1979-12-31 06:00:00+00:00,3107,20746,23853
0-203-0-20404044001,Skorošice  Nýznerov,50.2986,17.0819,396.0,1962-01-06 06:00:00+00:00,1970-12-25 06:00:00+00:00,287,2393,2680
0-203-0-20404050001,Černá Voda,50.3054197,17.142758,330.0,1962-11-02 06:00:00+00:00,2025-12-29 06:00:00+00:00,2701,20279,22980
0-203-0-20404053001,Nová Červená Voda,50.32068,17.1907,310.0,1930-01-03 06:00:00+00:00,1938-04-29 06:00:00+00:00,443,2599,3042
0-203-0-20404057001,Velká Kraš,50.370798,17.179638,235.0,2018-01-01 06:00:00+00:00,2024-09-30 06:00:00+00:00,325,2048,2373
0-203-0-20404057002,Vidnava,50.37794,17.1917,228.0,1958-05-16 06:00:00+00:00,2017-10-30 06:00:00+00:00,1830,19555,21385
0-203-0-20404063001,Bělá pod Pradědem  Filipovice,50.1464278,17.2064242,588.0,1962-11-02 06:00:00+00:00,2025-12-22 06:00:00+00:00,2705,19756,22461
0-203-0-20404085001,Ostružná  Ramzová,50.197223,17.065201,740.0,1947-09-05 06:00:00+00:00,2025-12-22 06:00:00+00:00,2929,25073,28002
0-203-0-20404091001,Mikulovice,50.3006,17.3231,321.0,1912-05-03 06:00:00+00:00,2025-12-22 06:00:00+00:00,4008,36692,40700
0-203-0-20407004001,Jablonec nad Nisou,50.72922,15.17959,495.0,1950-03-03 06:00:00+00:00,2019-04-29 06:00:00+00:00,3115,21602,24717
0-203-0-20407014001,Liberec,50.767,15.067,410.0,1947-12-12 06:00:00+00:00,1953-03-14 06:00:00+00:00,54,2868,2922
0-203-0-20407027001,Mníšek  Fojtka,50.82725,15.05856,395.0,1951-01-05 06:00:00+00:00,2025-12-22 06:00:00+00:00,2690,23610,26300
0-203-0-20407033001,Chrastava  Dolní Vítkov,50.8408,14.9617,350.0,1961-01-06 06:00:00+00:00,1986-01-27 06:00:00+00:00,1247,7915,9162
0-203-0-20407034001,Chrastava,50.81872,14.95861,314.0,1988-01-04 06:00:00+00:00,2025-12-29 06:00:00+00:00,1641,12239,13880
0-203-0-20407036001,Chotyně,50.83897,14.87175,260.0,1963-12-13 06:00:00+00:00,2020-09-28 06:00:00+00:00,1905,19007,20912
0-203-0-20408003001,Rumburk,50.95156,14.57086,390.0,1954-06-04 06:00:00+00:00,2025-12-29 06:00:00+00:00,3265,22606,25871
0-203-0-20410022001,Višňová,50.96594,15.01814,248.0,1996-12-09 06:00:00+00:00,2025-12-29 06:00:00+00:00,1344,9614,10958
0-203-0-20410027001,Pertoltice,50.9806,15.0903,310.0,1996-12-24 06:00:00+00:00,2007-10-29 06:00:00+00:00,442,3759,4201
0-203-0-40102003001,Hošťka  Žebráky,49.7189,12.5869,600.0,1966-01-07 06:00:00+00:00,1979-12-31 06:00:00+00:00,718,6221,6939
0-203-0-40102009001,Rozvadov,49.6686,12.5522,581.0,1980-01-07 06:00:00+00:00,2005-12-26 06:00:00+00:00,1196,8301,9497
0-203-0-40102021001,Železná,49.583431,12.581084,511.0,1959-04-03 06:00:00+00:00,2019-12-30 06:00:00+00:00,2899,18927,21826
0-203-0-40102029001,Lesná  Háje,49.715572,12.47552,710.0,1963-08-02 06:00:00+00:00,2012-12-31 06:00:00+00:00,2190,14553,16743
0-203-0-40103004001,Nemanice  Nemaničky,49.431422,12.716909,529.0,1961-02-17 06:00:00+00:00,2025-12-15 06:00:00+00:00,2910,20500,23410
0-203-0-40201003001,Špičák,49.169506,13.215816,973.0,1964-01-03 06:00:00+00:00,2025-12-22 06:00:00+00:00,2757,19889,22646
0-203-0-40201004001,Železná Ruda,49.138245,13.228729,754.0,1980-01-07 06:00:00+00:00,2025-12-29 06:00:00+00:00,2196,14575,16771
0-203-0-40202009001,Všeruby,49.343587,12.983841,445.0,1945-12-07 06:00:00+00:00,2025-12-29 06:00:00+00:00,2538,17010,19548
0-203-0-40202012001,Tlumačov  Filipova Hora,49.3772,12.9258,584.0,1956-01-06 06:00:00+00:00,1979-12-31 06:00:00+00:00,387,8379,8766
0-203-0-40202023201,Česká Kubice,49.367941,12.857804,549.0,1980-01-07 06:00:00+00:00,2025-12-29 06:00:00+00:00,2223,14579,16802
0-203-0-40402001001,Frymburk  Svatý Tomáš,48.639722,14.104722,972.0,1982-07-05 06:00:00+00:00,2018-09-24 06:00:00+00:00,1711,11530,13241
0-203-0-41001001002,Dolní Morava  Velká Morava,50.154444,16.814167,715.0,1922-01-04 06:00:00+00:00,2014-12-29 06:00:00+00:00,1455,11533,12988
0-203-0-41001001003,Králický Sněžník,50.205,16.8493,1380.0,1922-09-30 06:00:00+00:00,1934-12-28 06:00:00+00:00,733,2676,3409
0-203-0-41001004001,Malá Morava  Sklené,50.12165,16.841956,701.0,1958-10-03 06:00:00+00:00,2025-12-29 06:00:00+00:00,2507,17166,19673
0-203-0-41001006001,Malá Morava  Podlesí,50.0667,16.85,640.0,1968-01-06 06:00:00+00:00,1987-11-30 06:00:00+00:00,989,6194,7183
0-203-0-41001013001,Staré Město pod Sněžníkem  Stříbrnice,50.1806,16.9,655.0,1946-01-11 06:00:00+00:00,1951-12-29 06:00:00+00:00,216,1975,2191
0-203-0-41001021001,Staré Město,50.1667,16.95,530.0,1930-01-08 06:00:00+00:00,1938-03-25 06:00:00+00:00,347,2544,2891
0-203-0-41001034001,Branná  Františkov,50.1324,17.0129,548.0,1927-07-01 06:00:00+00:00,2025-12-29 06:00:00+00:00,3113,28392,31505
0-203-0-41001035001,Jindřichov  Nové Losiny,50.1167,17.05,780.0,1922-01-06 06:00:00+00:00,1960-12-30 06:00:00+00:00,1444,10061,11505
0-203-0-41001039001,Jindřichov  Rakousko,50.095,16.9833,445.0,1987-03-02 06:00:00+00:00,1997-04-28 06:00:00+00:00,405,3493,3898
0-203-0-41001042001,Hanušovice,50.0819,16.940556,432.0,1964-03-27 06:00:00+00:00,2025-12-29 06:00:00+00:00,2445,16013,18458
0-203-0-41001048001,Ruda nad Moravou  Hostice,49.9922,16.8833,360.0,1963-05-03 06:00:00+00:00,2012-12-03 06:00:00+00:00,1948,16164,18112
0-203-0-41001061001,Dlouhé stráně  Kouty nad Desnou,50.0854114,17.1794408,765.0,1999-12-06 06:00:00+00:00,2025-12-22 06:00:00+00:00,1147,8656,9803
0-203-0-41001068001,Loučná nad Desnou,50.0722,17.0917,485.0,1964-01-10 06:00:00+00:00,1979-12-31 06:00:00+00:00,801,5043,5844
0-203-0-41001073001,Sobotín,50.0,17.0833,425.0,1961-02-10 06:00:00+00:00,1996-03-25 06:00:00+00:00,1546,10995,12541
0-203-0-41001074001,Petrov nad Desnou,50.0164,17.0644,400.0,1996-12-02 06:00:00+00:00,2012-12-31 06:00:00+00:00,702,5172,5874
0-203-0-41001078001,Velké Losiny,50.038056,17.051365,411.0,1950-10-06 06:00:00+00:00,2025-12-29 06:00:00+00:00,3454,23635,27089
0-203-0-41002010001,Lanškroun,49.9028,16.625,362.0,1928-02-06 06:00:00+00:00,2001-06-25 06:00:00+00:00,2940,20189,23129
0-203-0-41002011001,Žichlínek,49.8839,16.6397,353.0,2002-01-07 06:00:00+00:00,2019-09-30 06:00:00+00:00,900,5582,6482
0-203-0-41002036001,Červená Voda,50.04034,16.742859,535.0,1964-01-17 06:00:00+00:00,2025-12-29 06:00:00+00:00,2461,17172,19633
0-203-0-41002038001,Písařov,50.0083,16.8,565.0,1946-11-01 06:00:00+00:00,1951-09-28 06:00:00+00:00,214,1581,1795
0-203-0-41002041001,Hoštejn,49.875125,16.7688722,305.0,1930-06-06 06:00:00+00:00,2019-12-30 06:00:00+00:00,3432,29348,32780
0-203-0-41002047001,Horní Studénky,49.95,16.8167,540.0,1948-01-09 06:00:00+00:00,1985-11-25 06:00:00+00:00,1141,8325,9466
0-203-0-41002054001,Mírov  Míroveček,49.796164,16.839447,370.0,1948-05-07 06:00:00+00:00,2025-12-29 06:00:00+00:00,3256,20671,23927
0-203-0-41002058001,Rohle,49.8592,17.0194,341.0,1964-01-03 06:00:00+00:00,2008-05-26 06:00:00+00:00,1911,12837,14748
0-203-0-41002064001,Mohelnice,49.7778,16.9111,273.0,1956-10-05 06:00:00+00:00,1961-12-29 06:00:00+00:00,263,1655,1918
0-203-0-41002066001,Křenov,49.6833,16.6333,465.0,1933-01-06 06:00:00+00:00,1961-12-08 06:00:00+00:00,933,6432,7365
0-203-0-41002069001,Boršov,49.7458,16.6361,375.0,1948-02-06 06:00:00+00:00,1985-12-30 06:00:00+00:00,1836,11467,13303
0-203-0-41002070001,Moravská Třebová,49.7611,16.6667,349.0,1936-01-03 06:00:00+00:00,1936-02-28 06:00:00+00:00,7,52,59
0-203-0-41002086001,Horní Štěpánov,49.55,16.7917,600.0,1944-02-04 06:00:00+00:00,1978-11-20 06:00:00+00:00,1097,7272,8369
0-203-0-41002087001,Skřípov,49.5833,16.8167,580.0,1945-11-23 06:00:00+00:00,1962-06-29 06:00:00+00:00,538,3943,4481
0-203-0-41002096002,Zadní Arnoštov,49.6583,16.6667,535.0,1962-01-05 06:00:00+00:00,1962-03-23 06:00:00+00:00,11,397,408
0-203-0-41002098001,Březinky,49.6611,16.7889,400.0,1933-12-01 06:00:00+00:00,1938-10-28 06:00:00+00:00,243,1522,1765
0-203-0-41002099001,Moravská Třebová  Bezděčí  Unerázka,49.7,16.7567,315.0,1927-01-07 06:00:00+00:00,2025-12-29 06:00:00+00:00,4446,29595,34041
0-203-0-41002107001,Kladky,49.65,16.8333,550.0,1953-12-04 06:00:00+00:00,1960-12-23 06:00:00+00:00,326,2173,2499
0-203-0-41002111001,Luká  Ješov,49.669819,16.955585,452.0,1954-06-04 06:00:00+00:00,1963-11-29 06:00:00+00:00,421,3080,3501
0-203-0-41003005201,Litovel,49.705,17.070408,234.0,1942-01-02 06:00:00+00:00,2012-12-31 06:00:00+00:00,3257,22461,25718
0-203-0-41003016001,Medlov  Hlivice,49.782412,17.037966,268.0,2011-01-03 06:00:00+00:00,2025-12-29 06:00:00+00:00,736,4743,5479
0-203-0-41003020002,Příkazy,49.643788,17.143883,225.0,1942-01-02 06:00:00+00:00,1943-06-25 06:00:00+00:00,67,479,546
0-203-0-41003022001,Oskava  Bedřichov,49.9297,17.1556,415.0,1958-02-07 06:00:00+00:00,2002-12-30 06:00:00+00:00,1056,15259,16315
0-203-0-41003026001,Oskava  Třemešek,49.9167,17.125,490.0,1946-08-02 06:00:00+00:00,1961-12-30 06:00:00+00:00,747,4792,5539
0-203-0-41003026002,Oskava,49.90482,17.134781,360.0,1952-12-06 06:00:00+00:00,2025-12-29 06:00:00+00:00,2045,13784,15829
0-203-0-41003038001,Stránské,49.8931,17.3028,650.0,1946-03-15 06:00:00+00:00,1993-10-25 06:00:00+00:00,1482,12674,14156
0-203-0-41003055001,Troubelice,49.81576,17.08048,253.0,1981-09-07 06:00:00+00:00,1982-12-27 06:00:00+00:00,63,424,487
0-203-0-41003057001,Uničov,49.77641,17.117228,237.0,1957-10-11 06:00:00+00:00,1963-05-31 06:00:00+00:00,257,1803,2060
0-203-0-41003062001,Jiříkov  Hutov,49.8556,17.2833,620.0,1969-02-01 06:00:00+00:00,1970-02-27 06:00:00+00:00,55,338,393
0-203-0-41003064001,Štěpánov,49.68115,17.22473,225.0,1961-01-06 06:00:00+00:00,2020-07-27 06:00:00+00:00,2676,19086,21762
0-203-0-41003075001,Šternberk,49.725,17.2986,278.0,1947-02-07 06:00:00+00:00,2025-12-29 06:00:00+00:00,3620,23289,26909
0-203-0-41003091001,Olomouc  Klášterní Hradisko,49.608795,17.264465,215.0,1937-01-01 06:00:00+00:00,2025-09-29 06:00:00+00:00,3702,28197,31899
0-203-0-41003096001,Moravský Beroun  Sedm Dvorů,49.7736,17.4403,525.0,1922-01-06 06:00:00+00:00,1993-12-27 06:00:00+00:00,2751,19439,22190
0-203-0-41003104001,Hlubočky,49.625,17.4,300.0,1964-01-03 06:00:00+00:00,1970-02-27 06:00:00+00:00,210,1340,1550
0-203-0-41003125001,Tršice,49.538345,17.424635,264.0,1942-01-03 06:00:00+00:00,1962-11-30 06:00:00+00:00,1064,6575,7639
0-203-0-41003127001,Velký Újezd,49.5812756,17.4855908,381.0,1955-01-07 06:00:00+00:00,2025-12-29 06:00:00+00:00,2251,21552,23803
0-203-0-41003127002,Kozlov,49.6017,17.5327,620.0,2000-10-02 06:00:00+00:00,2018-10-29 06:00:00+00:00,887,5718,6605
0-203-0-41003129001,Kokory,49.4972,17.375,218.0,1953-03-06 06:00:00+00:00,1961-12-29 06:00:00+00:00,455,2773,3228
0-203-0-41003136001,Tovačov,49.4319,17.2792,199.0,1941-01-03 06:00:00+00:00,2012-04-30 06:00:00+00:00,2370,23379,25749
0-203-0-41101014001,Velké Karlovice,49.359444,18.286944,518.0,1937-02-04 06:00:00+00:00,2025-12-22 06:00:00+00:00,4029,28326,32355
0-203-0-41101029001,Halenkov,49.3203,18.1464,415.0,1933-01-21 06:00:00+00:00,2012-12-31 06:00:00+00:00,2738,22007,24745
0-203-0-41101034002,Zděchov,49.2639,18.0772,491.0,1929-01-06 06:00:00+00:00,2025-12-29 06:00:00+00:00,4745,30501,35246
0-203-0-41101041301,Hovězí,49.3056,18.0611,380.0,1943-01-09 06:00:00+00:00,1963-12-27 06:00:00+00:00,1068,6572,7640
0-203-0-41101042001,Francova Lhota,49.1925,18.0894,480.0,1953-01-01 06:00:00+00:00,2012-12-31 06:00:00+00:00,2730,18504,21234
0-203-0-41101042002,Valašská Senice,49.240278,18.126944,615.0,2011-06-06 06:00:00+00:00,2025-06-30 06:00:00+00:00,686,4458,5144
0-203-0-41101046001,Horní Lideč,49.1861,18.0589,453.0,2001-11-05 06:00:00+00:00,2017-12-25 06:00:00+00:00,784,5121,5905
0-203-0-41101046002,Lidečko,49.20948,18.052524,450.0,1922-01-13 06:00:00+00:00,2025-12-29 06:00:00+00:00,1747,11158,12905
0-203-0-41101051001,Pozděchov,49.2319,17.9583,496.0,1963-02-01 06:00:00+00:00,2001-10-29 06:00:00+00:00,1052,8871,9923
0-203-0-41101075001,Kateřinice  Ojičná,49.400762,17.873311,585.0,2016-01-18 06:00:00+00:00,2025-12-22 06:00:00+00:00,460,3193,3653
0-203-0-41101084001,Valašská Bystřice,49.416432,18.106298,458.0,1948-01-02 06:00:00+00:00,2025-12-29 06:00:00+00:00,3397,25093,28490
0-203-0-41101109001,Hutisko-Solanec,49.4333,18.2208,497.0,1942-01-02 06:00:00+00:00,1979-12-31 06:00:00+00:00,1632,11979,13611
0-203-0-41101111001,Rožnov pod Radhoštěm,49.462778,18.112788,362.0,2019-07-29 06:00:00+00:00,2025-12-22 06:00:00+00:00,308,2044,2352
0-203-0-41101117001,Zašová,49.4778,18.0472,340.0,1942-01-03 06:00:00+00:00,1960-12-30 06:00:00+00:00,894,6684,7578
0-203-0-41102012001,Rajnochovice,49.413825,17.810276,405.0,1980-01-07 06:00:00+00:00,2025-12-29 06:00:00+00:00,2099,14703,16802
0-203-0-41102013001,Kunovice,49.4444,17.8111,417.0,1953-12-04 06:00:00+00:00,1961-07-28 06:00:00+00:00,365,2435,2800
0-203-0-41102018001,Kelč,49.4765261,17.8195539,323.0,1943-11-05 06:00:00+00:00,2025-12-29 06:00:00+00:00,3420,25864,29284
0-203-0-41102034001,Střítež nad Ludinou,49.605,17.7411,339.0,1923-04-06 06:00:00+00:00,2019-12-23 06:00:00+00:00,3855,29807,33662
0-203-0-41102037001,Potštát  Boškov,49.6238,17.6142,545.0,2018-11-05 06:00:00+00:00,2019-12-30 06:00:00+00:00,58,368,426
0-203-0-41102038001,Potštát  Kyžlířov,49.6417,17.6764,565.0,1963-11-01 06:00:00+00:00,2025-12-29 06:00:00+00:00,2632,17449,20081
0-203-0-41102050001,Jezernice,49.5333,17.6392,264.0,1942-01-02 06:00:00+00:00,1958-12-26 06:00:00+00:00,850,5359,6209
0-203-0-41102054001,Lipník nad Bečvou,49.521944,17.590556,227.0,1954-01-01 06:00:00+00:00,2025-12-29 06:00:00+00:00,2330,23909,26239
0-203-0-41102059001,Veselíčko,49.5333,17.5167,310.0,1942-01-03 06:00:00+00:00,1961-12-29 06:00:00+00:00,1002,6303,7305
0-203-0-41102072101,Dluhonice,49.4494,17.4097,205.0,1961-09-01 06:00:00+00:00,2012-12-31 06:00:00+00:00,1686,17004,18690
0-203-0-41201009001,Náměšť na Hané,49.605,17.065,247.0,1980-01-07 06:00:00+00:00,2025-12-29 06:00:00+00:00,1253,22488,23741
0-203-0-41201012001,Olomouc  Neředín,49.5944,17.2167,262.5,1933-01-05 06:00:00+00:00,1968-08-30 06:00:00+00:00,1080,6712,7792
0-203-0-41201020201,Bystřička,49.4242,18.0208,388.0,1964-01-04 06:00:00+00:00,1979-12-24 06:00:00+00:00,711,5133,5844
0-203-0-41201035001,Ptení,49.5117,16.9583,321.0,1961-01-27 06:00:00+00:00,1972-09-25 06:00:00+00:00,185,5125,5310
0-203-0-41201054001,Plumlov  Žárovice,49.4583,16.9856,320.0,1972-10-02 06:00:00+00:00,2008-09-29 06:00:00+00:00,692,12457,13149
0-203-0-41201059001,Mostkovice,49.4728,17.0536,258.0,1952-02-02 06:00:00+00:00,1953-05-11 06:00:00+00:00,82,434,516
0-203-0-41201060001,Kralice na Hané,49.4597,17.1827,210.0,1995-12-18 06:00:00+00:00,2025-12-29 06:00:00+00:00,1105,9852,10957
0-203-0-41202003001,Vyškov  Rychtářov,49.3286,16.915,400.0,1973-01-01 06:00:00+00:00,2012-07-30 06:00:00+00:00,802,17885,18687
0-203-0-41202009002,Vyškov  Dědice,49.295,16.9822,263.0,1963-02-22 06:00:00+00:00,2015-04-27 06:00:00+00:00,787,18361,19148
0-203-0-41202011001,Lysovice,49.216667,16.968611,275.0,2015-05-04 06:00:00+00:00,2024-12-30 06:00:00+00:00,481,3052,3533
0-203-0-41202031001,Morkovice-Slížany  Slížany,49.2417,17.2319,289.0,1961-01-27 06:00:00+00:00,2025-12-29 06:00:00+00:00,1425,24174,25599
0-203-0-41202048001,Podivice,49.369444,17.003611,375.0,1973-12-17 06:00:00+00:00,2025-12-29 06:00:00+00:00,1431,19510,20941
0-203-0-41202062001,Kojetín,49.3527,17.2944,203.0,1943-01-05 06:00:00+00:00,2025-12-29 06:00:00+00:00,1118,11878,12996
0-203-0-41202086001,Dřevohostice,49.424444,17.586111,238.0,1980-01-07 06:00:00+00:00,2025-12-29 06:00:00+00:00,1303,20461,21764
0-203-0-41202087002,Pavlovice u Přerova,49.4722,17.5583,295.0,1947-01-03 06:00:00+00:00,1962-09-28 06:00:00+00:00,752,5000,5752
0-203-0-41202117001,Újezdsko,49.211944,17.364444,336.0,2016-11-07 06:00:00+00:00,2025-12-29 06:00:00+00:00,451,2897,3348
0-203-0-41202119001,Kostelany,49.203333,17.382222,381.0,1978-12-04 06:00:00+00:00,2016-08-29 06:00:00+00:00,896,19375,20271
0-203-0-41202124001,Rusava,49.3458,17.6806,360.0,1967-01-06 06:00:00+00:00,2008-09-29 06:00:00+00:00,570,16478,17048
0-203-0-41202144001,Kvasice,49.2453,17.4703,190.0,1954-01-04 06:00:00+00:00,2025-12-29 06:00:00+00:00,1401,24369,25770
0-203-0-41301014002,Zlín  Velíková,49.2875,17.7606,392.0,1980-01-07 06:00:00+00:00,2025-12-29 06:00:00+00:00,1343,22398,23741
0-203-0-41301035102,Zlín,49.2272,17.6678,232.0,1947-12-19 06:00:00+00:00,1951-01-19 06:00:00+00:00,7,1392,1399
0-203-0-41301037001,Zlín  Louky,49.2278,17.6419,202.0,1996-12-02 06:00:00+00:00,1997-02-24 06:00:00+00:00,13,138,151
0-203-0-41301043002,Zlín  Malenovice,49.209722,17.580556,193.0,1962-12-16 06:00:00+00:00,2016-12-26 06:00:00+00:00,167,7016,7183
0-203-0-41301051001,Otrokovice,49.1983,17.5178,194.0,1946-12-07 06:00:00+00:00,1952-03-07 06:00:00+00:00,26,2470,2496
0-203-0-41301054101,Napajedla,49.1833,17.5167,185.0,1941-01-03 06:00:00+00:00,2022-11-28 06:00:00+00:00,1203,35518,36721
0-203-0-41301057001,Halenkovice,49.1929933,17.4540381,352.0,2023-05-01 06:00:00+00:00,2025-12-29 06:00:00+00:00,128,792,920
0-203-0-41301067001,Březolupy,49.1192,17.5719,205.0,1980-01-07 06:00:00+00:00,1993-03-29 06:00:00+00:00,187,11683,11870
0-203-0-41301068001,Svárov,49.1144,17.6225,290.0,1996-12-02 06:00:00+00:00,2012-11-26 06:00:00+00:00,452,5514,5966
0-203-0-41301069001,Částkov,49.1078,17.6214,240.0,1995-01-02 06:00:00+00:00,1995-11-20 06:00:00+00:00,8,602,610
0-203-0-41301088002,Bojkovice,49.0402,17.81,310.0,1954-01-01 06:00:00+00:00,2025-12-29 06:00:00+00:00,1636,24611,26247
0-203-0-41301102001,Horní Lhota,49.155,17.8033,348.0,1961-01-26 06:00:00+00:00,2025-12-29 06:00:00+00:00,1496,22155,23651
0-203-0-41301103001,Pozlovice,49.1208,17.7753,290.0,1922-01-05 06:00:00+00:00,1993-03-29 06:00:00+00:00,266,25848,26114
0-203-0-41301107001,Březůvky,49.15,17.7,371.0,1961-01-13 06:00:00+00:00,1980-02-25 06:00:00+00:00,245,6723,6968
0-203-0-41301116001,Uherský Brod,49.0255,17.6555,222.0,1961-01-27 06:00:00+00:00,2021-08-30 06:00:00+00:00,1242,20796,22038
0-203-0-41301120001,Korytná,48.9375,17.6619,325.0,1961-12-18 06:00:00+00:00,1980-01-28 06:00:00+00:00,155,6691,6846
0-203-0-41301123001,Nivnice,48.98061,17.64502,241.0,1989-01-02 06:00:00+00:00,2025-12-29 06:00:00+00:00,1194,12320,13514
0-203-0-41302002001,Kunovice,49.038,17.4425,173.0,1955-02-18 06:00:00+00:00,1956-02-24 06:00:00+00:00,9,385,394
0-203-0-41302005002,Hluk,48.9863,17.538,225.0,1964-01-03 06:00:00+00:00,2025-12-29 06:00:00+00:00,1278,21855,23133
0-203-0-41302015001,Blatnice pod svatým Antonínkem,48.947778,17.462222,210.0,1961-12-08 06:00:00+00:00,2025-12-29 06:00:00+00:00,1368,21917,23285
0-203-0-41302020001,Buchlovice,49.089008,17.335389,257.0,1980-01-07 06:00:00+00:00,2025-12-29 06:00:00+00:00,1289,22176,23465
0-203-0-41302026001,Bzenec,48.97416667,17.28916667,182.0,1947-02-07 06:00:00+00:00,2025-12-29 06:00:00+00:00,1411,22325,23736
0-203-0-41302035001,Nová Lhota  ?,48.8736,17.6133,420.0,1976-07-26 06:00:00+00:00,1980-06-30 06:00:00+00:00,190,1252,1442
0-203-0-41302035002,Nová Lhota  Vápenky,48.8614,17.5947,500.0,1961-12-08 06:00:00+00:00,1976-02-23 06:00:00+00:00,307,4782,5089
0-203-0-41302039002,Velká nad Veličkou,48.8789,17.5167,289.0,1968-04-05 06:00:00+00:00,2025-12-29 06:00:00+00:00,1388,22353,23741
0-203-0-41302058001,Radějov,48.8639,17.3348,240.0,1942-01-07 06:00:00+00:00,2025-12-29 06:00:00+00:00,1807,28843,30650
0-203-0-41401003001,Sedlejov,49.2333,15.4833,540.0,1963-03-29 06:00:00+00:00,1979-12-31 06:00:00+00:00,772,5772,6544
0-203-0-41401008001,Telč  Telč-Štěpnice,49.1847,15.4539,514.0,1941-01-06 06:00:00+00:00,1955-03-18 06:00:00+00:00,36,5442,5478
0-203-0-41401016001,Krahulčí,49.1852,15.4168,544.0,1941-12-31 06:00:00+00:00,1944-03-06 06:00:00+00:00,12,110,122
0-203-0-41401024002,Dačice,49.0831,15.4344,486.0,1938-12-24 06:00:00+00:00,2025-12-29 06:00:00+00:00,1589,26414,28003
0-203-0-41401050001,Český Rudolec,49.073333,15.322222,520.0,1982-12-06 06:00:00+00:00,2025-12-22 06:00:00+00:00,1357,14959,16316
0-203-0-41401070001,Slavonice,48.995833,15.355556,519.0,1961-02-17 06:00:00+00:00,2015-07-27 06:00:00+00:00,2418,17517,19935
0-203-0-41401070002,Slavonice  Stálkov,49.0292,15.2843,639.0,2016-05-02 06:00:00+00:00,2025-12-29 06:00:00+00:00,483,3049,3532
0-203-0-41402011001,Želetava  Bítovánky,49.1438,15.6909,575.0,1931-02-01 06:00:00+00:00,1931-03-29 06:00:00+00:00,13,46,59
0-203-0-41402018001,Budeč,49.0872,15.5861,491.0,1963-02-09 06:00:00+00:00,2017-05-01 06:00:00+00:00,988,19587,20575
0-203-0-41402044002,Jemnice,49.025,15.59,502.0,1961-01-06 06:00:00+00:00,2025-12-29 06:00:00+00:00,2935,20775,23710
0-203-0-41402050001,Bítov,48.938333,15.73,425.0,1980-01-07 06:00:00+00:00,2025-12-22 06:00:00+00:00,1337,22373,23710
0-203-0-41402053001,Vranov nad Dyjí,48.9056,15.8186,354.0,1961-01-01 06:00:00+00:00,2025-12-29 06:00:00+00:00,2991,20750,23741
0-203-0-41402059001,Lukov,48.8566,15.9077,403.0,1964-01-03 06:00:00+00:00,2025-10-27 06:00:00+00:00,2809,20306,23115
0-203-0-41402065001,Znojmo,48.8561,16.05,250.0,1951-01-26 06:00:00+00:00,1956-12-31 06:00:00+00:00,75,2572,2647
0-203-0-41402075001,Hevlín,48.7506,16.3719,180.0,1976-02-02 06:00:00+00:00,1991-02-25 06:00:00+00:00,116,6458,6574
0-203-0-41402080001,Šatov,48.789167,16.020556,238.0,1981-04-13 06:00:00+00:00,2025-12-29 06:00:00+00:00,1895,14413,16308
0-203-0-41402084001,Jaroslavice,48.7553,16.2325,190.0,1962-04-06 06:00:00+00:00,2025-12-29 06:00:00+00:00,2269,20968,23237
0-203-0-41403001001,Častohostice,49.0169,15.82,430.0,1970-12-07 06:00:00+00:00,1973-01-29 06:00:00+00:00,37,1029,1066
0-203-0-41403002001,Nové Syrovice,49.0158,15.7756,432.0,1962-11-23 06:00:00+00:00,2012-10-29 06:00:00+00:00,1114,15931,17045
0-203-0-41403002002,Láz,49.013078,15.786675,432.0,2012-11-05 06:00:00+00:00,2025-12-29 06:00:00+00:00,642,4167,4809
0-203-0-41403009001,Jevišovice,48.9925,15.9811,330.0,1962-01-19 06:00:00+00:00,2010-04-26 06:00:00+00:00,2023,15629,17652
0-203-0-41403014001,Střelice,48.9934,15.9828,325.0,2010-05-03 06:00:00+00:00,2018-10-29 06:00:00+00:00,415,5309,5724
0-203-0-41403029001,Výrovice,48.9297,16.1075,236.0,1981-04-13 06:00:00+00:00,2008-07-28 06:00:00+00:00,1076,8809,9885
0-203-0-41403029002,Tvořihráz,48.9211,16.1411,230.0,1961-01-02 06:00:00+00:00,1980-05-26 06:00:00+00:00,889,6232,7121
0-203-0-41403039001,Džbánice,49.0022497,16.2084664,337.0,1980-01-07 06:00:00+00:00,2025-12-29 06:00:00+00:00,1281,22460,23741
0-203-0-41403043002,Božice,48.8344,16.2881,216.0,1961-01-27 06:00:00+00:00,2025-12-29 06:00:00+00:00,1268,22382,23650
0-203-0-41403067001,Drnholec,48.8589,16.48,210.0,1961-01-27 06:00:00+00:00,2025-12-29 06:00:00+00:00,1297,22324,23621
0-203-0-41501005001,České Milovy,49.6853,16.0886,635.0,1961-01-06 06:00:00+00:00,2005-08-29 06:00:00+00:00,1102,9923,11025
0-203-0-41501005002,Křižánky  Moravské Křižánky,49.6833,16.0667,615.0,1972-12-04 06:00:00+00:00,2025-12-22 06:00:00+00:00,1676,11040,12716
0-203-0-41501010001,Polička,49.716111,16.269167,552.0,1954-11-19 06:00:00+00:00,2025-12-29 06:00:00+00:00,2919,22921,25840
0-203-0-41501024001,Kadov,49.6351314,16.07777778,672.0,1993-01-04 06:00:00+00:00,2025-12-22 06:00:00+00:00,1455,10598,12053
0-203-0-41501030001,Věcov  Jimramovské Pavlovice,49.6153,16.2019,550.0,1991-01-14 06:00:00+00:00,2025-12-29 06:00:00+00:00,1516,14190,15706
0-203-0-41501037001,Vír,49.5642,16.3139,473.0,1961-01-06 06:00:00+00:00,2025-12-29 06:00:00+00:00,2919,20822,23741
0-203-0-41501038001,Lísek,49.583611,16.183611,688.0,1961-01-06 06:00:00+00:00,2025-12-29 06:00:00+00:00,2595,20704,23299
0-203-0-41501047001,Štěpánov nad Svratkou,49.5041,16.3341,365.0,1934-12-28 06:00:00+00:00,2025-12-29 06:00:00+00:00,3021,21025,24046
0-203-0-41501048001,Olešnice,49.5586,16.4166,543.0,1930-12-10 06:00:00+00:00,2025-12-29 06:00:00+00:00,2958,33656,36614
0-203-0-41501070001,Sejřek,49.4367,16.3103,519.0,1991-07-01 06:00:00+00:00,2020-12-28 06:00:00+00:00,1193,9584,10777
0-203-0-41501076001,Nové Město na Moravě,49.5581,16.0689,601.0,1961-02-24 06:00:00+00:00,2025-12-29 06:00:00+00:00,2966,20652,23618
0-203-0-41501092002,Strážek,49.4411,16.198,445.0,2003-07-07 06:00:00+00:00,2025-12-29 06:00:00+00:00,1138,7082,8220
0-203-0-41501094001,Moravecké Pavlovice,49.4253,16.2567,525.0,1961-01-13 06:00:00+00:00,1991-06-24 06:00:00+00:00,1417,9601,11018
0-203-0-41501101001,Křižanov,49.3892,16.1108,532.0,1951-11-30 06:00:00+00:00,1954-02-26 06:00:00+00:00,28,190,218
0-203-0-41501112001,Brumov,49.4589,16.4294,531.0,1969-02-07 06:00:00+00:00,1994-02-28 06:00:00+00:00,323,11820,12143
0-203-0-41501114002,Synalov,49.4322,16.4119,526.0,1996-12-02 06:00:00+00:00,2012-11-26 06:00:00+00:00,607,5390,5997
0-203-0-41501114003,Osiky,49.455,16.4214,555.0,1994-12-05 06:00:00+00:00,1996-04-29 06:00:00+00:00,64,697,761
0-203-0-41501115001,Tišnov  Hájek,49.3731,16.4725,409.0,2010-05-03 06:00:00+00:00,2025-12-29 06:00:00+00:00,782,4942,5724
0-203-0-41501132001,Skřinářov,49.3486,16.1708,565.0,1962-04-06 06:00:00+00:00,2003-06-30 06:00:00+00:00,1670,13851,15521
0-203-0-41501135001,Velká Bíteš,49.2918,16.221,485.0,1941-01-11 06:00:00+00:00,2021-10-25 06:00:00+00:00,2673,21065,23738
0-203-0-41501140001,Veverská Bítýška,49.2767,16.4317,246.0,2010-05-03 06:00:00+00:00,2025-12-29 06:00:00+00:00,754,4847,5601
0-203-0-41501142001,Kuřim,49.3006,16.5322,291.0,1943-01-08 06:00:00+00:00,2025-12-29 06:00:00+00:00,2851,22717,25568
0-203-0-41501147001,Brno  Kníničky,49.2328,16.52,240.0,1961-01-24 06:00:00+00:00,2008-12-29 06:00:00+00:00,526,22638,23164
0-203-0-41501153001,Brno  Pisárky,49.1958,16.5678,203.0,1961-01-27 06:00:00+00:00,1979-12-31 06:00:00+00:00,82,21012,21094
0-203-0-41501153002,Brno  Jundrov,49.2019,16.5608,260.0,1992-11-02 06:00:00+00:00,2025-12-29 06:00:00+00:00,1456,10750,12206
0-203-0-41501156201,Brno  Veveří,49.2003,16.5844,284.0,1954-02-12 06:00:00+00:00,1984-12-31 06:00:00+00:00,79,7501,7580
0-203-0-41502003001,Svitavy  Lány,49.7528,16.4742,430.0,1961-01-06 06:00:00+00:00,1975-11-24 06:00:00+00:00,643,9218,9861
0-203-0-41502003002,Hradec nad Svitavou,49.7311,16.4875,446.0,1988-11-07 06:00:00+00:00,2025-12-22 06:00:00+00:00,1228,12531,13759
0-203-0-41502007001,Banín,49.6589,16.4861,396.0,1946-12-27 06:00:00+00:00,1976-12-27 06:00:00+00:00,264,11212,11476
0-203-0-41502007002,Březová nad Svitavou,49.6597,16.5003,387.0,1977-01-03 06:00:00+00:00,2025-12-29 06:00:00+00:00,1411,16486,17897
0-203-0-41502013001,Stvolová  Skřib,49.589167,16.550556,395.0,1991-01-07 06:00:00+00:00,2025-12-22 06:00:00+00:00,1478,22263,23741
0-203-0-41502018001,Letovice,49.5544,16.5767,334.0,1991-01-07 06:00:00+00:00,2020-10-26 06:00:00+00:00,1248,20606,21854
0-203-0-41502036001,Knínice u Boskovic,49.537004,16.692288,369.0,1981-05-04 06:00:00+00:00,2025-12-29 06:00:00+00:00,1899,14235,16134
0-203-0-41502036002,Vanovice,49.5692,16.6653,436.0,1961-01-06 06:00:00+00:00,1980-06-30 06:00:00+00:00,960,6161,7121
0-203-0-41502055001,Lhota Rapotina,49.46767,16.62363,305.0,2001-01-01 06:00:00+00:00,2012-12-31 06:00:00+00:00,532,4119,4651
0-203-0-41502057001,Obora,49.451667,16.603611,425.0,2015-06-15 06:00:00+00:00,2025-12-29 06:00:00+00:00,497,3356,3853
0-203-0-41502069001,Blansko  Dolní Lhota,49.3825,16.6317,280.0,1961-01-27 06:00:00+00:00,1988-03-28 06:00:00+00:00,334,10044,10378
0-203-0-41502073001,Blansko,49.3597,16.6503,299.0,1989-11-06 06:00:00+00:00,2025-12-29 06:00:00+00:00,1157,12206,13363
0-203-0-41502076001,Šošůvka,49.414444,16.746944,533.0,2013-11-04 06:00:00+00:00,2025-12-29 06:00:00+00:00,563,3881,4444
0-203-0-41502077001,Žďárná,49.4679,16.7538,641.0,1942-01-09 06:00:00+00:00,1949-03-17 06:00:00+00:00,19,189,208
0-203-0-41502078001,Sloup,49.4139,16.7383,470.0,1961-01-27 06:00:00+00:00,2013-09-30 06:00:00+00:00,2226,17040,19266
0-203-0-41502083001,Rozstání,49.398026,16.835258,571.0,1941-01-07 06:00:00+00:00,2024-12-30 06:00:00+00:00,2907,22052,24959
0-203-0-41502088001,Holštejn,49.4,16.7833,455.0,2006-01-02 06:00:00+00:00,2012-12-24 06:00:00+00:00,344,2213,2557
0-203-0-41502105102,Babice nad Svitavou,49.2889,16.6958,470.0,1961-01-24 06:00:00+00:00,2025-12-29 06:00:00+00:00,1540,22567,24107
0-203-0-41502109502,Brno  Lesná,49.2203,16.6294,276.0,1962-03-02 06:00:00+00:00,1995-11-20 06:00:00+00:00,379,17518,17897
0-203-0-41502109601,Brno  Židenice,49.1983,16.631111,200.0,1999-02-15 06:00:00+00:00,2025-12-29 06:00:00+00:00,1010,8853,9863
0-203-0-41502109602,Brno  Líšeň,49.2172,16.6808,218.0,1942-01-31 06:00:00+00:00,1942-02-28 06:00:00+00:00,3,727,730
0-203-0-41502109603,Brno  Husovice,49.2142,16.6317,210.0,1996-12-02 06:00:00+00:00,1997-02-24 06:00:00+00:00,11,599,610
0-203-0-41503007001,Zastávka,49.19298,16.36313,375.0,1964-03-06 06:00:00+00:00,2025-12-29 06:00:00+00:00,2701,20281,22982
0-203-0-41503025001,Brno  Černovice,49.15,16.7,240.0,1946-12-14 06:00:00+00:00,1958-02-28 06:00:00+00:00,44,4291,4335
0-203-0-41503035001,Nemochovice,49.1808,17.1361,283.0,2001-01-01 06:00:00+00:00,2025-12-29 06:00:00+00:00,1140,7868,9008
0-203-0-41503047001,Bučovice  Kloboučky,49.129881,17.014033,238.0,1962-12-10 06:00:00+00:00,2025-12-29 06:00:00+00:00,1336,21675,23011
0-203-0-41503064001,Slavkov u Brna,49.1575,16.879167,211.0,1961-01-06 06:00:00+00:00,2025-12-29 06:00:00+00:00,2842,20381,23223
0-203-0-41503067001,Bukovinka,49.296944,16.798889,511.0,1961-02-07 06:00:00+00:00,2025-12-29 06:00:00+00:00,1511,21926,23437
0-203-0-41503074001,Podbřežice,49.2128,16.925,261.0,1961-01-06 06:00:00+00:00,2012-12-31 06:00:00+00:00,2185,16749,18934
0-203-0-41503083001,Šaratice,49.1181,16.8047,194.0,1948-01-23 06:00:00+00:00,1952-01-31 06:00:00+00:00,11,1481,1492
0-203-0-41503084001,Milešovice,49.083889,16.853889,242.0,2010-07-05 06:00:00+00:00,2025-12-29 06:00:00+00:00,750,4790,5540
0-203-0-41503084002,Kobeřice,49.0919,16.8831,288.0,1981-05-11 06:00:00+00:00,2010-06-28 06:00:00+00:00,1166,9482,10648
0-203-0-41503092001,Chvalčov  Hostýn,49.3761,17.7006,715.0,1941-01-03 06:00:00+00:00,2006-04-24 06:00:00+00:00,478,11663,12141
0-203-0-41503106201,Těšany,49.0419,16.7658,209.0,1961-01-06 06:00:00+00:00,2025-12-29 06:00:00+00:00,2891,20850,23741
0-203-0-41503125001,Židlochovice,49.0319,16.6152,183.0,1961-01-06 06:00:00+00:00,2025-12-29 06:00:00+00:00,2885,20769,23654
0-203-0-41601008001,Batelov  Nová Ves,49.278056,15.355278,643.0,2008-11-03 06:00:00+00:00,2025-12-22 06:00:00+00:00,844,5426,6270
0-203-0-41601014001,Rohozná,49.3544,15.4017,553.0,1961-01-13 06:00:00+00:00,2008-07-28 06:00:00+00:00,1925,15454,17379
0-203-0-41601022101,Třešť,49.293889,15.476111,574.0,1956-11-26 06:00:00+00:00,2025-12-29 06:00:00+00:00,2910,22170,25080
0-203-0-41601028001,Šimanov,49.4614,15.4486,630.0,1952-12-07 06:00:00+00:00,2025-12-22 06:00:00+00:00,2566,25193,27759
0-203-0-41601037101,Otín,49.2675,15.569167,624.0,1995-06-05 06:00:00+00:00,2015-04-27 06:00:00+00:00,207,2806,3013
0-203-0-41601038001,Stonařov,49.284444,15.587222,584.0,1961-01-06 06:00:00+00:00,2013-11-25 06:00:00+00:00,2145,14106,16251
0-203-0-41601049001,Jihlava  Hruškové Dvory,49.4064,15.6164,468.0,2010-06-07 06:00:00+00:00,2025-12-22 06:00:00+00:00,725,4968,5693
0-203-0-41601050001,Puklice,49.3641,15.651,525.0,1953-01-02 06:00:00+00:00,1961-12-29 06:00:00+00:00,83,3204,3287
0-203-0-41601054001,Vysoké Studnice,49.3931,15.7303,568.0,1961-01-13 06:00:00+00:00,2024-12-30 06:00:00+00:00,2963,20413,23376
0-203-0-41601060001,Předín,49.1958,15.6736,614.0,1984-05-07 06:00:00+00:00,1996-06-24 06:00:00+00:00,568,3876,4444
0-203-0-41601072001,Brtnice,49.3069,15.6753,517.0,1961-01-27 06:00:00+00:00,2025-12-22 06:00:00+00:00,1614,22127,23741
0-203-0-41601082001,Nová Ves,49.2547,15.7869,422.0,2010-07-05 06:00:00+00:00,2025-12-29 06:00:00+00:00,770,4893,5663
0-203-0-41601086002,Přibyslavice,49.25,15.7667,480.0,2004-03-01 06:00:00+00:00,2009-12-28 06:00:00+00:00,287,1874,2161
0-203-0-41601087001,Třebíč  Podklášteří,49.2236,15.87,463.0,1948-12-17 06:00:00+00:00,2025-12-29 06:00:00+00:00,3052,24828,27880
0-203-0-41601088001,Heraltice,49.2308,15.7331,556.0,1965-02-14 06:00:00+00:00,2003-12-15 06:00:00+00:00,472,15233,15705
0-203-0-41601100001,Budišov,49.2717,16.0039,485.0,1942-11-22 06:00:00+00:00,2025-12-29 06:00:00+00:00,1389,22292,23681
0-203-0-41602008001,Bohdalov,49.481656,15.871783,583.0,1966-01-07 06:00:00+00:00,2025-12-29 06:00:00+00:00,1484,22257,23741
0-203-0-41602011001,Kněževes,49.4564,16.0019,573.0,1961-01-13 06:00:00+00:00,1980-11-17 06:00:00+00:00,850,6424,7274
0-203-0-41602014001,Radostín,49.460278,15.9675,512.0,1980-11-24 06:00:00+00:00,2025-12-29 06:00:00+00:00,2008,14346,16354
0-203-0-41602032001,Měřín,49.4,15.8833,485.0,1961-01-06 06:00:00+00:00,1980-06-30 06:00:00+00:00,905,6216,7121
0-203-0-41602037001,Pavlínov,49.3508,15.8772,559.0,1985-04-01 06:00:00+00:00,2025-12-29 06:00:00+00:00,1718,13167,14885
0-203-0-41602079001,Kladeruby nad Oslavou,49.1453,16.1708,385.0,1961-01-06 06:00:00+00:00,1979-12-24 06:00:00+00:00,833,7567,8400
0-203-0-41603002001,Štěměchy,49.1936,15.7133,617.0,1971-10-04 06:00:00+00:00,2025-12-29 06:00:00+00:00,1814,13102,14916
0-203-0-41603021001,Jaroměřice nad Rokytnou,49.0931,15.8928,416.0,1963-03-22 06:00:00+00:00,1980-06-30 06:00:00+00:00,502,6055,6557
0-203-0-41603036001,Hrotovice,49.1105,16.0588,425.0,1961-01-13 06:00:00+00:00,2025-12-29 06:00:00+00:00,2962,20611,23573
0-203-0-41603042001,Rouchovany,49.0709,16.1088,342.0,1942-01-31 06:00:00+00:00,1952-12-30 06:00:00+00:00,78,4519,4597
0-203-0-41603056001,Moravský Krumlov,49.040547,16.305604,255.0,1981-08-03 06:00:00+00:00,2025-12-29 06:00:00+00:00,1959,14265,16224
0-203-0-41604001001,Ivančice,49.1019,16.3789,227.0,1932-12-31 06:00:00+00:00,1962-02-15 06:00:00+00:00,77,4455,4532
0-203-0-41604005001,Moravské Bránice,49.0825,16.4494,210.0,1963-03-15 06:00:00+00:00,2025-12-29 06:00:00+00:00,2805,20206,23011
0-203-0-41604016001,Branišovice,48.9661,16.4353,200.0,1980-01-07 06:00:00+00:00,2025-12-29 06:00:00+00:00,1257,18832,20089
0-203-0-41604020001,Miroslav,48.9442,16.3197,238.0,1961-01-06 06:00:00+00:00,2023-12-25 06:00:00+00:00,2914,20096,23010
0-203-0-41701001002,Dolní Věstonice,48.8872,16.6414,172.0,1980-01-07 06:00:00+00:00,2025-10-27 06:00:00+00:00,1214,20609,21823
0-203-0-41701004001,Hustopeče,48.9456,16.7258,201.0,1961-01-06 06:00:00+00:00,2025-12-29 06:00:00+00:00,2861,20880,23741
0-203-0-41701010301,Bulhary,48.8303,16.7517,165.0,1968-01-05 06:00:00+00:00,2001-01-29 06:00:00+00:00,291,14457,14748
0-203-0-41701013001,Ždánice,49.071944,17.025556,238.0,1961-01-06 06:00:00+00:00,2025-12-29 06:00:00+00:00,2910,20800,23710
0-203-0-41701032001,Klobouky u Brna,48.9961,16.8767,205.0,1941-01-18 06:00:00+00:00,2025-12-29 06:00:00+00:00,2890,22402,25292
0-203-0-41701045601,Podivín,48.8318,16.8498,158.0,1951-12-12 06:00:00+00:00,1956-12-28 06:00:00+00:00,57,1799,1856
0-203-0-41701046001,Břeclav,48.7608,16.8772,158.0,1961-01-27 06:00:00+00:00,1995-01-30 06:00:00+00:00,193,12498,12691
0-203-0-41701056001,Valtice,48.745833,16.759167,195.0,1948-01-23 06:00:00+00:00,2025-12-29 06:00:00+00:00,2882,21894,24776
0-203-0-41701068002,Koryčany,49.1028,17.17,305.0,1961-01-06 06:00:00+00:00,2025-12-29 06:00:00+00:00,2725,20833,23558
0-203-0-41701068003,Staré Hutě,49.1372,17.2883,427.0,1994-01-03 06:00:00+00:00,2025-12-29 06:00:00+00:00,1347,10525,11872
0-203-0-41701074001,Kyjov,49.0167,17.1167,190.0,1941-01-08 06:00:00+00:00,2007-04-30 06:00:00+00:00,2155,20025,22180
0-203-0-41701090001,Hýsly,49.021389,17.18,217.0,2007-08-06 06:00:00+00:00,2025-12-29 06:00:00+00:00,906,5822,6728
0-203-0-41701099001,Dubňany,48.9208,17.1028,200.0,1972-01-03 06:00:00+00:00,2025-12-29 06:00:00+00:00,1299,18640,19939
0-203-0-41701101001,Mutěnice,48.9067,17.0353,168.0,1952-02-01 06:00:00+00:00,1960-01-22 06:00:00+00:00,15,2540,2555
0-203-0-41701103001,Čejkovice,48.9045,16.9465,217.0,1973-01-28 06:00:00+00:00,1977-01-28 06:00:00+00:00,5,57,62
0-203-0-41701105001,Prušánky,48.832222,16.969722,179.0,1967-01-20 06:00:00+00:00,2023-04-24 06:00:00+00:00,2452,20069,22521
0-203-0-41701113001,Lanžhot,48.724722,16.9575,158.0,1961-01-06 06:00:00+00:00,2025-12-29 06:00:00+00:00,2930,20783,23713
0-203-0-41701115002,Hrušky,48.7919,16.9739,174.0,1932-03-05 06:00:00+00:00,2025-12-29 06:00:00+00:00,1301,13038,14339
0-203-0-42106052001,Hrčava,49.51946,18.830278,590.0,2014-10-06 06:00:00+00:00,2025-12-22 06:00:00+00:00,534,3576,4110
0-203-0-42106054001,Mosty u Jablunkova,49.5103,18.7569,548.0,1953-01-02 06:00:00+00:00,2012-12-31 06:00:00+00:00,2208,19448,21656
0-203-0-42108060001,Slavičín,49.0853,17.8783,362.0,1955-12-23 06:00:00+00:00,2023-12-18 06:00:00+00:00,1260,22276,23536
0-203-0-42108066001,Valašské Klobouky,49.139167,18.015,402.0,1942-01-09 06:00:00+00:00,2025-12-22 06:00:00+00:00,1530,22793,24323
0-203-0-42109005001,Vápenice,48.9472,17.8144,760.0,1991-04-01 06:00:00+00:00,2012-11-26 06:00:00+00:00,629,7376,8005
0-203-0-42109005002,Starý Hrozenkov,48.9681,17.8614,412.0,1980-01-07 06:00:00+00:00,2025-12-29 06:00:00+00:00,1373,22368,23741
0-203-0-42109026001,Lopeník,48.9406,17.7875,655.0,1941-02-04 06:00:00+00:00,1989-12-18 06:00:00+00:00,65,2549,2614
