station_id,n_years,mean_swe_obs_slope,mean_swe_obs_p,mean_swe_obs_tau,mean_swe_obs_n,mean_swe_mod_slope,mean_swe_mod_p,mean_swe_mod_tau,mean_swe_mod_n,mean_swe_djfm_obs_slope,mean_swe_djfm_obs_p,mean_swe_djfm_obs_tau,mean_swe_djfm_obs_n,mean_swe_djfm_mod_slope,mean_swe_djfm_mod_p,mean_swe_djfm_mod_tau,mean_swe_djfm_mod_n,mean_swe_snow_obs_slope,mean_swe_snow_obs_p,mean_swe_snow_obs_tau,mean_swe_snow_obs_n,mean_swe_snow_mod_slope,mean_swe_snow_mod_p,mean_swe_snow_mod_tau,mean_swe_snow_mod_n,max_swe_obs_slope,max_swe_obs_p,max_swe_obs_tau,max_swe_obs_n,max_swe_mod_slope,max_swe_mod_p,max_swe_mod_tau,max_swe_mod_n,dohy_max_obs_slope,dohy_max_obs_p,dohy_max_obs_tau,dohy_max_obs_n,dohy_max_mod_slope,dohy_max_mod_p,dohy_max_mod_tau,dohy_max_mod_n,dohy_first_snow_obs_slope,dohy_first_snow_obs_p,dohy_first_snow_obs_tau,dohy_first_snow_obs_n,dohy_first_snow_mod_slope,dohy_first_snow_mod_p,dohy_first_snow_mod_tau,dohy_first_snow_mod_n,dohy_last_snow_obs_slope,dohy_last_snow_obs_p,dohy_last_snow_obs_tau,dohy_last_snow_obs_n,dohy_last_snow_mod_slope,dohy_last_snow_mod_p,dohy_last_snow_mod_tau,dohy_last_snow_mod_n,snow_duration_obs_slope,snow_duration_obs_p,snow_duration_obs_tau,snow_duration_obs_n,snow_duration_mod_slope,snow_duration_mod_p,snow_duration_mod_tau,snow_duration_mod_n,n_snow_weeks_obs_slope,n_snow_weeks_obs_p,n_snow_weeks_obs_tau,n_snow_weeks_obs_n,n_snow_weeks_mod_slope,n_snow_weeks_mod_p,n_snow_weeks_mod_tau,n_snow_weeks_mod_n,swe_days_obs_slope,swe_days_obs_p,swe_days_obs_tau,swe_days_obs_n,swe_days_mod_slope,swe_days_mod_p,swe_days_mod_tau,swe_days_mod_n,station_name,latitude,longitude,elevation_m
0-20000-0-11414,38,-0.13693969313493717,0.005900733226989013,-0.3115220483641537,38,-0.1033725563997599,0.005900733226989013,-0.3115220483641537,38,-0.2303030303030303,0.018725741506775327,-0.26600284495021337,38,-0.2034018451515153,0.0200290954610022,-0.2631578947368421,38,-0.21024572649572626,0.12047524085139749,-0.18095238095238098,36,-0.27923700145903485,0.03638300133753184,-0.24024024024024027,37,-0.6514285714285714,0.026065993452231245,-0.25177809388335703,38,-0.42137850000000004,0.06103886589352509,-0.21194879089615934,38,-0.55,0.25803028277816586,-0.1322719660996729,36,-0.15384615384615385,0.753561402263466,-0.03609026636925408,37,0.40325077399380804,0.23040883251941668,0.14035248376434134,36,0.3380952380952381,0.41718934520811124,0.09351528615744457,37,-0.7171428571428571,0.035824294790011174,-0.24561684658759736,36,-0.5,0.1324636321445912,-0.17306289389953844,37,-0.7927350427350428,0.09194077663260374,-0.20157705514573812,36,-0.5392592592592593,0.22206914586449678,-0.1432332937551429,37,-0.08695652173913043,0.11620093200045811,-0.1837200350993624,38,-0.07692307692307693,0.22494881285001744,-0.14093589012768543,38,-17.352631578947346,0.051337805532491856,-0.22048364153627312,38,-14.389706805833365,0.11034778241543665,-0.18065433854907542,38,Karlovy Vary  Olšová Vrata,50.201667,12.914167,603.0
0-20000-0-11423,39,-0.23457338915023093,0.032262230741344065,-0.2388663967611336,39,-0.0868465713878261,0.0836565829857083,-0.1929824561403509,39,-0.1773076923076924,0.390407855765015,-0.09581646423751687,39,-0.09889088003366997,0.3516160877892871,-0.10391363022941971,39,-0.0908978328173375,0.7154210355044728,-0.041251778093883355,38,-0.08517409722222219,0.5546011462054892,-0.06685633001422477,38,-0.33428571428571435,0.5532925774738373,-0.06621627667668636,39,-0.24067960714285713,0.3771975360539871,-0.09851551956815116,39,-1.25,0.004857585764338184,-0.3188612907286714,38,-0.7586206896551724,0.1379145354178585,-0.16797157279456798,38,0.15,0.5459650669202606,0.06862130217204365,38,-0.25,0.48124284340293044,-0.07994340704726058,38,0.16,0.6966001612689573,0.04428612099685631,38,-0.4444444444444444,0.2472427304040301,-0.1313355972919281,38,-0.0,0.6765415660853944,0.0484834560457231,38,-0.0,1.0,0.0,38,-0.05555555555555555,0.3490883260333705,-0.10729740506336298,39,-0.043478260869565216,0.4157871274216003,-0.09282993282896837,39,-26.815384615384644,0.32716180826200836,-0.10931174089068826,39,-12.054915577090908,0.390407855765015,-0.09581646423751687,39,Přimda,49.669444,12.678056,742.76
0-20000-0-11457,39,-0.3395060144346432,0.18731655262785707,-0.14709851551956815,39,-0.8182209087221773,0.04091686469864341,-0.2280701754385965,39,-0.5888165680473374,0.32716180826200836,-0.10931174089068826,39,-1.7817441012383881,0.06775575764957957,-0.20377867746288802,39,-0.49940323955669397,0.40389553717945137,-0.0931174089068826,39,-1.6319245837017389,0.07536440282222054,-0.19838056680161945,39,-1.9500000000000006,0.13677322642600173,-0.1659919028340081,39,-2.9622857894736847,0.08807158233193607,-0.1902834008097166,39,-0.9583333333333334,0.033211505793121626,-0.2379991373468906,39,-1.0588235294117647,0.011386997104365233,-0.2839739442699593,39,0.20833333333333334,0.297702523543222,0.11709103843233043,39,0.17647058823529413,0.38336155341722844,0.09789532722140709,39,-0.4444444444444444,0.12726229216083806,-0.17084938159536586,39,-0.4444444444444444,0.22607031241083653,-0.13577985966710138,39,-0.56,0.18022289218159693,-0.15450962209262795,39,-0.35,0.23222448524040706,-0.1380582980957565,39,-0.09523809523809523,0.04712237678546831,-0.2287879856851858,39,-0.1111111111111111,0.040712267653428086,-0.23563408909679553,39,-109.20000000000006,0.23107652262151057,-0.13360323886639677,39,-263.3551018905883,0.04863355887498223,-0.21997300944669368,39,Churáňov,49.068333,13.615278,1117.8
0-20000-0-11464,38,-0.16058823529411764,0.03157137719250069,-0.24324324324324328,38,-0.02153000106832612,0.09957458800680428,-0.18634423897581792,38,-0.21439393939393944,0.34573570837440937,-0.10668563300142248,38,-0.018571279219114226,0.5887888985090685,-0.061166429587482224,38,-0.12179761322906486,0.6191908248138527,-0.05705705705705706,37,0.03304420216269835,0.793647097181562,0.030030030030030033,37,-0.528571428571429,0.237264252048775,-0.1338078630736389,38,-0.060061184999999996,0.6782349804723524,-0.0469416785206259,38,0.1376923076923077,0.8752657898758032,0.01804513318462704,37,0.22647527910685805,0.6564212532463907,0.0512050515548687,37,0.29971590909090906,0.47987642616202597,0.08132567011655617,37,0.6904761904761905,0.14289763922477258,0.168421243056519,37,-0.6794871794871795,0.09388647891878406,-0.19335700402093609,37,-0.05718954248366013,0.8546341660348671,-0.021116354938777806,37,-0.9688697318007663,0.048910601914308065,-0.23083917607506624,37,-0.3208333333333333,0.36358750907203763,-0.10746490315340931,37,-0.09090909090909091,0.13591838384785124,-0.17323369828194668,38,-0.034482758620689655,0.22246921066468872,-0.14402405402570118,38,-25.870833333333334,0.28524458155149335,-0.12091038406827881,38,-2.5394530506666664,0.25260566594829803,-0.12944523470839261,38,Milešovka,50.555,13.93083,830.5
0-20000-0-11487,39,-0.029230769230769237,0.0836565829857083,-0.1929824561403509,39,-0.010169864273941178,0.16418287375186902,-0.155195681511471,39,-0.08842592592592591,0.1500010302831153,-0.16059379217273956,39,-0.02781565673214287,0.29260326889940047,-0.1174089068825911,39,-0.10467414529914536,0.4481067672475978,-0.0870870870870871,37,-0.0435057182795699,0.45698072495792497,-0.09885057471264368,30,-0.3857142857142856,0.06593590191888864,-0.2052667584740455,39,-0.028786690322580633,0.7076581993665555,-0.04183535762483131,39,-0.6181818181818182,0.3137750880616197,-0.11587689417621268,37,-0.9047619047619048,0.08989005466875107,-0.21940187854272802,30,0.212406015037594,0.582597107585681,0.06334906481633343,37,-0.2,0.74791151770384,-0.04161919241438187,30,-0.9615384615384616,0.09662425326277067,-0.19112163065427284,37,-1.2307692307692308,0.05173988424944797,-0.2511527404305511,30,-1.1359649122807018,0.08963628282561502,-0.20058885328446102,37,-0.7,0.06227630607082003,-0.2503904701156708,30,-0.08333333333333333,0.04270316214402991,-0.23454470671062902,39,-0.037037037037037035,0.205459779559514,-0.14898696161333871,39,-9.511764705882353,0.0794225366756039,-0.19568151147098517,39,-2.972680378620691,0.21277251935267716,-0.13900134952766532,39,Kocelovice,49.467222,13.838611,519.0
0-20000-0-11502,39,-0.03377859477124183,0.11864258293031839,-0.17408906882591094,39,-0.017469917079186534,0.15697056530468825,-0.15789473684210525,39,-0.036543848308554186,0.5452534925252852,-0.06752196002435708,39,-0.0123861975157791,0.6720103466663802,-0.04723346828609987,39,-0.002333333333333313,0.9478466135074942,-0.007524473647806018,37,0.02403487233796289,0.6335783802474432,0.060606060606060615,33,-0.04999999999999995,0.9132366585586498,-0.012211848790173545,39,-0.07195925714285714,0.5372739725204689,-0.06882591093117409,39,0.20942982456140352,0.7935780617802739,0.03012061856168747,37,0.3582887700534759,0.5049552112852232,0.08182775758192982,33,0.6451048951048951,0.15765494222089316,0.16265134023311234,37,0.9424342105263157,0.03245653058171549,0.2618600539739993,33,-0.375,0.4248608928595604,-0.09179857850323342,37,-0.10555555555555556,0.7331344886450227,-0.04174580570599989,33,-0.5754504504504505,0.35840615212518234,-0.10738672210116211,37,-0.2503192848020434,0.40761879302898274,-0.10451880309475851,33,-0.04,0.30037198760548445,-0.11930661830209074,39,-0.03333333333333333,0.26060311479826614,-0.1311579692219581,39,-2.411111111111111,0.6986612665863638,-0.043214054415588524,39,-1.206501411305554,0.6897482055600529,-0.044534412955465584,39,Ústí nad Labem  Kočkov,50.68333,14.04111,375.39
0-20000-0-11538,37,-0.005076646588804655,0.6755638982966221,-0.048048048048048055,37,-0.017822885806637965,0.10485019084649277,-0.18618618618618618,37,-0.0038166437143419226,0.9582772832988573,-0.006006006006006007,37,-0.044573747661619034,0.21891631225440467,-0.14114114114114115,37,0.16474358974358974,0.29178766305790216,0.13118069241779742,32,-0.06403620123456787,0.5239409306655621,-0.08505747126436781,30,0.08095238095238094,0.723968494625439,0.04057101069932574,37,-0.24648258864468864,0.12275606835939484,-0.17717717717717718,37,0.09600614439324116,0.9353510786277356,0.010111269976638434,32,0.5789473684210527,0.35331582556071284,0.11995458201095772,30,0.39230769230769236,0.3303051924838891,0.12145848529711198,32,0.631578947368421,0.15843944142437283,0.18244998320921593,30,0.20416666666666666,0.7579041158153561,0.03842282591122605,32,0.36363636363636365,0.6425843838347751,0.05997729100547886,30,-0.0,0.5451513176852107,0.0777146303791635,32,-0.0,0.98564330281766,-0.002394325468823103,30,-0.0304147465437788,0.4211270341211637,-0.09593970414851158,37,-0.058823529411764705,0.1006819752434646,-0.19748027222327005,37,-0.407473684210526,0.8752657898758032,-0.01804513318462704,37,-5.119822831025,0.15779715079860757,-0.16216216216216217,37,Temelín,49.197778,14.342222,500.0
0-20000-0-11603,39,-0.17168154761904764,0.006032859038263699,-0.30634278002699056,39,-0.146493219862963,0.002209613029404069,-0.34143049932523617,39,-0.28421768707482975,0.05442949134558268,-0.21457489878542513,39,-0.22564294718095235,0.038586906025907,-0.23076923076923075,39,-0.3451785714285711,0.014225371530029283,-0.2773826458036984,38,-0.36546988235294114,0.0484057345195482,-0.2233285917496444,38,-1.1272727272727274,0.010674203129632647,-0.28552201992797477,39,-0.8937642142857143,0.010697130002044752,-0.28475033738191635,39,-0.68,0.22251778898038443,-0.13837431496719202,38,-0.20588235294117646,0.7247656543775284,-0.03991456024420048,38,0.6176470588235294,0.0700856726615946,0.20586390651613098,38,0.5,0.12176574632222775,0.17596854644156776,38,-0.375,0.39946113839177533,-0.0955781350804316,38,-0.19230769230769232,0.6873923456109545,-0.045616640279086254,38,-0.7,0.3194463762476949,-0.1145130796346972,38,-0.2916666666666667,0.5875661167763067,-0.06251485971656243,38,-0.08333333333333333,0.10561407046648857,-0.18586752386597244,39,-0.0967741935483871,0.07531370892960419,-0.20447938612877103,39,-30.06666666666667,0.04091686469864341,-0.2280701754385965,39,-24.269019879254838,0.03637067806905364,-0.23346828609986506,39,Liberec,50.76972,15.02389,397.72
0-20000-0-11628,39,-0.061689814814814836,0.030361643172489267,-0.24156545209176788,39,-0.056832458021885524,0.03637067806905364,-0.23346828609986506,39,-0.07715277777777778,0.18731655262785707,-0.14709851551956815,39,-0.09014784163865547,0.11864258293031839,-0.17408906882591094,39,-0.03308333333333341,0.8547161531814761,-0.02102102102102102,37,0.037549403645833354,0.8274802970993095,0.025396825396825397,36,-0.25,0.39033849620591277,-0.0959460335519333,39,-0.2061643478260869,0.26058515870606247,-0.12550607287449395,39,0.14666666666666667,0.8138203349017885,0.027108556705518722,37,-0.5787878787878789,0.42943522622016383,-0.0922099734481913,36,0.5,0.3199768520088315,0.11463164109622238,37,0.3333333333333333,0.4135234271634026,0.09569487529386911,36,-0.7061538461538461,0.1258628697343522,-0.1760726833586608,37,-0.7253846153846153,0.148640318705396,-0.16879066489052738,36,-0.9494252873563218,0.11526723725027427,-0.1843807484835517,37,-0.7777777777777778,0.17130441630156046,-0.1629217751081002,36,-0.058823529411764705,0.15012340075514444,-0.16672455055333868,39,-0.07692307692307693,0.08169628982572878,-0.2007158402023409,39,-8.049999999999983,0.21277251935267716,-0.13900134952766532,39,-6.3144001661999996,0.2816493254860488,-0.12010796221322538,39,Košetice  Křešín  Kramolín,49.573504,15.08046,532.29
0-20000-0-11636,38,-0.1013704318936877,0.035772134792700507,-0.23755334281650073,38,-0.05043420399730962,0.045615618881687095,-0.22617354196301567,38,-0.20261948529411752,0.15542573698815024,-0.16073968705547653,38,-0.10088806362441667,0.17058153466815473,-0.155049786628734,38,-0.32535714285714296,0.10485019084649277,-0.18618618618618618,37,-0.06063667250330689,0.4620178214954651,-0.08571428571428572,36,-0.7538461538461539,0.07021869181962898,-0.20498225832557448,38,-0.3649099884615384,0.08500596261491014,-0.19487908961593176,38,-0.5714285714285714,0.20444922519226283,-0.14597478876743675,37,-0.9607692307692308,0.13051872146591012,-0.17633047659094533,36,0.4772727272727273,0.1774821823067605,0.15594787458287196,37,0.20761494252873564,0.5395519873497272,0.07194430788361927,36,-1.0597147950089125,0.01115717678583662,-0.2917296531514705,37,-0.6923076923076923,0.16465370756015152,-0.16216236709854334,36,-1.4,0.011733153371395934,-0.2954741453760848,37,-0.875,0.14738195507013113,-0.17212238091397664,36,-0.1111111111111111,0.07497284027936388,-0.2065307327826446,38,-0.1,0.08999330989388322,-0.19762335216406365,38,-23.25555555555555,0.11034778241543665,-0.18065433854907542,38,-11.574246100666665,0.08055155245155042,-0.197724039829303,38,Kostelní Myslová,49.159167,15.439167,569.0
0-20000-0-11643,38,-0.3580454545454529,0.6418165399455933,-0.052631578947368425,38,-0.541829982891987,0.3856892363856862,-0.09815078236130868,38,-1.6374117647058837,0.12820953565777926,-0.1721194879089616,38,-1.5395821111111114,0.1785626544271428,-0.15220483641536275,38,-1.3854851031321609,0.15542573698815024,-0.16073968705547653,38,-1.2587945632078918,0.14131468477190773,-0.1664295874822191,38,-3.642857142857143,0.03157137719250069,-0.24324324324324328,38,-1.9440600000000001,0.0896575048881351,-0.19203413940256048,38,-0.5454545454545454,0.17031112684003047,-0.15593960619618605,38,-0.7586206896551724,0.10461343371808567,-0.18455237797530277,38,0.2,0.39903823567927954,0.09626923688720308,38,0.2608695652173913,0.2848382000453338,0.12177962878976403,38,-0.5,0.10435711714556933,-0.1853542023649134,38,-0.8,0.01739639759568242,-0.27078058636782826,38,-0.4117647058823529,0.25453941828727633,-0.13293552316538282,38,-0.875,0.09800393579957321,-0.19188316308174783,38,-0.1111111111111111,0.12005184029268773,-0.18071106344314974,38,-0.14285714285714285,0.08393811285820159,-0.19947186332511763,38,-246.2782608695648,0.13463888856570216,-0.16927453769559037,38,-194.29783758484612,0.1482419900122246,-0.1635846372688478,38,Pec pod Sněžkou,50.691944,15.728889,816.3
0-20000-0-11659,39,-0.15894097222222223,0.00560246661366465,-0.30904183535762486,39,-0.14116518233993464,0.004144369728856089,-0.31983805668016196,39,-0.2698504273504273,0.05753700343783177,-0.21187584345479082,39,-0.20700428965277784,0.0794225366756039,-0.19568151147098517,39,-0.32113341204250323,0.19553924942719925,-0.14439946018893388,39,-0.34296946000000006,0.04593566783244592,-0.22267206477732795,39,-0.8454545454545456,0.13050611862163883,-0.16869095816464239,39,-0.5392989285714285,0.051463265486995834,-0.21727395411605938,39,-0.6363636363636364,0.2760084948306918,-0.12203527256811847,39,-0.6923076923076923,0.11293128197968733,-0.1772672256424867,39,0.5,0.062250030449135026,0.20938722766800963,39,0.45454545454545453,0.19527757156019987,0.1451853133942855,39,-1.2,0.008941997583756595,-0.29288465416348436,39,-0.8333333333333334,0.08572647615223238,-0.1922827537664217,39,-1.4,0.010389614398040438,-0.292345012341975,39,-0.9722222222222222,0.06503900432320553,-0.20985429159262065,39,-0.14285714285714285,0.018217072573499565,-0.2713114238524864,39,-0.13043478260869565,0.047701647920062616,-0.22616192468366697,39,-31.773913043478263,0.04863355887498223,-0.21997300944669368,39,-25.015721666923085,0.038586906025907,-0.23076923076923075,39,Přibyslav  Hřiště,49.582785,15.7625,532.5
0-20000-0-11683,38,-0.23059503901895206,0.20416928423667413,-0.14366998577524895,38,-0.22403743739625726,0.06459221678363754,-0.20910384068278806,38,-0.4209072978303748,0.12202144157473259,-0.17496443812233287,38,-0.5467288780727274,0.027800982993955118,-0.24893314366998578,38,-0.44074074074074115,0.1785626544271428,-0.15220483641536275,38,-0.47571456906729603,0.03361566923176865,-0.240398293029872,38,-1.7363636363636366,0.03684917976968046,-0.23663632144775998,38,-1.113665,0.011505694521685053,-0.28591749644381226,38,-0.72,0.08490739587297252,-0.19543588814953924,38,-0.7666666666666667,0.08490739587297252,-0.19543588814953924,38,0.5483870967741935,0.045433357736900146,0.22779954091261745,38,0.3333333333333333,0.2037876813199242,0.14470285303254316,38,-0.96,0.016843307074779594,-0.27162598776433944,38,-0.8235294117647058,0.015185983096328667,-0.2761132476684762,38,-1.4482758620689655,0.015351465219735844,-0.28059921492888656,38,-1.0,0.03856161530968488,-0.23896196684021595,38,-0.14285714285714285,0.009840549305939358,-0.3008594316527536,38,-0.16666666666666666,0.005455914273236099,-0.32248983019536137,38,-65.95000000000002,0.029634648454983762,-0.24608819345661453,38,-62.65611860018002,0.009257805034452326,-0.29445234708392604,38,Svratouch,49.735,16.034167,734.0
0-20000-0-11692,37,-0.02316083916083917,0.11057287652463099,-0.1831831831831832,37,-0.021614051331566124,0.15779715079860757,-0.16216216216216217,37,-0.056170072115384606,0.12922876189232194,-0.1741741741741742,37,-0.05584742649134201,0.24975628492924207,-0.13213213213213215,37,-0.09782608695652177,0.43751367774909966,-0.10107526881720431,31,-0.08596205617845112,0.30963276552902624,-0.12903225806451615,32,-0.2565789473684211,0.1821140302088644,-0.15338363206932984,37,-0.13272991000000006,0.547421430491585,-0.06906906906906907,37,-0.6,0.2919149247212367,-0.13347693416475745,31,-0.47058823529411764,0.30676207286422563,-0.12740200170564428,32,0.34615384615384615,0.4750862827945149,0.09061536125301639,31,0.022727272727272728,0.9095312825191832,0.014213556893030738,32,-0.9,0.04480859740175938,-0.25458601494895083,31,-0.5760368663594471,0.3989614979708115,-0.10505071941807285,32,-1.4,0.032637212450394776,-0.27729549760552985,31,-0.0,0.7198069265829702,-0.04576030223864235,32,-0.058823529411764705,0.15015235621143566,-0.17200090313378602,37,-0.034482758620689655,0.35652289164378215,-0.10946536760909244,37,-4.970000000000001,0.1999372522493834,-0.14714714714714713,37,-4.326916339468036,0.33312567816369987,-0.1111111111111111,37,Sedlec,49.170833,16.120556,474.0
0-20000-0-11698,37,-0.011996794871794867,0.08192225215222217,-0.19984979344482678,37,-0.0054237553497454745,0.33312567816369987,-0.1111111111111111,37,-0.02391456582633053,0.24426776451720555,-0.13393563093094712,37,-0.014403878890076908,0.46391387436329534,-0.08408408408408408,37,0.0037581699346404575,0.9441267844987651,0.010016708449412666,25,-0.08126212942942947,0.3202442346725366,-0.13960113960113962,27,-0.1296703296703297,0.34619173227816014,-0.10843422682207489,37,-0.0655953125,0.6008662216420086,-0.060060060060060066,37,-0.9272727272727272,0.27221191173041925,-0.1569284323741318,25,0.2,0.754402499704163,0.042857317785327545,27,0.08125,0.8884162501660017,0.020134681656420725,25,0.0625,0.9003944460282965,0.017167540087486825,27,-1.25,0.13477514871765572,-0.21404801986900834,25,-0.6190476190476191,0.2782429072384046,-0.14835963740378313,27,-0.7,0.20074087179355715,-0.1890378113437813,25,-0.0,0.8824287980115029,-0.020985283983119586,27,-0.03225806451612903,0.10399016223027592,-0.19938188154855885,37,-0.0,0.7293420120949219,-0.04183331074582697,37,-2.452685421994885,0.21401527175517165,-0.14274985246059058,37,-1.7364194732499998,0.4025653652545814,-0.09609609609609611,37,Kuchařovice,48.881111,16.085278,334.0
0-20000-0-11710,38,-0.032660147392290256,0.15542573698815024,-0.16073968705547653,38,-0.029854919023237225,0.12820953565777926,-0.1721194879089616,38,-0.06495098039215681,0.19535259231561808,-0.1465149359886202,38,-0.04870299999844915,0.28524458155149335,-0.12091038406827881,38,-0.08539744422785364,0.3880241283878948,-0.0990990990990991,37,-0.02822554659526856,0.7437424174128879,-0.0380952380952381,36,-0.15263157894736853,0.5545385543721557,-0.0669516348808744,38,-0.030568363636363637,0.8900104756615385,-0.015647226173541966,38,-0.7416666666666667,0.1501025399768249,-0.1656634020892811,37,-0.18,0.7539570542923655,-0.03665367735292141,36,0.11,0.7336720545336329,0.0392160877434445,37,-0.15384615384615385,0.6626775135534891,-0.05111925445347516,36,-0.6277056277056277,0.20452667734309637,-0.14575511251239248,37,-0.45906432748538006,0.3333677327721215,-0.11296770439106235,36,-0.4666666666666667,0.47866940733277186,-0.0828411856208965,37,-0.0,0.8056830153738492,-0.029228328834448866,36,-0.0,0.6943089387303849,-0.04610823997913384,38,-0.02857142857142857,0.4472781389692544,-0.08889679117711084,38,-4.130000000000007,0.5052123660867247,-0.07539118065433856,38,-3.6367775966666644,0.473621825810155,-0.08108108108108109,38,Luká,49.652222,16.953333,510.0
0-20000-0-11766,39,-0.24894460641399416,0.005199972868896921,-0.31174089068825916,39,-0.10379148549408984,0.011463388197281892,-0.28205128205128205,39,-0.7325490196078431,0.01406241309059956,-0.2739541160593792,39,-0.35241574444444446,0.01955928649840339,-0.26045883940620784,39,-0.5178666666666666,0.020860341752234175,-0.25775978407557354,39,-0.2730332761648745,0.06775575764957957,-0.20377867746288802,39,-1.436363636363636,0.011068487524203044,-0.2835922321022997,39,-0.7357075454545452,0.020860341752234175,-0.25775978407557354,39,-0.8888888888888888,0.09980970825244656,-0.18415813036784048,39,-0.59375,0.19129793756594426,-0.14604492519013743,39,0.3333333333333333,0.21232593919954057,0.14014072391143786,39,0.5483870967741935,0.03843535035232348,0.2323423180390576,39,-0.6666666666666666,0.04711202082033295,-0.22267896985404628,39,-1.25,0.0031543164693181524,-0.3299533495036438,39,-1.0,0.052321958929559126,-0.21996914805354958,39,-1.75,0.0012990053052760958,-0.36560628452580207,39,-0.2,0.0028146147719924188,-0.34059610218188685,39,-0.2,0.0033664788386108427,-0.33631119274918025,39,-80.78823529411765,0.005810484530980582,-0.3079001377110683,39,-34.147398727555554,0.018329681012915093,-0.2631578947368421,39,Červená,49.777222,17.541944,748.13
0-20000-0-11782,39,-0.01634570906877663,0.18731655262785707,-0.14709851551956815,39,-0.027159736292091848,0.04863355887498223,-0.21997300944669368,39,-0.02366863905325444,0.4981049865520696,-0.07562459522727992,39,-0.04515706144688645,0.23107652262151057,-0.13360323886639677,39,0.14653846153846162,0.24771252045453607,0.14639405682586298,31,0.024111308461538528,0.7109272259469116,0.044563279857397504,34,-0.0625,0.6456565320264678,-0.05138617738171501,39,-0.0991008846153846,0.4904950005597932,-0.07692307692307693,39,-0.6363636363636364,0.3075740965090892,-0.1294505160757377,31,-0.4444444444444444,0.49514455105058164,-0.08221655999123498,34,0.3333333333333333,0.323698707772066,0.125680754174062,31,0.72,0.0636410067065064,0.22442230402541308,34,-0.5,0.41453109134159594,-0.10333698128884447,31,-0.0,1.0,0.0,34,-0.5384615384615384,0.3454860779733173,-0.12314238678096157,31,-0.3888888888888889,0.34692120058200515,-0.11675498702209154,34,-0.0,0.3783763558252208,-0.10280030370871626,39,-0.047619047619047616,0.1913280042894696,-0.15174465885372956,39,-1.4233333333333331,0.6370852349600609,-0.05263157894736842,39,-4.668610591166669,0.2217892729813533,-0.13630229419703105,39,Mošnov,49.691944,18.112778,252.8
0-20000-0-11787,39,-1.1188244047619051,0.11303671633275073,-0.17678812415654524,39,-0.5594503091067772,0.004144369728856089,-0.31983805668016196,39,-0.4358333333333333,0.762330528090645,-0.033738191632928474,39,-1.2881785745814152,0.01716828148067633,-0.2658569500674764,39,-0.11268115942029118,0.9133041321021824,-0.012145748987854251,39,-1.0103427715379905,0.04593566783244592,-0.22267206477732795,39,-1.4650000000000005,0.4904950005597932,-0.07692307692307693,39,-1.5377704705882356,0.02684751802189946,-0.24696356275303644,39,-0.375,0.24043023531029417,-0.13143740033993764,39,-0.75,0.11286098404984207,-0.17750824169620444,39,0.38461538461538464,0.005978803943142406,0.3092783699714935,39,0.2857142857142857,0.13640938317223011,0.1673525149622025,39,-0.3939393939393939,0.10988753001731624,-0.1797211287566002,39,-1.25,0.002295424065840858,-0.34077149211032065,39,-1.0,0.016512188779098783,-0.27570682132572255,39,-2.032258064516129,0.0013421121887717165,-0.3655177681951956,39,-0.13793103448275862,0.0003749717512994169,-0.4159460210881969,39,-0.20833333333333334,0.0031770874035360703,-0.3362037948096568,39,-227.0624999999991,0.33924761044644447,-0.10661268556005399,39,-187.51135793459994,0.009976757019508372,-0.2874493927125506,39,Lysá hora,49.546111,18.4475,1322.03
0-203-0-10406025001,39,-0.0,0.5130334528367083,-0.07561535604091496,39,-0.0058969348144387755,0.29260326889940047,-0.1174089068825911,39,-0.0,0.929947610912158,0.0103191312408597,39,-0.00883070470352564,0.6199143255203866,-0.0553306342780027,39,0.058823529411764705,0.6152333200326218,0.07569961431773839,23,0.016974966838235333,0.9220645068568977,0.015873015873015872,28,-0.0,0.7480527417918528,-0.03740592907946731,39,-0.09114285714285712,0.40389553717945137,-0.0931174089068826,39,0.2,0.7712671031367836,0.04365113734023988,23,-0.30194805194805197,0.7972676337858797,-0.034437116299400376,28,0.38095238095238093,0.5432772547451947,0.09127055989322883,23,0.21405228758169934,0.6636980385888592,0.05835564295726277,28,-0.2857142857142857,0.811989621859487,-0.035714566914741716,23,-0.26136363636363635,0.7518296340458492,-0.042440467605282015,28,-0.0,0.9778649877243873,-0.0044344698931928946,23,-0.0,0.305951644975638,-0.14513069679461726,28,-0.0,0.5333808639550663,-0.07613442499825397,39,-0.0,0.2581981506976959,-0.13502122723869306,39,-0.0,0.7019735592135014,-0.04429470973711836,39,-1.870993350625,0.26058515870606247,-0.12550607287449395,39,Dolní Chvatliny,49.983593,15.065951,290.0
0-203-0-10407027001,39,-0.0,0.40010625464765137,-0.09876882759108571,39,-0.0019616948647058824,0.46002194175048206,-0.08288234737065799,39,-0.0,0.7714610018629803,-0.034876813797985844,38,-0.003445230285714286,0.6413770228871822,-0.053009956061426694,38,0.08333333333333333,0.4624592089589312,0.1137923688750258,22,-0.022864882773109208,0.8346819234227341,-0.0380952380952381,21,-0.0,0.3859393936554798,-0.10221212769573514,39,-0.06150141333333334,0.48996523762295485,-0.07744743934635254,39,-0.6,0.5162939849048518,-0.10000094519298479,22,-0.6794871794871795,0.39681759221478263,-0.1346216080214403,21,-0.9565217391304348,0.13473706414101888,-0.2304369606620954,22,-0.857843137254902,0.17360094585233476,-0.21583292365085782,21,-0.59375,0.46329143985922505,-0.11279853002447456,22,-0.8125,0.3809700880453285,-0.13842521523975243,21,-0.0,0.2211515331312951,0.20162823632090482,22,-0.0,0.8023982746057345,0.041850988038289634,21,-0.0,0.44248037112860206,-0.0941568383608572,39,-0.0,0.8169910422236526,-0.028298738745459958,39,-0.0,0.3860393737012481,-0.10204633338108399,39,-0.6695903679705881,0.4454431062260721,-0.0855998013828107,39,Kostomlaty nad Labem,50.181641,14.961299,185.0
0-203-0-10407058001,37,-0.001176229902763069,0.6079547530643381,-0.05987668887749352,37,-0.001972616980190345,0.6191908248138527,-0.05705705705705706,37,-0.0,0.9576725574312074,-0.006275639086262291,37,0.0005227676727017265,0.8855952294890598,0.01652893028491049,37,0.16314814814814815,0.14794357339624764,0.19131158091484035,29,0.13491230151515152,0.08028526277549888,0.2727272727272727,22,-0.0,0.772065374038217,-0.03401776247164987,37,0.0005456060344827822,1.0,0.0,37,0.5,0.5863867509195742,0.07151670048297656,29,-0.0,0.9774624469615967,-0.004366978778515124,22,0.40588235294117647,0.48742205530149973,0.0914715807235479,29,-0.55,0.5534301862445371,-0.09130521082837742,22,0.30194805194805197,0.6390452823784382,0.061652328002566,29,0.13333333333333333,0.9101601108914965,0.017353620003765318,22,-0.0,0.7139631828698618,0.0510638310679136,29,-0.0,0.5435478438647334,0.10092518287738554,22,-0.0,0.49589099266400827,-0.08328731547489647,37,-0.0,0.5721146887361375,-0.07097867358467871,37,-0.0,0.752162308378054,-0.0369342681720106,37,-0.50734149648,0.6947874823021589,-0.04504504504504505,37,Úvaly,50.0772,14.7111,260.0
0-203-0-10501011001,39,-0.7068300653594769,0.016071946414393776,-0.26855600539811064,39,-0.2657310730002616,0.01406241309059956,-0.2739541160593792,39,-1.8115468409586053,0.025226179981382203,-0.24966261808367074,39,-0.6402097333573857,0.022236193035472092,-0.2550607287449393,39,-1.5235576923076921,0.03637067806905364,-0.23346828609986506,39,-0.7747908823529412,0.022236193035472092,-0.2550607287449393,39,-3.0200000000000005,0.03420252603019368,-0.23680736249950513,39,-1.606678,0.003039311098914334,-0.33063427800269907,39,-0.7857142857142857,0.013511610688747634,-0.27737009379398675,39,-0.2857142857142857,0.4603507414166833,-0.08265650949212573,39,0.3333333333333333,0.19951809626487405,0.143730432135784,39,0.3333333333333333,0.2404991017660928,0.13125893807115427,39,-0.7931034482758621,0.008337605064448585,-0.2951946501484502,39,-1.0571428571428572,0.007482219939755006,-0.2994604688157342,39,-1.1666666666666667,0.00934033706493889,-0.2967126848032751,39,-1.3125,0.017389592176547033,-0.2702201887528209,39,-0.16666666666666666,0.019598087913175036,-0.2669711998843599,39,-0.16666666666666666,0.0401115879952495,-0.23382074618449383,39,-255.0692307692308,0.015037636310190797,-0.27125506072874495,39,-86.51526588249999,0.01716828148067633,-0.2658569500674764,39,Rokytnice nad Jizerou  Vilémov,50.7319,15.4229,525.0
0-203-0-10501025001,39,-0.2598396501457726,0.011463388197281892,-0.28205128205128205,39,-0.1945605987046619,0.004144369728856089,-0.31983805668016196,39,-0.6025023342670401,0.028558055284765172,-0.24426450742240216,39,-0.4758564532857143,0.011463388197281892,-0.28205128205128205,39,-0.6182661782661777,0.09451183368020259,-0.1891891891891892,38,-0.5096989389920425,0.01070768049759677,-0.28876244665718354,38,-1.3366666666666667,0.062454572131009696,-0.2079676368750198,39,-1.3488738999999996,0.0032869981221663146,-0.32793522267206476,39,-0.5,0.32646701077836804,-0.11150961602957095,38,-0.2857142857142857,0.5131800409743361,-0.07412704045351518,38,0.3548387096774194,0.14781436189217775,0.1649989399865854,38,0.5,0.15148859548899915,0.1632102588602897,38,-1.0344827586206897,0.0025327135493559,-0.343600544969031,38,-1.0,0.0095629045085942,-0.2944997551550207,38,-1.3548387096774193,0.004480518216401698,-0.3290743506177997,38,-1.1666666666666667,0.03304689615978308,-0.2456979370255593,38,-0.18181818181818182,0.013194185551827447,-0.2828476060741501,39,-0.21739130434782608,0.004985483448435525,-0.32051168467439917,39,-86.85675675675672,0.015037636310190797,-0.27125506072874495,39,-63.831075123,0.007508468232245112,-0.29824561403508776,39,Jilemnice,50.6014,15.5125,462.0
0-203-0-10501030001,39,-0.3156770833333331,0.03426386286497409,-0.23616734143049933,39,-0.2642957728027143,0.016071946414393776,-0.26855600539811064,39,-0.9664977477477474,0.030361643172489267,-0.24156545209176788,39,-0.6952084234666955,0.01716828148067633,-0.2658569500674764,39,-0.937655971479501,0.04593566783244592,-0.22267206477732795,39,-0.8125005063131313,0.015037636310190797,-0.27125506072874495,39,-1.9444444444444444,0.028457316663057147,-0.24559384789126798,39,-1.606678,0.003039311098914334,-0.33063427800269907,39,-0.6363636363636364,0.17530745746869747,-0.15165963677351568,39,-0.2857142857142857,0.4603507414166833,-0.08265650949212573,39,0.15,0.5290330573683029,0.07060552702689273,39,0.2,0.41038860327542104,0.09233030457362894,39,-0.8,0.018199157575694524,-0.2656796570239702,39,-1.0,0.019487896552827375,-0.2618763129448327,39,-0.9032258064516129,0.024243329895255128,-0.2585375331970293,39,-1.09375,0.03672772699430612,-0.23780281560296979,39,-0.15,0.01841223048361387,-0.2697521498831554,39,-0.13793103448275862,0.040043025180329636,-0.2348221244116369,39,-108.5,0.02684751802189946,-0.24696356275303644,39,-86.93930075803,0.020860341752234175,-0.25775978407557354,39,Roprachtice,50.651199,15.414138,550.0
0-203-0-10501036001,39,-0.12985065290484013,0.01406241309059956,-0.2739541160593792,39,-0.07849112701764706,0.002209613029404069,-0.34143049932523617,39,-0.41095779220779205,0.016071946414393776,-0.26855600539811064,39,-0.22496822891929508,0.004472402707197542,-0.31713900134952766,39,-0.42505244755244764,0.0561954755309023,-0.21921921921921922,37,-0.3735708073863636,0.007628342052950585,-0.3063063063063063,37,-1.058823529411765,0.017732328299936054,-0.2646860832954797,39,-0.8167927142857143,0.004472402707197542,-0.31713900134952766,39,-0.569047619047619,0.2605175182147751,-0.12951865981525612,37,-0.8125,0.1259276457719747,-0.17580771303041154,37,0.3431372549019608,0.2716850961081695,0.12669812963266686,37,0.5,0.1820392243301422,0.15361515466460607,37,-0.9,0.010324206913729816,-0.2956289691428893,37,-0.8421052631578947,0.08897368682468797,-0.19578402065096853,37,-1.0,0.016998056080229088,-0.2828159523642402,37,-1.037037037037037,0.050284611478883114,-0.22984468963787336,37,-0.15789473684210525,0.007228095820090241,-0.3075153370141565,39,-0.14285714285714285,0.010190745769264932,-0.29572972728092156,39,-36.25999999999999,0.01955928649840339,-0.26045883940620784,39,-23.97042826,0.0028087615910498747,-0.33333333333333337,39,Nová Paka,50.49,15.5136,450.0
0-203-0-10501038001,39,0.0043456543456543385,0.951769869819974,0.006747638326585695,39,-0.0461075777159091,0.32716180826200836,-0.10931174089068826,39,-0.19509803921568625,0.16418287375186902,-0.155195681511471,39,-0.3406014068376069,0.023690288933547344,-0.252361673414305,39,-0.1346969696969696,0.6239185944721397,-0.055476529160739696,38,-0.41951759541122,0.0468128025554164,-0.22822822822822825,37,-0.43235294117647066,0.2870557665477511,-0.11883864964286844,39,-1.277120611111111,0.00560246661366465,-0.30904183535762486,39,-0.4444444444444444,0.27380921658933854,-0.1242868557008548,38,-0.18333333333333335,0.7239231891332474,-0.040632157698152496,37,0.38461538461538464,0.2964259810974784,0.11874300288333435,38,0.39230769230769236,0.34627427187444704,0.10827079910776224,37,-0.8333333333333334,0.03914993021892848,-0.2341199777812631,38,-0.9,0.02056085784303983,-0.2667690376073116,37,-0.9130434782608695,0.031147607788591703,-0.2522638385628478,38,-1.150900900900901,0.008941692504700987,-0.3074614274176509,37,-0.13333333333333333,0.04610063194856411,-0.2286941254302272,39,-0.14285714285714285,0.021710436487243447,-0.2622368329154175,39,-21.53333333333333,0.16418287375186902,-0.155195681511471,39,-36.100718864583335,0.023690288933547344,-0.252361673414305,39,Lomnice nad Popelkou,50.538491,15.379375,485.0
0-203-0-10501060001,39,-0.26266419981498607,0.390407855765015,-0.09581646423751687,39,-0.39979344388643073,0.032262230741344065,-0.2388663967611336,39,-0.8577380952380951,0.5372739725204689,-0.06882591093117409,39,-1.0266409511874997,0.04091686469864341,-0.2280701754385965,39,-0.7234567901234568,0.3516160877892871,-0.10391363022941971,39,-1.1024952944444466,0.030361643172489267,-0.24156545209176788,39,-1.5333333333333334,0.30376891933367123,-0.11486496974527227,39,-2.102533000000001,0.01406241309059956,-0.2739541160593792,39,-0.5,0.1242987708306674,-0.17208814271311423,39,-0.9583333333333334,0.03126244219754851,-0.24070367299855983,39,0.16,0.5530600756897902,0.06657762329774165,39,0.21212121212121213,0.29222631789003317,0.11820924952864335,39,-0.3333333333333333,0.18292811828601685,-0.14956230547714972,39,-1.0,0.0013920039618831636,-0.3589495331451593,39,-0.4375,0.2274828136501802,-0.13895712014008216,39,-1.1290322580645162,0.011517751639936773,-0.2883936375658001,39,-0.038461538461538464,0.4803254133221103,-0.08087962972532425,39,-0.125,0.07436790122074834,-0.20309466901549864,39,-96.28888888888893,0.40389553717945137,-0.0931174089068826,39,-127.22209507283785,0.030361643172489267,-0.24156545209176788,39,Josefův Důl,50.778158,15.22868,623.0
0-203-0-10501063001,39,-0.1508690476190476,0.4605696129518848,-0.08232118758434548,39,-0.1890205070141546,0.009976757019508372,-0.2874493927125506,39,-0.4030256410256413,0.5696595221156575,-0.06342780026990553,39,-0.5294381011932774,0.01227797740532341,-0.2793522267206478,39,-0.3829761904761906,0.5696595221156575,-0.06342780026990553,39,-0.5863226222943726,0.023690288933547344,-0.252361673414305,39,-1.1166666666666671,0.3211896552901148,-0.1107360144399456,39,-1.3769526315789475,0.007508468232245112,-0.29824561403508776,39,-0.68,0.09490729845440539,-0.18686633816736758,39,-0.08333333333333333,0.8181895100515116,-0.025675699119531447,39,0.0,0.9228544345511102,0.01086238877336811,39,0.3181818181818182,0.2868205305312903,0.11932337762216028,39,-0.48148148148148145,0.12422526292277274,-0.17232275515022671,39,-0.96,0.06585671714897554,-0.20582379276405702,39,-0.0,0.55067564210185,-0.0686765717382235,39,-0.875,0.17754424407252567,-0.15379287379127596,39,-0.0,0.6887969806706764,-0.04559268079939765,39,-0.14285714285714285,0.07442482794855809,-0.20309466901549864,39,-22.235294117647058,0.6897482055600529,-0.044534412955465584,39,-51.83306306200001,0.022236193035472092,-0.2550607287449393,39,Smržovka,50.7294,15.2511,550.0
0-203-0-10502005001,39,-0.049977564102564105,0.19136292493245055,-0.14584743365261127,39,-0.21392510692417369,0.006492814632780373,-0.30364372469635625,39,-0.08241758241758242,0.2981507745110553,-0.11613777124189416,39,-0.6347344613190277,0.010697130002044752,-0.28475033738191635,39,-0.08343129571577838,0.7142093707713956,-0.04204204204204204,37,-0.6811008571428574,0.017497194374994824,-0.26884779516358465,38,-0.5,0.2081982489870009,-0.14082680557540744,39,-1.498641625,0.0028087615910498747,-0.33333333333333337,39,0.23214285714285715,0.6657522902803086,0.0498877756571992,37,-0.23809523809523808,0.650767725564871,-0.05131872031397204,38,0.5,0.1614298212957529,0.16151168789688253,37,0.5428571428571428,0.14125180058658854,0.16666683576728308,38,-0.6666666666666666,0.09405530620003665,-0.19248142063602178,37,-0.7931034482758621,0.11309460716737127,-0.17961552109890214,38,-0.7777777777777778,0.12363451130720711,-0.181929425071953,37,-1.05,0.11789737622674609,-0.18014162430630132,38,-0.09090909090909091,0.11154167291142333,-0.18202188341967124,39,-0.16666666666666666,0.007588027207375594,-0.3073899930371514,39,-11.375,0.24548547122450548,-0.12964216324676558,39,-60.20608495763078,0.009299917818885435,-0.2901484480431849,39,Železný Brod,50.6408,15.2517,290.0
0-203-0-10502049001,39,-0.01734693877551019,0.2501717511585505,-0.12872735084839254,39,-0.01790538966975449,0.09267257442605292,-0.18758434547908234,39,-0.0336231884057971,0.45231223850199176,-0.08453066297358347,39,-0.04193245513650793,0.18731655262785707,-0.14709851551956815,39,-0.19333333333333336,0.1421198355216294,-0.17678599615136656,34,-0.05127926799145301,0.6780507934564524,-0.053030303030303025,33,-0.3387096774193548,0.12718799532454,-0.17084938159536586,39,-0.30154106896551724,0.06419523722734863,-0.20647773279352227,39,-0.5,0.4585093632832231,-0.08920610150636468,34,0.09523809523809523,0.9013270954440085,0.01518029298399996,33,-0.043478260869565216,0.9290854320025839,-0.010743169403825992,34,0.13333333333333333,0.6198524689244449,0.06083694167301508,33,-0.5,0.35787665433764937,-0.11081362433601237,34,-0.24285714285714285,0.6984550528640938,-0.04739338621926591,33,-0.0,0.9640475286063772,0.005670084763014196,34,-0.0,0.6162703230048843,-0.06343215965431623,33,-0.0,0.4306591542849114,-0.09279046603743256,39,-0.0625,0.08407104778245605,-0.20208185689493147,39,-4.899999999999996,0.3638917761152952,-0.10176540658477956,39,-5.50960228,0.11864258293031839,-0.17408906882591094,39,Jivina,50.5539,14.9492,308.0
0-203-0-10502050001,39,-0.027901015478655228,0.1500010302831153,-0.16059379217273956,39,-0.018610051057142855,0.06419523722734863,-0.20647773279352227,39,-0.05597147950089126,0.3516160877892871,-0.10391363022941971,39,-0.0460416655462185,0.17935201488071417,-0.14979757085020245,39,-0.023333333333332717,0.8014600549547215,-0.028469758100774234,38,-0.08271524999999995,0.44962125101707295,-0.09090909090909093,34,-0.16666666666666666,0.345196470624335,-0.10562010418155558,39,-0.31304046666666663,0.04863355887498223,-0.21997300944669368,39,-0.4,0.39936170998149856,-0.09571516473514106,38,-0.0,0.9881644336706092,-0.0017921405965075036,34,0.9230769230769231,0.04687136780338818,0.225878452982977,38,0.2608695652173913,0.5432300588913199,0.07321440244652554,34,-0.15625,0.6966457661912514,-0.0442227192163191,38,-0.4230769230769231,0.46749712552856426,-0.08750013950926222,34,-0.7,0.18081861406625488,-0.15491414990865612,38,-0.0,0.590013887163346,-0.06691079952182734,34,-0.0625,0.07837329895352271,-0.20498225832557446,39,-0.05263157894736842,0.13954737422642455,-0.17134393410966917,39,-7.907407407407406,0.18327018230895187,-0.14854831205358557,39,-5.693148111875,0.06775575764957957,-0.20377867746288802,39,Boseň  Mužský,50.5222,15.0404,382.0
0-203-0-10502072001,39,-0.011673506611947104,0.2759381365237895,-0.12203527256811847,39,-0.006694447026933157,0.2709770075414829,-0.12280701754385966,39,-0.019543650793650797,0.4526662247098222,-0.08429875399621166,39,-0.016738758421245423,0.5533506465911813,-0.06612685560053981,39,0.05666666666666664,0.4952393704219522,0.08206961338585551,34,0.05873162499999994,0.6368807026355434,0.062365591397849474,31,-0.16206896551724134,0.43133390965110274,-0.08819668570680894,39,-0.11741134000000013,0.3516160877892871,-0.10391363022941971,39,0.39473684210526316,0.45841055888993765,0.08936582607742932,34,0.16666666666666666,0.7854947471183542,0.034595100005152854,31,0.7647058823529411,0.13809214461482247,0.17873165215485864,34,0.4,0.5072973594765076,0.08405191933899595,31,0.0625,0.9172906054860932,0.012544984175552524,34,0.1,0.8516491709514632,0.023706951608434754,31,-0.3684210526315789,0.24992319551914866,-0.14297628978599172,34,-0.0,0.6788753764552271,-0.05483226136992876,31,-0.03571428571428571,0.1784080867314689,-0.15729380321809952,39,-0.0,0.28009756103780925,-0.1269948370694987,39,-3.5304347826086966,0.2451859110169935,-0.13017095740599305,39,-1.9748787515625,0.3153591310736501,-0.11201079622132254,39,Bakov nad Jizerou,50.4804,14.9391,220.0
0-203-0-10502085001,39,-0.005341880341880342,0.26247378634470764,-0.12737740406802273,39,-0.013673062919098039,0.14327003755601345,-0.16329284750337383,39,-0.0060317460317460304,0.4490731462521883,-0.08633322525965488,39,-0.030256357582291667,0.2217892729813533,-0.13630229419703105,39,0.09122222222222223,0.30213069885942423,0.1356351216056452,29,0.056797553225806444,0.6858034239457821,0.05376344086021506,31,-0.05999999999999996,0.4951870892343785,-0.07753407204140512,39,-0.18795948823529413,0.23107652262151057,-0.13360323886639677,39,0.11666666666666667,0.8806303274088754,0.019802222850016867,29,-0.4444444444444444,0.5663744539910857,-0.07526881720430108,31,0.25,0.6390452823784382,0.061652328002566,29,0.2608695652173913,0.6340968704448557,0.06027990575182594,31,-0.36141304347826086,0.6123406332592666,-0.06674953187934576,29,-0.19230769230769232,0.7210709126085169,-0.045258725797920896,31,-0.0,0.4463710416341259,-0.1040510058184614,29,-0.0,0.7449377745378721,-0.04244128156123867,31,-0.029411764705882353,0.17122242337825921,-0.16207350332747542,39,-0.05,0.08223992161452472,-0.20336035604941607,39,-1.9173913043478246,0.24228944382466122,-0.13291555207098024,39,-5.031842378181819,0.14327003755601345,-0.16329284750337383,39,Dolní Bousov,50.437897,15.141737,244.0
0-203-0-10502101001,39,-0.00588336783988958,0.1300455544048346,-0.17266645051930976,39,-0.00637217586270872,0.12446413014279424,-0.17139001349527666,39,-0.006888888888888892,0.44771621235178316,-0.08696019954762692,39,-0.012395738892561984,0.33924761044644447,-0.10661268556005399,39,0.04080586080586088,0.7288211329394639,0.05333333333333332,25,0.09060880595238098,0.4844245357791813,0.10153846153846155,26,-0.14516129032258066,0.1913280042894696,-0.1493165876521257,39,-0.10205846807692308,0.390407855765015,-0.09581646423751687,39,0.5,0.5281999510034039,0.090150376044714,25,0.11538461538461539,0.8425762659768969,0.027864311257240915,26,0.09472934472934473,0.981568217609005,0.006666666666666665,25,-0.2857142857142857,0.6914822624699253,-0.05547001962252292,26,-0.22115384615384615,0.779004178426611,-0.04026936331284145,25,0.15,0.7913462164838677,0.036980013081681945,26,-0.0,0.7939459255385166,-0.03886658893356653,25,-0.0,0.8731743162832479,0.023586946071475875,26,-0.0,0.2554406893450337,-0.1363625306351297,39,-0.0,0.36206751487525,-0.10938972237763152,39,-1.75,0.16391050328762902,-0.1589703067014994,39,-2.1856563209090907,0.17164204508100767,-0.1524966261808367,39,Mladá Boleslav,50.42267,14.91405,221.0
0-203-0-10503002001,37,-0.0,1.0,0.0,37,-0.004918348718071362,0.6565496078246327,-0.05105105105105105,37,0.004845691942466137,0.5707689875874699,0.0664363888389899,37,-0.009319945549731189,0.8342436373669592,-0.024024024024024027,37,0.2108609068627451,0.06048578989011285,0.25165584988023354,28,0.07930030294117649,0.3566550991594864,0.12183908045977011,30,-0.0,0.7620707486741901,0.035535742867366694,37,-0.08815526502403848,0.547421430491585,-0.06906906906906907,37,-0.5732323232323233,0.4646973554798156,-0.0980133310059857,28,0.5,0.27615548543239743,0.14087910095901485,30,-0.050310559006211175,0.9369873319714807,-0.010610116901320504,28,-0.2,0.6299045227236961,-0.06221214671215486,30,-0.5263157894736842,0.3038830666468557,-0.13829982883667796,28,0.5,0.30069481982194035,0.1334868547812314,30,-0.0,0.9364734769492351,-0.010997147984564299,28,0.8076923076923077,0.1049454842335508,0.2162999130835024,30,-0.0,0.957595415180623,0.006447019110014013,37,-0.0,0.780702046500791,-0.033586374756307734,37,-0.0,0.9475529922090487,0.00768857804425362,37,-1.3999672956985618,0.7142093707713956,-0.04204204204204204,37,Katusice,50.444653,14.779398,312.0
0-203-0-10503013001,38,-0.003098290598290598,0.44730243023581473,-0.08768725466527705,38,-0.0026216082974290732,0.5715734527455391,-0.06401137980085349,38,-0.0,0.8982303444193154,-0.014955253524077724,38,-0.0033717041808390023,0.7342772134186908,-0.03840682788051209,38,0.09523809523809523,0.25130604693632075,0.16074361361114844,26,0.03251634234234229,0.7600019817687585,0.046153846153846156,26,-0.0,0.7035822274571215,-0.04424403406658141,38,-0.012354985714285716,0.9298740267428874,-0.009957325746799433,38,-0.5,0.5814234633612883,-0.07716086134471262,26,-0.375,0.6590507072696905,-0.06182446677351863,26,-0.4444444444444444,0.42685183414242167,-0.11163126113028761,26,-0.23076923076923078,0.642755129944673,-0.0654256405260441,26,-0.8125,0.3105075002545208,-0.1417567168131141,26,-0.375,0.6432944051034315,-0.0648151235295586,26,-0.0,0.6981626655328504,-0.05728258331644141,26,-0.0,0.714001736239003,-0.05483118811101302,26,-0.0,0.44473789228850136,-0.09296019758869357,38,-0.0,0.8155073397698146,-0.028435273824678833,38,-0.9578947368421052,0.478069851773398,-0.08196460019171428,38,-0.8726168788235313,0.5546011462054892,-0.06685633001422477,38,Brodce,50.3347,14.8661,220.0
0-203-0-10504033001,39,-0.0,1.0,0.0,39,-0.0007456884140196074,0.6807762829704722,-0.045977106078376594,39,-0.0,0.7400255210021829,0.038177085778546664,39,2.03324e-05,0.9228844667135743,0.010818142606676845,39,0.04104166666666682,0.6020317295499575,0.07650387447289549,24,0.08986256250000002,0.500867331358937,0.12418300653594773,18,-0.0,0.9413999482231983,0.008452548863005501,39,-0.00014415676666666667,0.9613970793626782,-0.005409071303338423,39,-0.375,0.42706171948128213,-0.11636440571762245,24,-1.2380952380952381,0.20082494101911527,-0.22875816993464054,18,-0.5294840294840295,0.2638961295317097,-0.16393687387049033,24,-0.8947368421052632,0.30575575267473,-0.17763542324587553,18,-0.9807692307692308,0.06275790689861092,-0.2722327532402354,24,-1.25,0.22906043853787195,-0.21568627450980396,18,-0.0,0.35905542707790916,-0.1416576493949657,24,-0.0,0.5809736667642857,-0.10164159643610751,18,-0.0,0.7244729157191359,-0.042637078099710575,39,-0.0,0.6509548786276889,-0.05654053350028771,39,-0.0,0.912222762444187,0.012650947504182046,39,-0.06964668707499966,0.7715080556044924,-0.03245442782003054,39,Bašť  Baštěk,50.205,14.4622,230.0
0-203-0-10504037001,39,-0.021991550116550115,0.16412115001797833,-0.1554055473024272,39,-0.017019041796745564,0.2504723290962606,-0.12820512820512822,39,-0.0650952380952381,0.28696169785070114,-0.1189995686734453,39,-0.05190243809001782,0.26058515870606247,-0.12550607287449395,39,-0.08461538461538459,0.3709527086192641,-0.10588235294117647,35,-0.04877544670138893,0.6335783802474432,-0.060606060606060615,33,-0.2695652173913043,0.1639770905804372,-0.1558278457638436,39,-0.20799557142857136,0.11303671633275073,-0.17678812415654524,39,-0.2777777777777778,0.6494090028733929,-0.05391761112532463,35,0.18333333333333335,0.8282287052286308,0.026565512721999928,33,0.39473684210526316,0.36316526695395224,0.10801783918460325,35,0.08703703703703704,0.8524272791564023,0.022813853127380653,33,-0.48148148148148145,0.14345572310371882,-0.1734009191253755,35,-0.13333333333333333,0.7565327018890785,-0.03802308854563442,33,-0.6666666666666666,0.17985038432457923,-0.16255532957887556,35,-0.0,0.9502696379536744,0.007848026822466853,33,-0.05263157894736842,0.2007638451906506,-0.14781096050101028,39,-0.0625,0.11992793819498747,-0.181465423761743,39,-7.100000000000007,0.19136292493245055,-0.14584743365261127,39,-6.045481960000004,0.17935201488071417,-0.14979757085020245,39,Mšeno,50.44061,14.63399,340.0
0-203-0-10504048001,39,-0.003580901856763926,0.23804319172891908,-0.135841409997005,39,-0.0017990903676470588,0.5945173043041605,-0.05941932482143422,39,-0.0,0.7094598617053405,-0.04375022861147342,38,0.0007732693716577532,0.9498783663452921,0.007112375533428165,38,0.08441295546558705,0.4266816496870247,0.11679143249475675,24,0.05350159999999997,0.2932239991190237,0.15076923076923077,26,-0.007142857142857181,0.3694745329757628,-0.10352672987217063,39,-0.007614206666666664,0.8465171920330673,-0.021607027207794262,39,-0.8885448916408669,0.3090138180164609,-0.14882057177132868,24,-0.46153846153846156,0.5078695680213905,-0.09302605094190634,26,-0.32575757575757575,0.534808111225036,-0.0910760410391613,24,-0.375,0.48028503655277666,-0.0989191468376298,26,-1.244047619047619,0.09643129952334815,-0.2431945928946103,24,-0.2857142857142857,0.6118398297166311,-0.07120879543517122,26,-0.0,0.3466446991390537,-0.14466817739498133,24,-0.0,0.5434876519997505,0.08902846098858609,26,-0.0,0.12398093437087149,-0.1867409160858723,39,-0.0,0.5407020509930992,-0.07379526441077516,39,-0.9258064516129038,0.26324718656981183,-0.12905386874476066,39,-0.2915234760454546,0.7166551349933747,-0.04051317601461424,39,Kropáčova Vrutice  Střížovice,50.3255,14.7046,210.0
0-203-0-10601002002,39,-1.1673461538461543,0.005199972868896921,-0.31174089068825916,39,-0.8915195268838652,0.043364957125070935,-0.2253711201079622,39,-2.567058823529412,0.004472402707197542,-0.31713900134952766,39,-1.803733420166667,0.06775575764957957,-0.20377867746288802,39,-2.4918128654970766,0.004144369728856089,-0.31983805668016196,39,-1.7780213632478639,0.05753700343783177,-0.21187584345479082,39,-4.185714285714285,0.003986015490194507,-0.3214045297159397,39,-2.9622857894736847,0.08807158233193607,-0.1902834008097166,39,-1.25,0.00037153282904004017,-0.3997392528207456,39,-1.0588235294117647,0.011386997104365233,-0.2839739442699593,39,-0.0,0.9228356466222154,0.010877258580156342,39,0.2,0.438309563275429,0.08713751697289707,39,-0.47368421052631576,0.14966295013071274,-0.1616885137230869,39,-0.5263157894736842,0.14968284438956198,-0.1616885137230869,39,-0.4,0.3681027571725086,-0.10304288176152357,39,-0.5,0.24282458894812564,-0.13386973195915738,39,-0.08,0.16560381207159458,-0.15874173676775255,39,-0.047619047619047616,0.3748812273375066,-0.10143204190561832,39,-352.8636363636364,0.007508468232245112,-0.29824561403508776,39,-250.47355020327518,0.060790626528753035,-0.20917678812415658,39,Kvilda,49.0192,13.5792,1059.0
0-203-0-10601011001,39,-0.2831063245697391,0.09746458904267719,-0.18488529014844804,39,-0.49985547525319113,0.07536440282222054,-0.19838056680161945,39,-0.5565062388591802,0.19553924942719925,-0.14439946018893388,39,-0.9577610232698407,0.2040235057705807,-0.1417004048582996,39,-0.4937710437710439,0.21277251935267716,-0.13900134952766532,39,-0.7693751874999993,0.26058515870606247,-0.12550607287449395,39,-0.8363636363636366,0.30376891933367123,-0.11486496974527227,39,-1.655468571428571,0.13677322642600173,-0.1659919028340081,39,-0.6,0.14651733171479214,-0.16227213910015267,39,-0.8421052631578947,0.03126244219754851,-0.24070367299855983,39,0.20833333333333334,0.3834312681718529,0.097761498960313,39,0.2,0.5370157091074786,0.0692004764776501,39,-0.68,0.038463755471915446,-0.23202512701329736,39,-0.5555555555555556,0.1604542850566778,-0.15686306779681425,39,-0.4827586206896552,0.21950395630926012,-0.1407407520960995,39,-0.4,0.4512016636355748,-0.08608620551084727,39,-0.09090909090909091,0.2065733546389923,-0.14419681878290005,39,-0.11538461538461539,0.10580328165682837,-0.18480084347187994,39,-74.81515151515153,0.17164204508100767,-0.1524966261808367,39,-123.29165735250007,0.14327003755601345,-0.16329284750337383,39,Borová Lada,48.99055,13.661958,898.0
0-203-0-10601050001,39,-0.02911304347826089,0.7257314170395327,-0.039136302294197026,39,-0.17433283370153843,0.2040235057705807,-0.1417004048582996,39,-0.16040068201193514,0.5372739725204689,-0.06882591093117409,39,-0.6340277967948715,0.15697056530468825,-0.15789473684210525,39,0.05876068376068352,0.8370667917810841,0.02294197031039136,39,-0.45663995168181815,0.32716180826200836,-0.10931174089068826,39,0.045454545454545456,0.865487213197504,0.018931749561684478,39,-0.7000116764705883,0.30383969072789097,-0.11470985155195683,39,-0.3333333333333333,0.5213745051134953,-0.07162168701764035,39,-0.375,0.5778712435107477,-0.06212020322240851,39,0.09523809523809523,0.7714863696802552,0.032498493594324794,39,0.17647058823529413,0.6197606122004614,0.05555601457667467,39,-0.0,0.8940386890065994,-0.014966485077920547,39,-0.20588235294117646,0.6807910021561636,-0.045977106078376594,39,-0.0,0.6968271361900347,-0.04475239981071941,39,-0.56,0.18886293338465243,-0.15060344845405207,39,-0.043478260869565216,0.39467347122143415,-0.09747299626090068,39,-0.09090909090909091,0.23459735608493504,-0.13492019956102497,39,-4.899999999999977,0.8560119521653429,-0.020242914979757085,39,-47.14612364175001,0.29260326889940047,-0.1174089068825911,39,Stožec,48.8570531,13.8217247,797.0
0-203-0-10601115201,39,-0.06818159888068703,0.10245263659151096,-0.1821862348178138,39,-0.1901248950790756,0.010697130002044752,-0.28475033738191635,39,-0.25342592592592594,0.0836565829857083,-0.1929824561403509,39,-0.6915343654545454,0.01227797740532341,-0.2793522267206478,39,-0.26372549019607805,0.13677322642600173,-0.1659919028340081,39,-0.5246195493730407,0.16287071087412586,-0.15789473684210528,38,-0.4782608695652174,0.0793345817705457,-0.1962118146424471,39,-1.1100964333333334,0.04091686469864341,-0.2280701754385965,39,-0.5,0.28134402564453986,-0.1207616158139384,39,-0.5806451612903226,0.2740621313123316,-0.12375533428165009,38,0.5,0.054288238920768415,0.21574266195973266,39,0.6363636363636364,0.028617013151355793,0.24875222037365824,38,-0.6666666666666666,0.21257163631876697,-0.13956754881457295,39,-0.9615384615384616,0.022051814651212653,-0.26018910406899887,38,-1.0,0.13577681718972806,-0.16921982536555918,39,-1.4583333333333333,0.016417708684496473,-0.277676306440044,38,-0.08695652173913043,0.10307807981754867,-0.18712966802914316,39,-0.17142857142857143,0.006280822775644321,-0.31174231173907285,39,-20.229999999999997,0.1500010302831153,-0.16059379217273956,39,-62.105426124839994,0.020860341752234175,-0.25775978407557354,39,Lipno,48.6336,14.2383,730.0
0-203-0-10601152001,39,-0.04665087328130806,0.2040235057705807,-0.1417004048582996,39,-0.0966531521715696,0.05442949134558268,-0.21457489878542513,39,-0.1549999999999999,0.2217892729813533,-0.13630229419703105,39,-0.5095991784733483,0.01227797740532341,-0.2793522267206478,39,-0.1548611111111112,0.32716180826200836,-0.10931174089068826,39,-0.37851231481481473,0.10485137990421281,-0.1834992887624467,38,-0.36521739130434805,0.3153591310736501,-0.11201079622132254,39,-0.6877863124999999,0.06775575764957957,-0.20377867746288802,39,0.4117647058823529,0.5213745051134953,0.07162168701764035,39,0.5,0.521414094303348,0.0725462304409673,38,0.4117647058823529,0.2124823139883354,0.13975782504309725,39,0.5,0.14441838098887308,0.16607359673503164,38,-0.4444444444444444,0.40375791168843544,-0.09336976007123346,39,-0.4,0.5886710379086253,-0.06134119117102326,38,-0.7777777777777778,0.2539013095304111,-0.12977831190596276,39,-0.5384615384615384,0.24556796177888396,-0.1340518350567065,38,-0.034482758620689655,0.3164693721077618,-0.11603120437244177,39,-0.07692307692307693,0.13758001661054672,-0.17037178731011543,39,-9.100000000000819,0.390407855765015,-0.09581646423751687,39,-26.802210184166665,0.08807158233193607,-0.1902834008097166,39,Slavkov,48.7642081,14.2431344,777.0
0-203-0-10601176001,38,-0.022143358161595243,0.09699040107097241,-0.18790040346510994,38,-0.1165402328867221,0.014225371530029283,-0.2773826458036984,38,-0.11364468864468866,0.07015957001690389,-0.20527488125588816,38,-0.4711991560606059,0.006369964972782792,-0.30867709815078237,38,-0.08333333333333333,0.2558606748117961,-0.1345669105031807,35,-0.47650854610407184,0.0561954755309023,-0.21921921921921922,37,-0.2250000000000001,0.3024748524131565,-0.11689264071515854,38,-0.8107677500000001,0.045615618881687095,-0.22617354196301567,38,-0.2,0.7119231506921901,-0.04373424591353373,35,-0.4097222222222222,0.6660030829173402,-0.049586790854731465,37,0.21052631578947367,0.6290994086250735,0.05728746182065743,35,0.7142857142857143,0.06503511322962266,0.21251092826345158,37,-0.27586206896551724,0.7438956832692691,-0.03872059359110327,35,-0.3333333333333333,0.6099673957463098,-0.05860257101013718,37,-0.0,0.7862528689773967,0.03282773512961286,35,-1.056980056980057,0.060771930181390814,-0.21886177047977487,37,-0.041666666666666664,0.28748253774402754,-0.12445550764795517,38,-0.1,0.05404569638210308,-0.2255535497738404,38,-5.145000000000005,0.14817787189628498,-0.1638178300276714,38,-29.906744116666676,0.03157137719250069,-0.24324324324324328,38,Chvalšiny,48.854722,14.208611,592.0
0-203-0-10601188001,39,-0.022263450834879406,0.370661974727438,-0.09993250083604846,39,-0.041697236755555554,0.02684751802189946,-0.24696356275303644,39,-0.0993589743589743,0.26051538914480465,-0.12567579042718025,39,-0.1687094153221154,0.020860341752234175,-0.25775978407557354,39,0.038333333333333205,0.8112093426667014,0.02702702702702703,38,-0.24251011692307692,0.09659951430381246,-0.19663865546218487,35,-0.14285714285714285,0.5133709269200284,-0.07322116354087109,39,-0.4521354500000001,0.01716828148067633,-0.2658569500674764,39,0.5,0.35209074014027364,0.10548848064538696,38,-0.4,0.6700452320031379,-0.05046259143869277,35,0.36666666666666664,0.3143434090129176,0.11420486721037224,38,0.5555555555555556,0.18176553689272656,0.15838298268064113,35,0.2,0.7436949019604717,0.03706352022675759,38,0.21052631578947367,0.649320956779019,0.05400891959230163,35,-0.0,0.9798728229979623,-0.002909830532912806,38,-0.0,0.7863802100690807,0.03282773512961286,35,-0.03225806451612903,0.45772587682828114,-0.08549532400064558,39,-0.06666666666666667,0.1308082421953901,-0.17442968393092084,39,-3.639999999999998,0.663185548926503,-0.04861581121753709,39,-10.522284630000001,0.06775575764957957,-0.20377867746288802,39,Přídolí,48.7814842,14.3564461,653.0
0-203-0-10602014001,39,-0.07242907801418438,0.0714771486783669,-0.20107962213225372,39,-0.09468868667479308,0.004472402707197542,-0.31713900134952766,39,-0.24017094017094032,0.0836565829857083,-0.1929824561403509,39,-0.35782661363636364,0.0035529408454282136,-0.3252361673414305,39,-0.23269230769230773,0.16287071087412586,-0.15789473684210528,38,-0.2824398644480521,0.07967583098300722,-0.20120120120120122,37,-0.54,0.13677322642600173,-0.1659919028340081,39,-0.6843540185185185,0.01406241309059956,-0.2739541160593792,39,-0.6363636363636364,0.18232150880875275,-0.151756907361322,38,-0.23627450980392156,0.6946882656742146,-0.04518092784253121,37,0.5,0.09421653419649438,0.19054930151810137,38,0.7019704433497538,0.03864033402047017,0.23867505183834295,37,-0.4444444444444444,0.5051450529246759,-0.07549865209970942,38,-0.6363636363636364,0.23907550377245435,-0.13533849888470278,37,-0.9130434782608695,0.15725508188467613,-0.16392920038342856,38,-1.2845117845117846,0.024733898323809903,-0.26378148945017676,37,-0.1111111111111111,0.035199750200292985,-0.242470345116585,39,-0.15,0.0048474020522405094,-0.32566267717734404,39,-21.88666666666666,0.10764169834448248,-0.1794871794871795,39,-26.211413760000006,0.00560246661366465,-0.30904183535762486,39,Malonty,48.6854828,14.5802869,694.0
0-203-0-10602028001,39,-0.07246558197747184,0.0794225366756039,-0.19568151147098517,39,-0.20132330092710146,0.007508468232245112,-0.29824561403508776,39,-0.17079365079365083,0.15697056530468825,-0.15789473684210525,39,-0.6040304462499995,0.01955928649840339,-0.26045883940620784,39,-0.075,0.6062399309779682,-0.05832147937411096,38,-0.626899211060606,0.05441710703788968,-0.21763869132290187,38,-0.5645161290322581,0.1102871035850054,-0.17825797446430267,39,-1.1937930909090915,0.016071946414393776,-0.26855600539811064,39,-0.9,0.1279481011443818,-0.17310726926365608,38,-0.47058823529411764,0.5131800409743361,-0.07412704045351518,38,0.5,0.15886260833048138,0.16011637173476853,38,0.5,0.03565530451639851,0.2389166443556245,38,-0.5909090909090909,0.13109896521788786,-0.1718002724845155,38,-0.8,0.1019780604770302,-0.1858493600492849,38,-0.9545454545454546,0.10899581507090496,-0.18491187330138642,38,-1.4,0.013950875520694638,-0.2830773116010724,38,-0.1111111111111111,0.031148239994795195,-0.24771628108960855,39,-0.13793103448275862,0.015989873362603473,-0.27690547382882635,39,-22.316,0.10245263659151096,-0.1821862348178138,39,-60.71270765145834,0.008664353664623118,-0.2928475033738192,39,Benešov nad Černou,48.7311,14.6283,665.0
0-203-0-10602029002,38,-0.10842538680597123,0.10485137990421281,-0.1834992887624467,38,-0.15952903503474025,0.027800982993955118,-0.24893314366998578,38,-0.3531444099378882,0.11606931716920055,-0.17780938833570414,38,-0.5522110497448978,0.03361566923176865,-0.240398293029872,38,-0.14862433862433838,0.5131478467510788,-0.07507507507507508,37,-0.5576114029647437,0.04131991083796738,-0.23423423423423423,37,-0.7000000000000002,0.15901642558850404,-0.15965824097680192,38,-1.019567125,0.03157137719250069,-0.24324324324324328,38,-0.15384615384615385,0.7634972461640659,-0.034612578779907685,37,0.14666666666666667,0.8240040284068493,0.025583210402540465,37,0.155,0.6097838484221774,0.05886874605587307,37,0.5,0.06505043110304783,0.21251092826345158,37,-0.18874643874643876,0.5044778722367551,-0.07698220638075709,37,-0.47058823529411764,0.33938303864073227,-0.11019021697637779,37,-0.0,0.702928777665933,-0.04494908698094346,37,-0.875,0.1765647217768086,-0.1581358706251752,37,-0.1,0.168639376070292,-0.15989986816893179,38,-0.08333333333333333,0.22068362650083095,-0.14186760893300698,38,-30.136842105263145,0.19535259231561808,-0.1465149359886202,38,-37.777408704392,0.0484057345195482,-0.2233285917496444,38,Pohorská Ves,48.6701047,14.6489614,773.0
0-203-0-10602032201,39,-0.057065318528627174,0.13677322642600173,-0.1659919028340081,39,-0.09859468808510641,0.004472402707197542,-0.31713900134952766,39,-0.18214285714285694,0.17935201488071417,-0.14979757085020245,39,-0.3420812779302278,0.006984076433992376,-0.30094466936572206,39,-0.11398809523809524,0.521414094303348,-0.0725462304409673,38,-0.30988765154220754,0.08427326153977381,-0.1981981981981982,37,-0.6200000000000003,0.09990897997051325,-0.18365973126625124,39,-0.6843540185185185,0.01227797740532341,-0.2793522267206478,39,0.047619047619047616,0.9398572207319621,0.008553120052328674,38,-0.2761904761904762,0.6564395984093901,-0.0512050515548687,37,0.38461538461538464,0.1949522265495044,0.14756825606289053,38,0.5,0.12571169732118434,0.1766062381676192,37,-0.6363636363636364,0.2040977676838983,-0.14387478985038965,38,-0.8064516129032258,0.05783789570785745,-0.21820973578637454,37,-0.7777777777777778,0.15413934728509804,-0.16428323599933847,38,-1.0769230769230769,0.025609604538293203,-0.26161773288507506,37,-0.08333333333333333,0.09095261776109395,-0.19369271823126563,39,-0.125,0.015502660514083708,-0.2777009433904019,39,-19.91111111111114,0.13677322642600173,-0.1659919028340081,39,-31.39010354302083,0.006492814632780373,-0.30364372469635625,39,Soběnov,48.7476228,14.5355644,526.0
0-203-0-10603060001,39,-0.0,0.5130334528367083,0.07561535604091496,39,0.0008082895943722937,0.6986053268088517,0.04327257042670738,39,-0.0,0.4272988877427203,0.09221767990958217,39,0.0009291732799999997,0.7621842220884498,0.03387561864431382,39,-0.02408602150537629,0.761358419126219,-0.04340573661412155,25,-0.11246298611111122,0.38934138095270887,-0.13043478260869565,24,-0.0,0.5450156574788986,0.0703341633995108,39,0.0206808318181818,0.7715080556044924,0.03245442782003054,39,-0.8328173374613003,0.23348546352092792,-0.17028404364001531,25,-0.4722222222222222,0.32081370368144,-0.14545550714702807,24,-0.30952380952380953,0.797089917639919,-0.03685138655950444,25,-0.375,0.6371272292823547,-0.06921779118976258,24,-0.9607692307692308,0.06156476195630228,-0.26756002483626046,25,-1.0166666666666666,0.07812766722608862,-0.2577136730674228,24,-0.0,0.8858662213423646,-0.02156655464068768,25,-0.20900178253119428,0.4052810129004403,-0.1263894785939205,24,-0.0,0.40185766858562666,0.10090372888820279,39,-0.0,0.9099705575738652,-0.013623094149703835,39,-0.0,0.43683977575233357,0.08988240435052156,39,0.27698551548387096,0.6456565320264678,0.05138617738171501,39,Hluboká nad Vltavou,49.0536578,14.4334833,410.0
0-203-0-10702007001,39,-0.01155141843971631,0.3970826141955226,-0.0945307440340999,39,-0.02264348425584021,0.06419523722734863,-0.20647773279352227,39,-0.02166666666666666,0.5613713988947135,-0.06490885564006107,39,-0.08522368098181818,0.09267257442605292,-0.18758434547908234,39,0.009261363636363562,0.9166685759960673,0.012012012012012014,37,-0.30548999572336266,0.0384171561346835,-0.2412698412698413,36,-0.04999999999999982,0.6896620903791951,-0.04465510264276382,39,-0.3778681259259259,0.043364957125070935,-0.2253711201079622,39,-0.11858974358974358,0.9374408983297682,-0.00902256659231352,37,-0.16145833333333331,0.8594392267713153,-0.02065131707821882,36,0.3669467787114846,0.5471013375560594,0.0694876733200239,37,0.14166666666666666,0.7956868307274838,0.03027912476980464,36,-0.07107843137254902,0.8958833284651035,-0.015083110670555577,37,-0.5923295454545454,0.257912393145047,-0.1324841105280506,36,-0.0,0.8953773512415928,-0.015512099813540417,37,-0.09722222222222222,0.5099760157769169,-0.07927011172975298,36,-0.0,0.6170314370923964,-0.057972611737793084,39,-0.029411764705882353,0.29775143803593407,-0.12163739605168383,39,-2.520000000000002,0.5614478044081466,-0.06482108162338279,39,-7.285741500434782,0.07536440282222054,-0.19838056680161945,39,Hranice,48.8188419,14.8469519,479.0
0-203-0-10702010001,39,-0.01971817842478537,0.12149883689462934,-0.1728562176623541,39,-0.025152286554985838,0.03637067806905364,-0.23346828609986506,39,-0.05359477124183006,0.16051550652466284,-0.1566509472565084,39,-0.08434586735714283,0.08807158233193607,-0.1902834008097166,39,-0.014682539682539547,0.8916561068954382,-0.015873015873015872,36,-0.14822959999999996,0.27416982327194783,-0.12941176470588237,35,-0.16666666666666666,0.34529065036907747,-0.10547689041509924,39,-0.27142811000000006,0.11303671633275073,-0.17678812415654524,39,-0.9607692307692308,0.04231028918035625,-0.23745208372109952,36,0.0,0.9660032633314249,0.005059050695807936,35,0.07670454545454546,0.9023642047351553,0.014365746924728378,36,0.5,0.44301645419664837,0.09098596877398532,35,-0.8117647058823529,0.1523694324699272,-0.16760038078849773,36,-0.7307692307692307,0.20585931518562073,-0.1505956658940067,35,-0.3340909090909091,0.38786264733462283,-0.10377490433255418,36,-0.5384615384615384,0.12266163731958728,-0.18810935325165035,35,-0.05555555555555555,0.11288323469128905,-0.18367958959266126,39,-0.08333333333333333,0.017495588888594784,-0.2774090711301028,39,-4.799999999999997,0.24548547122450548,-0.12964216324676558,39,-7.445533955341176,0.04593566783244592,-0.22267206477732795,39,Suchdol nad Lužnicí,48.8928,14.8669,457.0
0-203-0-10702020001,38,-0.011655874190564295,0.5715734527455391,-0.06401137980085349,38,-0.017443408138239417,0.5052123660867247,-0.07539118065433856,38,-0.10985714285714288,0.4283431834865046,-0.08961593172119488,38,-0.07224641162179486,0.48927979988214654,-0.07823613086770982,38,-0.10068954248366009,0.6008662216420086,-0.060060060060060066,37,0.013733024173076865,0.806320085510995,0.028571428571428574,36,-0.20952380952380953,0.3995356781956132,-0.09544169227699116,38,-0.19044393333333337,0.5052123660867247,-0.07539118065433856,38,-0.36141304347826086,0.4480291040036808,-0.08721814372569736,37,-0.513157894736842,0.3541526036861672,-0.10828080389203644,36,0.28348214285714285,0.35286268303325796,0.10700904898372386,37,0.28348214285714285,0.5486383661179587,0.07028897487352835,36,-0.5477272727272727,0.30137145406470367,-0.11888668363533508,37,-0.3649193548387097,0.5131606088220846,-0.0763117021640204,36,-0.875,0.11836006122909182,-0.18298815745323613,37,-0.09722222222222222,0.583717759610251,-0.06560904417401639,36,-0.058823529411764705,0.2996300438908224,-0.1205655531649102,38,-0.09523809523809523,0.1498014871097488,-0.16710836655577813,38,-11.454545454545455,0.34573570837440937,-0.10668563300142248,38,-8.223722587499998,0.29673154943364377,-0.11806543385490756,38,Nová Bystřice,49.0190528,15.0986103,583.0
0-203-0-10702028001,39,-0.022480620155038756,0.2034714242973208,-0.14266633563801784,39,-0.01848309663410802,0.21277251935267716,-0.13900134952766532,39,-0.08888888888888886,0.05117835617889057,-0.22143060498428155,38,-0.07414202826010986,0.16287071087412586,-0.15789473684210528,38,-0.009259259259259259,0.940913137581158,-0.008912655971479503,34,-0.12203676609062979,0.4299375528243448,-0.10080645161290325,32,-0.10000000000000009,0.5447624830223586,-0.06798286612597715,39,-0.2305796666666667,0.3153591310736501,-0.11201079622132254,39,-1.032258064516129,0.04859997215146081,-0.23750037866799745,34,-0.375,0.5811552567213558,-0.0688264750016968,32,0.3333333333333333,0.5045209110469877,0.08050140969638038,34,-0.0,0.9741132070078699,-0.0040486161765703995,32,-1.2352941176470589,0.015015270357844333,-0.29311990953396816,34,-0.8273026315789473,0.12722194975515613,-0.19028496029880876,32,-1.2173913043478262,0.035418538162429486,-0.25981129662670766,34,-0.42463235294117646,0.22688769606605197,-0.15458590531678035,32,-0.07692307692307693,0.07492400205415965,-0.2065921443704451,39,-0.058823529411764705,0.1530270889252604,-0.16592640267183512,39,-7.06363636363636,0.2034714242973208,-0.14266633563801784,39,-6.035972537823529,0.2217892729813533,-0.13630229419703105,39,Chlum u Třeboně,48.9581153,14.9351097,462.0
0-203-0-10702039001,39,-0.0021626984126984126,0.799229289487132,-0.028533267127603568,39,-0.01100529317373103,0.40389553717945137,-0.0931174089068826,39,-0.037692307692307685,0.4428366149349868,-0.08714365744542693,38,-0.050924870886666675,0.28524458155149335,-0.12091038406827881,38,-0.04323671497584543,0.6643263849463049,-0.053131025443999856,33,-0.28280401681149736,0.03020006643888436,-0.2701612903225807,32,-0.0,0.9324251656641901,-0.00952412686776762,39,-0.27749775789473685,0.2040235057705807,-0.1417004048582996,39,-1.2456896551724137,0.0256327286738483,-0.27324527371199925,33,-0.2,0.7579041158153561,-0.03842282591122605,32,0.301994301994302,0.5873844247168634,0.06660398872947776,33,0.5394736842105263,0.34667956809514233,0.11740986912054156,32,-0.8507130124777184,0.09713632472582946,-0.20361790840154628,33,-0.6923076923076923,0.23630686634887765,-0.14762454165892117,32,-1.0,0.13047168886619748,-0.18973706292026235,33,-0.4131944444444444,0.24870605027176063,-0.14984106927359978,32,-0.0,0.6870154062512718,-0.04679975459974836,39,-0.0,0.4471934361665624,-0.0889263907154076,39,-0.5833333333333334,0.799229289487132,-0.028533267127603568,39,-3.6800415446666555,0.41765834588777717,-0.09041835357624832,39,Ledenice,48.9334328,14.6184119,496.0
0-203-0-10702060001,39,-0.011342592592592592,0.16699895539386556,-0.15542734804820188,39,-0.030394396325051698,0.028558055284765172,-0.24426450742240216,39,-0.02651515151515153,0.22488890605345158,-0.13690668280281781,39,-0.08401208583333332,0.10245263659151096,-0.1821862348178138,39,0.0071428571428571175,0.9322561079311339,0.01077588709474307,31,-0.2234332545454545,0.06609182185695187,-0.23440860215053763,31,-0.19677419354838707,0.31431827019994085,-0.11324003243869601,39,-0.42245704166666664,0.013143439348479297,-0.2766531713900135,39,-0.15384615384615385,0.8649803574982723,-0.021575086012622948,31,-0.058823529411764705,0.9322365655518443,-0.010799236823301884,31,0.2857142857142857,0.5979179154967502,0.06710098179195086,31,0.5,0.46474424807994785,0.09267262901479041,31,-0.1,0.8917973333637932,-0.01726006881009836,31,-0.55,0.454490083191722,-0.09472556618144076,31,-0.0,0.603837936285712,0.06887548923294702,31,-0.0,0.731954059881514,-0.04472695076831482,31,-0.02857142857142857,0.2540438652906024,-0.13390085504607716,39,-0.06451612903225806,0.05733088830050836,-0.22214672211854172,39,-3.520588235294118,0.16699895539386556,-0.15542734804820188,39,-8.282086006,0.03426386286497409,-0.23616734143049933,39,Ševětín,49.1000267,14.56552,501.0
0-203-0-10703011001,39,-0.051632653061224484,0.13358281397182573,-0.16745446086040552,39,-0.08589876584464556,0.04863355887498223,-0.21997300944669368,39,-0.15041025641025643,0.13358281397182573,-0.16745446086040552,39,-0.2983215128165509,0.038586906025907,-0.23076923076923075,39,-0.10900297619047605,0.4326102057526222,-0.0900900900900901,37,-0.30939507499999763,0.1482419900122246,-0.1635846372688478,38,-0.3250000000000002,0.33910621530366125,-0.10690160935691946,39,-0.695015,0.12446413014279424,-0.17139001349527666,39,-0.5666666666666667,0.21883749424864718,-0.14135354327957847,37,-0.6363636363636364,0.25253067086274217,-0.12962976115233127,38,0.5,0.33938303864073227,0.11019021697637779,37,0.34285714285714286,0.3785773725220771,0.10007273233423032,38,-0.96,0.008538987871587807,-0.30294111050321826,37,-1.2,0.008896914795114471,-0.29693265474696784,38,-1.5277777777777777,0.030340016142305755,-0.25372307546036943,37,-1.4,0.013343057614926617,-0.2860159005316646,38,-0.1111111111111111,0.08220896424055524,-0.1989805121856307,39,-0.14285714285714285,0.030441048596766655,-0.24821679467427102,39,-18.15882352941178,0.1102871035850054,-0.17825797446430267,39,-29.032509970799993,0.05442949134558268,-0.21457489878542513,39,Kamenice nad Lipou  Vodná,49.2831,15.0633,557.0
0-203-0-10703017001,39,-0.0648615001556178,0.0714771486783669,-0.20107962213225372,39,-0.03227265148936168,0.12446413014279424,-0.17139001349527666,39,-0.22481962481962484,0.08149495184847058,-0.19446324487014835,39,-0.10374488231372544,0.0794225366756039,-0.19568151147098517,39,-0.16492346938775515,0.27193122355025057,-0.12612612612612614,37,-0.013614356532356535,0.8547161531814761,-0.02102102102102102,37,-0.5173913043478262,0.10764169834448248,-0.1794871794871795,39,-0.3298035714285715,0.16418287375186902,-0.155195681511471,39,-0.55,0.2495942378075353,-0.13253072167142485,37,-0.6971428571428572,0.3265927434858308,-0.1126972519425715,37,0.5,0.23369622576250082,0.13736040746370382,37,0.5,0.24943209776772524,0.13293294026439353,37,-1.245,0.007903868179524197,-0.3059554499112105,37,-0.8125,0.2091151130878709,-0.14457896909609985,37,-1.3666666666666667,0.027307774672446414,-0.2593593400424733,37,-0.9600313479623825,0.07811406598133058,-0.20752982371978365,37,-0.09523809523809523,0.09807111801561917,-0.1899226481489811,39,-0.07692307692307693,0.10478796643211001,-0.18750275352634957,39,-18.86315789473685,0.08807158233193607,-0.1902834008097166,39,-8.118906796350002,0.17164204508100767,-0.1524966261808367,39,Nová Včelnice,49.2229981,15.0685064,509.0
0-203-0-10703027001,39,-0.017210144927536232,0.3452671090684488,-0.10547689041509924,39,-0.027061770835000002,0.11303671633275073,-0.17678812415654524,39,-0.056918767507002865,0.28696169785070114,-0.1189995686734453,39,-0.10417140811034921,0.11864258293031839,-0.17408906882591094,39,0.06502976190476192,0.6047415849512238,0.060317460317460325,36,-0.07147330865384609,0.4620178214954651,-0.08571428571428572,36,-0.23529411764705882,0.4530636535365429,-0.08395444178533905,39,-0.30466395238095234,0.15697056530468825,-0.15789473684210525,39,-0.30952380952380953,0.4956832306409886,-0.07961823815590915,36,-0.732051282051282,0.2413519507493156,-0.13672513304386988,36,0.07670454545454546,0.8594134082715973,0.02068422756456071,36,-0.0,0.9348127954497409,-0.009584860210026594,36,-0.4907407407407407,0.2696779471092047,-0.12908468980811452,36,-0.3649193548387097,0.5579685835229475,-0.06841706040585466,36,-0.40032679738562094,0.34376799617331577,-0.11385301572169391,36,-0.0,0.6912854138881952,-0.04752629755468622,36,-0.043478260869565216,0.29490069906389904,-0.12079843181787274,39,-0.043478260869565216,0.23745343893388748,-0.13634910087840652,39,-4.6454545454545455,0.43868977418959454,-0.08654514085341476,39,-8.043975999999995,0.18731655262785707,-0.14709851551956815,39,Lodhéřov,49.2131911,14.9622222,526.0
0-203-0-10703036001,38,-0.06583333333333333,0.15542573698815024,-0.16073968705547653,38,-0.027906038177083342,0.25260566594829803,-0.12944523470839261,38,-0.26999999999999996,0.1379145354178585,-0.16797157279456798,38,-0.08950771620105819,0.30852387030486816,-0.11522048364153628,38,-0.5683157001044931,0.03195792325184575,-0.24624624624624625,37,-0.1913262571600195,0.24975628492924207,-0.13213213213213215,37,-1.2611111111111108,0.018725741506775327,-0.26600284495021337,38,-0.3829193333333334,0.24232823970568207,-0.1322901849217639,38,-0.6594202898550725,0.21393688300219205,-0.14296499930831436,37,-0.7032967032967032,0.24967527297899406,-0.13233097668726496,37,0.3495475113122172,0.3528077193104756,0.10717130692223047,37,0.16666666666666666,0.6657164166980853,0.049963882147910435,37,-0.5555555555555556,0.169408948407323,-0.1584927778427352,37,-0.6442687747035574,0.11038993030269788,-0.184013950180778,37,-0.8006535947712419,0.19769852581982506,-0.15177554272043878,37,-0.5185185185185185,0.23168749114711562,-0.14082199977386098,37,-0.08333333333333333,0.12017019098560718,-0.18071106344314974,38,-0.09090909090909091,0.1202687996838232,-0.18043746591540008,38,-27.87272727272727,0.07628861573611229,-0.20056899004267426,38,-12.282713585333324,0.19535259231561808,-0.1465149359886202,38,Strmilov,49.1630636,15.2067203,582.0
0-203-0-10703057001,39,-0.01063348416289593,0.4314014169471778,-0.08807660847521594,39,-0.011322964318760332,0.3771975360539871,-0.09851551956815116,39,-0.03522497704315888,0.5370157091074786,-0.0691062620344002,39,-0.0410341686755084,0.32716180826200836,-0.10931174089068826,39,-0.052000000000000025,0.6351902234664795,-0.0570919049640734,34,-0.06341039201388889,0.6556644947844955,-0.056818181818181816,33,-0.10357142857142858,0.62818115412086,-0.05431194386684055,39,-0.03573418518518518,0.7994690415380712,-0.02834008097165992,39,-0.5714285714285714,0.3980108887353042,-0.1017858765719989,34,-0.4444444444444444,0.438137978924624,-0.09523965018385301,33,-0.0,0.9763340744610014,0.003581056467941997,34,0.11666666666666667,0.7682677385104166,0.0362257827297116,33,-1.2307692307692308,0.031553883523381204,-0.2589289842621025,34,-0.8198924731182795,0.18777722359914295,-0.16113751314550406,33,-0.875,0.09187939176803865,-0.20821756396324795,34,-0.5608974358974359,0.20127538251461663,-0.1605585423323456,33,-0.02857142857142857,0.340509617807487,-0.11086571633992665,39,-0.038461538461538464,0.3050989125127317,-0.11903797917400126,39,-3.0882352941176463,0.4602850287904495,-0.08265650949212573,39,-3.9421911999999923,0.390407855765015,-0.09581646423751687,39,Stráž nad Nežárkou,49.0669992,14.9129792,478.0
0-203-0-10704050001,39,-0.011292517006802782,0.2212251799413495,-0.1372314276137124,39,-0.019025652935672516,0.11303671633275073,-0.17678812415654524,39,-0.03434343434343434,0.2806145621414513,-0.12142605888004754,39,-0.0617353726010101,0.1500010302831153,-0.16059379217273956,39,-0.02640692640692645,0.9387510257867812,-0.011363636363636364,33,-0.13488951273148142,0.34736662016926184,-0.11742424242424243,33,-0.24400000000000005,0.2034714242973208,-0.14266633563801784,39,-0.25725855555555555,0.17164204508100767,-0.1524966261808367,39,-0.05718954248366013,0.8767772931951517,-0.0190479300367706,33,0.18333333333333335,0.8161497398786419,0.028490144114909487,33,-0.027777777777777776,0.9505569143069927,-0.007604617709126885,33,0.6515151515151515,0.16774077020369316,0.16904152174846296,33,-0.6363636363636364,0.28469023153953943,-0.131305006352399,33,-0.5555555555555556,0.33649425763340957,-0.11787157449146671,33,-0.0,0.8511128653999798,-0.023787059870368582,33,-0.7304900181488203,0.16552196661678698,-0.17408864535982832,33,-0.0,0.314899480366729,-0.11761232320424878,39,-0.05263157894736842,0.17517002507614843,-0.15765248325791717,39,-3.3703703703703716,0.2600032041502678,-0.1263616115651015,39,-5.4989869925,0.12446413014279424,-0.17139001349527666,39,Planá nad Lužnicí,49.3533,14.6969,404.0
0-203-0-10704094001,39,-0.04503225185327814,0.13358281397182573,-0.16745446086040552,39,-0.031878931610931846,0.05442949134558268,-0.21457489878542513,39,-0.09916666666666667,0.27614915538570317,-0.12170410432511451,39,-0.10421520832589284,0.08807158233193607,-0.1902834008097166,39,-0.02473544973544973,0.793647097181562,-0.030030030030030033,37,-0.18125478680555562,0.12712442894245324,-0.1777777777777778,36,-0.27826086956521734,0.33910621530366125,-0.10690160935691946,39,-0.3819253636363636,0.038586906025907,-0.23076923076923075,39,-0.4444444444444444,0.3807528597044053,-0.10082794688060065,37,-1.0161290322580645,0.05304849953219804,-0.22575545223522703,36,0.4117647058823529,0.22347380239814574,0.1405928223066523,37,0.5,0.22519778982183747,0.14183379497434806,36,-0.4852941176470588,0.32003208845553066,-0.11445835053441239,37,-0.7582417582417582,0.15642837167428766,-0.16560593536429102,36,-0.75,0.2378673158222845,-0.13785274164258893,37,-1.3504962779156329,0.02155395020710973,-0.27416744014360883,36,-0.09523809523809523,0.09063395617054947,-0.19481721370638913,39,-0.08695652173913043,0.07990412662810988,-0.20109456862833294,39,-13.241666666666667,0.16051550652466284,-0.1566509472565084,39,-10.149754237000002,0.07536440282222054,-0.19838056680161945,39,Jistebnice,49.484444,14.529167,580.0
0-203-0-10704104001,39,-0.017431972789115645,0.09435881269836681,-0.18814889500571808,39,-0.02172916531048827,0.060790626528753035,-0.20917678812415658,39,-0.05642857142857143,0.12075326067958538,-0.174514917106753,39,-0.07154481166666664,0.1500010302831153,-0.16059379217273956,39,-0.03160087719298245,0.7938612170038639,-0.034090909090909095,33,-0.19113711111111104,0.06609182185695187,-0.23440860215053763,31,-0.275,0.13911229913077838,-0.1665641157497546,39,-0.3129700380952381,0.0714771486783669,-0.20107962213225372,39,-0.2,0.7921652827778611,-0.032288829996897424,33,-0.7692307692307693,0.3411290060051084,-0.12055981150365189,31,0.4342857142857143,0.3685569092166122,0.11026695678233983,33,0.5,0.2689837298728629,0.14039007870292447,31,-0.9,0.09721668508307921,-0.20322969468635435,33,-0.8125,0.22084939642203594,-0.15534061929088522,31,-0.943939393939394,0.08298921721162009,-0.21889787063241875,33,-0.7777777777777778,0.12746569306820588,-0.1992667713364651,31,-0.05555555555555555,0.10677114360286266,-0.18790040346510992,39,-0.05,0.12606070292438037,-0.17860770055289663,39,-5.218181818181818,0.10430074526243684,-0.18269530384613203,39,-6.279291558166666,0.06775575764957957,-0.20377867746288802,39,Milevsko,49.452778,14.368611,453.0
0-203-0-10704117001,38,-0.0,0.5578760872956032,0.0681542065691183,38,-0.0018690077240896361,0.6599250359110042,-0.04978662873399716,38,0.0004444444444444547,0.4756042939819469,0.08297033843197012,38,-0.006944951931818181,0.6239185944721397,-0.055476529160739696,38,0.06400000000000002,0.5515686346318969,0.08333373025228963,26,-0.06658513635057473,0.5630785727268515,-0.08666666666666664,25,0.03333333333333333,0.40760850566115747,0.0963792525287535,38,-0.031046654999999996,0.7154210355044728,-0.041251778093883355,38,-1.0,0.1598021358738695,-0.2,26,0.0625,0.9255294896797694,0.013378001241813021,25,0.09523809523809523,0.8772422719074306,0.021672242088965153,26,0.023809523809523808,0.9813620424203704,0.0033389028164708887,25,-1.25,0.019381600376999295,-0.32766967389964874,26,-0.42810457516339867,0.5908502543133582,-0.07705289916987292,25,-1.0,0.18909041325561093,-0.18926692968257558,26,-0.0,0.7372026665941376,-0.05071664892015528,25,-0.0,0.689631635723646,0.04801276139953759,38,-0.0,0.7461011302024421,-0.03918528991731694,38,0.0,0.4834852531697593,0.08155167521663757,38,-0.23767921143333334,0.8701761346650183,-0.01849217638691323,38,Bernartice,49.3662453,14.3893392,485.0
0-203-0-10705023001,39,-0.035372340425531924,0.033202917794753824,-0.2379991373468906,39,-0.025485082982189242,0.03426386286497409,-0.23616734143049933,39,-0.10138888888888893,0.059077172153505234,-0.21095378083019847,39,-0.0683638739436508,0.10764169834448248,-0.1794871794871795,39,-0.11838624338624329,0.47031023808423655,-0.08419383116504596,36,-0.09970574109649125,0.30963276552902624,-0.12903225806451615,32,-0.46296296296296297,0.044546261577405884,-0.2247812473607465,39,-0.325134425,0.05442949134558268,-0.21457489878542513,39,-0.5086206896551724,0.32637926717101906,-0.11501832252031913,36,-0.21904761904761905,0.8456680285795474,-0.024242473711862965,32,0.20714285714285713,0.7027599486913201,0.044657608470472246,36,1.0611111111111111,0.05159635003443694,0.2424247371186297,32,-0.9555335968379447,0.05472152546367738,-0.22434431435408156,36,-0.33967391304347827,0.6380244371577504,-0.05864536586450292,32,-0.6515151515151515,0.20444259917660312,-0.1537954137379659,36,-0.5384615384615384,0.25168835145523083,-0.1481668148335556,32,-0.0967741935483871,0.022983458069111957,-0.2639772126905432,39,-0.09090909090909091,0.03167622493849613,-0.24941290874552646,39,-10.88888888888889,0.049970162641912626,-0.21906738778520612,39,-9.028011977499997,0.025226179981382203,-0.24966261808367074,39,Kovářov  Vepice,49.525278,14.301389,527.0
0-203-0-10801005002,39,-1.01388775510204,0.025226179981382203,-0.24966261808367074,39,-0.8746077590767343,0.043364957125070935,-0.2253711201079622,39,-1.9086538461538463,0.07536440282222054,-0.19838056680161945,39,-1.6810115431818182,0.0794225366756039,-0.19568151147098517,39,-1.4984520123839007,0.10764169834448248,-0.1794871794871795,39,-1.4521941074074078,0.12446413014279424,-0.17139001349527666,39,-3.0571428571428574,0.03637067806905364,-0.23346828609986506,39,-2.9622857894736847,0.08807158233193607,-0.1902834008097166,39,-0.9545454545454546,0.011001891566747954,-0.285528037729104,39,-1.0333333333333334,0.013058849097061523,-0.2785390362456539,39,0.4482758620689655,0.0674742875930215,0.20544902243327298,39,0.36363636363636365,0.13639022620038535,0.1673525149622025,39,-0.6666666666666666,0.04072993282092509,-0.22993963437896114,39,-0.8888888888888888,0.013067741670148668,-0.2785390362456539,39,-1.1666666666666667,0.008911993780625611,-0.2995966505015979,39,-1.105263157894737,0.01218099739045111,-0.2872621331623586,39,-0.18181818181818182,0.0002644103508482549,-0.41774141254671726,39,-0.16666666666666666,0.005182425974785825,-0.3193520527015303,39,-351.0111111111111,0.023690288933547344,-0.252361673414305,39,-297.6387824725,0.030361643172489267,-0.24156545209176788,39,Filipova Huť,49.0298283,13.5197133,1110.0
0-203-0-10801017001,39,-0.13459759481961142,0.16785024258173942,-0.15395006885553414,39,-0.6607713175633769,0.09746458904267719,-0.18488529014844804,39,-0.36086956521739116,0.1997155760346475,-0.143146555251637,39,-1.511818363315934,0.14327003755601345,-0.16329284750337383,39,-0.30687423687423687,0.4025653652545814,-0.09609609609609611,37,-1.409707323888889,0.15697056530468825,-0.15789473684210525,39,-0.7529411764705881,0.28150846216111824,-0.12043345864260548,39,-2.9966068421052645,0.10245263659151096,-0.1821862348178138,39,-0.5634920634920635,0.21401527175517165,-0.14274985246059058,37,-0.8947368421052632,0.02432597492592697,-0.2525505389808086,39,0.08391608391608392,0.8036223626122911,0.0286796455143997,37,0.2,0.47505829071334615,0.08016489335850527,39,-0.6666666666666666,0.0750847742646471,-0.20544181677224457,37,-0.5806451612903226,0.1531647843775341,-0.16022023440717964,39,-0.6363636363636364,0.12367786070979586,-0.181929425071953,37,-0.4375,0.2059926434740812,-0.1448170230161953,39,-0.10810810810810811,0.039583422207897456,-0.2368640943624443,39,-0.1,0.20646176037008068,-0.14419681878290005,39,-36.2962962962963,0.2357881027244112,-0.13234304164773986,39,-186.64252615507687,0.15697056530468825,-0.15789473684210525,39,Srní  Vchynice - Tetov I,49.0606156,13.5041194,930.0
0-203-0-10801028001,39,-0.6411851851851849,0.10245263659151096,-0.1821862348178138,39,-1.1525082492860188,0.01227797740532341,-0.2793522267206478,39,-0.8972222222222221,0.30383969072789097,-0.11470985155195683,39,-1.9405505111181547,0.05442949134558268,-0.21457489878542513,39,-0.7960633116883118,0.4605696129518848,-0.08232118758434548,39,-1.848203012180814,0.0794225366756039,-0.19568151147098517,39,-1.7874999999999996,0.15336544555925036,-0.15956760344848347,39,-3.3703587777777777,0.038586906025907,-0.23076923076923075,39,-0.9583333333333334,0.023601746205312902,-0.2537350804180503,39,-0.9565217391304348,0.00557924951149908,-0.31030066678191465,39,0.17647058823529413,0.3574013842335897,0.10347580140531526,39,0.25,0.24022353775635386,0.13197718659620847,39,-0.4444444444444444,0.2169218380724025,-0.13849545686044343,39,-0.8333333333333334,0.014993355775449463,-0.27235997390028316,39,-0.5833333333333334,0.20617143488332534,-0.1448170230161953,39,-0.9130434782608695,0.017804242697386747,-0.2709486050903503,39,-0.16666666666666666,0.036607561248001554,-0.23916169989640576,39,-0.2,0.007810886152372963,-0.30386172702897585,39,-160.3411764705882,0.1500010302831153,-0.16059379217273956,39,-309.17390409862065,0.022236193035472092,-0.2550607287449393,39,Prášily,49.1069,13.3786,883.0
0-203-0-10801069001,39,-0.06278072079895788,0.0836565829857083,-0.1929824561403509,39,-0.03498554671479031,0.05442949134558268,-0.21457489878542513,39,-0.1365530303030303,0.16418287375186902,-0.155195681511471,39,-0.09917471616071423,0.08807158233193607,-0.1902834008097166,39,-0.11200000000000003,0.6062399309779682,-0.05832147937411096,38,-0.09091703102083346,0.509200908053861,-0.08467741935483872,32,-0.38571428571428584,0.2217892729813533,-0.13630229419703105,39,-0.24562300000000034,0.2040235057705807,-0.1417004048582996,39,0.6818181818181818,0.3204434799744701,0.11269660703513576,38,-0.16228070175438597,0.7332770207201162,-0.042553737518984586,32,0.7142857142857143,0.14802822712201802,0.16428722305285406,38,0.5720823798627002,0.16302130975560603,0.17373772826835127,32,0.037037037037037035,0.9498704530360561,0.007122514349029191,38,-0.525,0.35495169929356907,-0.11550300183724388,32,-0.7241379310344828,0.1975984408200795,-0.14929266463490815,38,-0.8156108597285068,0.1476438039579549,-0.18335905566324823,32,-0.1111111111111111,0.06761745572407239,-0.21100364991643653,39,-0.1,0.052200055875448716,-0.22515442581353226,39,-21.12727272727274,0.10245263659151096,-0.1821862348178138,39,-9.921655873266667,0.05753700343783177,-0.21187584345479082,39,Čachrov,49.264136,13.301694,729.0
0-203-0-10801117001,39,-0.04575609756097561,0.014535613398075171,-0.2727887184984026,39,-0.028033465702511775,0.03426386286497409,-0.23616734143049933,39,-0.11607843137254902,0.06957561304986837,-0.20256588007307122,39,-0.07740113403733773,0.0794225366756039,-0.19568151147098517,39,-0.10587878787878782,0.4025653652545814,-0.09609609609609611,37,-0.04908939411764708,0.5796775023571927,-0.06554621848739495,35,-0.48571428571428577,0.04721987656834451,-0.22177192343687532,39,-0.19208663999999998,0.2217892729813533,-0.13630229419703105,39,-0.9285714285714286,0.0751845804822089,-0.2048202062194748,37,-0.3333333333333333,0.6699825865291464,-0.050547760429991845,35,0.3431372549019608,0.34619173227816014,0.10843422682207489,37,0.5789473684210527,0.13948965368800703,0.17552898867498032,35,-0.7416666666666667,0.10199040790770852,-0.18811184119515043,37,-0.4444444444444444,0.41007245492364597,-0.097561010114806,35,-0.8360071301247771,0.18466152827969773,-0.15580076277466584,37,-1.0,0.031122362523761046,-0.26462806201248157,35,-0.08695652173913043,0.03482980623729663,-0.24425455126325962,39,-0.10526315789473684,0.020768422622429124,-0.26883745983267593,39,-12.840000000000002,0.03323727364699574,-0.2376772992857369,39,-8.014126415000003,0.0714771486783669,-0.20107962213225372,39,Chanovice,49.4031031,13.7176939,533.0
0-203-0-10801119001,39,-0.0,0.903403492964718,-0.013690668280281782,39,-0.017170926540554684,0.13677322642600173,-0.1659919028340081,39,-0.0,0.7793854010615732,0.031821758356469575,39,-0.05388169657142858,0.24063678561206192,-0.1309041835357625,39,0.08939393939393932,0.5437185145600891,0.07956989247311828,31,0.006853712000000059,0.9731187568658406,0.006451612903225807,31,-0.0,1.0,0.0,39,-0.22413938461538463,0.29260326889940047,-0.1174089068825911,39,0.0,0.9593105909644175,0.00647954209398113,31,-0.2857142857142857,0.7210709126085169,-0.045258725797920896,31,0.2,0.6218846219036245,0.06263557357515093,31,0.5,0.34961130935919915,0.11879160505632072,31,-0.058823529411764705,0.8516067702636864,-0.02375832101126414,31,-0.12,0.8783888429294412,-0.019396596770537525,31,-0.0,0.9040172692159294,-0.015896574000535086,31,-0.75,0.14627033130768965,-0.1885609383717603,31,-0.0,0.605603869302479,-0.060893743337065126,39,-0.0625,0.14830054507281937,-0.16898959164669788,39,-0.0,0.9903161552345523,-0.0013700185603836696,39,-5.415105493000001,0.15697056530468825,-0.15789473684210525,39,Horažďovická Lhota  Smrkovec,49.3398103,13.5981892,483.0
0-203-0-10802009001,39,-0.07192412850307583,0.07536440282222054,-0.19838056680161945,39,-0.1307531310444876,0.02684751802189946,-0.24696356275303644,39,-0.2027972027972029,0.13050611862163883,-0.16869095816464239,39,-0.45322854803030316,0.04091686469864341,-0.2280701754385965,39,-0.2262471655328797,0.19535259231561808,-0.1465149359886202,38,-0.3254698083333336,0.12202144157473259,-0.17496443812233287,38,-0.4448275862068966,0.16418287375186902,-0.155195681511471,39,-0.68303826875,0.10764169834448248,-0.1794871794871795,39,0.045454545454545456,0.9799386711476813,0.0028469758100774234,38,-0.2857142857142857,0.7342367943516035,-0.03846157748475763,38,0.5,0.10743278246164273,0.18272778753659558,38,0.42857142857142855,0.15895051096771662,0.15988681409452116,38,-0.12903225806451613,0.7532195209352199,-0.035663483238967016,38,-0.25,0.5212604100246868,-0.07275350580749271,38,-0.3888888888888889,0.4799665426123275,-0.08147525492155858,38,-0.8235294117647058,0.07080091447719437,-0.20977689126749766,38,-0.09375,0.06261226592513067,-0.2141276328062718,39,-0.125,0.03026124632694863,-0.2492967858282277,39,-21.139999999999965,0.08807158233193607,-0.1902834008097166,39,-39.12350259999997,0.043364957125070935,-0.2253711201079622,39,Vimperk,49.0657822,13.7824278,637.0
0-203-0-10802017001,39,-0.02338534278959811,0.4754031324799811,-0.0796221322537112,39,-0.12572345229860366,0.10764169834448248,-0.1794871794871795,39,-0.06936813186813207,0.3837331011613999,-0.09723162243507417,39,-0.5147229097390111,0.05753700343783177,-0.21187584345479082,39,-0.22741071428571424,0.23234853408410838,-0.13513513513513514,38,-0.531749890652557,0.051337805532491856,-0.22048364153627312,38,-0.17647058823529413,0.5696595221156575,-0.06342780026990553,39,-0.68855832,0.1500010302831153,-0.16059379217273956,39,0.8461538461538461,0.21319963803513586,0.14102578411077799,38,-0.6060606060606061,0.3024748524131565,-0.11689264071515854,38,0.15,0.6417112029136249,0.052781955193671175,38,0.38095238095238093,0.28491444508786845,0.121604280061246,38,0.037037037037037035,0.9498704530360561,0.007122514349029191,38,-0.47058823529411764,0.30221988507449893,-0.11739685286441892,38,-0.0,0.9295175664238035,-0.010237868685887103,38,-0.8076923076923077,0.15398646531715596,-0.16452788726816273,38,-0.0,0.7142303495208195,-0.042387597598306445,39,-0.0625,0.29611546600554983,-0.11940989796665913,39,-5.894736842105263,0.5058407321085243,-0.07422402159244265,39,-36.61285153983334,0.16418287375186902,-0.155195681511471,39,Vacov  Peckov,49.1352075,13.7263994,738.0
0-203-0-10802038001,39,-0.001586211407639979,0.6977483706193388,-0.0438101384969017,39,-0.023861028875196234,0.17935201488071417,-0.14979757085020245,39,-0.010416666666666666,0.6528984192189768,-0.050903524703460885,39,-0.07576227858547008,0.21277251935267716,-0.13900134952766532,39,0.07115384615384614,0.6711542494532579,0.0574712643678161,30,-0.24443743220238096,0.14094066848146464,-0.18548387096774197,32,-0.0,0.8937907103183799,-0.015070204164220365,39,-0.33709730769230783,0.30383969072789097,-0.11470985155195683,39,-0.4444444444444444,0.4219157441720427,-0.10368691118692479,30,-0.7211538461538461,0.33043246557312644,-0.12121236855931485,32,0.5,0.44283859311882146,0.09907860402306144,30,0.5326086956521738,0.2631049790414154,0.1392533504127388,32,-0.375,0.4219157441720427,-0.10368691118692479,30,-0.2629310344827586,0.7702485484693011,-0.03643754558913359,32,-0.21212121212121213,0.5530205778951194,-0.07862158588810496,30,-0.3888888888888889,0.38653962132871544,-0.11083695057625491,32,-0.0,0.4463951013543108,-0.08947363520805592,39,-0.034482758620689655,0.2989809667436999,-0.1207248745668735,39,-0.0,0.808217607917387,-0.027381336560563563,39,-6.705122228466674,0.16418287375186902,-0.155195681511471,39,Volyně  Nihošovice,49.1854894,13.8612525,448.0
0-203-0-10802073001,39,-0.0295,0.051315412631310835,-0.21815898406938103,39,-0.009081363396825396,0.17164204508100767,-0.1524966261808367,39,-0.09384615384615386,0.12666764414824297,-0.17178812152696,39,-0.029560846865979856,0.2709770075414829,-0.12280701754385966,39,-0.20975378787878773,0.2000889806136233,-0.1590909090909091,33,0.045274214943751744,0.7099504042154783,0.052910052910052914,28,-0.4419354838709677,0.04711202082033295,-0.22237538556857142,39,-0.064711228,0.6029482157578505,-0.058029689608636977,39,-0.8856209150326797,0.11383471759911654,-0.19391775158273555,33,-0.375,0.40648344235657985,-0.11140622746386529,28,0.5,0.34428786669666067,0.11608123749994696,33,0.3225806451612903,0.5663069037757942,0.07723207124027949,28,-0.6733333333333333,0.3062111297492398,-0.12547619220059358,33,-0.25,0.6073427995111216,-0.06896575985858328,28,-0.5716666666666668,0.2602008025900723,-0.14242717305466188,33,-0.2858333333333334,0.2970481226733944,-0.145910923101986,28,-0.06060606060606061,0.089454546810757,-0.1977164387129204,39,-0.043478260869565216,0.0934904060351642,-0.1981076501151044,39,-9.205000000000002,0.07129748007208551,-0.2018986871201104,39,-2.5954006903125,0.21277251935267716,-0.13900134952766532,39,Sedlice,49.3756828,13.9416925,511.0
0-203-0-10803008001,39,-0.035975320360702424,0.4316936766435925,-0.08771929824561404,39,-0.10842264813178297,0.09746458904267719,-0.18488529014844804,39,-0.1251851851851855,0.4754031324799811,-0.0796221322537112,39,-0.34279259646449706,0.11864258293031839,-0.17408906882591094,39,-0.08106060606060662,0.5058407321085243,-0.07422402159244265,39,-0.24261743958333334,0.2504723290962606,-0.12820512820512822,39,-0.2285714285714288,0.5135764815487527,-0.07292371682630563,39,-0.5188605909090911,0.2217892729813533,-0.13630229419703105,39,-0.5806451612903226,0.2553896197855213,-0.12711317562845292,39,-0.55,0.3970826141955226,-0.0945307440340999,39,-0.18518518518518517,0.5133709269200284,-0.07322116354087109,39,-0.0,0.9517392945782024,0.0067843604389853035,39,0.2,0.6197606122004614,0.05555601457667467,39,-0.15384615384615385,0.7715080556044924,-0.03245442782003054,39,0.6363636363636364,0.33209394352222243,0.10983085686706262,39,-0.0,0.7064123337963442,-0.043012390584010275,39,-0.0,0.9515522324591474,-0.006957360565931142,39,-0.07142857142857142,0.20641711187229372,-0.14440266730851803,39,-8.108333333333334,0.586194272100195,-0.06072874493927126,39,-30.950809540000005,0.14327003755601345,-0.16329284750337383,39,Zbytiny,48.92618,13.9691961,792.0
0-203-0-10803031001,39,-0.058886898096304596,0.022236193035472092,-0.2550607287449393,39,-0.05821007013061914,0.030361643172489267,-0.24156545209176788,39,-0.20675747863247862,0.05286536540614903,-0.2163628521335369,39,-0.21669124526357464,0.05753700343783177,-0.21187584345479082,39,-0.17700757575757575,0.14296602407904052,-0.16816816816816815,37,-0.3433118054232803,0.09936518330262732,-0.1891891891891892,37,-0.6047619047619046,0.017135766254974448,-0.26657743092801434,39,-0.7938227272727277,0.022236193035472092,-0.2550607287449393,39,0.10555555555555556,0.7935780617802739,0.03012061856168747,37,0.18333333333333335,0.8138516113710343,0.02706769977694056,37,0.40588235294117647,0.2953350811291766,0.1203008878975136,37,0.6451048951048951,0.08897368682468797,0.19578402065096853,37,0.1,0.8239743934344832,0.025621884967933883,37,-0.15384615384615385,0.7337305370242,-0.039156804130193706,37,-0.0,0.9685444693745211,0.004642483509028384,37,-0.2335928809788654,0.5628274502230053,-0.06825323917957783,37,-0.08333333333333333,0.07521266546845717,-0.20537688591866488,39,-0.07142857142857142,0.09532287620827658,-0.19201408832931877,39,-17.752,0.038586906025907,-0.23076923076923075,39,-18.491655596270768,0.03637067806905364,-0.23346828609986506,39,Prachatice,49.0073094,13.9934122,607.0
0-203-0-10804001001,38,-0.021014492753623187,0.36533365502057247,-0.10249112916278724,38,-0.0236698918068323,0.12202144157473259,-0.17496443812233287,38,-0.05113636363636364,0.36533365502057247,-0.10249112916278724,38,-0.089240947875,0.09451183368020259,-0.1891891891891892,38,0.00752990851513029,0.9132285432239224,0.012698412698412698,36,-0.05168184222222235,0.5433186857519277,-0.07308377896613191,34,-0.24230769230769234,0.5295164586882783,-0.07127600043607228,38,-0.17308970588235292,0.3856892363856862,-0.09815078236130868,38,-1.1666666666666667,0.016457307927179345,-0.2807049675286827,36,-0.9545454545454546,0.13809214461482247,-0.17873165215485864,34,0.2967032967032967,0.45355777182768164,0.08765009801785555,36,0.2608695652173913,0.593278626814881,0.06457526361643945,34,-0.9591666666666667,0.03587013716115886,-0.24522417352020018,36,-0.7142857142857143,0.191996934965194,-0.15700273865120185,34,-1.1433333333333335,0.06662685215718925,-0.2190490132474749,36,-0.8235294117647058,0.14699156329503352,-0.18046238350001118,34,-0.047619047619047616,0.2642503841443956,-0.13119431691539143,38,-0.10714285714285714,0.044161913655916166,-0.235394934745266,38,-7.583333333333359,0.3267475726298049,-0.11103205659301953,38,-9.0326641,0.12202144157473259,-0.17496443812233287,38,Radošice  Mladý Smolivec,49.5023517,13.7266981,552.0
0-203-0-10804016002,39,-0.03809576138147566,0.0457979388108198,-0.22357908305247123,39,-0.014157141699299717,0.06775575764957957,-0.20377867746288802,39,-0.11444051304732421,0.07500844202008473,-0.19973286989322497,39,-0.04165939809009106,0.21277251935267716,-0.13900134952766532,39,-0.09353668261562997,0.5953811594158698,-0.0685483870967742,32,0.10214091874999998,0.21320255677024738,0.1737891737891738,27,-0.5555555555555556,0.06758150270064393,-0.20460873661165552,39,-0.08038330000000027,0.586194272100195,-0.06072874493927126,39,-1.0,0.02220629674881831,-0.28456119432168364,32,-0.8125,0.20329690850497406,-0.17428642566033203,27,0.3279569892473118,0.37208737496144295,0.11145026493067393,32,0.21052631578947367,0.7228099234501364,0.04871140157800857,27,-1.25,0.008595000886604106,-0.3272733951101501,32,-0.6666666666666666,0.3168900548229616,-0.13694735760349214,27,-1.5857771260997067,0.00818663680457374,-0.3376876563948168,32,-0.6666666666666666,0.1645405760544284,-0.1963190489380783,27,-0.1111111111111111,0.03370939106953621,-0.24621255561957156,39,-0.07142857142857142,0.03922362384052442,-0.24307352047237615,39,-13.300000000000002,0.05427647050904669,-0.21544893457783593,39,-4.929860499000001,0.060790626528753035,-0.20917678812415658,39,Závišín,49.487222,13.923056,501.0
0-203-0-10805038001,39,-0.014200680272108843,0.14135356821665138,-0.16646828348969642,39,-0.010750538806757479,0.12446413014279424,-0.17139001349527666,39,-0.03391608391608391,0.20096434747665648,-0.14527324467083938,39,-0.03178088794509805,0.21277251935267716,-0.13900134952766532,39,0.20227272727272733,0.2116391147410519,0.16110482473596893,30,0.03820106935483873,0.6971651256176505,0.05287356321839081,30,-0.29,0.18513682298561573,-0.15016979696570618,39,-0.11714051333333338,0.41765834588777717,-0.09041835357624832,39,-0.2,0.7889297198920173,-0.03456230372897493,30,0.21052631578947367,0.7210984629297998,0.0461363776965222,30,0.631578947368421,0.33526203524878895,0.12428086479631888,30,0.7741935483870968,0.20496928550013915,0.1639740355424599,30,-0.6666666666666666,0.24603402047843004,-0.149769982825558,30,0.15,0.8875122085953918,0.020689655172413793,30,-0.7777777777777778,0.12609322408933973,-0.20351766484996373,30,-0.0,0.5015918460403875,-0.0904121362497919,30,-0.0625,0.054456690431414476,-0.22467142564840425,39,-0.038461538461538464,0.11565666285410205,-0.18500548593889338,39,-4.363333333333333,0.15145537220688224,-0.16245493416531578,39,-3.154835886999993,0.15697056530468825,-0.15789473684210525,39,Nečín  Bělohrad,49.7067,14.2017,465.0
0-203-0-10805047001,39,-0.016833333333333336,0.40389553717945137,-0.0931174089068826,39,-0.0362564411473842,0.025226179981382203,-0.24966261808367074,39,-0.01763888888888889,0.7348077017886503,-0.03781229761363996,39,-0.11188691888333328,0.043364957125070935,-0.2253711201079622,39,0.1420833333333334,0.39961019101354256,0.09530583214793742,38,-0.20227020274147725,0.1487910839131972,-0.16825396825396827,36,0.047619047619047616,0.8654221498576011,0.019009180353394193,39,-0.4341460526315787,0.030361643172489267,-0.24156545209176788,39,-0.2,0.6689323465968913,-0.048537068564408196,38,-0.7253846153846153,0.3004017286202948,-0.12101972199698191,36,0.5,0.20402623544445264,0.14408047228542673,38,0.7019704433497538,0.11091625929473663,0.18615804808104638,36,-0.6923076923076923,0.12493649384530063,-0.17416242249581768,38,-0.5477272727272727,0.24673617434852435,-0.13545924239123128,36,-0.875,0.15378982204525476,-0.1650204868353187,38,-1.3125,0.03390784869895587,-0.2531645780675131,36,-0.08333333333333333,0.1348937355068172,-0.17139715354277463,39,-0.11764705882352941,0.022234110479206034,-0.262540131264768,39,-5.444444444444445,0.4107084640282157,-0.09182986563312562,39,-12.750444406700002,0.025226179981382203,-0.24966261808367074,39,Střezimíř,49.5381,14.6181,588.0
0-203-0-10805078001,37,-0.005726259556046782,0.470244284976582,-0.08391618226883782,37,-0.003850530337524873,0.48002672231040755,-0.08108108108108109,37,-0.0,0.6924300216469107,-0.04638785791588619,37,-0.0025398749941453,0.793647097181562,-0.030030030030030033,37,0.14166666666666666,0.26900071917426505,0.15142918950815734,27,0.015761857575757567,0.916846744693041,0.019762845849802372,23,-0.05505050505050503,0.5992373137052035,-0.06136384120066407,37,-0.021311285933503836,0.8138828720852836,-0.02702702702702703,37,-0.0,0.9833605451943926,-0.0028571545190218366,27,0.6818181818181818,0.3149531034942199,0.1510961267726334,23,-0.23809523809523808,0.6167690999347494,-0.06847367880174607,27,0.5,0.4754867879005781,0.10714370074422515,23,0.11538461538461539,0.9003944460282965,0.017167540087486825,27,0.5,0.5432772547451947,0.09127055989322883,23,-0.0,0.5254898388175313,0.09065471553673686,27,-0.0,0.5669094799243631,-0.09132420307212488,23,-0.0,0.4239166920727583,-0.09738155563505967,37,-0.0,0.8597479434262585,-0.02194324894143514,37,-1.7849999999999997,0.47823992826282213,-0.08258271015270507,37,-1.0495564944711535,0.4964399910945455,-0.07807807807807807,37,Jablonná,49.780786,14.452009,327.0
0-203-0-10805107001,39,-0.01423076923076923,0.14135356821665138,-0.16646828348969642,39,-0.014727240246568626,0.051463265486995834,-0.21727395411605938,39,-0.029006820119352093,0.27184896318353813,-0.12532242376401517,39,-0.03998145679166667,0.10764169834448248,-0.1794871794871795,39,0.0024999999999997394,0.9401680375472738,0.009876573316836976,29,0.023994750000000013,0.6495672634399079,0.06552706552706554,27,-0.21999999999999992,0.18116988875861118,-0.15144104032359945,39,-0.1552113346153846,0.23107652262151057,-0.13360323886639677,39,-0.35416666666666663,0.6390452823784382,-0.061652328002566,29,0.5789473684210527,0.40397586183347145,0.11445026724991215,27,0.38348416289592757,0.3775575804737421,0.11648302884431964,29,0.5,0.36961364567482136,0.12321119222672756,27,-0.4117647058823529,0.5608346279325974,-0.07644888672318184,29,-0.1,0.9169472450551427,-0.014285772595109183,27,-0.5960144927536233,0.19051671918743107,-0.17826779424230102,29,-0.2916666666666667,0.25794986600583736,-0.1625178233723707,27,-0.041666666666666664,0.15411996740290948,-0.16714454483611768,39,-0.047619047619047616,0.04459698656843297,-0.2386221301104096,39,-4.106666666666672,0.1621615963079448,-0.15821365786210817,39,-4.304026865064706,0.07536440282222054,-0.19838056680161945,39,Voznice,49.819169,14.212691,385.0
0-203-0-10901012001,39,-0.04402778895415897,0.10764169834448248,-0.1794871794871795,39,-0.084121417373157,0.023690288933547344,-0.252361673414305,39,-0.12257936507936507,0.18731655262785707,-0.14709851551956815,39,-0.2675250205777777,0.032262230741344065,-0.2388663967611336,39,-0.125,0.4283431834865046,-0.08961593172119488,38,-0.26963507698412703,0.06419523722734863,-0.20647773279352227,39,-0.3428571428571429,0.276242887586016,-0.12153952804384273,39,-0.5785973750000001,0.043364957125070935,-0.2253711201079622,39,-0.6,0.22259092765620236,-0.1381767783711663,38,-0.68,0.14315292716874373,-0.1637353763568007,39,0.6363636363636364,0.051190618407426676,0.22174898128815448,38,0.6363636363636364,0.08557357672794175,0.1930713397977751,39,-1.0,0.055916603948878166,-0.21698924769970726,38,-1.0,0.039664965296953784,-0.23019766295980063,39,-1.12,0.035004935230593455,-0.244246295791878,38,-1.105263157894737,0.017837954355693887,-0.27017667017386315,39,-0.09090909090909091,0.05027123933976739,-0.22467262254198347,39,-0.1111111111111111,0.02359279773225979,-0.26050113575309186,39,-14.399999999999997,0.08581821413108454,-0.1917623664691741,39,-26.682999525000003,0.01716828148067633,-0.2658569500674764,39,Nížkov,49.5325,15.8067,531.0
0-203-0-10901046001,39,-0.03153921568627452,0.19553924942719925,-0.14439946018893388,39,-0.04613991272407865,0.10245263659151096,-0.1821862348178138,39,-0.08149038461538463,0.3516160877892871,-0.10391363022941971,39,-0.15128564545075757,0.10764169834448248,-0.1794871794871795,39,-0.16185064935064933,0.15542573698815024,-0.16073968705547653,38,-0.15151355208333336,0.21327199008742925,-0.14082503556187767,38,-0.14285714285714285,0.4532179794263096,-0.08372723043020276,39,-0.28556592857142854,0.18731655262785707,-0.14709851551956815,39,-0.6666666666666666,0.25756819206376935,-0.12866494157258185,38,-0.5263157894736842,0.2795013353752378,-0.12259472075004432,38,0.35294117647058826,0.21288592068373824,0.14183745000219578,38,0.25,0.3992124772795145,0.09599100151663754,38,-0.6,0.12493649384530063,-0.17416242249581768,38,-0.5666666666666667,0.13124128486773456,-0.17130730081555837,38,-0.875,0.07694274935183172,-0.20522080103341175,38,-0.6666666666666666,0.20240062474733989,-0.1474961873483822,38,-0.058823529411764705,0.23296372689857459,-0.13725328657958602,39,-0.08,0.16170643287933828,-0.16094560635765529,39,-9.625,0.1997155760346475,-0.143146555251637,39,-15.634431918823529,0.08807158233193607,-0.1902834008097166,39,Polná,49.4864,15.7061,490.0
0-203-0-10901060001,39,-0.04705882352941176,0.14327003755601345,-0.16329284750337383,39,-0.056993286988740434,0.04091686469864341,-0.2280701754385965,39,-0.13306184012066366,0.24063678561206192,-0.1309041835357625,39,-0.16323481653867092,0.0836565829857083,-0.1929824561403509,39,-0.1847222222222221,0.14327003755601345,-0.16329284750337383,39,-0.17991534749999988,0.12446413014279424,-0.17139001349527666,39,-0.3105263157894736,0.23107652262151057,-0.13360323886639677,39,-0.36046305263157885,0.13050611862163883,-0.16869095816464239,39,-0.3939393939393939,0.35773016261197466,-0.10291189638202851,39,-0.22857142857142856,0.6544059598653353,-0.0500000456538244,39,0.42857142857142855,0.20367028115784924,0.14266633563801784,39,0.5,0.149762412438867,0.16146777844785024,39,-0.96,0.017135766254974448,-0.26657743092801434,39,-0.6923076923076923,0.03628864889967772,-0.23441928101865167,39,-1.1666666666666667,0.05502652691483602,-0.21875684611682164,39,-1.0769230769230769,0.04114063297202617,-0.23393519102616164,39,-0.0625,0.19663033699865284,-0.14889109038016873,39,-0.1111111111111111,0.04102098146602948,-0.23461033006638843,39,-13.629411764705878,0.18731655262785707,-0.14709851551956815,39,-16.812996488866688,0.060790626528753035,-0.20917678812415658,39,Štoky,49.501462,15.590799,530.0
0-203-0-10901104001,39,-0.04685244250461642,0.03426386286497409,-0.23616734143049933,39,-0.011251744405833763,0.12446413014279424,-0.17139001349527666,39,-0.1425339366515837,0.0836565829857083,-0.1929824561403509,39,-0.02496344609953704,0.29260326889940047,-0.1174089068825911,39,-0.13486111111111104,0.26622415379181263,-0.12772355220158102,37,-0.036308881785714286,0.6155613796360289,-0.0689655172413793,29,-0.5681818181818182,0.06767532763605924,-0.20433092421385873,39,-0.0777492500000001,0.2040235057705807,-0.1417004048582996,39,-0.6125541125541125,0.2495942378075353,-0.13253072167142485,37,-0.525,0.36752073824214304,-0.11881333710010121,29,0.5,0.21367544609786426,0.14361632386163406,37,-0.25357142857142856,0.599169117874916,-0.06930777997505903,29,-1.2397372742200328,0.014936244686094254,-0.28054585847233376,37,-0.9534632034632035,0.19532370007040667,-0.17058213702499472,29,-1.5681003584229392,0.009770635553216394,-0.3019803488610383,37,-0.41800356506238856,0.12404727285846409,-0.21041445417671822,29,-0.1,0.027617228711802534,-0.25331438913683135,39,-0.043478260869565216,0.10892901936683144,-0.18996592609130536,39,-15.358823529411772,0.032262230741344065,-0.2388663967611336,39,-3.957890541818181,0.13050611862163883,-0.16869095816464239,39,Habry,49.751989,15.486748,470.0
0-203-0-10901110001,39,-0.05365079365079365,0.051315412631310835,-0.21815898406938103,39,-0.03480138051799059,0.032262230741344065,-0.2388663967611336,39,-0.14680555555555572,0.07500844202008473,-0.19973286989322497,39,-0.10660655863658121,0.0714771486783669,-0.20107962213225372,39,-0.09615384615384616,0.5603924302324661,-0.06890756302521009,35,-0.03737587564814812,0.6432852354343218,-0.05396825396825397,36,-0.5187499999999999,0.08787008357560731,-0.19105848915392995,39,-0.3249661388888889,0.16418287375186902,-0.155195681511471,39,-0.47368421052631576,0.3339192590028619,-0.11476895413364097,35,-0.38446969696969696,0.4871436677862774,-0.08114581583019971,36,0.2962962962962963,0.3705664283368668,0.10660142641935307,35,0.2710597826086957,0.4534738951888019,0.08779067565111788,36,-1.2380952380952381,0.011434552925986238,-0.3004246152321778,35,-0.9045454545454545,0.10488072527453847,-0.1896429393477238,36,-1.4,0.03018927776882619,-0.2619249619462235,35,-0.875,0.07757776199834066,-0.21069826174651085,36,-0.1,0.022428263086928205,-0.2644116681699343,39,-0.1111111111111111,0.021484716181695028,-0.26451060523127695,39,-16.428125,0.057378751755181694,-0.21273888508629082,39,-11.561062179333332,0.03637067806905364,-0.23346828609986506,39,Světlá nad Sázavou,49.6728,15.4075,410.0
0-203-0-10901114001,39,-0.03122925395875279,0.16418287375186902,-0.155195681511471,39,-0.05017587194092593,0.07536440282222054,-0.19838056680161945,39,-0.08571428571428567,0.2217892729813533,-0.13630229419703105,39,-0.14381764490196075,0.0836565829857083,-0.1929824561403509,39,-0.11176470588235296,0.35875026265037524,-0.10384068278805123,38,0.00816761969907424,0.9348651076368805,0.009523809523809525,36,-0.3037037037037037,0.23558235654091253,-0.13288285235195121,39,-0.3963644000000002,0.11864258293031839,-0.17408906882591094,39,-0.5714285714285714,0.16652500374153678,-0.15703169241426185,38,-0.4201680672268907,0.4871436677862774,-0.08114581583019971,36,0.5,0.28491444508786845,0.121604280061246,38,0.35980392156862745,0.32646913749370166,0.11483385035264292,36,-0.96,0.022079857811947916,-0.2598160729035968,38,-0.8944444444444444,0.08351305569107179,-0.20239204451395731,36,-1.2727272727272727,0.03393278376786239,-0.2451564861699982,38,-1.1920289855072466,0.041609629448659424,-0.24255072801148714,36,-0.05555555555555555,0.1146042928633329,-0.18376795550773398,39,-0.13043478260869565,0.035595032042490905,-0.24338252624463394,39,-10.762499999999989,0.15697056530468825,-0.15789473684210525,39,-15.015117186125003,0.09267257442605292,-0.18758434547908234,39,Humpolec,49.54701,15.352715,515.0
0-203-0-10901127001,39,-0.011805841217605927,0.390407855765015,-0.09581646423751687,39,-0.03546247727607201,0.04863355887498223,-0.21997300944669368,39,-0.0246417797888386,0.5533506465911813,-0.06612685560053981,39,-0.11635241618872527,0.08807158233193607,-0.1902834008097166,39,0.013958333333333428,0.8900104756615385,0.015647226173541966,38,-0.02967870894360275,0.8701635634559493,-0.01904761904761905,36,-0.05833333333333332,0.7994690415380712,-0.02834008097165992,39,-0.29567961,0.12446413014279424,-0.17139001349527666,39,-0.55,0.20857675107156326,-0.14255200087214456,38,-0.20294117647058824,0.7333918109382942,-0.03977736070107829,36,0.5,0.17427683360011448,0.15439792988709822,38,0.5,0.23037996999956345,0.14035248376434134,36,-0.8064516129032258,0.09941404647597209,-0.18714457582542504,38,-0.8562091503267973,0.11091625929473663,-0.18615804808104638,36,-0.8235294117647058,0.16401353559046494,-0.16198063716194752,38,-0.8940217391304348,0.08027229031266618,-0.20784589393385858,36,-0.03571428571428571,0.2873709152385361,-0.12393652813312292,39,-0.10714285714285714,0.018159833175151793,-0.27170548567795605,39,-3.254999999999998,0.4459985505298172,-0.08502024291497977,39,-11.5172194186,0.05442949134558268,-0.21457489878542513,39,Ledeč nad Sázavou,49.698597,15.284048,408.0
0-203-0-10901141001,39,-0.02731078904991948,0.12446413014279424,-0.17139001349527666,39,-0.028023623822115384,0.051463265486995834,-0.21727395411605938,39,-0.07823223039215688,0.2504723290962606,-0.12820512820512822,39,-0.06185855671176471,0.17935201488071417,-0.14979757085020245,39,-0.010639187574671428,0.9582772832988573,-0.006006006006006007,37,0.02181107333333313,0.8535281829769198,0.02184873949579832,35,-0.2727272727272727,0.2761725915476201,-0.12170410432511451,39,-0.14467946874999998,0.3516160877892871,-0.10391363022941971,39,-0.07107843137254902,0.9478555242897311,-0.007513150129504768,37,-0.375,0.5412604588359827,-0.07251305997324708,35,0.5,0.16150160060929952,0.16126715832758387,37,0.2,0.6090665925618688,0.06065731251599022,35,-1.25,0.0023024612580151704,-0.35064047198776044,37,-0.6521739130434783,0.27407302909712006,-0.12962981332673704,35,-1.6243589743589744,0.0035530359855762217,-0.341641980591098,37,-0.7,0.26048458101030025,-0.13553471731493524,35,-0.1111111111111111,0.02069222633275013,-0.27005484323597967,39,-0.1,0.02667653053383299,-0.2552702631881952,39,-8.906896551724136,0.14327003755601345,-0.16329284750337383,39,-8.622758772727268,0.051463265486995834,-0.21727395411605938,39,Řendějov  Nový Samechov,49.76873,15.08814,444.0
0-203-0-10902001001,38,-0.03050320512820513,0.30852387030486816,-0.11522048364153628,38,-0.06964665985223926,0.12820953565777926,-0.1721194879089616,38,-0.10411290322580645,0.35875026265037524,-0.10384068278805123,38,-0.23484581227513232,0.11606931716920055,-0.17780938833570414,38,0.0476916221033869,0.7735493007734082,0.03303303303303304,37,-0.24584998611111106,0.1785626544271428,-0.15220483641536275,38,0.02499999999999991,0.9398667106964438,0.00854092743023227,38,-0.5506177272727274,0.15542573698815024,-0.16073968705547653,38,-0.4638655462184874,0.4479514085347024,-0.08734979382889366,37,-0.6190476190476191,0.32667108863875716,-0.11119056068027276,38,0.5,0.17347093919528278,0.15710256576701054,37,0.38461538461538464,0.19080481268844285,0.14867948803942793,38,-1.1833333333333333,0.005327786215471544,-0.32054257739653635,37,-0.9545454545454546,0.02601881122330508,-0.25249746133188644,38,-1.2352941176470589,0.016225387384945902,-0.28229247116597866,37,-1.1666666666666667,0.03365806415418834,-0.2466378077234495,38,-0.07407407407407407,0.16412599644409775,-0.1624767505354679,38,-0.09090909090909091,0.1356474589641352,-0.17376104713736187,38,-7.56666666666666,0.4283431834865046,-0.08961593172119488,38,-18.98162245200001,0.13463888856570216,-0.16927453769559037,38,Božejov,49.360705,15.152789,611.0
0-203-0-10902018001,39,-0.042635708772832515,0.038586906025907,-0.23076923076923075,39,-0.04289986328571429,0.05442949134558268,-0.21457489878542513,39,-0.11659999999999998,0.051463265486995834,-0.21727395411605938,39,-0.13921373740398624,0.060790626528753035,-0.20917678812415658,39,-0.03838235294117638,0.8168668192722357,-0.027005568486901534,36,-0.032284574140211575,0.8342436373669592,-0.024024024024024027,37,-0.362962962962963,0.12742942425073925,-0.17015533926137982,39,-0.47523916086956514,0.07536440282222054,-0.19838056680161945,39,-0.4444444444444444,0.421393650892502,-0.0940246506009723,36,-0.4365079365079365,0.5386437454781883,-0.07073005228937657,37,0.5,0.21998675120053934,0.14354231294080363,36,0.35294117647058826,0.3011783376068098,0.11924694713881981,37,-1.224747474747475,0.00854943222774295,-0.3070812246123244,36,-0.8180147058823529,0.1133091534922274,-0.18264405827591387,37,-1.6153846153846154,0.0006270531348675933,-0.40798726211846553,36,-1.0,0.07009438919210899,-0.21237204198906093,37,-0.1111111111111111,0.016744937396524193,-0.2777552847393363,39,-0.12,0.012125619950437656,-0.2889322759163088,39,-13.784615384615385,0.030361643172489267,-0.24156545209176788,39,-14.508832502499994,0.060790626528753035,-0.20917678812415658,39,Pelhřimov,49.4331428,15.2339531,524.0
0-203-0-10902055001,39,-0.03391304347826087,0.11864258293031839,-0.17408906882591094,39,-0.04816978030857142,0.03637067806905364,-0.23346828609986506,39,-0.10349264705882352,0.18731655262785707,-0.14709851551956815,39,-0.14589228280671027,0.051463265486995834,-0.21727395411605938,39,0.03283730158730153,0.7536021943195694,0.036036036036036036,37,-0.024868488925657684,0.8342436373669592,-0.024024024024024027,37,-0.013333333333333523,0.9036947682600125,-0.013522678258346056,39,-0.49297180000000085,0.0714771486783669,-0.20107962213225372,39,0.24621212121212122,0.7535205899498358,0.03614474227402496,37,-0.4444444444444444,0.5046481242031537,-0.07674963120762138,37,0.4117647058823529,0.3012887081142388,0.11906640661569275,37,0.25,0.40232378292383864,0.0965319082915557,37,-1.25,0.00577390618063482,-0.31753278793741396,37,-0.9,0.0613339468687265,-0.2155252676714438,37,-1.2985257985257985,0.017390044765714853,-0.27965084604319007,37,-0.8574999999999999,0.07813122411876813,-0.20752982371978365,37,-0.125,0.02638463395469903,-0.2567718659233168,39,-0.13333333333333333,0.017224740977571693,-0.27253309988195074,39,-9.100000000000003,0.19136292493245055,-0.14584743365261127,39,-13.71399406096774,0.04593566783244592,-0.22267206477732795,39,Pacov,49.46355,15.02348,494.0
0-203-0-10902100001,39,-0.012090277777777774,0.22172163654778765,-0.13648661110908822,39,-0.018702570401380673,0.11864258293031839,-0.17408906882591094,39,-0.027215686274509807,0.41061712704752196,-0.09195421215675319,39,-0.05439074020079363,0.2217892729813533,-0.13630229419703105,39,-0.05000000000000002,0.6351902234664795,-0.0570919049640734,34,0.012018841666667408,0.8899902211874436,0.01893939393939394,33,-0.08095238095238096,0.48269273910451715,-0.07864495343278745,39,-0.11079305882352945,0.4605696129518848,-0.08232118758434548,39,-0.6521739130434783,0.2129883932802883,-0.1498662505306927,34,-0.375,0.6335783802474432,-0.060606060606060615,33,0.4117647058823529,0.40615090927826314,0.10026958110237592,34,0.35294117647058826,0.49504902523890937,0.08381089216179063,33,-0.9523809523809523,0.036513200596047866,-0.25223775038199187,34,-0.5298245614035088,0.32870065822802164,-0.11988717971305997,33,-0.7,0.15094569451959722,-0.17808400845346908,34,-0.7,0.20164000718871644,-0.15991242887697724,33,-0.03571428571428571,0.2766257104631009,-0.12659541759316487,39,-0.06060606060606061,0.08091225395195872,-0.2024973766750636,39,-3.4086956521739125,0.3270910094027897,-0.10945955940431829,39,-4.930263991935484,0.13677322642600173,-0.1659919028340081,39,Dolní Kralovice  Střítež,49.66272,15.159775,420.0
0-203-0-10903058001,39,-0.019736842105263164,0.05579170456148678,-0.2142397007306969,39,-0.015905671070719954,0.0714771486783669,-0.20107962213225372,39,-0.04733727810650888,0.18677827441427441,-0.14810124366232327,39,-0.053042630630036634,0.15697056530468825,-0.15789473684210525,39,0.0877777777777778,0.40639176345302286,0.09991083368712846,34,0.09447882878787875,0.4785251294432295,0.0924731182795699,31,-0.1925925925925926,0.30339113180282773,-0.11549179551649064,39,-0.19950237499999993,0.18731655262785707,-0.14709851551956815,39,-0.058823529411764705,0.9291165324816205,-0.010704732180763763,34,-0.15384615384615385,0.8516491709514632,-0.023706951608434754,31,0.5,0.2473998787453081,0.13941068868078973,34,0.21428571428571427,0.6099718792267386,0.06472525803786885,31,-0.55,0.2661047564195992,-0.13392878496315647,34,-0.72,0.32402535211823813,-0.1251354988732131,31,-0.4117647058823529,0.32076670744957625,-0.12461706048814457,34,-0.4375,0.30428826027418754,-0.13386988815041648,31,-0.08333333333333333,0.04620722341016546,-0.23185452885040309,39,-0.07692307692307693,0.03445197156071753,-0.24607873307435418,39,-6.176470588235294,0.06939865890833688,-0.20339212094686412,39,-4.927530244583333,0.060790626528753035,-0.20917678812415658,39,Veliš,49.6664,14.8233,451.0
0-203-0-10903081001,39,-0.012910306979934831,0.24548547122450548,-0.12964216324676558,39,-0.017262182812639457,0.08807158233193607,-0.1902834008097166,39,-0.02597619047619048,0.30376891933367123,-0.11486496974527227,39,-0.05283453232325268,0.15697056530468825,-0.15789473684210525,39,-0.029520697167756002,0.5874442923443233,-0.06647700293478881,33,-0.02943766354166666,0.6393217922234354,-0.055462184873949584,35,-0.18000000000000044,0.22163143142740482,-0.13667167778542869,39,-0.1699233333333335,0.2504723290962606,-0.12820512820512822,39,-0.13368055555555555,0.8281474181158925,-0.026667102051478837,33,0.037037037037037035,0.9546862551743795,0.006739701390665579,35,0.33974358974358976,0.49480683429952466,0.08413386404122349,33,0.4117647058823529,0.2996785563746869,0.12310356693132644,35,-0.4258823529411765,0.4569306673094494,-0.09108175790399975,33,-0.5714285714285714,0.27397619968968734,-0.12984896785907038,35,-0.38088235294117645,0.4343561479349205,-0.09870403534981965,33,-0.8235294117647058,0.10338030709747725,-0.19820242907136384,35,-0.0,0.359106157162862,-0.10684183459751977,39,-0.07692307692307693,0.07098173832682152,-0.2091121481516451,39,-3.740000000000001,0.2657111305555063,-0.12424040644481701,39,-5.57520543588236,0.11303671633275073,-0.17678812415654524,39,Postupice,49.7306,14.7833,421.0
0-203-0-10903144001,39,-0.033529411764705884,0.11006128230457789,-0.17898506643324041,39,-0.03664173841108155,0.04593566783244592,-0.22267206477732795,39,-0.07446581196581195,0.24989401028529667,-0.12907906557725424,39,-0.1073838288108039,0.0836565829857083,-0.1929824561403509,39,0.02500000000000004,0.8758629604320756,0.018487394957983194,35,-0.07449436400641028,0.5309469542916597,-0.07301587301587302,36,-0.2869565217391305,0.39003767252646904,-0.09633791823359131,39,-0.40813524999999995,0.09746458904267719,-0.18488529014844804,39,0.6153846153846154,0.46880844626228657,0.08585870752809854,35,-0.55,0.3758306262282617,-0.10342113782280356,36,0.2857142857142857,0.6189886570438248,0.059022258117759255,35,0.6076923076923078,0.13035215956741944,0.17689383418149027,36,-0.47058823529411764,0.31298412542199194,-0.11993397240898013,35,-0.1751012145748988,0.6927573527348663,-0.04614173841325082,36,-0.0,0.9317860638400437,-0.010375872100779289,35,-0.4666666666666667,0.35235834848449477,-0.11078680707350812,36,-0.08333333333333333,0.0609861596333428,-0.21537092408908717,39,-0.1,0.022582122137310683,-0.26363169104832607,39,-11.199999999999996,0.11006128230457789,-0.17898506643324041,39,-10.541762446249995,0.04593566783244592,-0.22267206477732795,39,Votice,49.6433,14.6333,450.0
0-203-0-10903164001,39,-0.007064364207221341,0.2747156161045654,-0.12321601452253604,39,-0.020238539343577427,0.030361643172489267,-0.24156545209176788,39,-0.0,0.7141624807747492,-0.041774141254671715,39,-0.06537346202834006,0.12446413014279424,-0.17139001349527666,39,-0.027150537634408604,0.7724788017480693,-0.0367174051992264,31,-0.10857408660714285,0.3582314281335728,-0.11693548387096775,32,-0.14347826086956525,0.4441033168979761,-0.08691772047217182,39,-0.2756753499999999,0.051463265486995834,-0.21727395411605938,39,-0.375,0.598164978967592,-0.06681049998740704,31,0.155,0.8456680285795474,0.024242473711862965,32,0.2,0.7082349918516053,0.047568262507085166,31,0.23757763975155277,0.4852850016167518,0.08713384349125416,32,-0.9523809523809523,0.13467951428167113,-0.18945113236288152,31,-0.7032967032967032,0.21753877353974105,-0.15384741470967517,32,-0.3181818181818182,0.3359085933490469,-0.126416954940618,31,-0.8891129032258065,0.0641742571330401,-0.2389182551058945,32,-0.0,0.40317330502152626,-0.09843666126075841,39,-0.07142857142857142,0.0372983905629135,-0.2438304261551499,39,-2.175,0.30213560569565145,-0.11661387956173311,39,-6.447720802727275,0.03637067806905364,-0.23346828609986506,39,Maršovice  Zahrádka,49.7325,14.5886,358.0
0-203-0-10904008001,39,-0.01,0.07077171489652993,-0.20608576352304714,39,-0.004980543583805136,0.13358281397182573,-0.16745446086040552,39,-0.006741071428571432,0.3056562296508678,-0.11841650096973474,39,-0.013373027632653061,0.24548547122450548,-0.12964216324676558,39,-0.037254901960784285,0.5664960285739783,-0.08012336167697755,26,0.16646356410256408,0.09111144691872144,0.25691699604743085,23,-0.23684210526315788,0.06348553712288653,-0.21165564902367004,39,-0.09965641176470588,0.13358281397182573,-0.16745446086040552,39,0.0,0.9824062626157531,0.0030864344537885045,26,-0.0,0.9788955860375737,0.003984190227249389,23,0.34615384615384615,0.6432944051034315,0.0648151235295586,26,-0.375,0.6917852866581344,-0.05952427819123619,23,-0.375,0.6432944051034315,-0.0648151235295586,26,-0.2,0.8740486127539944,-0.023762422826087874,23,-0.0,0.9639368479306865,-0.006629935441317959,26,-0.0,0.5548871177040394,0.09818560286345292,23,-0.0,0.1272392863454694,-0.18420010495795267,39,-0.0,0.06833198181944435,-0.22448243288298628,39,-3.0545454545454565,0.08080671713921228,-0.1992666094033884,39,-1.4912276210000002,0.13358281397182573,-0.16745446086040552,39,Mníšek pod Brdy,49.8694,14.2625,367.0
0-203-0-10904009001,39,-0.007017543859649123,0.24398452682735583,-0.1314304154907051,39,-0.004132371052630627,0.17137023427182396,-0.15311779627229846,39,-0.0,0.6081051342769611,-0.05848379775654041,39,-0.0060976572619047655,0.4820073597558513,-0.07907707181399744,39,0.12098765432098782,0.5473088481323835,0.08045977011494253,30,0.12721110714285716,0.2377832201095029,0.20467836257309938,19,-0.184375,0.30782330014440384,-0.11532239971041576,39,-0.055391335,0.4314014169471778,-0.08807660847521594,39,-0.0,0.9572698136335018,-0.006944611899489487,30,0.5,0.6739214890570431,0.07079923254047887,19,0.6363636363636364,0.13390342358435817,0.19332578968316272,30,0.4,0.5805179540142502,0.09941520467836257,19,-0.375,0.46434240782806746,-0.09447029685919814,30,0.16666666666666666,0.8886378608950078,0.023460511435926226,19,-0.2916666666666667,0.3021009997053824,-0.13892318920659621,30,-0.0,0.7142710475899905,-0.06509721390537558,19,-0.03333333333333333,0.17280212617838397,-0.16031041355134193,39,-0.0,0.4383937958007683,-0.09606916511141463,39,-2.324999999999999,0.19405372380821984,-0.14659198596105266,39,-1.2361518245999974,0.15670746486198464,-0.1585378952553887,39,Jíloviště,49.9233,14.3319,354.0
0-203-0-10904013001,39,-0.0,0.6416928226568457,-0.053298186819513274,39,-0.0032035627458256027,0.33924761044644447,-0.10661268556005399,39,-0.0,0.7400255210021829,-0.038177085778546664,39,-0.008864491564625848,0.40389553717945137,-0.0931174089068826,39,0.032916666666666705,0.7165029052613134,0.05769497486633156,21,0.01712914510582009,0.9762195060555436,0.009523809523809525,21,-0.0,0.7874843928135198,-0.031038357419302026,39,-0.035561460606060614,0.5372739725204689,-0.06882591093117409,39,-0.6038961038961039,0.29034071898705294,-0.16706491494452883,21,-0.8149905123339658,0.33286258593365436,-0.15385326631021748,21,-1.0303030303030303,0.13037946972425704,-0.24039572860971484,21,-0.6515151515151515,0.3481180619409384,-0.14940843474068277,21,-1.207142857142857,0.0850677344207924,-0.27207714719537546,21,-1.2182539682539684,0.155635963868619,-0.22434431435408156,21,-0.0,0.8026502528245072,0.04161251892882395,21,-0.0,0.6066986826104053,-0.08728715609439695,21,-0.0,0.7190534881281103,-0.04385989449078709,39,-0.0,0.7178168344309961,-0.044428999404395944,39,-0.0,0.7224377766726515,-0.04076416418014214,39,-1.0785246350000002,0.2709770075414829,-0.12280701754385966,39,Praha  Komořany,49.9886,14.40636,213.0
0-203-0-11001016001,39,-0.024942791762013732,0.12422526292277274,-0.17208814271311423,39,-0.10616749579505357,0.018329681012915093,-0.2631578947368421,39,-0.09315476190476213,0.15260243278096164,-0.16088093920778793,39,-0.33829647352723313,0.01955928649840339,-0.26045883940620784,39,-0.11249999999999993,0.48651013968926915,-0.08235294117647059,35,-0.16799510974358967,0.4481067672475978,-0.0870870870870871,37,-0.32500000000000007,0.18703675124240282,-0.14769769728920826,39,-0.8146347142857147,0.03637067806905364,-0.23346828609986506,39,-0.8125,0.11150382799580717,-0.1890312185730557,35,-0.5825892857142857,0.30749047888918524,-0.11747041239058112,37,-0.043478260869565216,0.9433806558261423,-0.008417520345892014,35,0.3279569892473118,0.38794294302506926,0.09924823251544872,37,-1.0,0.048336585631160445,-0.23400706561579798,35,-0.8973684210526316,0.046737594192358074,-0.22891670106882478,37,-0.0,0.38687161749233423,-0.10664412895573704,35,-1.0687645687645686,0.08101586618097238,-0.204194862069401,37,-0.047619047619047616,0.1691900256469614,-0.16088666321423695,39,-0.14285714285714285,0.02705233181559729,-0.2527046677899065,39,-7.56,0.14974252177459163,-0.1612479447469338,39,-30.785044615500016,0.028558055284765172,-0.24426450742240216,39,Tachov,49.798357,12.623135,487.0
0-203-0-11001044001,38,-0.0021276595744680812,0.8209586326487011,-0.02562278229069681,38,-0.031329137511253435,0.07628861573611229,-0.20056899004267426,38,0.0037500000000000072,0.8999254739406171,0.014255200087214455,38,-0.10563672892399271,0.11606931716920055,-0.17780938833570414,38,-0.11234126984126988,0.3754254012076831,-0.11290322580645162,32,-0.21604762357142845,0.1870436230806084,-0.15864527629233513,34,-0.09583333333333333,0.6690308083636971,-0.0483985887713162,38,-0.3975664117647058,0.0722115002324952,-0.20341394025604553,38,-0.375,0.6037167967026337,-0.0646465965649679,32,-0.4117647058823529,0.5140847137708655,-0.0786419269481378,34,-0.15587044534412955,0.782710507622755,-0.03437831792057068,32,0.5,0.30614878424767256,0.12343549486778325,34,-0.5,0.2700232946524249,-0.13737401770055682,32,-0.7666666666666667,0.08276894233869628,-0.20892890454252408,34,-0.0,0.7935363193079457,0.033569618472753825,32,-1.0,0.11677712321366182,-0.19421778946568524,34,-0.0,0.7997796059509583,-0.029816890208043505,38,-0.07142857142857142,0.09182383505322331,-0.19929847421680125,38,-0.6439999999999998,0.8503997612438293,-0.021367543047087573,38,-9.758980668620689,0.08500596261491014,-0.19487908961593176,38,Planá,49.870952,12.735097,505.0
0-203-0-11001058001,39,-0.011097475455820476,0.5696595221156575,-0.06342780026990553,39,-0.12938609225372022,0.020860341752234175,-0.25775978407557354,39,-0.009853479853479856,0.8750404611191884,-0.017543859649122806,39,-0.3337812734174679,0.038586906025907,-0.23076923076923075,39,0.18809523809523793,0.10485137990421281,0.1834992887624467,38,-0.09604413425719227,0.6947874823021589,-0.04504504504504505,37,0.09285714285714287,0.6197947867858677,0.05548058207131263,39,-0.8282293548387097,0.025226179981382203,-0.24966261808367074,39,-0.375,0.2795013353752378,-0.12259472075004432,38,-0.8125,0.1359634757639785,-0.17117117117117117,37,0.16,0.6061260498510062,0.0584881125119059,38,0.21637426900584794,0.4556761470575219,0.0860389365431991,37,-0.9545454545454546,0.0018979621351254707,-0.351852208842042,38,-0.8235294117647058,0.06137834289323975,-0.21519994632725212,37,-1.0769230769230769,0.043541061881867196,-0.2331336261855765,38,-1.091093117408907,0.09264791411156355,-0.19729419897786507,37,-0.08333333333333333,0.09948353738002318,-0.19060326254647428,39,-0.15,0.0033523814157390623,-0.3372860098451732,39,-3.289999999999999,0.6199143255203866,-0.0553306342780027,39,-39.300695017500026,0.018329681012915093,-0.2631578947368421,39,Tři Sekery,49.943647,12.616463,672.0
0-203-0-11001107001,38,-0.0,0.939269697547835,0.008821869743773917,38,-0.005625850245662011,0.3330260574337296,-0.10953058321479375,38,-0.0,0.9594913779028075,0.005881246495849278,38,-0.018264096515151707,0.35875026265037524,-0.10384068278805123,38,0.0532608695652174,0.6912621686983532,0.05676134788000511,25,-0.04499591185897433,0.6765261156179087,-0.06521739130434782,24,0.05000000000000071,0.409125090567625,0.09564296021284155,38,-0.06680366666666633,0.5887888985090685,-0.061166429587482224,38,-0.6467532467532467,0.1675627443849843,-0.19832633040858022,25,-1.254032258064516,0.011354111152757314,-0.37091154322492154,24,-0.5757575757575757,0.29659240311553436,-0.1533333333333333,25,-0.4660633484162896,0.44607885611402504,-0.11594202898550725,24,-1.2111111111111112,0.015088717107909249,-0.34782803228713854,25,-1.2,0.011303671980315708,-0.3722726910770371,24,-0.3944444444444445,0.12726842266397306,-0.22655754412953236,25,-0.44455645161290325,0.14545513629487686,-0.21992428167675687,24,-0.0,0.5172285065645592,-0.07843834515627428,38,-0.0,0.2992707104957185,-0.12528478375002186,38,-0.0,0.8390041636181201,0.023524985983397112,38,-1.750378297111111,0.3720686126362883,-0.10099573257467995,38,Staré Sedlo  Darmyšl,49.639765,12.878357,448.0
0-203-0-11001141001,39,-0.013687703318152259,0.5134942906730156,-0.07302246259506871,39,-0.03093513992460982,0.15697056530468825,-0.15789473684210525,39,-0.03389423076923076,0.5530988510453136,-0.06639621254285509,39,-0.08373237550000003,0.19553924942719925,-0.14439946018893388,39,-0.01190476190476201,0.8938612370762378,-0.016042780748663103,34,0.012638494531249989,0.9166685759960673,0.012012012012012014,37,-0.04285714285714296,0.84648760488424,-0.02163628521335369,39,-0.21456512903225808,0.3153591310736501,-0.11201079622132254,39,-0.14285714285714285,0.8354973207393757,-0.02506739527559398,34,-0.15384615384615385,0.7835259822019991,-0.03160278932078528,37,-0.1111111111111111,0.8471136267214029,-0.023255962801176554,34,0.5,0.31369225429150893,0.11605206720770052,37,-0.6363636363636364,0.02067404320370964,-0.27932240449947576,34,-0.5263157894736842,0.1997833403673689,-0.14759103095226858,37,-0.3333333333333333,0.46483460413963607,-0.09028903216105442,34,-0.3340909090909091,0.5545218690926768,-0.06930643246216592,37,-0.0,0.550498235530724,-0.06897844823380479,39,-0.08,0.12817482293085017,-0.17494087647571224,39,-2.4838709677419355,0.7166022133169763,-0.04056803477503817,39,-8.918574615052941,0.17164204508100767,-0.1524966261808367,39,Úterý,49.938609,13.001143,489.0
0-203-0-11001177001,38,-0.005766823914508519,0.43467943445552026,-0.08914968395008782,38,-0.012510385991555241,0.11034778241543665,-0.18065433854907542,38,-0.012254901960784307,0.5036798896513969,-0.07659927359090839,38,-0.04245914700757569,0.12202144157473259,-0.17496443812233287,38,-0.16086956521739135,0.04013352896142688,-0.2649776619221411,30,0.028338393049568922,0.8849273531493398,0.020161290322580648,32,-0.08750000000000002,0.4494037987412699,-0.08665256056401062,38,-0.13449593749999988,0.2631830057197957,-0.12660028449502136,38,-0.7407407407407407,0.14324340698703858,-0.18915914855574104,30,-0.6277056277056277,0.330262752839121,-0.12145848529711198,32,-0.12,0.8304484474766167,-0.027617969954737528,30,0.05505952380952381,0.8838865559038698,0.018237316079564823,32,-1.2608695652173914,0.006322931242881723,-0.35253549803554424,30,-0.4097222222222222,0.46549021582529815,-0.09081740244309054,32,-0.7777777777777778,0.00806805906787272,-0.36287521063560446,30,-0.25925925925925924,0.46177507897862424,-0.09431164778022318,32,-0.0,0.402131304203055,-0.10101318078483426,38,-0.06896551724137931,0.060079668124044874,-0.22203708328962263,38,-1.6999999999999886,0.41274378447667814,-0.09353137643640502,38,-4.067448591818182,0.12202144157473259,-0.17496443812233287,38,Úlice,49.759189,13.143405,428.0
0-203-0-11001186001,38,-0.0,0.9594913779028075,-0.005881246495849278,38,-0.005135931133846156,0.29673154943364377,-0.11806543385490756,38,-0.0,0.8584500246439181,0.02074258460799253,38,-0.014525395528017234,0.35875026265037524,-0.10384068278805123,38,-0.02806122448979593,0.7884201661285044,-0.04761904761904762,21,-0.08604815222222228,0.15452856918581126,-0.18279569892473121,31,-0.0,0.8889058167448884,-0.016185731728327032,38,-0.08783849999999996,0.4283431834865046,-0.08961593172119488,38,-0.9782608695652174,0.10192064167121712,-0.2608969660436018,21,-0.6666666666666666,0.23376188204651893,-0.1513535625225437,31,-0.7793103448275862,0.2422003751553922,-0.1904761904761905,21,-0.23809523809523808,0.6099718792267386,-0.06472525803786885,31,-0.957427536231884,0.03711123580672858,-0.32935654660492825,21,-0.75,0.12593239572783166,-0.19417577411360654,31,-0.0,0.5903041001094684,-0.09077808950443222,21,-0.5,0.08261696214613072,-0.23014974962281276,31,-0.0,0.3577720993793979,-0.11423199177108405,38,-0.0,0.5131763013687112,-0.0784612599013469,38,-0.0,0.8489292299042391,-0.022071452356809587,38,-1.6430898750000003,0.30852387030486816,-0.11522048364153628,38,Plzeň  Radčice,49.765499,13.323199,320.0
0-203-0-11002037001,37,-0.0006011899952288609,0.6840142529684263,-0.04729821182425404,37,-0.010637780502152456,0.23915587177784392,-0.13513513513513514,37,-0.0,0.8333232452307034,-0.02454553648026563,37,-0.031192933851680663,0.33312567816369987,-0.1111111111111111,37,-0.011805555555555552,0.9023967654678942,-0.021739130434782608,24,-0.08978755263157896,0.3581740111592894,-0.1323076923076923,26,-0.0,0.8233585663050115,-0.02597803636050351,37,-0.07395122428571425,0.6008662216420086,-0.060060060060060066,37,-1.25,0.03265923205256331,-0.31387697482965876,24,-0.8484848484848485,0.08513975129899191,-0.24186773244895649,26,-1.2666666666666666,0.03074006721565377,-0.3169446228162813,24,-0.08333333333333333,0.8599317476465803,-0.02472978670940745,26,-1.2033333333333334,0.01500209560791851,-0.3563659925102188,24,-1.0,0.019440633061125527,-0.32665678222152383,26,-0.0,0.39736346473752404,-0.13126279806870458,24,-1.0294117647058822,0.0029491109928550243,-0.43602129109113363,26,-0.0,0.6940838649897766,-0.04895032456166301,37,-0.0,0.3219494842678694,-0.12117152999999498,37,-0.19322916666666673,0.6936573352800259,-0.04580798689736382,37,-3.6383863530545453,0.26068066850124505,-0.12912912912912913,37,Horšovský Týn,49.528213,12.943746,374.0
0-203-0-11002055001,37,-0.004017177790762695,0.51995160264962,-0.07487786950968657,37,-0.01916454967699522,0.052907589851024533,-0.2222222222222222,37,-0.006598548510313216,0.6648338957919482,-0.05034970936130268,37,-0.054712600896932244,0.10485019084649277,-0.18618618618618618,37,0.125,0.3168900548229616,0.13694735760349214,27,0.006803753281249947,0.9220645068568977,0.015873015873015872,28,-0.034848484848484906,0.6363861975162153,-0.05505514010180339,37,-0.1928608700657895,0.33312567816369987,-0.1111111111111111,37,-0.6923076923076923,0.19588940692684964,-0.17739791423736387,27,-0.5,0.2949612618557491,-0.14039747414370923,28,-0.0,0.9500599241133993,-0.00862101000186453,27,0.07670454545454546,0.7667433599487958,0.03994762305531697,28,-0.375,0.38116022651163173,-0.11982893790305563,27,-0.9023809523809524,0.050432502171874644,-0.2622518856646644,28,-0.0,0.9327065528096936,0.012010549896248333,27,-0.9041666666666667,0.06339451449534259,-0.2575298062442672,28,-0.0,0.32310255547714706,-0.120527566911274,37,-0.07692307692307693,0.08745158464359225,-0.20526988973835913,37,-1.4874999999999998,0.4462600512553875,-0.08869994794179434,37,-6.854591157414999,0.0468128025554164,-0.22822822822822825,37,Kdyně,49.393642,13.045733,475.0
0-203-0-11002086001,39,-0.018865740740740742,0.0341499763545555,-0.23712933051019675,39,-0.01211046533389866,0.14327003755601345,-0.16329284750337383,39,-0.03928571428571428,0.11840888069956682,-0.17479819220465934,39,-0.037339714786666665,0.24063678561206192,-0.1309041835357625,39,0.018230694037145653,0.8595929879092941,0.024193548387096777,32,-0.10842262731481483,0.3582314281335728,-0.11693548387096775,32,-0.2578947368421053,0.16745597574160342,-0.1550009347672279,39,-0.12251272727272729,0.4459985505298172,-0.08502024291497977,39,-0.0,0.9611698134274567,0.0060791053598549406,32,-0.2388888888888889,0.6731347190640178,-0.05263201029541519,32,0.6904761904761905,0.14878568242512202,0.17998060558416412,32,0.5,0.26285372421256437,0.13981942327666363,32,-0.6794871794871795,0.24951854006582663,-0.14328967941020948,32,-0.3875,0.30676207286422563,-0.12740200170564428,32,-1.0,0.04147687004613939,-0.2648315438280245,32,-0.7,0.051542320991954424,-0.2537452518883349,32,-0.06666666666666667,0.037383961895388174,-0.24345958118592068,39,-0.034482758620689655,0.21541182079556487,-0.14541920816832035,39,-6.321212121212121,0.051315412631310835,-0.21815898406938103,39,-4.323995077000002,0.13050611862163883,-0.16869095816464239,39,Chudenice,49.465405,13.176262,490.0
0-203-0-11002097001,39,-0.0017657062825130055,0.5514419988696723,-0.06741277595863739,39,-0.006642681855169341,0.2709770075414829,-0.12280701754385966,39,-0.002200520833333334,0.583650038175509,-0.0622599620017883,39,-0.023223425103249686,0.2709770075414829,-0.12280701754385966,39,-0.039583333333333526,0.5046149330064934,-0.09129823840232809,27,0.13123889761904758,0.22901655606249163,0.1680911680911681,27,-0.04285714285714283,0.559564358927821,-0.06608336305029794,39,-0.06891020303030303,0.4605696129518848,-0.08232118758434548,39,-1.0,0.08697862653297866,-0.23530017206348872,27,-0.1,0.7226555302977937,-0.04885239001056567,27,-0.6666666666666666,0.26900071917426505,-0.15142918950815734,27,0.5,0.39208636152890286,0.1178204700254819,27,-1.2380952380952381,0.04294917073746688,-0.2779415266509901,27,-0.55,0.35869081478703413,-0.1258952939749034,27,-0.28,0.16248985541079564,-0.201317520927633,27,-0.5384615384615384,0.1669912116597576,-0.19801158980521585,27,-0.0,0.5017844172465942,-0.08045126295237919,39,-0.043478260869565216,0.056532170575858756,-0.22647450651324688,39,-0.7333333333333334,0.5353164173262464,-0.07016431783450014,39,-2.2913703761666664,0.23107652262151057,-0.13360323886639677,39,Dnešice,49.601994,13.269301,378.0
0-203-0-11003009001,38,-0.0291866028708134,0.018570174457726282,-0.2679151833374809,38,-0.026707001531025634,0.042962263812872936,-0.22901849217638695,38,-0.08168449197860962,0.07590152810954298,-0.20201091363949092,38,-0.07129600068243819,0.13463888856570216,-0.16927453769559037,38,-0.2303197004608294,0.09503932348633129,-0.20967741935483875,32,0.05742288525641023,0.6640096326736773,0.05645161290322581,32,-0.4230769230769231,0.02759567781168153,-0.25072276515539654,38,-0.23792088888888888,0.19535259231561808,-0.1465149359886202,38,-0.35416666666666663,0.559153304815353,-0.07287509117826718,32,0.09523809523809523,0.8456279166440706,0.02429169705942239,32,0.5,0.26972906507504824,0.13793358831714433,32,0.8284313725490196,0.09152668662675308,0.21052804118166077,32,-1.0,0.0363716450642493,-0.2608707653972716,32,-0.3875,0.5270439783096603,-0.07870841545067846,32,-1.1666666666666667,0.011811700447874737,-0.32310757780025556,32,-0.7777777777777778,0.11259995521652601,-0.20418564093973288,32,-0.07142857142857142,0.03713658436292844,-0.24682341888592396,38,-0.1111111111111111,0.006455473176035033,-0.3192867822388994,38,-10.220000000000002,0.019865859429016322,-0.2650497803071335,38,-10.656104681173915,0.045615618881687095,-0.22617354196301567,38,Nýrsko,49.290206,13.135924,457.0
0-203-0-11003028001,38,-0.013899371069182376,0.17826508507646577,-0.15285854666656856,38,-0.03198719148685556,0.016339892332924627,-0.2716927453769559,38,-0.02206632653061223,0.39225042041994784,-0.09721351141039516,38,-0.08622510643697479,0.045615618881687095,-0.22617354196301567,38,0.06666666666666643,0.5405646143647207,0.07750273596663335,31,0.11663235825396831,0.3970551815721359,0.10606060606060605,33,-0.12000000000000001,0.5128020887655993,-0.07455428918159412,38,-0.3128929523809523,0.12202144157473259,-0.17496443812233287,38,-0.55,0.5863220038231751,-0.06904027524039344,31,-0.0,0.9876332881001066,0.0018993429409939662,33,0.15,0.7466761189516522,0.04094837096002367,31,1.145888594164456,0.04078061218917179,0.2504748342359993,33,-0.6470588235294118,0.2545286711953034,-0.14470977343224523,31,-0.029411764705882353,0.9629087765319305,-0.005698028822981898,33,-0.7368421052631579,0.09458969593315383,-0.2202810968645576,31,-0.8940217391304348,0.14342244069692456,-0.1829472518779579,33,-0.05,0.17251865937164657,-0.16246639097120602,38,-0.13043478260869565,0.0010810779755112661,-0.383441495455293,38,-4.9,0.17028858419879844,-0.15571571576313992,38,-11.690865982687498,0.014225371530029283,-0.2773826458036984,38,Strážov,49.30562,13.246905,477.0
0-203-0-11003072001,38,-0.0058309037900874635,0.30088984620719106,-0.11842516610414786,38,-0.0049257492259497555,0.22266404884545676,-0.13798008534850642,38,-0.01583333333333333,0.38322192331489324,-0.1001658179511487,38,-0.017667066823529406,0.29673154943364377,-0.11806543385490756,38,-0.02499999999999998,0.8588459727494568,-0.02384108051496949,28,0.12589410779569887,0.22687503195798614,0.18115942028985507,24,-0.06363636363636357,0.5701274241737428,-0.06513283233794533,38,-0.029453532142857126,0.5546011462054892,-0.06685633001422477,38,-0.6212121212121212,0.2593378512473856,-0.15220958468212628,28,-0.16666666666666666,0.6910419719345927,-0.058395716247378375,24,-0.16025641025641024,0.7971901540030768,-0.03452882649188248,28,0.6071428571428572,0.22406499874746133,0.17785873211695377,24,-0.957427536231884,0.0929012518504871,-0.22576540398538544,28,-0.525,0.3987425794630036,-0.12363718107497385,24,-0.0,0.1067572611601345,-0.23296780288394267,28,-0.7,0.1090576511302905,-0.24632689664550877,24,-0.0,0.2024919497826443,-0.155360352372846,38,-0.0,0.09824015242999339,-0.20151242740716188,38,-1.75,0.40503194083473304,-0.09531781662041168,38,-1.4428477839999996,0.28524458155149335,-0.12091038406827881,38,Lužany,49.54908,13.317522,358.0
0-203-0-11003082001,38,-0.0072172619047619,0.3581163821802854,-0.10458721060767971,38,-0.015175792567686275,0.0896575048881351,-0.19203413940256048,38,-0.008422459893048129,0.6867975879871293,-0.046012740103271124,38,-0.045778828345588225,0.12202144157473259,-0.17496443812233287,38,-0.009902597402597383,0.8967157206632606,-0.016194464706281598,32,0.022338515897435955,0.8397559694413963,0.027956989247311832,31,-0.15,0.42039993477915927,-0.09175912514657739,38,-0.16234980000000007,0.25260566594829803,-0.12944523470839261,38,-0.5607142857142857,0.38976830577613053,-0.10739752802410395,32,-0.20588235294117646,0.5862497980706534,-0.06919020001030571,31,0.12142857142857143,0.820353705137051,0.02828288599717346,32,0.7142857142857143,0.12172626373221647,0.1965461101840943,31,-0.956439393939394,0.14878568242512202,-0.17998060558416412,32,-0.4117647058823529,0.5405646143647207,-0.07750273596663335,31,-0.25925925925925924,0.1456147903064616,-0.19129798120810282,32,-0.875,0.05859125121210613,-0.25055485176997805,31,-0.0,0.2979540843708066,-0.12461494219625686,38,-0.0625,0.06338459637746094,-0.2223374663782064,38,-1.9666666666666666,0.46527366754552923,-0.08315670716408576,38,-5.253223343738464,0.0722115002324952,-0.20341394025604553,38,Netunice,49.61559,13.432035,464.0
0-203-0-11005008001,38,-0.0019201228878648255,0.7339398235474535,-0.03868294090968975,38,-0.004325344912666666,0.5887888985090685,-0.061166429587482224,38,-0.012564102564102616,0.7816240195913172,-0.0316337588209989,38,-0.0193375875,0.48927979988214654,-0.07823613086770982,38,-0.21002463054187195,0.17825652558561345,-0.16750765339503365,32,-0.033523751969696994,0.7938612170038639,-0.034090909090909095,33,-0.018518518518518517,0.820661118816003,-0.02588216630809001,38,-0.052356821428571454,0.6599250359110042,-0.04978662873399716,38,-1.25,0.06677544092917409,-0.22851470147202863,32,-0.4285714285714286,0.576890259450629,-0.06831131842799981,33,-0.0,0.9870566032797671,0.002022253995327687,32,-0.07107843137254902,0.8767772931951517,-0.0190479300367706,33,-1.2,0.03497104542492695,-0.26262679854518217,32,-0.3055555555555556,0.686983918132424,-0.04933595219799986,33,-0.3836336336336337,0.4146306805676354,-0.10422458530704222,32,-0.0,0.5961518379495354,-0.06885767430246847,33,-0.0,0.7220539198996362,0.04200701575749618,38,-0.0,0.6797886913817313,-0.04951982409630276,38,0.0,0.8998150907352597,0.014337363304152716,38,-0.5799380218333331,0.8307635569483158,-0.02418207681365576,38,Lovčice  Kvasetice,49.402384,13.493545,597.0
0-203-0-11005011001,39,-0.018612244897959186,0.10492845782376704,-0.18120388866183718,39,-0.018193981401709396,0.0794225366756039,-0.19568151147098517,39,-0.051000000000000004,0.21221419559897747,-0.13994888162586513,39,-0.0554993687581699,0.19553924942719925,-0.14439946018893388,39,0.045454545454545456,0.5731688302799082,0.06779663714483716,34,-0.03480543366071415,0.7007201583617998,-0.04924242424242424,33,-0.188888888888889,0.3641026058643878,-0.10148886964264506,39,-0.0901762777777778,0.4904950005597932,-0.07692307692307693,39,-0.6,0.2923417252746353,-0.1270133352987335,34,-0.0,0.9629028376620015,-0.005708913319669522,33,0.36363636363636365,0.3502289764534262,0.11250017936905143,34,0.5,0.1824793794413433,0.16349928074622802,33,-0.8235294117647058,0.15446699836657957,-0.17189071046121587,34,-0.8032258064516129,0.11046287169896334,-0.19526075122337552,33,-1.0,0.01623805393713961,-0.2978006105140507,34,-1.1666666666666667,0.01067319880147235,-0.3234432594993164,33,-0.058823529411764705,0.08067102958422892,-0.20340612040250086,39,-0.06666666666666667,0.07428911827608181,-0.2078292341356519,39,-4.9250000000000025,0.18318469705803142,-0.14874946084180662,39,-5.32313593504,0.10764169834448248,-0.1794871794871795,39,Žinkovy,49.486555,13.491503,475.0
0-203-0-11005023001,38,-0.020957446808510638,0.07021869181962898,-0.20498225832557448,38,-0.016583681633578942,0.06103886589352509,-0.21194879089615934,38,-0.05498511904761905,0.14796407829454017,-0.16428722305285406,38,-0.04743563937200958,0.13463888856570216,-0.16927453769559037,38,0.014728835978835925,0.8403455115461813,0.024644560834018267,33,-0.022992412499999837,0.7360557234059398,-0.04516129032258065,31,-0.32857142857142857,0.19101531751952994,-0.14804274212402602,38,-0.1766885833333333,0.23234853408410838,-0.13513513513513514,38,-1.0,0.05262748220050078,-0.23787138831956345,33,-0.55,0.5405646143647207,-0.07750273596663335,31,0.212406015037594,0.6198524689244449,0.06083694167301508,33,0.3076923076923077,0.5404475708699887,0.07767030964544261,31,-1.0161290322580645,0.05457677811999681,-0.23574314898293341,33,-0.8125,0.22098285470208812,-0.1550054719332667,31,-0.875,0.12797344268174518,-0.1924785041192251,33,-0.7,0.10688803833475698,-0.21273334118692996,31,-0.0625,0.07282342946574881,-0.21203918555277476,38,-0.058823529411764705,0.08223087995144461,-0.20700320054984322,38,-5.6,0.11029149601384083,-0.18091186446534144,38,-4.623355293666667,0.12202144157473259,-0.17496443812233287,38,Životice,49.470036,13.681495,484.0
0-203-0-11005040001,38,-0.0,0.6575841262655937,-0.05111254017023146,38,-0.012697020187820512,0.15542573698815024,-0.16073968705547653,38,-0.0,0.6760038110362974,-0.048191823589075374,38,-0.031258421612500004,0.21327199008742925,-0.14082503556187767,38,-0.11169590643274842,0.2932239991190237,-0.15076923076923077,26,-0.025244441056149782,0.8295650974246128,-0.031746031746031744,28,-0.0,0.7039298683542825,-0.04390960724556122,38,-0.08096764000000004,0.5052123660867247,-0.07539118065433856,38,-0.75,0.1122525526960429,-0.22256808038466708,26,-1.0,0.03965194341472705,-0.2773422084260067,28,-1.0294117647058822,0.028918819830074178,-0.30650742382965,26,-0.043478260869565216,0.8899427287605404,-0.018592445034090566,28,-0.8529411764705882,0.07406143843273483,-0.2500011907568689,26,-1.25,0.03279881386554563,-0.2864731563356536,28,-0.0,0.788652956964704,0.03895364838967173,26,-1.3043981481481481,0.006471047028500066,-0.3793617586359278,28,-0.0,0.8262894300442298,-0.026600095305827083,38,-0.043478260869565216,0.15223886456595578,-0.17075154779853602,38,-0.019444444444444917,0.6303156328585255,-0.0555352612880088,38,-4.273710562333332,0.15542573698815024,-0.16073968705547653,38,Seč,49.587397,13.506002,398.0
0-203-0-11005050001,38,-0.002669270833333333,0.5868511104110531,-0.06242217640433905,38,-0.008325832041847593,0.21327199008742925,-0.14082503556187767,38,-0.0,0.7134212157335778,-0.0423503904267632,38,-0.027143422411224482,0.3330260574337296,-0.10953058321479375,38,0.019444444444444448,0.8083346986989202,0.03395077899167355,26,-0.02640042903225805,0.7616202077225781,-0.04086021505376344,31,-0.0,0.9194358743257929,-0.011656681309278825,38,-0.079898475,0.5546011462054892,-0.06685633001422477,38,-1.25,0.025928635287679965,-0.31172987983263895,26,-0.6,0.148034959625213,-0.18438871987956068,31,-0.375,0.5222175818067222,-0.0897850029399985,26,0.037037037037037035,0.918715217835959,0.012973162501932319,31,-0.9545454545454546,0.05504165947291326,-0.2685197974795999,26,-0.8823529411764706,0.1062833565428331,-0.20474185480011833,31,-0.0,0.5158820316447532,-0.0949544601593542,26,-0.4666666666666667,0.06292493724770663,-0.24779076412146692,31,-0.0,0.6998801329461615,-0.046192127684579004,38,-0.03333333333333333,0.1750737659642435,-0.1624021934584987,38,-0.0,0.7234338713379782,-0.04067714097239062,38,-2.7363294128333333,0.2631830057197957,-0.12660028449502136,38,Spálené Poříčí,49.615175,13.604538,420.0
0-203-0-11005051001,38,-0.0,0.49953109553960384,-0.07858615975421439,38,-0.008330277516666679,0.1868183244302798,-0.14935988620199148,38,-0.0,0.601429464269084,-0.060793066979675285,38,-0.024434199262337676,0.23234853408410838,-0.13513513513513514,38,-0.022916666666666842,0.761358419126219,-0.04340573661412155,25,-0.07910543511904773,0.4233065625758265,-0.10837438423645318,29,-0.0,0.6372380139380918,-0.055032415458966186,38,-0.11285796538461541,0.34573570837440937,-0.10668563300142248,38,-0.9807692307692308,0.10170693003109325,-0.23490461932490847,25,-0.5,0.3577658634317923,-0.12113803933659045,29,-1.0,0.07574172653851356,-0.2541820235944474,25,-0.30194805194805197,0.4993403919765571,-0.08888915985153278,29,-0.9065217391304348,0.09718529713201818,-0.23706209996943312,25,-0.7124060150375939,0.1826874431012916,-0.17552654679383514,29,-0.0,0.6026639997069778,-0.07730012058189371,25,-0.0,0.3554328193785671,-0.12806786549076324,29,-0.0,0.6687076540031018,-0.052085666185935166,38,-0.0,0.5989072943218096,-0.06318191472099116,38,-0.0,0.49953109553960384,-0.07858615975421439,38,-2.552165835333333,0.23234853408410838,-0.13513513513513514,38,Nezvěstice,49.635765,13.528521,371.0
0-203-0-11101013001,39,-0.06610644257703081,0.007237756307147595,-0.2997975025081454,39,-0.06333582749256575,0.025226179981382203,-0.24966261808367074,39,-0.22391534391534398,0.01709786409556713,-0.26693987491719295,39,-0.17754416082181265,0.038586906025907,-0.23076923076923075,39,-0.22343749999999996,0.2662098531224102,-0.13368983957219252,34,-0.20555738690476222,0.12820953565777926,-0.1721194879089616,38,-0.6515151515151515,0.012265264292964593,-0.2797299851443689,39,-0.4153898947368423,0.11303671633275073,-0.17678812415654524,39,-1.2307692307692308,0.02154507007134394,-0.2767861555905234,34,-0.18181818181818182,0.7628429834484349,-0.03416370972092908,38,0.5652173913043478,0.19186665176077833,0.1572838538962756,34,0.5789473684210527,0.18248298417660647,0.1513214490537432,38,-0.9523809523809523,0.1028425183683846,-0.19660481737034452,34,-0.2857142857142857,0.4890507905557634,-0.07857215015571281,38,-1.4583333333333333,0.011131640055445945,-0.3141465099639219,34,-0.875,0.07749272276341944,-0.20368813730389643,38,-0.13043478260869565,0.012924825748424578,-0.2869649638863537,39,-0.1111111111111111,0.027441018631253172,-0.25405291661974616,39,-19.46666666666667,0.010325771496578338,-0.286293110503274,39,-19.04749474894737,0.032262230741344065,-0.2388663967611336,39,Strašice,49.742781,13.753217,526.0
0-203-0-11101025001,38,-0.022482429960527576,0.036839243280545796,-0.23663632144775998,38,-0.022498313414399094,0.05441710703788968,-0.21763869132290187,38,-0.07444196428571428,0.07201631715900361,-0.20428759040485328,38,-0.06730047477512255,0.11606931716920055,-0.17780938833570414,38,0.04822261072261072,0.7355269048685159,0.04435483870967743,32,-0.06093388717948725,0.28682732924443755,-0.12605042016806722,35,-0.4090909090909091,0.0469294032100621,-0.22523216137798838,38,-0.1819768461538461,0.10485137990421281,-0.1834992887624467,38,-0.10555555555555556,0.820353705137051,-0.02828288599717346,32,-0.6923076923076923,0.24991821040916018,-0.13636382960345064,35,0.5,0.11919865764979794,0.1947297717418508,32,0.5789473684210527,0.12487428588024459,0.182280103624018,35,-0.4444444444444444,0.5483425774169342,-0.07482339782712441,32,-0.6190476190476191,0.22173053853537017,-0.14514897140431063,35,-0.7,0.18205314686255702,-0.17358489077886013,32,-0.9130434782608695,0.009182248374214177,-0.32201257476727496,35,-0.08333333333333333,0.018737969212400327,-0.27732703653205565,38,-0.08,0.028545544988103973,-0.2592767760046777,38,-6.9300000000000015,0.03252945769100752,-0.24233840148264574,38,-7.001916935176469,0.0484057345195482,-0.2233285917496444,38,Holoubkov  Medový Újezd,49.77498,13.71137,433.0
0-203-0-11101047001,38,-0.034757026530076146,0.013728571767175218,-0.2790036293875875,38,-0.021056739596949897,0.08055155245155042,-0.197724039829303,38,-0.10857988165680472,0.03466527499968615,-0.23914596804650354,38,-0.061033240239057256,0.11606931716920055,-0.17780938833570414,38,-0.20795454545454542,0.08822968263868268,-0.20499108734402854,34,-0.01657655000000004,0.9886692774919685,-0.001680672268907563,35,-0.4583333333333333,0.02690935994748077,-0.25053387128681326,38,-0.16569903846153847,0.32062201063429585,-0.112375533428165,38,-0.6521739130434783,0.21268651500737346,-0.15067561510502536,34,-0.42857142857142855,0.35576459387286596,-0.10961276507583863,35,0.5,0.23548544878916866,0.14298532172388692,34,0.5,0.2996785563746869,0.12310356693132644,35,-0.8,0.09673649579088937,-0.20017945041344168,34,-0.3333333333333333,0.486334253143903,-0.08263116136486297,35,-1.0,0.030499933305286137,-0.2676922063177635,34,-0.8,0.18893048362310527,-0.15966592634592558,35,-0.07692307692307693,0.03181668409889227,-0.2529427171217983,38,-0.1,0.03550445539343666,-0.24632821883195727,38,-10.604999999999999,0.01935826347948243,-0.2647687503372004,38,-6.610293427500002,0.09957458800680428,-0.18634423897581792,38,Úněšov  Číhaná,49.894104,13.128163,573.0
0-203-0-11101055001,38,-0.006936231884057973,0.3393045463903904,-0.10818508078294209,38,-0.006540979378135523,0.5887888985090685,-0.061166429587482224,38,-0.05049261083743842,0.23716537844434615,-0.1339988808198159,38,-0.06472716053819445,0.22266404884545676,-0.13798008534850642,38,0.031999999999999994,0.7546886662612806,0.037005900388374695,35,0.05424047237037034,0.7938612170038639,0.034090909090909095,33,-0.08076923076923076,0.7437079373994294,-0.03706352022675759,38,-0.10108920000000002,0.5887888985090685,-0.061166429587482224,38,-0.48148148148148145,0.3339192590028619,-0.11476895413364097,35,-0.17894736842105263,0.7447238162333869,-0.039962393237686654,33,-0.375,0.4426172243223456,-0.09145058099724988,35,-0.25,0.5455113863981487,-0.07407437469876467,33,-0.55,0.2615784721758505,-0.1334476594409779,35,-0.0,0.9752586504483599,0.00380958600735412,33,-0.0,0.862120027614768,-0.021450128148140568,35,-0.0,0.8029951544439402,0.03132849606484793,33,-0.0,0.47249761400068846,-0.08593931647873031,38,-0.0,0.5258949021886392,-0.07477626762038862,38,-1.3999999999999915,0.5801213115254507,-0.06263346782170331,38,-1.4531758191999984,0.7342772134186908,-0.03840682788051209,38,Horní Bělá  Vrtbo,49.884347,13.248312,513.0
0-203-0-11101060001,38,-0.003913725490196079,0.309706925544908,-0.11762492991698556,38,-0.008651857474829341,0.14131468477190773,-0.1664295874822191,38,-0.001263616557734209,0.4756042939819469,-0.08297033843197012,38,-0.021287014162433854,0.22266404884545676,-0.13798008534850642,38,-0.08749999999999991,0.3105075002545208,-0.1417567168131141,26,-0.01385406190476192,0.8273014975871174,-0.033846153846153845,26,-0.1,0.3157546761755551,-0.11624298241253049,38,-0.09021393750000001,0.28524458155149335,-0.12091038406827881,38,-1.0,0.08148585778127759,-0.2438283218492919,26,-0.375,0.42715193595840806,-0.11128404019233354,26,-0.6521739130434783,0.19322978818936598,-0.18209963277352179,26,-0.25,0.5814234633612883,-0.07716086134471262,26,-1.1428571428571428,0.05795554937259211,-0.26502342708538723,26,-0.8888888888888888,0.17856443764782914,-0.1882725016810988,26,-0.0,0.22681266544025802,-0.17858687739831736,26,-0.6666666666666666,0.09202895630606611,-0.24557187972246777,26,-0.0,0.18240182616132927,-0.16172295033012435,38,-0.038461538461538464,0.07754917667421786,-0.21254415397704626,38,-1.4,0.2638144017617148,-0.12938742290868413,38,-3.0536741942000005,0.12820953565777926,-0.1721194879089616,38,Hromnice,49.848142,13.445309,336.0
0-203-0-11102023001,39,-0.012742966751918156,0.37056858760850253,-0.10006781911176081,39,-0.019248790710719263,0.11303671633275073,-0.17678812415654524,39,-0.02569444444444444,0.6111529567544394,-0.05694979386512195,39,-0.052937699621212086,0.13677322642600173,-0.1659919028340081,39,-0.07941176470588233,0.4182381669289249,-0.0957983193277311,35,0.0724319904761905,0.365841095158035,0.10873440285204992,34,-0.17272727272727276,0.32102434452715556,-0.11103651978060972,39,-0.19936050000000005,0.2816493254860488,-0.12010796221322538,39,-0.375,0.3336914129293721,-0.11515999088542579,35,0.13333333333333333,0.8703700491606492,0.01971354656158254,34,-0.15384615384615385,0.7224554243398652,-0.042158755798399464,35,0.6,0.17237920844038268,0.16472859752533187,34,-0.16666666666666666,0.5990471899935542,-0.06250080252298965,35,0.17647058823529413,0.8820855387547617,0.017905282339709987,34,-0.0,0.6789225314061366,0.050194725599289676,35,-0.5185185185185185,0.42967047543506554,-0.09747407697787731,34,-0.0,0.4485089526204372,-0.08825625011240011,39,-0.08108108108108109,0.057089145434856325,-0.22074229124513312,39,-4.112499999999997,0.41061712704752196,-0.09195421215675319,39,-5.431030429999994,0.10245263659151096,-0.1821862348178138,39,Žlutice,50.09822,13.160412,569.0
0-203-0-11102028001,39,-0.05331978319783198,0.0026924522526549054,-0.3353624208069822,39,-0.04979811044934627,0.025226179981382203,-0.24966261808367074,39,-0.16413308913308913,0.010277424932241297,-0.287460864271568,39,-0.1559390255108359,0.043364957125070935,-0.2253711201079622,39,-0.23124999999999996,0.03199955020271605,-0.253781512605042,35,-0.08594488920204789,0.42952084222826226,-0.09206349206349207,36,-0.6249999999999999,0.004794916358805533,-0.31615119645671513,39,-0.39881060869565227,0.11303671633275073,-0.17678812415654524,39,-0.5263157894736842,0.29954845930750373,-0.12331239416697956,35,-0.1111111111111111,0.8916361244635197,-0.015898271284170915,36,0.36363636363636365,0.2216372285991638,0.14539561384456778,35,0.3651515151515151,0.3612301898644721,0.10677375576720584,36,-0.6923076923076923,0.027657511513673586,-0.26138428595007673,35,-0.2857142857142857,0.5307944410757547,-0.07324877910343643,36,-1.0769230769230769,0.07500179416179122,-0.21445366663755575,35,-0.5492307692307692,0.30535012004383966,-0.12168367923428525,36,-0.125,0.00372654943033748,-0.33479245786741263,39,-0.1111111111111111,0.03638599349502572,-0.24019629030606435,39,-16.129166666666666,0.003978917136615879,-0.3218397425486362,39,-15.105529363750001,0.028558055284765172,-0.24426450742240216,39,Verušičky,50.140984,13.172377,582.0
0-203-0-11102036001,39,-0.060000000000000005,0.10245263659151096,-0.1821862348178138,39,-0.04146139132807539,0.0794225366756039,-0.19568151147098517,39,-0.1952083333333332,0.10245263659151096,-0.1821862348178138,39,-0.11487785503151257,0.11303671633275073,-0.17678812415654524,39,-0.13625541125541116,0.44314918450338103,-0.08677098150782363,38,-0.0053902578869047995,0.9791315050883376,-0.0030030030030030034,37,-0.3739130434782609,0.2405679518651459,-0.13108120076813423,39,-0.2616255714285712,0.18731655262785707,-0.14709851551956815,39,-0.8235294117647058,0.11315158050372219,-0.17935947603487767,38,-0.13247863247863248,0.7835259822019991,-0.03160278932078528,37,0.36363636363636365,0.2522805424019936,0.13018811159498103,38,0.2608695652173913,0.45577903344915605,0.0859086731277783,37,-0.3333333333333333,0.39946113839177533,-0.0955781350804316,38,-0.5,0.19527138826626922,-0.14898457822655917,37,-0.30434782608695654,0.5037930521771434,-0.07716794712577543,38,-0.3208333333333333,0.6367153953583702,-0.05522745708059766,37,-0.08333333333333333,0.06082042553982719,-0.21537092408908717,39,-0.11428571428571428,0.047570369065252235,-0.22680995444935528,39,-20.353846153846153,0.10764169834448248,-0.1794871794871795,39,-12.832980284333333,0.11864258293031839,-0.17408906882591094,39,Bezvěrov,49.993664,13.054363,699.0
0-203-0-11102044001,38,-0.0029135254988913502,0.48702229325374713,-0.07984231865671275,38,-0.01685288014461539,0.11034778241543665,-0.18065433854907542,38,-0.0,0.9190871033815686,-0.011762492991698556,38,-0.05990270391215108,0.14131468477190773,-0.1664295874822191,38,0.004545454545454543,0.9550997037210467,0.00741661465326064,29,-0.037261047839506206,0.8010290549199228,-0.030303030303030304,34,-0.0045454545454545695,0.6951915564538778,-0.04506885235380082,38,-0.20915983333333324,0.24232823970568207,-0.1322901849217639,38,0.09846153846153846,0.865866071599168,0.02224984395978192,29,-0.55,0.2992452510165816,-0.12511215650840105,34,-0.021739130434782608,0.9850314763649116,-0.00246609312010264,29,0.36666666666666664,0.3350395988314254,0.11627981400588278,34,-0.8242424242424242,0.20195648677109446,-0.1679017463862286,29,-0.2857142857142857,0.6246954163900664,-0.05882352941176471,34,-0.23735632183908045,0.19070408741552158,-0.18090737581762498,29,-0.5,0.3790663863464768,-0.10850887814518419,34,-0.0,0.262912998550241,-0.1352022573581628,38,-0.07142857142857142,0.06622240329697374,-0.21566757409594858,38,-0.6999999999999961,0.44078007845693057,-0.08855238978289959,38,-4.7502544862499985,0.12202144157473259,-0.17496443812233287,38,Manětín,49.992466,13.22757,436.0
0-203-0-11102069001,38,-0.0,0.39860158493693965,-0.09870467325891298,38,-0.00989058433382353,0.08055155245155042,-0.197724039829303,38,-0.0,0.49591894062993214,-0.0799573143588997,38,-0.023095403608333342,0.24232823970568207,-0.1322901849217639,38,-0.006066176470588269,0.8560952404803239,-0.028708462588160732,21,0.025349190476190473,0.804356087967467,0.03703703703703704,27,-0.007407407407407381,0.37063729774144605,-0.10468677466854406,38,-0.11311113750000001,0.2631830057197957,-0.12660028449502136,38,-0.5,0.38038975947416154,-0.13909232857499726,21,-0.2857142857142857,0.5043677144655352,-0.09156021379992973,27,-0.8094758064516129,0.155635963868619,-0.22434431435408156,21,-0.1,0.8023351291231067,-0.03433508017497365,27,-0.9184491978609626,0.0850677344207924,-0.27207714719537546,21,-0.375,0.44030924877949096,-0.10571471720380796,27,-0.0,0.6244226038385436,-0.08010018789148142,21,-0.0,0.29517940222662076,-0.15075067798127287,27,-0.0,0.3600940437119121,-0.11251088406689629,38,-0.034482758620689655,0.06754355053493227,-0.2204878568131346,38,-0.11666666666666596,0.3844639296619846,-0.10169572396372852,38,-3.2662411374444438,0.07628861573611229,-0.20056899004267426,38,Plasy,49.933074,13.382176,330.0
0-203-0-11102088001,38,-0.0,0.7676151908767379,-0.03469845717461686,38,-0.006746060614054055,0.23234853408410838,-0.13513513513513514,38,-0.0,0.827109745218531,-0.025646685737760282,38,-0.01859201788878676,0.34573570837440937,-0.10668563300142248,38,-0.0815972222222223,0.5006096271664154,-0.11578947368421053,20,0.0704653024999999,0.5653150900709356,0.09090909090909091,23,-0.0,0.8774643213162356,-0.018118043110618293,38,-0.026588115000000002,0.7917722129874467,-0.029871977240398292,38,-0.225,0.7453438726627502,-0.052910793527110644,20,0.3181818181818182,0.5966277880033992,0.07984429575400097,23,-0.4097222222222222,0.3465102430196928,-0.15303483349148167,20,0.0,0.978915245485972,0.003968285212749079,23,-0.957427536231884,0.11900406643496338,-0.25397180893013105,20,-0.05555555555555555,0.95785991326958,-0.007920807608695957,23,-0.28044871794871795,0.18290806529742876,-0.2279951893522565,20,-0.22580645161290322,0.2819342388227245,-0.1687808786821663,23,-0.0,0.7275906215793768,-0.04308546709894354,38,-0.0,0.1787183577985888,-0.16314284544256544,38,-0.0,0.7873137562302711,-0.031681200028998,38,-2.408698998666667,0.20416928423667413,-0.14366998577524895,38,Liblín,49.916487,13.5451,299.0
0-203-0-11102119001,38,-0.006542296227772638,0.2669024563979725,-0.12709042216054892,38,-0.009906395565539117,0.13463888856570216,-0.16927453769559037,38,-0.015000000000000013,0.3357657274971553,-0.1110705225760176,38,-0.02534022804687851,0.24232823970568207,-0.1322901849217639,38,0.030257936507936574,0.7669203151689317,0.03973513419161582,28,0.02267287675000009,0.8715144058186618,0.02666666666666666,25,-0.1333333333333333,0.24031143029929147,-0.1350061024558961,38,-0.12729238709677418,0.21327199008742925,-0.14082503556187767,38,-0.15894736842105261,0.7669203151689317,-0.03973513419161582,28,-0.17894736842105263,0.761063209516591,-0.043699021954432926,25,0.378021978021978,0.40648344235657985,0.11140622746386529,28,0.057692307692307696,0.9440963165556129,0.01005037815259212,25,-0.049516908212560384,0.905603823126242,-0.015915175351980757,28,-0.375,0.5589831702992936,-0.083753151271601,25,-0.0,0.8387416847779637,-0.028843007313953617,28,-0.23106060606060608,0.44799794875487775,-0.11243653902820903,25,-0.03225806451612903,0.14301057725507232,-0.17582336875629906,38,-0.030303030303030304,0.1178649397982124,-0.18868169749396474,38,-2.100000000000003,0.2723375579209045,-0.12573843023413264,38,-3.0427888870312505,0.1482419900122246,-0.1635846372688478,38,Slabce  Modřejovice,49.992453,13.690636,389.0
0-203-0-11102135001,38,-0.007968901846452867,0.22026635640273928,-0.14081281654002065,38,-0.00919412963410078,0.09957458800680428,-0.18634423897581792,38,-0.010871271585557294,0.4770309268774823,-0.08233745094188989,38,-0.024065107879430916,0.2631830057197957,-0.12660028449502136,38,-0.06964285714285713,0.46786670864704466,-0.09852216748768472,29,0.04185125925925927,0.5408307375523345,0.08923076923076924,26,-0.18666666666666665,0.1721349211092097,-0.15736519767526416,38,-0.09864390625,0.29673154943364377,-0.11806543385490756,38,-0.12955465587044535,0.8071769185176296,-0.032218710105875646,29,0.0625,0.8771829278939907,0.021740073998457406,26,-0.08333333333333333,0.8954780386766111,-0.017305434190941493,29,0.3181818181818182,0.6432944051034315,0.0648151235295586,26,-0.6515151515151515,0.31988101845650707,-0.13102685887427132,29,-0.1,0.8425762659768969,-0.027864311257240915,26,-0.0,0.4184058793461257,-0.11238466421448008,29,-0.20588235294117646,0.3223403994767412,-0.1448277641088593,26,-0.0,0.29182991298010064,-0.1273239736526552,38,-0.034482758620689655,0.07918067429702168,-0.2126178653243456,38,-2.4161290322580657,0.23981128316022826,-0.13520655706140247,38,-2.801527008,0.13463888856570216,-0.16927453769559037,38,Terešov,49.901862,13.707071,402.0
0-203-0-11102153001,38,-0.018118686868686867,0.2567889159456095,-0.12941083154045005,38,-0.014454809142427881,0.13463888856570216,-0.16927453769559037,38,-0.031944444444444456,0.44906723731595655,-0.08665256056401062,38,-0.026119951345755704,0.3330260574337296,-0.10953058321479375,38,-0.17778205128205138,0.13935105225018282,-0.19704433497536944,29,0.018341300000000022,0.8044644884091301,0.03448275862068966,30,-0.2666666666666667,0.17739387621538483,-0.15441723202664223,38,-0.1665514761904761,0.22266404884545676,-0.13798008534850642,38,-0.15789473684210525,0.7212722147757993,-0.04708888400089518,29,0.13333333333333333,0.8164557986456197,0.030023414958478573,30,-0.0,0.9850244472386677,-0.0024722048844202133,29,0.38461538461538464,0.5678737218221683,0.07381820431443552,30,-0.7084942084942085,0.1708182059875899,-0.18002479776749272,29,0.0,0.9857611394504326,0.0023041535819316615,30,-0.2746153846153846,0.38256883553208754,-0.11900656106431562,29,-0.28,0.448980791378478,-0.10093995943896777,30,-0.0,0.32034057640473834,-0.11776728021901892,38,-0.058823529411764705,0.06110980897778252,-0.2224814837158562,38,-5.419354838709677,0.21689950485102494,-0.14091401656626784,38,-4.30238350402,0.12820953565777926,-0.1721194879089616,38,Karlova Ves,49.990212,13.861277,405.0
0-203-0-11103001001,38,-0.0028846153846153843,0.5525428122387521,-0.06822889048846362,38,-0.013708176880638296,0.09451183368020259,-0.1891891891891892,38,-0.0,0.6294347032638044,-0.05587184171056814,38,-0.051004907257595336,0.0722115002324952,-0.20341394025604553,38,0.017792792792792753,0.7972676337858797,0.034437116299400376,28,0.004551410869565231,1.0,0.0022988505747126436,30,-0.0,0.7329062168703664,-0.03925351656621362,38,-0.1769205923076923,0.23234853408410838,-0.13513513513513514,38,-0.09166666666666667,0.8899427287605404,-0.018592445034090566,28,-0.15789473684210525,0.7751667159583584,-0.03690910215721776,30,-0.06111111111111111,0.9369873319714807,-0.010610116901320504,28,-0.08333333333333333,0.8582742305474564,-0.02312177356354548,30,-0.4722222222222222,0.41783935752949397,-0.10860936679041658,28,-0.05555555555555555,0.8723923763758188,-0.020737382237384958,30,-0.0,0.9517719583128109,-0.008455771490530685,28,-0.0,0.5159573903866794,-0.0867381748239311,30,-0.0,0.616737071883799,-0.06009987010045502,38,-0.0625,0.07266892142480051,-0.2127166287661294,38,-0.5764705882352944,0.5868511104110531,-0.06242217640433905,38,-4.138628829200001,0.11034778241543665,-0.18065433854907542,38,Oráčov,50.10814,13.54839,401.0
0-203-0-11103043001,38,-0.0029100000000000016,0.31418880860598886,-0.11713786076571578,38,-0.004913140277271624,0.28524458155149335,-0.12091038406827881,38,-0.0,0.4058246925703638,-0.09713281562311522,38,-0.013576786654999999,0.39961019101354256,-0.09530583214793742,38,-0.04163925438596491,0.5589115691688886,-0.083753151271601,25,0.01252152000000013,0.8958668197336087,0.021538461538461538,26,-0.08333333333333333,0.29602160237811237,-0.12186900243152722,38,-0.10114491764705885,0.28524458155149335,-0.12091038406827881,38,-0.4097222222222222,0.5589831702992936,-0.083753151271601,25,-0.5,0.4939347718475535,-0.09597707210827425,26,-0.7261904761904762,0.21540945324934258,-0.1775566806957941,25,0.07692307692307693,0.9472529891802669,0.009259303361365514,26,-0.7171428571428571,0.16089641379627584,-0.20067001862719533,25,-0.5263157894736842,0.4532791249735818,-0.10510159351498168,26,-0.0,0.7912440639458094,-0.039927470475234525,25,-0.0,0.40721200421279913,-0.1229019735598054,26,-0.0,0.2914902686102837,-0.12944335441316207,38,-0.0,0.07930598781064221,-0.21420612362178623,38,-0.7,0.3080632299071987,-0.11871239461781073,38,-1.55522025225,0.28524458155149335,-0.12091038406827881,38,Křivoklát,50.0381,13.8808,323.0
0-203-0-11103045001,38,-0.02188449848024316,0.16656970560628748,-0.15680720095935902,38,-0.011786358060606066,0.09451183368020259,-0.1891891891891892,38,-0.04201923076923064,0.5453071350220386,-0.0690191101549067,38,-0.024929621092499996,0.2631830057197957,-0.12660028449502136,38,-0.038888888888888896,0.7108665346868004,-0.044642928321052155,34,0.06417739473684211,0.25008298106040583,0.14838709677419357,31,-0.2791666666666666,0.17434499125304592,-0.15417657073400254,38,-0.11470354838709675,0.22266404884545676,-0.13798008534850642,38,0.0,0.9763392778597197,0.0035746330430971728,34,0.5,0.3495648496754221,0.11879160505632072,31,0.6,0.10266595324868494,0.1973133054946761,34,0.5789473684210527,0.214393187582526,0.1576688576202075,31,-0.25,0.7108665346868004,-0.044642928321052155,34,0.24242424242424243,0.7725640884455415,0.036638016122126436,31,-0.2413793103448276,0.4921786859075976,-0.08500434975494357,34,-0.3181818181818182,0.27864605679913934,-0.1427273037097902,31,-0.05555555555555555,0.16336063368569886,-0.16348280813985358,38,-0.07407407407407407,0.02132905568737599,-0.2726259186126784,38,-7.0875,0.1951877932716748,-0.1469335509445441,38,-3.7735338854705884,0.11034778241543665,-0.18065433854907542,38,Nové Strašecí,50.1456,13.8942,482.0
0-203-0-11103049001,38,-0.01183673469387755,0.07620442259311191,-0.20460359421897978,38,-0.010005976113694623,0.042962263812872936,-0.22901849217638695,38,-0.034375,0.14076076542760244,-0.17055614837962904,38,-0.025035342932692304,0.11606931716920055,-0.17780938833570414,38,-0.1207843137254902,0.2980332027250029,-0.14285714285714285,28,0.07459555789473686,0.5408307375523345,0.08923076923076924,26,-0.2631578947368421,0.13841346009279837,-0.1708619199976309,38,-0.1603144961538462,0.06831457033442663,-0.2062588904694168,38,-0.7721674876847291,0.13817878892902075,-0.19920476822239894,28,-0.15625,0.8426770390705275,-0.027777910084096545,26,-0.8611111111111112,0.14900045477655313,-0.19389264106980164,28,0.38235294117647056,0.6752211947359182,0.058642254621981596,26,-1.2,0.029700187087101655,-0.2917782147863139,28,-0.2857142857142857,0.6914822624699253,-0.05547001962252292,26,-0.0,0.40475637703900846,-0.11770243312489374,28,-0.0,0.5042424957394449,-0.09919241024282371,26,-0.03333333333333333,0.11053618598684217,-0.19253869186499079,38,-0.041666666666666664,0.011788304893730558,-0.3064690623326496,38,-4.199999999999996,0.06443780658710906,-0.21337231968550752,38,-3.1430183759459465,0.042962263812872936,-0.22901849217638695,38,Zbečno,50.0614,13.935,262.0
0-203-0-111040030,39,-0.03556231003039513,0.11571523054334615,-0.17579481735849875,39,-0.03396316641147321,0.01406241309059956,-0.2739541160593792,39,-0.08938120702826587,0.21629249143143703,-0.1390665745694438,39,-0.10394142658953846,0.04593566783244592,-0.22267206477732795,39,0.12272727272727278,0.4585093632832231,0.08920610150636468,34,-0.041351085227272606,0.6804555796895153,-0.04873949579831932,35,-0.2727272727272727,0.26035252461613734,-0.12601730135684744,39,-0.292922,0.0836565829857083,-0.1929824561403509,39,0.35294117647058826,0.6351902234664795,0.0570919049640734,34,-0.0,1.0,0.0,35,0.6363636363636364,0.09971498761964913,0.19857014391773825,34,0.7916666666666666,0.11143156193526103,0.18935242733246035,35,-0.375,0.5530651776455793,-0.07149266086194346,34,0.2,0.8534697351387891,0.021922553015167726,35,-0.5384615384615384,0.2749101698464894,-0.13581189686083314,34,-0.2413793103448276,0.5876851173812738,-0.06571385663826883,35,-0.07692307692307693,0.053762835550081434,-0.22390477035109763,39,-0.1,0.01874455008739264,-0.2708962039094531,39,-9.984210526315795,0.12735514944392198,-0.17038574605516033,39,-10.3359478,0.016071946414393776,-0.26855600539811064,39,Podlesí,49.6897,13.9806,510.0
0-203-0-11104026001,37,-0.012714360448671195,0.20388067959868006,-0.14686353237416097,37,-0.011208199929170957,0.1999372522493834,-0.14714714714714713,37,-0.028039784289784292,0.43857802608099994,-0.0900191773429351,37,-0.03433112380173797,0.24975628492924207,-0.13213213213213215,37,0.09318181818181821,0.562905829997928,0.08262108262108263,27,0.04408260416666665,0.6310368149871954,0.07076923076923078,26,-0.1574193548387097,0.36609642581692614,-0.10446993540017635,37,-0.1257244412747253,0.37380752860253785,-0.1021021021021021,37,-0.6923076923076923,0.28720541558040935,-0.14613420473402572,27,-0.3181818181818182,0.5811782417108777,-0.07740086460344697,26,-0.7037037037037037,0.39229255899279014,-0.11748043909990302,27,0.2857142857142857,0.6116664352838117,0.07143167170921719,26,-0.4230769230769231,0.4912971242158931,-0.09428609912772061,27,-0.34782608695652173,0.6120129928256016,-0.07098799243713562,26,-0.0,0.9831691397753209,0.0029978977118742265,27,-0.4375,0.4239014480001275,-0.11490987409506664,26,-0.034523809523809526,0.1786015164427306,-0.1634959308395058,37,-0.04257246376811594,0.11541505705830041,-0.19118194619402887,37,-4.100490196078431,0.2281327709938481,-0.139399699831134,37,-3.579126287221154,0.1821888204763371,-0.15315315315315314,37,Hvozdec  Mrtník,49.798186,13.872083,425.0
0-203-0-11105027001,39,-0.004,0.21164589977542314,-0.14306355409448301,39,-0.006333691991889805,0.11303671633275073,-0.17678812415654524,39,-0.0,0.7098152665657174,-0.04322703745761664,39,-0.012010584891493056,0.26058515870606247,-0.12550607287449395,39,-0.009677419354838733,0.8948700092909415,-0.019841426063745397,23,0.15638309444444465,0.04378445860333526,0.30434782608695654,23,-0.11599999999999999,0.2598417330334394,-0.12922622938656153,39,-0.09362108260869563,0.390407855765015,-0.09581646423751687,39,-0.5,0.42801664333040335,-0.11881211413043936,23,-0.08333333333333333,0.853091920117274,-0.02788933159074572,23,-0.4117647058823529,0.41261765902807745,-0.12301684159522146,23,0.3076923076923077,0.7114753254713906,0.055445653260871704,23,-0.8484848484848485,0.1536772605527396,-0.21386180543479086,23,-0.5,0.5432772547451947,-0.09127055989322883,23,-0.0,0.5182416111597716,-0.10081542190649244,23,-0.0,0.4248136416373659,-0.12796456313529805,23,-0.0,0.35671547336656007,-0.11087555917029165,39,-0.03125,0.027507513853935087,-0.26726502520494555,39,-1.2173913043478262,0.2252640412046063,-0.13916042254600253,39,-1.9613994455999995,0.10764169834448248,-0.1794871794871795,39,Loděnice,49.9964,14.1567,255.0
0-203-0-11105036001,37,-0.0021210222231184935,0.38117733660233033,-0.1035480449233278,37,-0.004441003096530557,0.28350976401572237,-0.12312312312312312,37,-0.0,0.5557483761225912,-0.07031158673670732,37,-0.008749387680576922,0.44028028439455835,-0.08865517152815626,37,-0.040645204741379296,0.7097584217371342,-0.05444655064804708,24,0.13944401754385963,0.030888793762969845,0.33333333333333337,22,-0.0,0.6048555170382007,-0.061137388998263695,37,-0.0600996875,0.5649729521933644,-0.06606606606606608,37,-0.27222222222222225,0.7470311555982709,-0.0471870105616408,24,-0.0,0.9099935440917984,-0.017506518288465507,22,-0.30194805194805197,0.6731676255719617,-0.061706090734453344,24,0.38461538461538464,0.672072264657135,0.0652180077345553,22,-0.9272727272727272,0.10140109306113665,-0.2400015867925963,24,-0.3333333333333333,0.672072264657135,-0.0652180077345553,22,-0.0,0.5117974017923812,-0.09978178146267587,24,-0.0,0.8144525637068495,-0.03859468715570384,22,-0.0,0.4183511689723046,-0.0996815278536125,37,-0.0,0.04909716593883921,-0.24469421708585573,37,-0.692929292929293,0.38117733660233033,-0.1035480449233278,37,-1.432595703938889,0.32022531621448047,-0.11411411411411412,37,Liteň,49.9033,14.1506,320.0
0-203-0-11201026001,39,-0.00999019607843137,0.18239298637445467,-0.14997375688861586,39,-0.005376173017226674,0.19553924942719925,-0.14439946018893388,39,-0.01778846153846154,0.4154199537246739,-0.09217665284140215,39,-0.008070087158603896,0.628382485673155,-0.054090713033384225,39,0.28222222222222226,0.04759294522318873,0.2557610475944145,30,0.125183775,0.14039017172957366,0.22529644268774704,23,-0.05,0.7070167133886975,-0.04235292812270203,39,-0.04140498709677419,0.5214354670100881,-0.07152496626180838,39,-0.058823529411764705,0.9573015512516126,-0.006912460745794985,30,-0.23076923076923078,0.67199987100962,-0.06387543660320077,23,0.35294117647058826,0.4752381770499665,0.0922727553930444,30,-0.4444444444444444,0.491836091299909,-0.10338156042338074,23,-0.6521739130434783,0.39171805890327704,-0.11047187981895011,30,-0.55,0.42801664333040335,-0.11881211413043936,23,-0.0,0.42934603554859874,-0.10761945663259771,30,-0.0,0.6771180553834241,-0.06685046927597159,23,-0.04,0.07741585974556045,-0.20846832206368318,39,-0.0,0.2531401545867621,-0.13897132231477347,39,-3.3645161290322574,0.20305121780737234,-0.14325546272365158,39,-1.6461212068965516,0.2040235057705807,-0.1417004048582996,39,Říčany,50.0003,14.6717,385.0
0-203-0-11202007001,39,-0.0,0.8835198957996748,-0.01670965650186869,39,-0.0016409950000000001,0.43868977418959454,-0.08654514085341476,39,-0.0,0.9609332835832789,0.005610335454685608,39,-0.0013674958333333334,0.6986053268088517,-0.04327257042670738,39,-0.05909090909090904,0.4060348292913185,-0.12000000000000001,26,0.08647392857142856,0.33200659870531884,0.1695906432748538,19,-0.0,0.9318879637708524,0.009754309551214814,39,-0.00050475145,0.9613970793626782,-0.005409071303338423,39,-0.375,0.6120129928256016,-0.07098799243713562,26,-1.2380952380952381,0.21092283459362027,-0.21637426900584794,19,-0.08333333333333333,0.9122021204160496,-0.015432172268942525,26,-0.8125,0.3097123982731178,-0.17059118672426388,19,-0.5,0.4402155087919929,-0.10802520588259766,26,-1.2380952380952381,0.2983021854281703,-0.18128654970760236,19,-0.0,0.22649039371721114,-0.1792495397024978,26,-0.0,0.6276457636445336,-0.0875286926850675,19,-0.0,0.9204474977119241,0.011977953902962302,39,-0.0,0.6736634072568,-0.052363130910399,39,-0.0,0.9416037544607062,-0.008354828250934344,39,-0.4171698816133334,0.5451750370562123,-0.06761339129173029,39,Praha  Suchdol,50.1436,14.3906,268.0
0-203-0-11202034001,39,-0.004821428571428572,0.18851373797573756,-0.1512943769742405,39,-0.005010863333333332,0.16785024258173942,-0.15395006885553414,39,-0.0,0.48730945142611526,-0.0806904699208844,39,-0.011043865111111087,0.3211896552901148,-0.1107360144399456,39,-0.023214285714285663,0.7913462164838677,-0.036980013081681945,26,0.044140709722222206,0.3661555226120939,0.1333333333333333,25,-0.055172413793103434,0.27944469828515817,-0.12452129249725458,39,-0.08837500000000001,0.3331339647561331,-0.10803513603897132,39,0.1111111111111111,0.8425762659768969,0.027864311257240915,26,0.15,0.7970537619175491,0.03685138655950444,25,0.25,0.7241468451738877,0.0494595734188149,26,-0.028991596638655463,0.9441267844987651,-0.010016708449412666,25,-0.4230769230769231,0.49421497700090977,-0.09567946806744365,26,-0.5086206896551724,0.41355882968847646,-0.1168615985764811,25,-0.20588235294117646,0.17216416964463022,-0.20406510715543077,26,-0.0,0.5124427254347044,-0.09918697838003708,25,-0.0,0.1277145654889858,-0.18358094318941698,39,-0.0,0.1420895719647291,-0.17710022394614985,39,-1.54,0.19264395158766467,-0.14999155687169302,39,-1.6622530970769231,0.1465764363553086,-0.16205270405845695,39,Koleč,50.1991,14.2377,238.0
0-203-0-11301018001,39,-0.015203256151728564,0.43877912556080434,-0.08642810883117705,39,-0.007826261949544406,0.4904950005597932,-0.07692307692307693,39,-0.08124999999999995,0.35777709144413217,-0.10277235476343002,39,-0.05032987968749995,0.4754031324799811,-0.0796221322537112,39,-0.04157477025898072,0.8444536286712079,-0.022539450388514303,37,-0.10285218055555534,0.22983658719268163,-0.14438502673796794,34,-0.17857142857142858,0.529234171816515,-0.0703179269433995,39,-0.14742413636363635,0.32716180826200836,-0.10931174089068826,39,-0.6594202898550725,0.059564495876060976,-0.21686845364414978,37,-0.7857142857142857,0.15894409544271138,-0.1696431276199982,34,-0.25357142857142856,0.6755115538380978,-0.048120355159005444,37,0.09523809523809523,0.9291165324816205,0.010704732180763763,34,-0.4775828460038986,0.1654917941987628,-0.15963927837694358,37,-0.55,0.18684979530226864,-0.15921389917728562,34,-0.0,0.8125029709122658,-0.028011705113493195,37,-0.0,0.7987354075980186,-0.031689019969859074,34,-0.0,0.5256567547284412,-0.0734718358370645,39,-0.0,0.6247940938280988,-0.056769293051729716,39,-2.8,0.6631392832741445,-0.0486816417300458,39,-2.139934349000002,0.4754031324799811,-0.0796221322537112,39,Hazlov,50.159224,12.270389,551.0
0-203-0-11301046001,39,-0.049863945578231296,0.10764169834448248,-0.1794871794871795,39,-0.2168590282070243,0.038586906025907,-0.23076923076923075,39,-0.10212295444493585,0.16785024258173942,-0.15395006885553414,39,-0.6177527595238104,0.10245263659151096,-0.1821862348178138,39,-0.14499999999999993,0.40664548394407185,-0.09395020173255497,38,-0.6627013461538461,0.0836565829857083,-0.1929824561403509,39,-0.5,0.12737371906430758,-0.17038574605516033,39,-0.9892380645161292,0.11303671633275073,-0.17678812415654524,39,0.0967741935483871,0.8602559112779518,0.01995728012210024,38,-0.15789473684210525,0.7622180089836257,-0.03387561864431382,39,0.34615384615384615,0.40649707700495985,0.0942190154485571,38,0.3333333333333333,0.26540780080330173,0.12491747089373327,39,-0.5666666666666667,0.12800844306687817,-0.17285873034256816,38,-0.6521739130434783,0.11018288636199582,-0.17874171476878636,39,-0.7,0.09993388076086862,-0.19172414762185278,38,-0.7777777777777778,0.17015516538368214,-0.15612039182824042,39,-0.09523809523809523,0.06037449220915916,-0.2172685019351142,39,-0.13636363636363635,0.04363290356603354,-0.23081884990001952,39,-16.022222222222222,0.12446413014279424,-0.17139001349527666,39,-77.75929745500001,0.04593566783244592,-0.22267206477732795,39,Luby,50.256881,12.400238,524.0
0-203-0-11301059001,39,-0.006395859779318429,0.6025054071338007,-0.058425261261283494,39,-0.010143428425333334,0.3771975360539871,-0.09851551956815116,39,-0.023989898989899065,0.6625515993905773,-0.04908232043627427,39,-0.029527881406517114,0.4605696129518848,-0.08232118758434548,39,-0.1232432432432433,0.3426874249957724,-0.1141838099281468,34,-0.0343163206818182,0.6875540197466125,-0.052419354838709686,32,-0.10416666666666667,0.6627994192496991,-0.048947663610703546,39,-0.10653207142857138,0.3516160877892871,-0.10391363022941971,39,-0.75,0.154557683085248,-0.1715823860686643,34,-0.5333333333333333,0.3223725681245564,-0.1233574937149889,32,-0.2,0.744238757820443,-0.0393209634740689,34,-0.5408602150537634,0.28423721168363547,-0.13360433382682316,32,-0.8235294117647058,0.09666312467844759,-0.20053916220475185,34,-0.5,0.29166070137939737,-0.13144650969629965,32,-0.0,0.6214576417179689,-0.061513979941491145,34,0.14583333333333334,0.6247288987099482,0.0624004121436032,32,-0.0,0.7582473528117684,-0.036218079544389,39,-0.0,0.6426383646328868,-0.053850514388238666,39,-0.9800000000000069,0.7620489303942812,-0.03396817515190901,39,-2.6217753817500054,0.4754031324799811,-0.0796221322537112,39,Starý Hrozňatov,50.025396,12.389416,452.0
0-203-0-11301086001,39,-0.006818181818181818,0.6027181394186537,-0.058266064068219776,39,-0.01794472252423965,0.2504723290962606,-0.12820512820512822,39,-0.02130681818181818,0.5691881193800341,-0.06386016928558894,39,-0.03588098543341544,0.40389553717945137,-0.0931174089068826,39,0.04722222222222191,0.4346635046126911,0.09259272380481216,35,-0.04845193634615378,0.7029175632453667,-0.04444444444444445,36,-0.20476190476190462,0.43848858043956873,-0.08678063827066201,39,-0.1252823809523811,0.4754031324799811,-0.0796221322537112,39,-0.2222222222222222,0.6089943220105329,-0.06076003454133934,35,-0.4660633484162896,0.47868575556791204,-0.08267101067768877,36,0.3333333333333333,0.2556688093124053,0.13502229898075407,35,0.5882352941176471,0.20013866730967622,0.14992197129372825,36,-0.7407407407407407,0.10527951057496462,-0.19240677604757456,35,-0.2857142857142857,0.4786041112287758,-0.08280296768214551,36,-0.6086956521739131,0.22791180587767867,-0.1479180455835149,35,-0.4117647058823529,0.47721033907547117,-0.08443739441063006,36,-0.04,0.2166978339489226,-0.1438803372579933,39,-0.047619047619047616,0.21688111842118485,-0.1432356125628662,39,-2.3434782608695666,0.6718143212349463,-0.04742586610203935,39,-4.960470533333331,0.390407855765015,-0.09581646423751687,39,Habartov,50.180156,12.54853,484.0
0-203-0-11301117001,38,-0.035536086775135554,0.4138291070046193,-0.09246088193456616,38,-0.01826243928602941,0.30852387030486816,-0.11522048364153628,38,-0.08828124999999999,0.5052123660867247,-0.07539118065433856,38,-0.05222836346078431,0.2740621313123316,-0.12375533428165009,38,-0.011755952380952353,0.9791315050883376,-0.0030030030030030034,37,-0.026855169716394726,0.7232315327840453,-0.041269841269841276,36,0.045454545454545456,0.9498783663452921,0.007112375533428165,38,-0.15168038461538463,0.4138291070046193,-0.09246088193456616,38,-0.2857142857142857,0.6190108437459202,-0.05731582054811119,37,-0.36141304347826086,0.6335219762022439,-0.05559969982597375,36,0.2631578947368421,0.4247816212022375,0.09193735194376275,37,0.5,0.306641598130722,0.11971455770606983,36,-0.5527777777777778,0.0914308788479335,-0.19442489181549827,37,-0.16025641025641024,0.6927573527348663,-0.04614173841325082,36,-0.6681818181818182,0.2427838586027964,-0.13685668918771443,37,-0.0,0.9127434560950126,-0.013099624864864321,36,-0.03571428571428571,0.5027490570554509,-0.07798579832739387,38,-0.045454545454545456,0.29960426767080883,-0.12093369311532252,38,-7.8399999999999865,0.5887888985090685,-0.061166429587482224,38,-5.234774887766666,0.3330260574337296,-0.10953058321479375,38,Oloví,50.24589,12.559014,537.0
0-203-0-11301161001,39,0.0745674740484428,0.30383969072789097,0.11470985155195683,39,-0.0676642408624095,0.8370667917810841,-0.02294197031039136,39,0.41434173669467794,0.19553924942719925,0.14439946018893388,39,-0.12482739987878783,0.9325173009267298,-0.009446693657219972,39,0.28343137254901907,0.3516160877892871,0.10391363022941971,39,0.012502260684769985,0.9710506310772951,0.004048582995951417,39,0.34444444444444383,0.6370852349600609,0.05263157894736842,39,-0.5098460416666667,0.6029482157578505,-0.058029689608636977,39,-0.27586206896551724,0.6112747916454061,-0.05687236379006839,39,0.045454545454545456,0.9613989617426145,0.005409071303338423,39,0.0625,0.8464431920629328,0.021695159567665503,39,0.1,0.6454630689511739,0.05166697825574263,39,-0.058823529411764705,0.7713669866628745,-0.03263177574046903,39,-0.15384615384615385,0.6985773452471671,-0.043331324792433054,39,-0.0,0.7795658161524814,0.03209608893456907,39,-0.3333333333333333,0.3483745195929614,-0.10792032701720836,39,0.07142857142857142,0.33154845642631825,0.11060596074556735,39,-0.0,0.9707743098095383,-0.004229385417887584,39,38.96666666666667,0.2816493254860488,0.12010796221322538,39,-23.208834615806477,0.8560119521653429,-0.020242914979757085,39,Nejdek,50.335684,12.715486,609.0
0-203-0-11302015001,39,-0.0546452380952381,0.051463265486995834,-0.21727395411605938,39,-0.055128928334307215,0.08807158233193607,-0.1902834008097166,39,-0.1669079939668175,0.051463265486995834,-0.21727395411605938,39,-0.15725594390476205,0.09746458904267719,-0.18488529014844804,39,-0.098991341991342,0.547421430491585,-0.06906906906906907,37,-0.02343084125344369,0.9166685759960673,-0.012012012012012014,37,-0.5,0.12742942425073925,-0.17015533926137982,39,-0.33557807142857143,0.19553924942719925,-0.14439946018893388,39,-1.0,0.07737870867791309,-0.20316078849076247,37,-0.09722222222222221,0.8855952294890598,-0.01652893028491049,37,0.6,0.12262800981826802,0.17771164951395607,37,0.3333333333333333,0.3807528597044053,0.10082794688060065,37,-0.75,0.10759112907984042,-0.18510205173602806,37,-0.4444444444444444,0.38794294302506926,-0.09924823251544872,37,-0.8940217391304348,0.21749451314389057,-0.14420502682156056,37,-0.4666666666666667,0.5464361356910268,-0.07034823457452655,37,-0.11428571428571428,0.04610063194856411,-0.2286941254302272,39,-0.0967741935483871,0.07518379696840741,-0.2047772440960247,39,-18.776470588235295,0.05753700343783177,-0.21187584345479082,39,-17.706659996666662,0.09267257442605292,-0.18758434547908234,39,Bečov nad Teplou,50.0824,12.836679,529.0
0-203-0-11302052001,38,-0.02806122448979592,0.01933273427121194,-0.2651467216221889,38,-0.12567405163018774,0.03804549139290734,-0.23470839260312945,38,-0.06875,0.08923499774226477,-0.19341470454844878,38,-0.3913796808187135,0.07628861573611229,-0.20056899004267426,38,-0.011555555555555593,0.9615254547482435,-0.00806451612903226,32,-0.2873297884083308,0.29541770152393154,-0.12012012012012013,37,-0.5481481481481482,0.00890410418605568,-0.2965081618140607,38,-0.5666992413793104,0.16287071087412586,-0.15789473684210528,38,0.5,0.505962871157897,0.08291241380843516,32,-0.08333333333333333,0.89592467075404,-0.0150376109871892,37,0.378021978021978,0.40802990816324813,0.10313495376171203,32,0.3181818181818182,0.40967637827817927,0.09509566670564111,37,-0.19230769230769232,0.661457458777061,-0.054490441465854314,32,-0.6363636363636364,0.15765494222089316,-0.16265134023311234,37,-0.0,0.9348819815992732,0.010433707814637835,32,-0.6774193548387096,0.22754683706149725,-0.14091613590131316,37,-0.08695652173913043,0.029174449950973628,-0.256025527945543,38,-0.08333333333333333,0.2394857249771044,-0.13684300461221943,38,-9.1,0.01933273427121194,-0.2651467216221889,38,-34.48576947166666,0.06831457033442663,-0.2062588904694168,38,Šemnice  Radošov,50.277061,12.994221,351.0
0-203-0-11302057001,39,-0.06991531165311649,0.7076581993665555,-0.04183535762483131,39,-0.12847592013777775,0.3771975360539871,-0.09851551956815116,39,-0.2525757575757577,0.5696595221156575,-0.06342780026990553,39,-0.34134176991319465,0.4754031324799811,-0.0796221322537112,39,-0.09440559440559436,0.8941415020528332,-0.014844804318488529,39,-0.26537544949494934,0.6544532476097242,-0.04993252361673414,39,-0.10499999999999972,0.865487213197504,-0.018931749561684478,39,-0.5891113157894736,0.5372739725204689,-0.06882591093117409,39,-0.68,0.11846281939505328,-0.17479819220465934,39,-0.12903225806451613,0.7438018625087117,-0.03663554637052064,39,0.21428571428571427,0.3092215793399876,0.11405508212036516,39,0.36363636363636365,0.22149607399731497,0.13704408086750314,39,-0.1111111111111111,0.7255257710234512,-0.039403083176214444,39,-0.5,0.1303372468202561,-0.1693780932215691,39,-0.3684210526315789,0.3425435966893883,-0.10892622467368035,39,-0.5833333333333334,0.15488144967058484,-0.16280223724278875,39,-0.06666666666666667,0.3073713141566382,-0.11663292359534147,39,-0.0625,0.31915077118044466,-0.11353203406062894,39,-20.737500000000004,0.7257314170395327,-0.039136302294197026,39,-40.296333369444454,0.41765834588777717,-0.09041835357624832,39,Abertamy,50.367742,12.816447,893.0
0-203-0-11302082001,38,-0.019932810750279955,0.023327570002746816,-0.2588216630809001,38,-0.04733622953442412,0.09451183368020259,-0.1891891891891892,38,-0.056799999999999996,0.04905370330675233,-0.22529665746642763,38,-0.1547576961045146,0.11606931716920055,-0.17780938833570414,38,-0.14483065953654192,0.3566550991594864,-0.12183908045977011,30,-0.16828897562500011,0.23915587177784392,-0.13513513513513514,37,-0.43333333333333335,0.02183493072457564,-0.26169745933735455,38,-0.49141297368421055,0.13463888856570216,-0.16927453769559037,38,0.5,0.33526203524878895,0.12428086479631888,30,-0.5555555555555556,0.3199768520088315,-0.11463164109622238,37,0.2,0.747989120871335,0.041522739926869986,30,0.2620137299771167,0.521432107640238,0.07385131549580942,37,0.5,0.7888640529140349,0.03464240187516759,30,-0.5732323232323233,0.15380828586822784,-0.16428149773557604,37,0.3888888888888889,0.2790163132113638,0.1449300730123471,30,-0.5754504504504505,0.36543750628013216,-0.10576976685995756,37,-0.045454545454545456,0.0787964880110031,-0.20869220682445805,38,-0.06666666666666667,0.15982391154508724,-0.16433231293537437,38,-5.9266666666666685,0.023327570002746816,-0.2588216630809001,38,-14.736351296545449,0.17058153466815473,-0.155049786628734,38,Stráž nad Ohří,50.338823,13.051677,330.0
0-203-0-11302113001,39,-0.15476190476190477,0.09032495063542788,-0.1890614880681998,39,-0.3210038324508528,0.004472402707197542,-0.31713900134952766,39,-0.18166666666666656,0.35875026265037524,-0.10384068278805123,38,-0.6452990232967034,0.02442540720541444,-0.2546230440967283,38,-0.01958443854995575,0.9374515784738765,-0.009009009009009009,37,-0.47777037720329674,0.08427326153977381,-0.1981981981981982,37,-0.2222222222222222,0.6897051569212602,-0.044594635312870404,39,-1.217771,0.03637067806905364,-0.23346828609986506,39,-0.2296703296703297,0.7141158449596912,-0.04216886598636245,37,-0.452991452991453,0.47987642616202597,-0.08132567011655617,37,0.36859582542694497,0.3264271543115763,0.1130377277997083,37,0.38348416289592757,0.25489318242939574,0.13132258735540916,37,-0.9565217391304348,0.02530726266286807,-0.25694973442906305,37,-0.8562091503267973,0.02525722352056347,-0.25772601938333495,37,-0.943939393939394,0.1807901606586526,-0.15647779506169338,37,-1.0,0.06619085046960604,-0.21511087323081032,37,-0.13333333333333333,0.04891045942156646,-0.2252569499024287,39,-0.16666666666666666,0.025312721511437326,-0.2562147330286532,39,-23.87,0.2657111305555063,-0.12424040644481701,39,-71.51506726791304,0.025226179981382203,-0.24966261808367074,39,Výsluní,50.46428,13.23853,738.0
0-203-0-11303111001,37,-0.02207609335554283,0.6191908248138527,-0.05705705705705706,37,-0.020025079683437932,0.06709407055702195,-0.21021021021021022,37,-0.016450980392156884,0.8959423738083683,-0.015015015015015017,37,-0.0405351522109568,0.27193122355025057,-0.12612612612612614,37,0.21297979797979788,0.3686638396222096,0.10476190476190478,36,-0.09659291406250003,0.27416982327194783,-0.12941176470588237,35,0.4017857142857144,0.47189449862794297,0.08264465142455245,37,-0.23631856551724137,0.1821888204763371,-0.15315315315315314,37,-0.6666666666666666,0.12373013788596827,-0.17950760229528667,36,-0.5,0.4428937039461226,-0.091140051812009,35,0.5326086956521738,0.1269833382863969,0.1783448534692365,36,0.6363636363636364,0.11813957114001404,0.18534178824330344,35,-0.604978354978355,0.09090088073961666,-0.19840634910475866,36,-0.043478260869565216,0.92078086869204,-0.011804451623551851,35,-0.8940217391304348,0.08963928478596407,-0.2023616820107589,36,-0.35,0.40744265681098357,-0.1006589535659096,35,-0.04006410256410256,0.43786644169211086,-0.09144814247847118,37,-0.06066176470588235,0.1625606676446476,-0.16576184237948283,37,2.546225071225069,0.9374515784738765,0.009009009009009009,37,-3.947170166496261,0.21891631225440467,-0.14114114114114115,37,Křimov,50.499,13.31453,570.0
0-203-0-11401,38,-0.1961032019190655,0.017497194374994824,-0.26884779516358465,38,-0.13452378959912278,0.007985745173986331,-0.3001422475106686,38,-0.22513888888888842,0.1785626544271428,-0.15220483641536275,38,-0.21550798910071298,0.03361566923176865,-0.240398293029872,38,-0.11871334310850437,0.6191908248138527,-0.05705705705705706,37,-0.22941282994522255,0.01856268984790041,-0.2702702702702703,37,-0.2878787878787879,0.5295815450997012,-0.07117439525193558,38,-0.51128290625,0.016339892332924627,-0.2716927453769559,38,-0.9307359307359306,0.04529278621703299,-0.23059696471140492,37,-0.08333333333333333,0.8959069586614304,-0.015060309280843735,37,0.5,0.15758381960853451,0.16289759524200023,37,0.47,0.31360939236739793,0.11622803708467246,37,-0.6212121212121212,0.1694819900121899,-0.15825281891959161,37,-0.5806451612903226,0.16532281570533758,-0.16012376895483768,37,-0.7,0.2757131382559388,-0.12763039553461009,37,-0.44455645161290325,0.39348176887963193,-0.0997944814624892,37,-0.08,0.17458282532402025,-0.1586550772396404,38,-0.07692307692307693,0.16102758569764164,-0.16234334630478117,38,-20.90454545454545,0.22266404884545676,-0.13798008534850642,38,-17.54360711896154,0.05441710703788968,-0.21763869132290187,38,Aš,50.220602,12.179572,675.0
0-203-0-11401004201,39,-0.22049000644745329,0.023690288933547344,-0.252361673414305,39,-0.13963967726799906,0.01716828148067633,-0.2658569500674764,39,-0.41333333333333333,0.06957561304986837,-0.20256588007307122,39,-0.3586592903874459,0.030361643172489267,-0.24156545209176788,39,-0.2735294117647058,0.5295815450997012,-0.07117439525193558,38,-0.3359768561253584,0.08055155245155042,-0.197724039829303,38,-0.8919999999999999,0.2504029933669286,-0.12837849559765724,39,-1.0443587500000002,0.011463388197281892,-0.28205128205128205,39,-0.3181818181818182,0.5295164586882783,-0.07127600043607228,38,-0.21428571428571427,0.6598242520144074,-0.049928876534553815,38,0.42857142857142855,0.20850478448555576,0.1427560840129653,38,0.25,0.529386205408747,0.07148052309587881,38,-1.0588235294117647,0.0036668091984670406,-0.3300030306539938,38,-0.8125,0.06446548007781991,-0.21000192859799605,38,-1.4,0.018402747603606256,-0.2714638834328233,38,-0.7777777777777778,0.1896329948987735,-0.15131118771146593,38,-0.14285714285714285,0.07811810068468016,-0.20147460378513227,39,-0.1,0.09851841969961776,-0.18856507071610004,39,-45.75,0.11864258293031839,-0.17408906882591094,39,-31.51547963038461,0.038586906025907,-0.23076923076923075,39,Boleboř,50.537395,13.415082,600.0
0-203-0-11401020001,38,-0.14972249217147177,0.32062201063429585,-0.112375533428165,38,-0.3194343718577621,0.051337805532491856,-0.22048364153627312,38,-0.14836438923395456,0.6062399309779682,-0.05832147937411096,38,-0.5381172363888891,0.20416928423667413,-0.14366998577524895,38,0.028777183600712988,0.8959423738083683,0.015015015015015017,37,-0.23979564712631118,0.547421430491585,-0.06906906906906907,37,-0.15000000000000213,0.9198813436608976,-0.011387903240309694,38,-0.75388375,0.29673154943364377,-0.11806543385490756,38,-0.40588235294117647,0.4480291040036808,-0.08721814372569736,37,-0.21825396825396826,0.7734739056379872,-0.03313268041785621,37,0.28348214285714285,0.4322950704985784,0.09063609563481378,37,0.38348416289592757,0.2950870582863918,0.12084812751308505,37,-0.26190476190476186,0.5917016366191865,-0.06170068391200935,37,-0.8409090909090909,0.027016677710855374,-0.2547116799753427,37,-0.0,0.6839111559488901,-0.0477444312517143,37,-1.106875,0.07408704132860926,-0.20962508641398162,37,-0.11764705882352941,0.10307451620549778,-0.18952623726964485,38,-0.14285714285714285,0.06871221908173315,-0.211724873850574,38,-19.600000000000062,0.6418165399455933,-0.052631578947368425,38,-74.50252331132258,0.12202144157473259,-0.17496443812233287,38,Klíny,50.63875,13.55153,807.0
0-203-0-11401043001,38,-0.021517241379310346,0.030696734252062877,-0.24823702709632509,38,-0.007637744157834089,0.29673154943364377,-0.11806543385490756,38,-0.0645333512641205,0.0779939619104926,-0.20556886802222463,37,-0.02460143027423864,0.359917824728639,-0.10510510510510511,37,-0.12074752097635395,0.11077579356045275,-0.20961791520872441,29,0.08438811093750001,0.303589884403213,0.13563218390804596,30,-0.30666666666666675,0.008876835473004429,-0.3013917934912361,38,-0.07734800000000008,0.6239185944721397,-0.055476529160739696,38,-0.23076923076923078,0.8073100372301112,-0.03205921056133432,29,0.1,0.9005813524742953,0.016129075073521633,30,0.5894736842105264,0.3019604701300531,0.13597126864311174,29,0.2857142857142857,0.5556486194239293,0.07639073089438436,30,-0.4852941176470588,0.26815981939266476,-0.1458600881807926,29,-0.08333333333333333,0.7751899527980524,-0.03690910215721776,30,-0.5874125874125874,0.2973778662767582,-0.14171398738908839,29,-0.0,0.7328186029569391,0.04537915967361051,30,-0.05555555555555555,0.07646906717602775,-0.21071323428351216,38,-0.0,0.3714445439304809,-0.1065457649888899,38,-5.4,0.05970567042076972,-0.21630009963363997,38,-1.5961696835,0.5715734527455391,-0.06401137980085349,38,Měrunice  Žichov,50.47908,13.79031,367.0
0-203-0-11401047001,38,-0.028472222222222232,0.16287071087412586,-0.15789473684210528,38,-0.014333953715805476,0.28524458155149335,-0.12091038406827881,38,-0.08459821428571428,0.11890928074861157,-0.17676448108145926,38,-0.03306747081286764,0.5132466479974506,-0.07402137106201301,38,-0.0313803935514462,0.7735116126145437,-0.03308274417181624,37,-0.03547268178846154,0.6238847028662851,-0.05714285714285715,36,-0.15769230769230774,0.3329496356359799,-0.10968672097504954,38,-0.06993925806451615,0.6599250359110042,-0.04978662873399716,38,0.3666666666666667,0.5826616550837173,0.06325329897954368,37,0.15,0.7852099997351152,0.031847295262363656,36,0.4121212121212121,0.25497454109844864,0.13112376424766162,37,0.5,0.24126459549383794,0.13694336962816375,36,-0.2857142857142857,0.6282966765631431,-0.055765279047856095,37,-0.09722222222222221,0.8274172548964165,-0.025477836209890928,36,-0.0,0.7222925723338063,-0.041916269718165845,37,-0.0,0.49125150377888727,-0.08300198675933289,36,-0.047619047619047616,0.19101778379043122,-0.15391815398739797,38,-0.0,0.4005468558395906,-0.09948992567621355,38,-6.3999999999999995,0.23234853408410838,-0.13513513513513514,38,-2.276397291875,0.5052123660867247,-0.07539118065433856,38,Lukov,50.527833,13.883763,502.0
0-203-0-11401094001,38,-0.06456045751633988,0.026065993452231245,-0.25177809388335703,38,-0.003439867625167715,0.5546011462054892,-0.06685633001422477,38,-0.1377777777777778,0.11606931716920055,-0.17780938833570414,38,0.0019002366066277476,0.8701761346650183,0.01849217638691323,38,-0.10280595238095233,0.4964399910945455,-0.07807807807807807,37,0.04460190416666679,0.8273014975871174,0.033846153846153845,26,-0.48571428571428565,0.1628042391821961,-0.15811981854844803,38,0.010439531249999995,0.9498783663452921,0.007112375533428165,38,-0.40588235294117647,0.3596437380536254,-0.10558177469388903,37,-0.2857142857142857,0.5811782417108777,-0.07740086460344697,26,0.6,0.16955501770682946,0.1580139466039264,37,-0.375,0.3897678680580523,-0.1203709436977517,26,-0.8284313725490196,0.0689348940194632,-0.20949658885545938,37,-0.2,0.6432944051034315,-0.0648151235295586,26,-1.0384615384615383,0.10925065262078143,-0.1880460334007776,37,0.4117647058823529,0.24547879351096968,0.16879914302191085,26,-0.125,0.027007215179193734,-0.25671997183085377,38,-0.0,0.8261182472875502,0.026600095305827083,38,-15.539999999999987,0.12202144157473259,-0.17496443812233287,38,-0.3095669994117647,0.8900104756615385,-0.015647226173541966,38,Telnice  Varvažov,50.725083,13.964611,340.0
0-203-0-11401097301,39,-0.11210526315789471,0.01955928649840339,-0.26045883940620784,39,-0.00969810785431442,0.26058515870606247,-0.12550607287449395,39,-0.20252525252525266,0.0836565829857083,-0.1929824561403509,39,-0.006886018360205129,0.8182156518503111,-0.02564102564102564,39,-0.21960784313725495,0.302551291867879,-0.11672600821317436,38,0.0804271402962963,0.24626955123962418,0.15873015873015872,28,-0.5454545454545454,0.14994138796249115,-0.16081095764338119,39,-0.007822800000000001,0.9133041321021824,-0.012145748987854251,39,-0.5666666666666667,0.3392281867880097,-0.10833952066282987,38,-1.0,0.08183105313071776,-0.2340458641851473,28,0.5,0.26839553350043566,0.12562535393140947,38,0.015151515151515152,0.9527097441027296,0.007968190728895957,28,-0.8,0.02435776240350908,-0.25571663414313806,38,-0.30194805194805197,0.4646973554798156,-0.0980133310059857,28,-1.0,0.03612570163429373,-0.2426014045739332,38,-0.43087121212121215,0.4260452794671513,-0.10965861582662817,28,-0.10344827586206896,0.04207173729922039,-0.23406096898537396,39,-0.0,0.5624421734114762,-0.06808998954345132,39,-23.64782608695652,0.08807158233193607,-0.1902834008097166,39,-1.0959219925294121,0.6720103466663802,-0.04723346828609987,39,Dubí,50.68056,13.80214,402.0
0-203-0-11402027001,37,-0.031979605435377534,0.5649729521933644,-0.06606606606606608,37,-0.03334813057912919,0.23915587177784392,-0.13513513513513514,37,0.007209062284963588,0.9791315050883376,0.0030030030030030034,37,-0.030976189719030957,0.7338181886126929,-0.039039039039039033,37,0.10683497536945813,0.7437424174128879,0.0380952380952381,36,-0.049517711363635954,0.7439455285232186,-0.038655462184873944,35,0.29032258064516125,0.6946220675350959,0.04524933201166673,37,-0.1606871362903226,0.5649729521933644,-0.06606606606606608,37,-0.34408602150537637,0.6335219762022439,-0.05559969982597375,36,-0.4444444444444444,0.5796775023571927,-0.06554621848739495,35,1.0,0.037072561317654386,0.24382663630421633,36,0.75,0.07338901687922801,0.2126601208946877,35,-0.6181818181818182,0.263942765332823,-0.1303658245302015,36,-0.5,0.31321204442107065,-0.11952878891166661,35,-1.515625,0.043407436121687154,-0.2383503146571177,36,-0.875,0.11330583162673674,-0.19144334416981046,35,-0.07142857142857142,0.2986541945071718,-0.12264390028648525,37,-0.03333333333333333,0.44489591539051554,-0.09040587240580546,37,-1.9933333333333314,0.8240336484182237,-0.02554471044031621,37,-5.16493125002273,0.6377551955779517,-0.05405405405405406,37,Tisá,50.78694,14.02167,556.0
0-203-0-11403005001,39,-0.1140694643007316,0.006032859038263699,-0.30634278002699056,39,-0.09034848262898197,0.007508468232245112,-0.29824561403508776,39,-0.26763809523809523,0.02684751802189946,-0.24696356275303644,39,-0.18880047203869046,0.04593566783244592,-0.22267206477732795,39,-0.2617647058823531,0.11606931716920055,-0.17780938833570414,38,-0.3076561299663299,0.0468128025554164,-0.22822822822822825,37,-0.6666666666666669,0.04211082146767918,-0.22687378568183977,39,-0.7048713529411766,0.016071946414393776,-0.26855600539811064,39,-0.375,0.4657210816533588,-0.08279852872751987,38,-0.5954545454545455,0.18639933034164025,-0.15199436768568156,37,0.5652173913043478,0.07610280435210184,0.20172004104277277,38,0.37450980392156863,0.2951697595231101,0.12066488536444461,37,-1.25,0.0008603595072866628,-0.37803292233305036,38,-0.5,0.19068350344692953,-0.15083110670555577,37,-1.75,0.0010810183056881386,-0.3776670036785476,38,-0.5916666666666667,0.25866169264534844,-0.13255703993825307,37,-0.13043478260869565,0.014949442683222203,-0.2797024988169963,39,-0.11428571428571428,0.05360817789369431,-0.22390477035109763,39,-27.650000000000006,0.03426386286497409,-0.23616734143049933,39,-20.999366486666673,0.04593566783244592,-0.22267206477732795,39,Křižany,50.738722,14.907056,395.0
0-203-0-11403025001,38,-0.02098203383917669,0.34573570837440937,-0.10668563300142248,38,-0.030948308299319723,0.06459221678363754,-0.20910384068278806,38,-0.02433035714285714,0.6239185944721397,-0.055476529160739696,38,-0.07942265906336406,0.09451183368020259,-0.1891891891891892,38,-0.04565217391304343,0.5414236472276195,-0.07226890756302522,35,-0.10547825625000007,0.14220750241091126,-0.17647058823529416,34,-0.14800000000000002,0.37199302226172326,-0.1011397037562145,38,-0.30889699999999976,0.09957458800680428,-0.18634423897581792,38,-0.0,0.9886669917664009,-0.0016835040691784028,35,-0.043478260869565216,0.9526993578768481,-0.0071492660861943455,34,0.2222222222222222,0.5794224308616899,0.06587922428098908,35,-0.0,0.9526889648046705,-0.007162112935883994,34,-0.1,0.7545928202275309,-0.037131132219707375,35,-0.1111111111111111,0.7108665346868004,-0.044642928321052155,34,-0.0,0.9317860638400437,-0.010375872100779289,35,-0.0,0.6438350965324504,0.05712163259168749,34,-0.0,0.7032637454274261,-0.044936471034661876,38,-0.045454545454545456,0.2190358091595871,-0.14427417025728975,38,-2.1777777777777803,0.6418165399455933,-0.052631578947368425,38,-7.511850203333324,0.14131468477190773,-0.1664295874822191,38,Mimoň,50.65975,14.72494,278.0
0-203-0-11403041001,39,-0.19218523153942427,0.00187787652901495,-0.3468286099865047,39,-0.10809587582081406,0.04593566783244592,-0.22267206477732795,39,-0.41432692307692315,0.018329681012915093,-0.2631578947368421,39,-0.18959617844961535,0.2040235057705807,-0.1417004048582996,39,-0.4361111111111115,0.03361566923176865,-0.240398293029872,38,-0.24963710555555568,0.20416928423667413,-0.14366998577524895,38,-1.0774193548387097,0.008654581496879692,-0.2932435109967539,39,-0.5695493888888888,0.18731655262785707,-0.14709851551956815,39,-0.5666666666666667,0.2321023946847921,-0.1357155320871403,38,-0.2857142857142857,0.6781869652387749,-0.04700859470359266,38,0.7916666666666666,0.03245628475525158,0.24338371935306358,38,0.3333333333333333,0.2737586047905147,0.12446555723915768,38,-0.8823529411764706,0.018644781749783172,-0.26752941613474124,38,-0.08333333333333333,0.8209029615739156,-0.025696095122333756,38,-1.4583333333333333,0.0025560281580140677,-0.34902563144815196,38,-0.0,0.6220219378399783,-0.05721187943659028,38,-0.14814814814814814,0.018773828706621625,-0.2701087132784997,39,-0.05555555555555555,0.2677081521388619,-0.1275422046567008,39,-39.466666666666676,0.022236193035472092,-0.2550607287449393,39,-21.919838036250006,0.26058515870606247,-0.12550607287449395,39,Mařenice,50.80967,14.676,395.0
0-203-0-11405014001,38,-0.12441342988808422,0.029634648454983762,-0.24608819345661453,38,-0.09453297449518938,0.22266404884545676,-0.13798008534850642,38,-0.28846153846153855,0.029634648454983762,-0.24608819345661453,38,-0.20985969903846152,0.29673154943364377,-0.11806543385490756,38,-0.3880158730158729,0.1656365750836032,-0.15915915915915915,37,-0.1693409342222225,0.46391387436329534,-0.08408408408408408,37,-0.8913043478260869,0.03466527499968615,-0.23914596804650354,38,-0.5820181250000003,0.1868183244302798,-0.14935988620199148,38,-0.569047619047619,0.16955501770682946,-0.1580139466039264,37,-0.5277777777777778,0.3878617263348192,-0.09939804125356864,37,0.5894736842105264,0.07094762713438355,0.20814692725366696,37,0.38165266106442575,0.13901340131413972,0.17108844493072362,37,-0.6666666666666666,0.10193176355148804,-0.1883962129995138,37,-0.375,0.40964964348610144,-0.09509566670564111,37,-1.0,0.14917115019652594,-0.1682240391999548,37,-0.5384615384615384,0.24221525180657855,-0.1375078745737233,37,-0.1111111111111111,0.07475621686942836,-0.2068429487322879,38,-0.06060606060606061,0.2892028947468618,-0.1225782430849991,38,-27.53333333333333,0.06459221678363754,-0.20910384068278806,38,-19.88161672875,0.39961019101354256,-0.09530583214793742,38,Chřibská  Horní Chřibská,50.85289,14.52456,440.0
0-203-0-11408,39,-0.014091350826044671,0.8276163932252303,-0.024307905608768544,39,-0.05480056019189329,0.6897482055600529,-0.044534412955465584,39,0.02035294117647067,0.9498783663452921,0.007112375533428165,38,-0.3996586832621058,0.4283431834865046,-0.08961593172119488,38,0.21390624999999927,0.46391387436329534,0.08408408408408408,37,-0.1527786704901942,0.8138828720852836,-0.02702702702702703,37,0.31764705882352956,0.46792125040799337,0.08102635202922848,39,-0.09797547999999992,0.951769869819974,-0.006747638326585695,39,-0.11555555555555555,0.6849716583673552,-0.04679310583928372,37,-0.1794871794871795,0.7337305370242,-0.039156804130193706,37,0.2620137299771167,0.3072695701695093,0.1178269243252579,37,0.20344827586206898,0.41716275695693417,0.09351528615744457,37,-0.8973684210526316,0.019174469732127587,-0.2697833770153038,37,-0.375,0.14264680933084273,-0.16918737851831903,37,-1.0332244008714597,0.053066671420589566,-0.22857799560322303,37,-0.678125,0.06313855431953874,-0.22067430161233156,37,-0.058823529411764705,0.3618906123795391,-0.10436040848896715,39,-0.038461538461538464,0.46434722939246487,-0.08427797568688795,39,8.085000000000036,0.8465171920330673,0.021607027207794262,39,-22.391241311109933,0.6199143255203866,-0.0553306342780027,39,Šindelová  Obora,50.317449,12.597466,589.0
0-203-0-11413,39,-0.20015084294587404,0.05753700343783177,-0.21187584345479082,39,-0.11190871239710001,0.010697130002044752,-0.28475033738191635,39,-0.20267379679144387,0.41765834588777717,-0.09041835357624832,39,-0.2099516216826922,0.07536440282222054,-0.19838056680161945,39,0.05863095238095243,0.8701761346650183,0.01849217638691323,38,-0.09393928065476173,0.4481067672475978,-0.0870870870870871,37,-0.22399999999999978,0.6199143255203866,-0.0553306342780027,39,-0.5409588999999999,0.030361643172489267,-0.24156545209176788,39,-0.6,0.19101531751952994,-0.14804274212402602,38,-0.8686868686868687,0.11051189917633947,-0.18345885404370824,37,0.3333333333333333,0.2521804285842121,0.1303758378808062,38,0.32038123167155425,0.3950521279820701,0.09796603075974719,37,-0.48148148148148145,0.28509226309354097,-0.12125584301248785,38,-0.5634920634920635,0.10467191160441934,-0.18703057231488915,37,-0.5833333333333334,0.28820289147444555,-0.12313248062004706,38,-0.5384615384615384,0.30632849969541676,-0.11947237609024375,37,-0.1,0.11140081068503686,-0.18202188341967124,39,-0.09090909090909091,0.1771816154443583,-0.15445340456367138,39,-19.91379310344827,0.3771975360539871,-0.09851551956815116,39,-17.718936815037523,0.08807158233193607,-0.1902834008097166,39,Mariánské Lázně  vodárna,49.990619,12.695966,696.0
0-203-0-11432,39,-0.08620019816437219,0.32716180826200836,-0.10931174089068826,39,-0.13557582681944444,0.01716828148067633,-0.2658569500674764,39,-0.07655677655677653,0.8560119521653429,-0.020242914979757085,39,-0.35036982975591724,0.0836565829857083,-0.1929824561403509,39,0.10689393939393939,0.6544532476097242,0.04993252361673414,39,-0.3440333221340388,0.14131468477190773,-0.1664295874822191,38,-0.2347826086956518,0.6457209495217375,-0.05131668961851137,39,-1.038971625,0.01227797740532341,-0.2793522267206478,39,-0.2,0.7256543539253568,-0.03924236292848942,39,-0.2,0.7059903589634311,-0.04276560026164337,38,0.3333333333333333,0.2923206078615951,0.11804787163834429,39,0.42424242424242425,0.262956551663587,0.12714402479742618,38,-0.8947368421052632,0.01655134330072989,-0.2684775996498607,39,-0.6666666666666666,0.09946756274178138,-0.18687665217218713,38,-1.0769230769230769,0.017804242697386747,-0.2709486050903503,39,-0.7,0.27236300024233706,-0.12667191320646157,38,-0.13043478260869565,0.033442814689970325,-0.24315900456826306,39,-0.1111111111111111,0.0646173487746664,-0.2113521999084516,39,-10.251612903225805,0.6720103466663802,-0.04723346828609987,39,-35.169673057119994,0.051463265486995834,-0.21727395411605938,39,Nová Ves v Horách,50.59244,13.48561,725.0
0-203-0-11453,39,-0.46383219954648536,0.007508468232245112,-0.29824561403508776,39,-1.7152057702838266,0.004823789617663132,-0.31443994601889336,39,-0.5206984126984129,0.06419523722734863,-0.20647773279352227,39,-2.550274784820514,0.0714771486783669,-0.20107962213225372,39,-0.29272727272727295,0.29260326889940047,-0.1174089068825911,39,-2.2894507480203634,0.06775575764957957,-0.20377867746288802,39,-1.1166666666666667,0.17543384931056616,-0.15124919045455984,39,-3.9716771428571422,0.032262230741344065,-0.2388663967611336,39,-0.8125,0.1156619013808901,-0.17603350696925932,39,-1.25,0.00016810357656905635,-0.42027065400917263,39,0.2,0.4677257478699671,0.08135684837874564,39,0.38095238095238093,0.1047758093339056,0.18194501195391585,39,-0.6521739130434783,0.028457316663057147,-0.24559384789126798,39,-0.7307692307692307,0.04852374114966538,-0.22086903356092616,39,-1.0,0.04914434236531672,-0.22429499411977916,39,-0.7777777777777778,0.0720604813398695,-0.20579029991086076,39,-0.10526315789473684,0.05089295172924482,-0.22573350850401475,39,-0.12,0.09594446755760437,-0.19035876357629739,39,-46.17199999999999,0.14327003755601345,-0.16329284750337383,39,-255.6748931660004,0.06419523722734863,-0.20647773279352227,39,Hojsova Stráž,49.212473,13.197146,866.0
0-203-0-11454,37,-0.04414603156248624,0.03300355908146414,-0.24492869422185543,37,-0.02894943895455903,0.052907589851024533,-0.2222222222222222,37,-0.15972348484848486,0.03755122331583111,-0.2389181741182516,37,-0.11246642327884618,0.06328254451779498,-0.2132132132132132,37,-0.0924242424242424,0.6246954163900664,-0.05882352941176471,34,0.017132945000000035,0.9194760457503081,0.015053763440860218,31,-0.5151785714285715,0.04822073311057374,-0.22723910416374174,37,-0.2813461183908046,0.19091126002673264,-0.15015015015015015,37,-0.6060606060606061,0.32048775712434285,-0.11964304790041977,34,-0.6,0.26175619474898704,-0.14239556768331146,31,0.5,0.1303551652177096,0.18230628519795583,34,0.75,0.202273964703776,0.16163830642114604,31,-1.0,0.06593912937362596,-0.22162724867202474,34,-0.375,0.58621368107314,-0.06919020001030571,31,-1.3333333333333333,0.049131542840374666,-0.24299628190919997,34,-0.7241379310344828,0.17671550768427913,-0.1756531677708018,31,-0.1,0.024444824113674584,-0.2663260643367101,37,-0.08333333333333333,0.03863199490315323,-0.24886365656768408,37,-12.982666666666663,0.04262152277774968,-0.23290765401464777,37,-8.763781497861764,0.07967583098300722,-0.20120120120120122,37,Libkov,49.366344,13.135593,574.0
0-203-0-11455,36,-0.015902787967718268,0.09604765020551502,-0.1952062466998432,36,-0.016344521964165602,0.07660790098260783,-0.2063492063492064,36,-0.04682870370370371,0.10162206201528129,-0.19200614429492774,36,-0.05723281295413837,0.10799613731974864,-0.1873015873015873,36,-0.005000000000000071,0.9667355558110288,-0.005706139900145506,27,-0.028458089473684205,0.7725655659316026,-0.042735042735042736,27,-0.2084719334719335,0.18108750944642915,-0.15731330124142315,36,-0.146665115625,0.28804063748976105,-0.12380952380952383,36,-0.21428571428571427,0.46515618577250784,-0.10028817971942941,27,-0.2857142857142857,0.4276847041141967,-0.10904154315137282,27,-0.4864864864864865,0.4654151527624375,-0.10000040816576429,27,0.44,0.34797780296806247,0.12857195335598265,27,-1.0,0.030045247221406873,-0.2975706948497716,27,-0.4444444444444444,0.36982193359205506,-0.12285764431793897,27,-0.0,0.13602458318556968,-0.21768723169025847,27,-0.4666666666666667,0.17779947011816877,-0.1944694549847041,27,-0.0,0.13310084081759346,-0.18712414286252438,36,-0.05555555555555555,0.06255955202393546,-0.23016717417969246,36,-3.4416666666666655,0.16407864657391658,-0.16320522265068857,36,-4.429925942353332,0.16473206019961362,-0.16190476190476194,36,Klatovy,49.39042,13.303016,421.0
0-203-0-11483,39,-0.033081447963800914,0.16785024258173942,-0.15395006885553414,39,-0.03257048924509806,0.018329681012915093,-0.2631578947368421,39,-0.10763888888888869,0.19136292493245055,-0.14584743365261127,39,-0.10444660138093737,0.02684751802189946,-0.24696356275303644,39,0.05214285714285711,0.7536021943195694,0.036036036036036036,37,-0.031424012820512784,0.6597601099821482,-0.052100840336134456,35,-0.25,0.46050397902409534,-0.08243250769954834,39,-0.1790554409090909,0.2709770075414829,-0.12280701754385966,39,-0.9023809523809524,0.07737870867791309,-0.20316078849076247,37,-0.9545454545454546,0.13219464675725895,-0.17830115641671443,35,0.3205128205128205,0.3264271543115763,0.1130377277997083,37,0.35294117647058826,0.36326212049630535,0.10783522225064926,35,-1.224747474747475,0.01916760313127817,-0.2697833770153038,37,-0.7142857142857143,0.22716645559857362,-0.1433397697145582,35,-1.2613636363636362,0.04909245113431032,-0.23011440450249027,37,-0.7,0.2013390010824515,-0.15686746965241458,35,-0.09090909090909091,0.06397222552901671,-0.2131927472780531,39,-0.1111111111111111,0.02605662206280281,-0.25907479871704553,39,-10.333333333333334,0.18327018230895187,-0.14854831205358557,39,-10.948837666666668,0.01406241309059956,-0.2739541160593792,39,Rožmitál pod Třemšínem,49.605,13.8664,524.0
0-203-0-11497,39,-0.024999999999999998,0.1102871035850054,-0.17825797446430267,39,-0.052409539060063626,0.03637067806905364,-0.23346828609986506,39,-0.06339869281045751,0.19136292493245055,-0.14584743365261127,39,-0.20146121001305112,0.0794225366756039,-0.19568151147098517,39,-0.12761904761904777,0.38633259888632054,-0.10252100840336134,35,-0.46933481122448995,0.014987875212215045,-0.2792792792792793,37,-0.30666666666666664,0.16051550652466284,-0.1566509472565084,39,-0.7557603500000001,0.032262230741344065,-0.2388663967611336,39,-0.0,0.9886647046569896,0.0016863502319359788,35,0.14166666666666666,0.8546915716041081,0.021052655382064876,37,0.631578947368421,0.11806535218872277,0.18565566109853687,35,0.5,0.16556419131378952,0.15939867646420552,37,-0.3333333333333333,0.5413420746549653,-0.07239067497467133,35,-0.2032967032967033,0.637640101913452,-0.054217113411037444,37,-0.4117647058823529,0.37580398210675414,-0.10779430353003998,35,-0.3786549707602339,0.37109336952269756,-0.10548227873207484,37,-0.05555555555555555,0.16100198530379373,-0.16236574216921884,39,-0.045454545454545456,0.22676811504035033,-0.1401904915442748,39,-7.875,0.12742942425073925,-0.17015533926137982,39,-17.790919100896666,0.043364957125070935,-0.2253711201079622,39,Husinec,49.0522,13.9883,483.0
0-203-0-11501049001,39,-0.06550759878419452,0.022236193035472092,-0.2550607287449393,39,-0.06582665867700926,0.005199972868896921,-0.31174089068825916,39,-0.13755656108597286,0.09746458904267719,-0.18488529014844804,39,-0.1353648063872549,0.03426386286497409,-0.23616734143049933,39,-0.08574534161490677,0.44560053289767665,-0.0888888888888889,36,-0.27234779816966526,0.019139958356070075,-0.27301587301587305,36,-0.3896551724137931,0.17935201488071417,-0.14979757085020245,39,-0.5843094375,0.010697130002044752,-0.28475033738191635,39,-0.2,0.7747467402614983,-0.033466401061363026,36,0.28174603174603174,0.702812514719039,0.04458621336730913,36,0.38348416289592757,0.36131934214009054,0.10660332667888982,36,0.4117647058823529,0.28786168990120387,0.12420445152321828,36,-0.40588235294117647,0.3002820475027749,-0.12121350870556753,36,0.175,0.8916161309712978,0.015923647631181828,36,-0.41800356506238856,0.5031650783197066,-0.07936849002247755,36,-0.0,0.8058014655773016,0.02913170599537296,36,-0.07692307692307693,0.11359673692194695,-0.18207068627904271,39,-0.07407407407407407,0.11951474319581218,-0.17875072766962927,39,-13.349999999999998,0.05753700343783177,-0.21187584345479082,39,-14.730172275000001,0.018329681012915093,-0.2631578947368421,39,Šluknov,51.002722,14.45525,352.0
0-203-0-11502020001,39,-0.131508865248227,0.051463265486995834,-0.21727395411605938,39,-0.0251231820060606,0.17164204508100767,-0.1524966261808367,39,-0.18515151515151504,0.33924761044644447,-0.10661268556005399,39,-0.022584035359722185,0.6897482055600529,-0.044534412955465584,39,0.04444444444444443,0.8307635569483158,0.02418207681365576,38,0.07059750729813667,0.6191908248138527,0.05705705705705706,37,-0.2894736842105263,0.6720103466663802,-0.04723346828609987,39,-0.09972042727272724,0.6199143255203866,-0.0553306342780027,39,-0.375,0.5049204791262395,-0.07582384521465928,38,0.5,0.4098367126962097,0.09480836796235582,37,0.6,0.1704463547240097,0.15549278692189616,38,0.2554347826086957,0.4247551901896117,0.09193735194376275,37,-0.6666666666666666,0.060957138035260684,-0.21255436010424342,38,-0.09166666666666667,0.8546915716041081,-0.021052655382064876,37,-1.0,0.1014176481087394,-0.18802311068443622,38,-0.0,0.7828849257221422,0.03224129401095805,37,-0.125,0.056685611133183544,-0.21721808965068362,39,-0.03125,0.45734781041382055,-0.08574531086167832,39,-27.029032258064515,0.18731655262785707,-0.14709851551956815,39,-3.336529945000001,0.5058407321085243,-0.07422402159244265,39,Petrovice  Krásný Les,50.767361,13.937667,631.0
0-203-0-11503029001,39,-0.22968944099378885,0.10245263659151096,-0.1821862348178138,39,-0.3751173065838109,0.016071946414393776,-0.26855600539811064,39,-0.2433333333333333,0.5058407321085243,-0.07422402159244265,39,-0.5667809653361344,0.26058515870606247,-0.12550607287449395,39,-0.1969444444444444,0.4605696129518848,-0.08232118758434548,39,-0.25799707428571395,0.48927979988214654,-0.07823613086770982,38,-0.75,0.370661974727438,-0.09993250083604846,39,-0.922716129032258,0.18731655262785707,-0.14709851551956815,39,-0.6923076923076923,0.1463202605196863,-0.16293583160052166,39,-0.2857142857142857,0.6781389285334044,-0.04707579787543646,38,0.5,0.15324506014254646,0.16000180181153312,39,0.5,0.0700856726615946,0.20586390651613098,38,-0.6086956521739131,0.11840888069956682,-0.17503649932582083,39,-0.8235294117647058,0.021321872190371512,-0.2618068617789179,38,-0.8,0.07773713413292499,-0.20234490850054412,39,-1.3461538461538463,0.030972597730271677,-0.24897582940580376,38,-0.14285714285714285,0.058174616844342705,-0.2156816234538563,39,-0.2222222222222222,0.005777249568129093,-0.3154119659256898,39,-45.30000000000002,0.17935201488071417,-0.14979757085020245,39,-89.22585356066666,0.03426386286497409,-0.23616734143049933,39,Český Jiřetín  Fláje,50.68706,13.58558,740.0
0-203-0-11510,38,-0.0,0.72218282612837,-0.041168725470944946,38,-0.0007748249654679687,0.5286897038555424,-0.07189490641136113,38,-0.0,0.8785013124564278,-0.017779358235422166,38,-0.000685940684065934,0.762344425616819,-0.03450955507745335,38,0.023333333333332717,0.7934634995090564,0.04,26,0.14276335312500002,0.22813365876907285,0.2333333333333333,16,-0.0,0.9190567496057709,-0.011798409084421708,38,-0.0,0.9397366243016783,-0.008627388769363337,38,-0.3333333333333333,0.5513104127058392,-0.08359293377172274,26,-1.190909090909091,0.505644437997331,-0.13333333333333333,16,0.3076923076923077,0.7077433629810861,0.052469385714404584,26,-0.2857142857142857,0.6258661963879107,-0.09999999999999999,16,-0.6470588235294118,0.22517773546936315,-0.16975389495836776,26,-0.4117647058823529,0.7565550254451803,-0.06666666666666667,16,-0.4666666666666667,0.07004133687461597,-0.26711222531767115,26,-0.0,0.8532040138202556,0.03615507630310936,16,-0.0,0.3936830641060778,-0.10335994659376804,38,-0.0,0.4545417006987794,-0.0947585052917334,38,-0.0,0.6294347032638044,-0.05587184171056814,38,-0.22317657157894755,0.5453071350220386,-0.0690191101549067,38,Kralupy nad Vltavou,50.241923,14.289786,220.0
0-203-0-11528,39,-0.02806122448979592,0.2981507745110553,-0.11613777124189416,39,-0.0479269933754529,0.01955928649840339,-0.26045883940620784,39,-0.11194444444444443,0.2554591898077072,-0.12694128484579129,39,-0.1557602807232143,0.030361643172489267,-0.24156545209176788,39,0.22539682539682548,0.3334574538724181,0.11278796250411818,36,-0.15378472906578944,0.10485019084649277,-0.18618618618618618,37,-0.125,0.6985773452471671,-0.043331324792433054,39,-0.4922243571428571,0.011463388197281892,-0.28205128205128205,39,-0.5477272727272727,0.4536416104969614,-0.08751019354237224,36,-0.7582417582417582,0.27184920623518716,-0.12631593229238927,37,0.37564102564102564,0.39049100220706945,0.10056022847309865,36,0.5,0.1538787401277044,0.16403352552217118,37,-0.9023809523809524,0.08341746381901982,-0.20271665104894487,36,-0.45751633986928103,0.5215034009220618,-0.07373984174849897,37,-1.1666666666666667,0.10965614446871663,-0.19045929649224158,36,-0.9333333333333333,0.12350444420752868,-0.181929425071953,37,-0.1,0.062120096675556714,-0.2150661075710948,39,-0.12903225806451613,0.011314861156929135,-0.2917374436436516,39,-8.534615384615385,0.2870557665477511,-0.11883864964286844,39,-14.882896327833343,0.028558055284765172,-0.24426450742240216,39,Nadějkov  Větrov,49.5169,14.4653,616.0
0-203-0-11532,39,-0.005167173252279637,0.5211711318366133,-0.07181631152594531,39,-0.002384653695927601,0.6544532476097242,-0.04993252361673414,39,-0.010249999999999987,0.6540585899782905,-0.05027289922482533,39,-0.010467678909387757,0.6113791307435119,-0.05671844642045994,39,0.08891369047619052,0.4324054356814494,0.09848484848484848,33,0.0522383500000001,0.6796009368157364,0.059829059829059845,27,-0.05714285714285713,0.7529580262694974,-0.03525463429745645,39,-0.011996399999999952,0.9325173009267298,-0.009446693657219972,39,-0.3875,0.3521976312723373,-0.11428758022062359,33,-0.4,0.3586210921183077,-0.1258952939749034,27,-0.038980509745127435,0.9258947059824967,-0.011406926563690327,33,-0.4230769230769231,0.45286218341877027,-0.1027105182026191,27,-0.375,0.4756514476308852,-0.08762047816914477,33,-0.42424242424242425,0.4526000401938991,-0.10300524052492095,27,-0.0,0.9874313816783091,0.0020225186882601464,33,-0.0,0.9656592174281012,0.006247194273248613,27,-0.0,0.5072098270989479,-0.07792865001991967,39,-0.0,0.5504308063411145,-0.07139490431477503,39,-1.4777777777777779,0.6196922354546337,-0.05555601457667467,39,-0.6452317120000005,0.7439586744340132,-0.03643724696356276,39,Vráž,49.3845275,14.1288047,433.0
0-203-0-11535,38,-0.0,0.9597520523539183,-0.005776837370934041,38,-0.006327009243495935,0.4283431834865046,-0.08961593172119488,38,-0.0,0.7713125981452854,0.033388605983716235,38,-0.018438388333333333,0.5546011462054892,-0.06685633001422477,38,-0.012023809523809513,0.9212955745668018,-0.013245044730538608,28,-0.10794200850840334,0.24626955123962418,-0.15873015873015872,28,-0.0,0.8796203889156734,0.017381559387169267,38,-0.14967960714285716,0.35875026265037524,-0.10384068278805123,38,-0.6363636363636364,0.31337144991256627,-0.13545924239123128,28,-0.375,0.5799905038550084,-0.07427081830924354,28,-0.15384615384615385,0.736695260541339,-0.04527397279602591,28,-0.13368055555555555,0.781927964725019,-0.03723456930218253,28,-0.30194805194805197,0.6493493834293234,-0.061089462254869005,28,0.07963709677419355,0.9369873319714807,0.010610116901320504,28,-0.0,0.8218158566096933,-0.03197971701966064,28,-0.0,0.8379008513476225,0.028934138685783945,28,-0.0,0.8770474335019055,0.01866443812754324,38,-0.0,0.519231063824009,-0.07776849219809684,38,-0.0,0.8498592654848027,0.021710944112648446,38,-1.044117664333333,0.6062399309779682,-0.05832147937411096,38,Bechyně,49.299444,14.469444,409.0
0-203-0-11542,39,-0.008060439560439558,0.1569098645702882,-0.15810825247290416,39,-0.016993755896960488,0.01716828148067633,-0.2658569500674764,39,-0.021048182586644117,0.43868977418959454,-0.08654514085341476,39,-0.05244289745464853,0.04863355887498223,-0.21997300944669368,39,-0.09249999999999989,0.2932530962050729,-0.12447439221544217,35,-0.06605077948717955,0.4787611106371267,-0.0942528735632184,30,-0.16666666666666666,0.2405679518651459,-0.13108120076813423,39,-0.3121582,0.01716828148067633,-0.2658569500674764,39,-0.46153846153846156,0.3783540485898499,-0.10464228171008441,35,0.09090909090909091,0.8443155705997489,0.025404428041789558,30,0.35294117647058826,0.49511479936309066,0.08115104028534015,35,0.3225806451612903,0.7078233728410741,0.0483872252205649,30,-0.058823529411764705,0.909518546186804,-0.013479402781331157,35,-0.5,0.520626897927621,-0.0828539098642126,30,-0.0,0.6771581526779092,0.051208862908239255,35,-0.0,0.9712958982465211,0.004794633014853842,30,-0.0,0.5648360482306038,-0.06736061896497716,39,-0.0625,0.02537532534476116,-0.2626484130300996,39,-3.24074074074074,0.15336544555925036,-0.15956760344848347,39,-6.002949796136364,0.015037636310190797,-0.27125506072874495,39,České Budějovice  ul. S.K.Neumanna,48.9644,14.4672,388.0
0-203-0-11549,39,-0.06909620991253648,0.010697130002044752,-0.28475033738191635,39,-0.1649176453112648,0.0006757804219426319,-0.3792172739541161,39,-0.23365384615384616,0.02684751802189946,-0.24696356275303644,39,-0.5168229507936508,0.0005655728298193691,-0.38461538461538464,39,-0.3352941176470588,0.051463265486995834,-0.21727395411605938,39,-0.5410904615384617,0.01070768049759677,-0.28876244665718354,38,-0.7500000000000002,0.021529143168325184,-0.2565834480925569,39,-1.1977417368421055,0.0008789986900677957,-0.37112010796221323,39,-0.16,0.6630929985832918,-0.04874774039148719,39,-0.96,0.08268160635444441,-0.19672176120355947,38,0.631578947368421,0.07333659352210832,0.20013563822352162,39,0.5,0.12168704947386524,0.17622228636636442,38,-0.9130434782608695,0.03631598642481775,-0.23410099264236794,39,-1.2,0.0022399542917911877,-0.3471460452334221,38,-1.3461538461538463,0.013239323519796687,-0.2828476060741501,39,-1.75,0.00025746687442293746,-0.4252433154078647,38,-0.1,0.02255533622358908,-0.2644116681699343,39,-0.17647058823529413,0.00036749573290299433,-0.41135737799960104,39,-23.625,0.012680284841820886,-0.2785671721219288,39,-53.46233649580646,0.000805686731481252,-0.37381916329284753,39,Vyšší Brod,48.6177092,14.3141131,559.0
0-203-0-11551,38,-0.0740625,0.01809321828914936,-0.2676157261472778,38,-0.08152545246666666,0.035772134792700507,-0.23755334281650073,38,-0.11666666666666664,0.1343718280059592,-0.17000156124599683,38,-0.14238013949487177,0.17058153466815473,-0.155049786628734,38,-0.11666666666666685,0.20625606734135327,-0.1495798319327731,35,-0.26759065082059985,0.11057287652463099,-0.1831831831831832,37,-0.4739130434782609,0.13457727155935645,-0.16951584150689475,38,-0.47648396969696966,0.16287071087412586,-0.15789473684210528,38,-0.10526315789473684,0.8646414984717848,-0.020219104171996738,35,-0.15504807692307693,0.8240040284068493,-0.025583210402540465,37,0.38461538461538464,0.33404935719723483,0.11457492364131486,35,0.5,0.1538787401277044,0.16403352552217118,37,-0.34782608695652173,0.5041869091196649,-0.07939291131298684,35,-0.13247863247863248,0.7734739056379872,-0.03313268041785621,37,-0.0,0.7751267317386834,-0.034709983988244694,35,-0.0,0.9580882373962731,0.006175222381963649,37,-0.058823529411764705,0.25372615315800173,-0.1339668460180167,38,-0.034482758620689655,0.38890147059845825,-0.10090553542513911,38,-8.913333333333334,0.09203326656942762,-0.19074737927518737,38,-14.486645611666667,0.12820953565777926,-0.1721194879089616,38,Varnsdorf,50.90556,14.60222,367.0
0-203-0-11552,38,-0.10589285714285714,0.004319667483224771,-0.3229018492176387,38,-0.04233156645408163,0.007985745173986331,-0.3001422475106686,38,-0.15878787878787878,0.0404405605132522,-0.23186344238975817,38,-0.08571374645161291,0.0484057345195482,-0.2233285917496444,38,-0.2508184523809524,0.04381123566827405,-0.23492063492063495,36,-0.15861660458333332,0.10799613731974864,-0.1873015873015873,36,-0.555,0.017479389309105232,-0.2692310423933034,38,-0.34071937999999996,0.042962263812872936,-0.22901849217638695,38,0.07034632034632035,0.9023642047351553,0.014365746924728378,36,0.11666666666666667,0.9565418376743098,0.006359308513668366,36,0.7970588235294118,0.03965472095004686,0.24025525863451289,36,0.6733333333333333,0.1079307492214915,0.1875996011532168,36,-0.8328173374613003,0.04091416311267579,-0.23923718823467277,36,-0.4444444444444444,0.2638541125404573,-0.130573910575691,36,-1.2811004784688995,0.015476780220218369,-0.28861295809240206,36,-0.5833333333333334,0.23346412602068511,-0.14257889266405868,36,-0.10810810810810811,0.02419949057925454,-0.26372714715876217,38,-0.07142857142857142,0.05891840318719115,-0.22161702441583683,38,-18.83913043478261,0.018725741506775327,-0.26600284495021337,38,-9.562456947931032,0.03157137719250069,-0.24324324324324328,38,Jablonné v Podještědí,50.77206,14.77375,320.0
0-203-0-11572,37,-0.0714221514072042,0.019888795172992215,-0.2676694755719678,37,-0.02711209898315686,0.04978202605027712,-0.22522522522522523,37,-0.1418621518567639,0.17746752902199125,-0.15726772236489717,36,-0.05630496017969318,0.25255931718516833,-0.13333333333333333,36,0.0225806451612903,0.8758629604320756,0.018487394957983194,35,0.05316842782738089,0.6179046364878459,0.06451612903225808,32,-0.3409698996655516,0.19068350344692953,-0.15083110670555577,37,-0.12057608189655178,0.6191908248138527,-0.05705705705705706,37,-0.6470588235294118,0.34855847313052246,-0.11101770116512409,35,-0.9599358974358975,0.21365159966146846,-0.15725806451612906,32,0.4117647058823529,0.26774495440143664,0.1316467415062352,35,0.3129370629370629,0.5058508798403445,0.08308110658468419,32,-1.25,0.0063816218040984194,-0.3235056667519478,35,-0.8125,0.29178766305790216,-0.13118069241779742,32,-1.6153846153846154,0.031217669973006155,-0.26043193666343584,35,-0.7,0.19657008594401948,-0.16556933721416955,32,-0.09523809523809523,0.04202720943919123,-0.24321220247192613,37,-0.0754985754985755,0.09131461687591969,-0.20148213443390112,37,-11.27287798408488,0.11349442051245423,-0.18181823313401538,37,-4.5579695035161265,0.20927097296806296,-0.14414414414414414,37,Ondřejov  Pecný,49.913822,14.786716,543.0
0-203-0-11578,36,-0.033672084859584867,0.02635358262124574,-0.2593483917710305,36,-0.01796446366287879,0.0530926024326508,-0.22539682539682543,36,-0.04539411206077872,0.2632919747187541,-0.13120419860153396,36,-0.027899454284409726,0.2640313893022256,-0.13015873015873017,36,0.08181818181818185,0.6455245462063907,0.06206896551724138,30,0.11770025919384058,0.3231795724216393,0.13300492610837436,29,-0.2857142857142857,0.21491864507954528,-0.14502107126590644,36,-0.09739954999999999,0.42952084222826226,-0.09206349206349207,36,-0.2222222222222222,0.8165323724390502,-0.029953996565111603,30,-0.20294117647058824,0.7496844331383452,-0.04202748303514363,29,0.09523809523809523,0.8864509463797687,0.01845455107860888,30,-0.08333333333333333,0.865866071599168,-0.02224984395978192,29,-0.55,0.4752381770499665,-0.0922727553930444,30,-0.7171428571428571,0.3577658634317923,-0.12113803933659045,29,-0.0,0.8289944819342223,0.028767798089123046,30,-0.0,0.5564011387133521,-0.08009132784799032,29,-0.06666666666666667,0.06713684685515776,-0.22253065015999707,36,-0.06559139784946236,0.05359427438726717,-0.2352824875594336,36,-6.670681818181816,0.0992113517301386,-0.19252242579321893,36,-3.2302987865483876,0.18192622259449343,-0.15555555555555559,36,Vavřinec  Žíšov,49.902888,15.067741,415.0
0-203-0-11581,39,-0.02826086956521739,0.2040235057705807,-0.1417004048582996,39,-0.04386779285177229,0.09267257442605292,-0.18758434547908234,39,-0.10564835164835167,0.18731655262785707,-0.14709851551956815,39,-0.18993844130681814,0.06775575764957957,-0.20377867746288802,39,0.0009259259259263668,1.0,0.0,37,-0.16473915769230774,0.35875026265037524,-0.10384068278805123,38,-0.24444444444444435,0.36426644525529894,-0.10121457489878544,39,-0.5514444761904762,0.0836565829857083,-0.1929824561403509,39,-0.6666666666666666,0.1820392243301422,-0.15361515466460607,37,-0.7857142857142857,0.22735933046257517,-0.13684992083725878,38,0.5,0.2548660575973768,0.13132258735540916,37,0.5,0.21774975705941824,0.139900962332706,38,-0.9555335968379447,0.06137834289323975,-0.21519994632725212,37,-0.8333333333333334,0.10199613336500744,-0.1858493600492849,38,-1.0435185185185185,0.12807024312453538,-0.1779551394819258,37,-1.0769230769230769,0.0636071613825566,-0.21435154262836484,38,-0.058823529411764705,0.16393145260964648,-0.16131167437144345,39,-0.09090909090909091,0.05593306100597613,-0.22004534210002222,39,-8.726666666666668,0.21721360332348016,-0.13774479844968843,39,-12.4030685387,0.11864258293031839,-0.17408906882591094,39,Hlasivo,49.4981,14.7561,547.0
0-203-0-11583,39,-0.0827534418022528,0.08807158233193607,-0.1902834008097166,39,-0.09434506044917262,0.043364957125070935,-0.2253711201079622,39,-0.29353741496598634,0.0714771486783669,-0.20107962213225372,39,-0.33043183573021184,0.05442949134558268,-0.21457489878542513,39,-0.015498737373737378,0.8959423738083683,-0.015015015015015017,37,-0.3054306313186812,0.14131468477190773,-0.1664295874822191,38,-0.65,0.2038248639574769,-0.14227759830611808,39,-0.6335863846153847,0.0836565829857083,-0.1929824561403509,39,-0.2857142857142857,0.6850227029752565,-0.04672226082387943,37,-0.9,0.1628042391821961,-0.15811981854844803,38,0.45141065830721006,0.2235795524748314,0.14037931751785118,37,0.35294117647058826,0.3265180466902725,0.11150961602957095,38,-0.6666666666666666,0.1615733671449019,-0.1610237360630488,37,-0.9090909090909091,0.057530511745901396,-0.2157162667911388,38,-1.0,0.07431979010513977,-0.20863706008225785,37,-1.105263157894737,0.0462918192508981,-0.22987661210011168,38,-0.14285714285714285,0.03567049492996443,-0.23969519969270936,39,-0.125,0.050407216715803484,-0.22370628420280203,39,-25.941176470588236,0.10245263659151096,-0.1821862348178138,39,-26.911557307444443,0.05442949134558268,-0.21457489878542513,39,Černovice  Dobešov,49.3575,14.9625,580.0
0-203-0-11589,39,-0.020572916666666663,0.06758150270064393,-0.20460873661165552,39,-0.020781366985641397,0.05753700343783177,-0.21187584345479082,39,-0.0571150519031142,0.06062708756228072,-0.21002883559474572,39,-0.07105353514326414,0.13677322642600173,-0.1659919028340081,39,-0.15555555555555553,0.27416982327194783,-0.12941176470588237,35,-0.12622386883116885,0.30176244780157174,-0.12878787878787878,33,-0.3777777777777778,0.09246562035960128,-0.18834843966238488,39,-0.24309489230769232,0.15697056530468825,-0.15789473684210525,39,-0.6666666666666666,0.20097672017175017,-0.15190008635334834,35,-0.5217785843920145,0.41136166051675493,-0.1006651758726802,33,0.38461538461538464,0.4775264825154477,0.08424626738331974,35,0.09761904761904762,0.8281880760926816,0.026616161981944095,33,-0.8235294117647058,0.26784153648559184,-0.1314241771179788,35,-0.7253846153846153,0.30624987715205276,-0.12547619220059358,33,-0.35,0.2020812881016344,-0.15657831278047454,35,-0.35,0.2817012412460089,-0.13551625250712648,33,-0.05555555555555555,0.07810584771992676,-0.20560060741743252,39,-0.06666666666666667,0.0435289665233197,-0.23740606539359382,39,-5.949999999999999,0.08130165321500976,-0.19525643610898955,39,-5.80019034315,0.05753700343783177,-0.21187584345479082,39,Třeboň  Lužnice,49.0617575,14.7585975,428.0
0-203-0-11593,39,-0.021625695732838592,0.13996363998109032,-0.16475358245943125,39,-0.024149262978027372,0.043364957125070935,-0.2253711201079622,39,-0.07019230769230769,0.2356966777586137,-0.13252224693179135,39,-0.08371070461966605,0.07735012142022886,-0.19716412327112265,39,-0.15999999999999995,0.22887685667300062,-0.13813813813813813,37,-0.31187043506072865,0.033598339529021026,-0.24761904761904766,36,-0.3125,0.08557357672794175,-0.19280740072728397,39,-0.38411539130434785,0.04091686469864341,-0.2280701754385965,39,-0.375,0.5559944368332341,-0.06782263667982498,37,-0.30952380952380953,0.7028650528955346,-0.04451515959567857,36,0.5,0.2661423389281431,0.12791605201270229,37,0.29447115384615385,0.6727584193521623,0.04932392726933708,36,-0.40588235294117647,0.3666166717693641,-0.10399470957573163,37,-0.5732323232323233,0.22519778982183747,-0.14183379497434806,36,-0.4375,0.33043652404122514,-0.11497393960432346,37,-0.2596153846153846,0.3870885708186077,-0.10431121231940525,36,-0.04,0.1784080867314689,-0.15729380321809952,39,-0.037037037037037035,0.13714179164799256,-0.1747527931505619,39,-6.899999999999998,0.16051550652466284,-0.1566509472565084,39,-6.971548670625001,0.060790626528753035,-0.20917678812415658,39,Byňov,48.816603,14.799947,475.0
0-203-0-11602,38,-0.7378997138235653,0.09451183368020259,-0.1891891891891892,38,-0.7180291309455125,0.0017456587406323516,-0.35419630156472265,38,-0.42328869047619005,0.7154210355044728,-0.041251778093883355,38,-1.210757890484626,0.018725741506775327,-0.26600284495021337,38,-0.06497761497761478,0.8504231288466042,-0.021337126600284497,38,-1.0695853423763735,0.02442540720541444,-0.2546230440967283,38,-0.5249999999999986,0.7724636771319221,-0.03271692745376956,38,-2.242077,0.00741039771667554,-0.3029871977240398,38,-0.6363636363636364,0.2905811195640917,-0.12026019073916083,38,-0.8888888888888888,0.0721664552086418,-0.20370391038223484,38,0.15,0.5376218696743337,0.07010129085883593,38,0.28125,0.3023983895449771,0.11705998889063154,38,-0.2222222222222222,0.3325416314467413,-0.11047755112145284,38,-1.0,0.003966823132791834,-0.3276162368708863,38,-0.3181818181818182,0.30485199594766355,-0.12010337622813898,38,-1.0769230769230769,0.02813976410369895,-0.25353281847681447,38,-0.0625,0.20517681902841323,-0.14770613685042536,38,-0.125,0.05452215803438916,-0.22348736684227255,38,-59.95862068965502,0.5887888985090685,-0.061166429587482224,38,-133.34519219046666,0.02442540720541444,-0.2546230440967283,38,Bedřichov,50.81511,15.13708,777.0
0-203-0-11604,38,-0.11433823529411766,0.026065993452231245,-0.25177809388335703,38,-0.05829209987847223,0.013261622170116635,-0.2802275960170697,38,-0.260486111111111,0.08500596261491014,-0.19487908961593176,38,-0.14490628345201237,0.06103886589352509,-0.21194879089615934,38,-0.33541313758705077,0.1821888204763371,-0.15315315315315314,37,-0.2305892955932956,0.01729590190851724,-0.2732732732732733,37,-0.7333333333333333,0.09439024624573993,-0.1897297308313045,38,-0.6159102,0.012356054739737775,-0.283072546230441,38,-0.98,0.08409629157837498,-0.1990970608513336,37,-0.038980509745127435,0.9374302127128957,-0.00903618556850624,37,0.5277777777777778,0.04255064810359077,0.23361130411939715,37,0.5,0.15380828586822784,0.16428149773557604,37,-0.5381578947368422,0.2389951135684163,-0.1355427835275936,37,-0.5263157894736842,0.19527138826626922,-0.14898457822655917,37,-1.0,0.12745721958423709,-0.17823472353409997,37,-0.6833333333333333,0.1894662552791737,-0.1536506237362931,37,-0.1111111111111111,0.04994259547560731,-0.22807167435369907,38,-0.08695652173913043,0.11350887100984884,-0.1847744236144792,38,-27.89230769230769,0.0722115002324952,-0.20341394025604553,38,-16.931031815384618,0.035772134792700507,-0.23755334281650073,38,Nové Město pod Smrkem,50.92358,15.23381,473.0
0-203-0-11605,39,-1.0754697712418302,0.050014874108362965,-0.21877115047891693,39,-1.1049410745096155,0.14327003755601345,-0.16329284750337383,39,-1.2121604938271613,0.26058515870606247,-0.12550607287449395,39,-1.1762118355952396,0.4459985505298172,-0.08502024291497977,39,-0.8834422657952075,0.42460823164175265,-0.08912898723215133,39,-1.211124260937499,0.3153591310736501,-0.11201079622132254,39,-2.6956521739130435,0.13996363998109032,-0.16475358245943125,39,-2.149000666666666,0.30383969072789097,-0.11470985155195683,39,-0.375,0.39678299908596215,-0.09504590176697096,39,-0.3103448275862069,0.2124823139883354,-0.13975782504309725,39,0.15,0.6196580332859967,0.05570780724913077,39,0.0625,0.8464505968765906,0.021695159567665503,39,-0.6666666666666666,0.0022750161073610904,-0.3431039730807822,39,-0.2857142857142857,0.20358191527079805,-0.14286190301651433,39,-0.6363636363636364,0.03149006609808102,-0.24867390591006447,39,-0.3684210526315789,0.2840522669960951,-0.12306909947947837,39,-0.08333333333333333,0.1371135679866879,-0.17136521723000553,39,-0.045454545454545456,0.2573102802908255,-0.1305354764952287,39,-179.06451612903226,0.26058515870606247,-0.12550607287449395,39,-214.1881793106495,0.3516160877892871,-0.10391363022941971,39,Desná  Souš,50.789354,15.319286,772.0
0-203-0-11608,38,-0.08622649059623848,0.010321408893733737,-0.2903915326278972,38,-0.057886912781379536,0.01070768049759677,-0.28876244665718354,38,-0.22727272727272727,0.03252945769100752,-0.24233840148264574,38,-0.1635406175153186,0.042962263812872936,-0.22901849217638695,38,-0.281992337164751,0.04974654140113534,-0.22930052588901836,36,-0.28058885753550544,0.03195792325184575,-0.24624624624624625,37,-0.6666666666666666,0.0206330106177198,-0.263048324992834,38,-0.6133591904761905,0.012356054739737775,-0.283072546230441,38,-0.754985754985755,0.19084234265716593,-0.15286701725934557,36,0.03125,0.9582630150638918,0.006024123712337494,37,0.5,0.14105436015364525,0.17225077552896437,36,0.5767263427109974,0.10753092060164313,0.1853818735915216,37,-0.3333333333333333,0.5488116127582063,-0.07006404957720005,36,-0.45751633986928103,0.3808343583616285,-0.10067621173536388,37,-0.35,0.5117995790543182,-0.0778130598295546,36,-0.5960144927536233,0.2758235255311928,-0.12783186431910604,37,-0.0625,0.16730127474689893,-0.16162059270206353,38,-0.08333333333333333,0.08521503416119493,-0.20088034611657848,38,-21.722580645161294,0.03154449211085459,-0.24358999073679832,38,-15.111737269999997,0.02442540720541444,-0.2546230440967283,38,Hejnice,50.88456,15.18317,396.0
0-203-0-11632,38,-0.1054285714285715,0.027800982993955118,-0.24893314366998578,38,-0.1252264803804736,0.02442540720541444,-0.2546230440967283,38,-0.21286764705882355,0.11034778241543665,-0.18065433854907542,38,-0.2397715767857142,0.08500596261491014,-0.19487908961593176,38,-0.04999999999999982,0.8138828720852836,-0.02702702702702703,37,-0.23803703891414155,0.1359634757639785,-0.17117117117117117,37,-0.23548387096774195,0.5295815450997012,-0.07117439525193558,38,-0.5633609444444444,0.06831457033442663,-0.2062588904694168,38,-0.48684210526315785,0.27755607773638613,-0.1249062625535799,37,-0.8421052631578947,0.10759112907984042,-0.18510205173602806,37,0.6896551724137931,0.07732800868102671,0.20346791003947493,37,0.5,0.1614298212957529,0.16151168789688253,37,-1.1547619047619047,0.01608743385908723,-0.2766920421642813,37,-1.2,0.030883594712537647,-0.24830763037759862,37,-1.75,0.008075640944531538,-0.3089205083490079,37,-1.2845117845117846,0.03257460905463197,-0.24947180830911403,37,-0.14285714285714285,0.031890852240534076,-0.2484472215516183,38,-0.13636363636363635,0.04061788990202431,-0.2378293145904692,38,-20.606250000000003,0.15176914604955363,-0.1622776211744131,38,-21.19502870520002,0.0722115002324952,-0.20341394025604553,38,Nový Rychnov,49.385922,15.365095,619.0
0-203-0-11634,39,-0.10737034869451945,0.03637067806905364,-0.23346828609986506,39,-0.07588275076041665,0.0794225366756039,-0.19568151147098517,39,-0.38518518518518513,0.038586906025907,-0.23076923076923075,39,-0.23323843515897424,0.06775575764957957,-0.20377867746288802,39,-0.26017909356725255,0.3076560308652103,-0.11711711711711711,37,-0.3445754111111105,0.11303671633275073,-0.17678812415654524,39,-0.9266666666666669,0.09032495063542788,-0.1890614880681998,39,-0.6512184999999999,0.09267257442605292,-0.18758434547908234,39,-0.375,0.39510606720915986,-0.09781815742147823,37,-0.8235294117647058,0.07730677378814393,-0.19743110257185245,39,0.4331550802139037,0.27747383234374057,0.1250950854316772,37,0.2,0.6112747916454061,0.05687236379006839,39,-0.957427536231884,0.057795044199140035,-0.21853960707943604,37,-0.96,0.06237786013545729,-0.2085320005635841,39,-1.1666666666666667,0.03139220161972872,-0.2519870229275206,37,-1.0,0.07062053110525837,-0.20556730714846985,39,-0.1388888888888889,0.04262051877096602,-0.23105363676219212,39,-0.1111111111111111,0.10096070076563468,-0.18757980352408868,39,-34.12500000000001,0.05442949134558268,-0.21457489878542513,39,-22.444990113636354,0.09267257442605292,-0.18758434547908234,39,Počátky,49.2605217,15.2340794,618.0
0-203-0-11635,39,-0.02960053586652052,0.13996363998109032,-0.16475358245943125,39,-0.0221001624938638,0.11303671633275073,-0.17678812415654524,39,-0.09016426282051282,0.2356966777586137,-0.13252224693179135,39,-0.09189899118333335,0.16418287375186902,-0.155195681511471,39,-0.14200000000000002,0.3709527086192641,-0.10588235294117647,35,-0.07581511022727272,0.44560053289767665,-0.0888888888888889,36,-0.4,0.2553200323813356,-0.1272857665777721,39,-0.3348043999999998,0.1500010302831153,-0.16059379217273956,39,-0.9615384615384616,0.11813957114001404,-0.18534178824330344,35,-0.6971428571428572,0.2638541125404573,-0.130573910575691,36,0.3333333333333333,0.531743563163976,0.07438845359489514,35,0.0625,0.8486555000955661,0.022364673823395385,36,-0.9615384615384616,0.06478411658599063,-0.21904029519663135,35,-0.4444444444444444,0.5217580321208852,-0.07502112282913709,36,-1.09375,0.10359151411283418,-0.19749329467244256,35,-0.29800724637681164,0.48513796448044677,-0.08343966555832245,36,-0.041666666666666664,0.22922565160233466,-0.14056106919532171,39,-0.06451612903225806,0.13056048695822534,-0.17494346909061143,39,-9.699999999999998,0.14321148603465014,-0.16351366281385815,39,-7.470057089999999,0.12446413014279424,-0.17139001349527666,39,Jindřichův Hradec  Děbolín,49.1556,14.9575,524.0
0-203-0-11644,39,-0.5360090702947846,0.10245263659151096,-0.1821862348178138,39,-0.40194917951923087,0.051463265486995834,-0.21727395411605938,39,-1.5863777089783282,0.09267257442605292,-0.18758434547908234,39,-1.1144187372474748,0.06775575764957957,-0.20377867746288802,39,-1.188162878787879,0.11864258293031839,-0.17408906882591094,39,-0.9009348202614379,0.04593566783244592,-0.22267206477732795,39,-3.0,0.019541429394584958,-0.26081104895102997,39,-1.711899999999997,0.04863355887498223,-0.21997300944669368,39,-0.3548387096774194,0.5290934185532923,-0.0705092685949129,39,-0.8333333333333334,0.03317715766122286,-0.23832228635838182,39,0.38095238095238093,0.21707897640538487,0.13811859777588037,39,0.2,0.5777041566378256,0.06237358375703833,39,-0.6666666666666666,0.013502494268942018,-0.2777508353511094,39,-0.8125,0.029277911813568362,-0.245074266486273,39,-1.0769230769230769,0.015390873556564011,-0.2785058753493339,39,-0.875,0.06319565452248396,-0.21198477198256954,39,-0.12,0.07176617863114497,-0.20668052886800886,39,-0.10526315789473684,0.16595827504701954,-0.15806189751202504,39,-199.08,0.09746458904267719,-0.18488529014844804,39,-132.7335119000002,0.060790626528753035,-0.20917678812415658,39,Benecko,50.6713,15.5499,780.0
0-203-0-11649,37,-0.006868131868131868,0.31834165290427585,-0.11604690013998833,37,-0.0055852611493520995,0.46391387436329534,-0.08408408408408408,37,-0.024691558441558445,0.15242032068823688,-0.1663066157691513,37,-0.018417765246316102,0.1999372522493834,-0.14714714714714713,37,0.0045454545454545565,0.9652027004982784,0.009230769230769232,26,0.03811716666666671,0.4079827164029705,0.11680911680911683,27,-0.20625000000000004,0.10344286316317253,-0.1896343714617672,37,-0.1262246033333333,0.32022531621448047,-0.11411411411411412,37,-0.9545454545454546,0.2009954622295117,-0.17873672989479605,26,-0.7692307692307693,0.28720541558040935,-0.14613420473402572,27,-0.9047619047619048,0.20846588908136654,-0.1764739712958591,26,-0.9047619047619048,0.18185250682049336,-0.18312042759985947,27,-0.6666666666666666,0.2338369778446554,-0.16641005886756874,26,-0.55,0.36982193359205506,-0.12285764431793897,27,-0.0,0.656747725130058,0.06405126152203484,26,-0.0,0.32562720484778607,0.1417567168131141,27,-0.0,0.2562554966550775,-0.13807837837093534,37,-0.0,0.4382238267676317,-0.09463489987796897,37,-3.4989705882352946,0.15618259561586542,-0.16490875283050974,37,-1.7873666259264214,0.28350976401572237,-0.12312312312312312,37,Hradec Králové  Nový Hradec Králové,50.177649,15.838452,278.0
0-203-0-11656,37,-0.0880039733284618,0.0009354961292951595,-0.38016539655294124,37,-0.10953514796878039,0.0016956508960520496,-0.3603603603603604,37,-0.2549803227075954,0.005782259848520999,-0.31705493546510116,37,-0.2783501007138648,0.019909934585841373,-0.2672672672672673,37,-0.127375,0.34451969773228586,-0.1156398623750088,33,-0.27144187844230294,0.03638300133753184,-0.24024024024024027,37,-0.5347222222222222,0.014357397156834324,-0.2831286655048258,37,-0.5098356875000001,0.043994028479721406,-0.2312312312312312,37,-0.375,0.5150970825245575,-0.07969653816599978,33,-0.49546279491833034,0.34627427187444704,-0.10827079910776224,37,0.7142857142857143,0.05853345826593577,0.23238474644860133,33,0.7361111111111112,0.03868475859639671,0.23831314859477812,37,-1.2426470588235294,0.039255420774350104,-0.25261261115219746,33,-0.9296536796536796,0.014936244686094254,-0.28054585847233376,37,-1.4792663476874002,0.01642953438995854,-0.3009282235000977,33,-1.4,0.004379743930849519,-0.334740252694084,37,-0.14907407407407408,0.003951662829291983,-0.34163662136717593,37,-0.125,0.004073641359966501,-0.3414630128520639,37,-21.077777777777783,0.004534600854323617,-0.3260707156205069,37,-24.877845137360147,0.007628342052950585,-0.3063063063063063,37,Havlíčkův Brod,49.61188,15.579696,452.0
0-203-0-11660,38,-0.1385260561208757,0.014701231237815646,-0.27655088169196046,38,-0.20654585554255317,0.0014692379067439488,-0.3598862019914652,38,-0.2984291063905668,0.04820795512984681,-0.22723910416374174,37,-0.417177121022493,0.01295560108772912,-0.2852852852852853,37,-0.06466666666666669,0.6596957916650785,-0.052188626144530494,35,-0.3314929679166666,0.16799552714133448,-0.16577540106951874,34,-1.1333333333333333,0.07011523094861422,-0.20556876097867005,38,-1.0069647142857143,0.007985745173986331,-0.3001422475106686,38,-0.8,0.1357641186188472,-0.17706677435327775,35,-0.5806451612903226,0.34258130682839993,-0.11438825737910953,34,-0.043478260869565216,0.8757220000954276,-0.018644737326633787,35,0.12903225806451613,0.7107450374985578,0.04480351491268759,34,-1.0,0.07333094478448644,-0.21302148074901792,35,-0.6666666666666666,0.28550916795645664,-0.1289180328459119,34,-0.9333333333333333,0.15825106807186262,-0.1701455435463627,35,-0.5833333333333334,0.3411617019294676,-0.11649503213745355,34,-0.18181818181818182,0.012909880725351737,-0.2876905832438742,38,-0.18181818181818182,0.011601463312071712,-0.29185295972618835,38,-34.813333333333325,0.03917061349301099,-0.23378528143031707,38,-40.79465990250001,0.005054578271370006,-0.31721194879089615,38,Vatín,49.52306,15.96806,558.0
0-203-0-11667,37,-0.015100082611755352,0.27193122355025057,-0.12612612612612614,37,-0.025254184662661536,0.11057287652463099,-0.1831831831831832,37,-0.024003896430367027,0.48002672231040755,-0.08108108108108109,37,-0.05998391933436057,0.12922876189232194,-0.1741741741741742,37,-0.024999999999999974,0.8092262462292724,-0.02857142857142857,35,-0.007286963218390768,0.9731187568658406,-0.006451612903225807,31,-0.0696992481203007,0.6376976624245667,-0.05413539955388112,37,-0.1581685599637681,0.29541770152393154,-0.12012012012012013,37,-0.6923076923076923,0.1250519556602009,-0.18166532917929396,35,-0.375,0.2691221598103922,-0.1400865322316599,31,0.0625,0.92078086869204,0.011804451623551851,35,0.0625,0.825078980622761,0.028017306446331984,31,-0.6923076923076923,0.24407166760523513,-0.13816387850864437,35,-0.59375,0.29969807735667575,-0.13146582255586547,31,-0.0,0.9542945355705579,-0.007030756525496433,35,-0.4375,0.37287873315020037,-0.11629007199761855,31,-0.0,0.4269659272034748,-0.09539396783869042,37,-0.06666666666666667,0.07474390800081679,-0.2130286414959735,37,-2.6658333333333344,0.4326102057526222,-0.0900900900900901,37,-6.261042033166669,0.1999372522493834,-0.14714714714714713,37,Moravské Budějovice,49.0610864,15.8064603,460.0
0-203-0-11674,39,-0.5463235294117647,0.12446413014279424,-0.17139001349527666,39,-0.25685006813725497,0.30383969072789097,-0.11470985155195683,39,-1.1697802197802192,0.08807158233193607,-0.1902834008097166,39,-0.5357733538690477,0.26058515870606247,-0.12550607287449395,39,-0.7884615384615383,0.22636494512543193,-0.13504392004871416,39,-0.3857763486813181,0.33924761044644447,-0.10661268556005399,39,-2.455172413793103,0.03417624833307598,-0.23712933051019675,39,-1.0220280000000006,0.18731655262785707,-0.14709851551956815,39,-1.2222222222222223,0.005796141654610956,-0.30873568914608557,39,-0.6363636363636364,0.13024340633116574,-0.16960901097463257,39,0.6363636363636364,0.023628977430979997,0.2533896274594674,39,0.5,0.08140573653501228,0.19499096156594875,39,-1.2,0.0038159635456511878,-0.3242924289834975,39,-0.9545454545454546,0.018868906840750252,-0.2630538097579443,39,-1.8529411764705883,0.002413928633213432,-0.34515508485628393,39,-1.4482758620689655,0.007889979569148187,-0.30171729849073076,39,-0.21052631578947367,0.0017411350906803144,-0.35620004757168505,39,-0.15789473684210525,0.017274128289964538,-0.27136925214491797,39,-176.55555555555554,0.04590387656425677,-0.22297317656435206,39,-89.72588098133335,0.11864258293031839,-0.17408906882591094,39,Deštné v Orlic. horách,50.306667,16.351959,656.0
0-203-0-11675,38,-0.1877573781743308,0.014225371530029283,-0.2773826458036984,38,-0.23704017472476402,0.006369964972782792,-0.30867709815078237,38,-0.33217255717255717,0.051337805532491856,-0.22048364153627312,38,-0.5969289193499998,0.009257805034452326,-0.29445234708392604,38,-0.6419444444444447,0.0023835856560698505,-0.3542495160340613,36,-0.6874794999999997,0.005462884578681361,-0.3143669985775249,38,-1.45,0.003524707336417637,-0.3311941149100795,38,-1.3593523055555554,0.0016019685066104717,-0.3570412517780939,38,-0.452991452991453,0.37571243556082434,-0.10358647947564746,36,-0.8421052631578947,0.0804079496341875,-0.19857325221171057,38,0.5326086956521738,0.14488425408585534,0.17024710380061506,36,0.2,0.5211945003800477,0.07285781196257006,38,-1.25,0.017069568783490162,-0.2793339679808296,36,-1.25,0.0015276843029981301,-0.35974533171267253,38,-1.4,0.0417749937553596,-0.2413450002724317,36,-1.2352941176470589,0.0299383419818916,-0.2513701300404609,38,-0.14285714285714285,0.028064647304310228,-0.25429303852930346,38,-0.16666666666666666,0.025244550283347236,-0.2604431378103531,38,-38.75,0.02869260484434027,-0.24768689547673584,38,-52.751354743181814,0.01070768049759677,-0.28876244665718354,38,Úpice,50.506419,16.011618,413.0
0-203-0-11680,37,-0.02820145540733776,0.23382965819258406,-0.13694542039006952,37,-0.12423803488845579,0.06709407055702195,-0.21021021021021022,37,-0.06322222222222224,0.20442340371473355,-0.14597478876743675,37,-0.2892133768535644,0.03878476113494731,-0.23723723723723725,37,-0.028703703703704047,0.8704642046639156,-0.019607843137254905,34,0.0033404603448276807,0.9645271105373777,0.005347593582887702,34,-0.33095238095238094,0.1774821823067605,-0.15571033008156113,37,-0.7698385957983194,0.09936518330262732,-0.1891891891891892,37,-0.5,0.18665586025161196,-0.15978868046609412,34,-0.2222222222222222,0.6037023617068344,-0.06261220754162919,34,-0.0,0.9881696387868727,-0.001785717132842086,34,0.5,0.2992452510165816,0.12511215650840105,34,-0.8125,0.02232911629772103,-0.27623862769254653,34,-0.5806451612903226,0.14182749494375474,-0.1777424647881272,34,-0.7777777777777778,0.09130099415469502,-0.20941767513486262,34,-0.9333333333333333,0.04941698743716263,-0.24116921627572674,34,-0.06666666666666667,0.11349062272466942,-0.18857857160117858,37,-0.16666666666666666,0.004500136746374416,-0.33559960749370094,37,-6.993777777777777,0.1464428606831363,-0.1670433149812936,37,-29.22753301526042,0.03195792325184575,-0.24624624624624625,37,Rychnov nad Kněžnou,50.164879,16.270033,335.0
0-203-0-11685,39,-0.07070799706529714,0.0836565829857083,-0.1929824561403509,39,-0.18431789297872345,0.005199972868896921,-0.31174089068825916,39,-0.11982905982905982,0.2709770075414829,-0.12280701754385966,39,-0.4727523502447553,0.020860341752234175,-0.25775978407557354,39,0.01333333333333376,0.9699143466954194,0.004267425320056899,38,-0.33301250653594866,0.13050611862163883,-0.16869095816464239,39,-0.29999999999999977,0.40375791168843544,-0.09336976007123346,39,-0.8803743809523811,0.032262230741344065,-0.2388663967611336,39,-0.6190476190476191,0.3205455137307296,-0.11253572671466121,38,-0.6666666666666666,0.11573300601904915,-0.17579481735849875,39,0.3333333333333333,0.3143434090129176,0.11420486721037224,38,0.4482758620689655,0.0657775412699583,0.2063853866939941,39,-1.25,0.015729071694283787,-0.2744852086881746,38,-1.0344827586206897,0.006461555544079474,-0.3052962197543386,39,-1.6153846153846154,0.032154961556541704,-0.24623875798489792,38,-1.4,0.004123751060639561,-0.32768297581548317,39,-0.125,0.03548923612542128,-0.24072467558121755,39,-0.15789473684210525,0.002974959796287305,-0.3422304627358221,39,-12.25,0.2040235057705807,-0.1417004048582996,39,-45.809140391318174,0.01227797740532341,-0.2793522267206478,39,Nedvězí,49.6344,16.3097,722.0
0-203-0-11686,36,-0.4058127995390777,4.927773203242737e-05,-0.47301587301587306,36,-0.4119623407346047,0.00015271738635832844,-0.4412698412698413,36,-0.390194099378882,0.014215907068163187,-0.28571428571428575,36,-0.422236111442239,0.020582742100569734,-0.2698412698412698,36,-0.45513193156050324,0.03138937892908212,-0.2507936507936508,36,-0.3279540287037036,0.06283070797865951,-0.22016806722689075,35,-1.2661524500907442,0.008904553619705715,-0.3052468086560816,36,-0.6813818305288463,0.07660790098260783,-0.2063492063492064,36,-0.9572727272727273,0.04377212204627537,-0.23529441500572953,36,-1.1818181818181819,0.02388717658177299,-0.2681296868778206,35,0.2857142857142857,0.4213074048910056,0.09417545206210826,36,0.20833333333333334,0.47734865570529805,0.08453233363056266,35,-1.25,0.00046106715001428914,-0.40956500346525226,36,-1.0,0.0053515738268571054,-0.33080463250284753,35,-1.5386473429951693,0.005278101290229996,-0.3318060248025013,36,-0.9545454545454546,0.04921187896553306,-0.23738126271721124,35,-0.13333333333333333,0.014776026798394213,-0.2919602465743729,36,-0.15,0.01906661348307235,-0.28071666020735636,36,-37.36764705882359,0.015328674623339845,-0.28253968253968254,36,-39.27306376265817,0.022119462108462017,-0.26666666666666666,36,Bystřice nad Pernštejnem,49.52416,16.25401,553.0
0-203-0-11687,38,-0.0653061224489796,0.021321872190371512,-0.2614309723362808,38,-0.0869660682805694,0.00741039771667554,-0.3029871977240398,38,-0.1737179487179487,0.045330903537411746,-0.22779954091261745,38,-0.22945766307528412,0.029634648454983762,-0.24608819345661453,38,-0.04976958525345629,0.7938612170038639,-0.034090909090909095,33,-0.09213185626780634,0.6556644947844955,-0.056818181818181816,33,-0.695238095238095,0.024327719348909753,-0.25571663414313806,38,-0.44955016666666686,0.07628861573611229,-0.20056899004267426,38,-1.0161290322580645,0.06511038415608075,-0.22602180997828195,33,-0.6923076923076923,0.14954135458461518,-0.17630339673566914,33,-0.06111111111111111,0.8523454145170024,-0.022901430620717225,33,0.15833333333333333,0.630707762205359,0.05910522445373998,33,-0.80625,0.14098147476008716,-0.18009486763321045,33,-0.80625,0.15839221782930324,-0.1728402076304509,33,-0.7017543859649122,0.35053208261347457,-0.11654199026267781,33,-0.7777777777777778,0.17554880693397545,-0.16949309828481784,33,-0.1111111111111111,0.03295057137203833,-0.2508541440454769,38,-0.1111111111111111,0.02056040010932589,-0.2709262456502118,38,-18.177419354838715,0.037913704140758744,-0.2357164504671384,38,-21.662160343249997,0.016339892332924627,-0.2716927453769559,38,Velké Meziříčí,49.3528,16.0086,452.0
0-203-0-11701,39,-0.007061857625061631,0.27393685616268737,-0.12390630571930863,39,-0.0025419532777240465,0.5452534925252852,-0.06752196002435708,39,-0.021001221001221,0.33566234556287644,-0.11123767168875509,38,-0.010185288607843138,0.4813815156179515,-0.07971532268216786,38,0.02631578947368421,0.8648512951027008,0.02166909554725207,31,0.19709066666666666,0.43249287041044504,0.1225296442687747,23,-0.1,0.4729968836567635,-0.08151418688377156,39,-0.023317695333333333,0.7166551349933747,-0.04051317601461424,39,-0.5555555555555556,0.2839925557462124,-0.13607038397360374,31,-0.375,0.3685961997949593,-0.13519127132288253,23,0.2,0.5403304385000594,0.07783897501159391,31,-0.0,1.0,0.0,23,-0.9565217391304348,0.059042702185374496,-0.2397430574773018,31,-0.2,0.7509920543280972,-0.04771456634925265,23,-0.3181818181818182,0.29006445511592416,-0.1398755169381509,31,-0.0,0.7499188501845206,-0.04869847535576739,23,-0.0,0.2831072094585094,-0.12703058368910236,39,-0.0,0.4042078357239981,-0.10050168409217493,39,-1.773333333333333,0.3245280961142566,-0.11190930741670332,39,-0.39117249377181906,0.663185548926503,-0.04861581121753709,39,Javorník,50.3956,17.0075,284.0
0-203-0-11703,39,-0.6359255319148934,0.001347478526299452,-0.3576248313090418,39,-0.18280013672822698,0.01406241309059956,-0.2739541160593792,39,-1.0279761904761904,0.023690288933547344,-0.252361673414305,39,-0.27887702123447194,0.16418287375186902,-0.155195681511471,39,-0.727840909090909,0.05753700343783177,-0.21187584345479082,39,-0.39999598384353746,0.04091686469864341,-0.2280701754385965,39,-1.619230769230769,0.04088733550845977,-0.22837858690530605,39,-0.8888706666666664,0.04091686469864341,-0.2280701754385965,39,-0.7037037037037037,0.07329450426296102,-0.2004073771650029,39,-0.2857142857142857,0.5371548273535898,-0.06901243135699864,39,0.21052631578947367,0.32678396993375025,0.11005688749218519,39,0.2608695652173913,0.40352832950230977,0.09375216341926887,39,-1.25,0.0007645725190387749,-0.3774680098745419,39,-0.6923076923076923,0.1676427837020673,-0.15457801191961673,39,-1.696969696969697,0.0022066957683400195,-0.3493999839739501,39,-0.7,0.0801419780529327,-0.1999421547348711,39,-0.18181818181818182,0.003561746808768515,-0.33276188949900004,39,-0.125,0.05462068867562041,-0.22032726718277987,39,-130.89999999999998,0.010697130002044752,-0.28475033738191635,39,-37.57656736400003,0.0836565829857083,-0.1929824561403509,39,Staré Město pod Sněžníkem  Kunčice,50.1925131,16.943146,649.0
0-203-0-11705,38,-0.11754901960784311,0.028659000618809057,-0.24804048151753152,38,-0.13981411594013604,0.006116499559003464,-0.3107633619012751,38,-0.2194744318181818,0.04531736568560859,-0.23024889362286416,37,-0.3563239148773143,0.007925200355648261,-0.30503389525789354,37,-0.16650246305418714,0.19714561127247732,-0.15508021390374335,34,-0.302749932954545,0.09755203714659577,-0.20454545454545456,33,-0.4249999999999998,0.1823907214593169,-0.15153870896326307,38,-0.6425773448275862,0.05925017776005357,-0.21382800130821683,38,-0.9,0.08808988512976278,-0.20572582477963874,34,-0.5909090909090909,0.2513248083976968,-0.14068542761884736,33,0.5,0.34998167458070273,0.11290485757997272,34,0.25,0.630707762205359,0.05910522445373998,33,-1.2,0.005281458105426341,-0.3372263766636282,34,-0.7185185185185186,0.06064147742983705,-0.2302595038933374,33,-1.1666666666666667,0.0018365037049478982,-0.3851103616665383,34,-1.0,0.035557905699920955,-0.26300653182126904,33,-0.13333333333333333,0.01874295245889012,-0.27347796205699143,38,-0.125,0.04148715955480568,-0.23798945761544923,38,-19.05,0.0663531919947331,-0.20812592127333107,38,-31.253339765000003,0.020673149997739917,-0.262295681604746,38,Šumperk,49.9742,16.9675,328.0
0-203-0-11709,38,-0.03641304347826087,0.0009373763413021649,-0.3757177361991358,38,-0.033662851507969535,0.0200290954610022,-0.2631578947368421,38,-0.14423076923076922,0.005401544619725851,-0.3166270348533865,38,-0.10418074962406018,0.042962263812872936,-0.22901849217638695,38,-0.08392857142857155,0.42029880341554604,-0.09867190439599972,33,-0.04342986397515532,0.6780507934564524,-0.053030303030303025,33,-0.5421052631578948,0.008555341333113479,-0.29857417059170865,38,-0.4335407142857142,0.05441710703788968,-0.21763869132290187,38,0.0625,0.9505687763657092,0.00759014649199998,33,-0.3649193548387097,0.5767987163759305,-0.06844155938214196,33,0.5894736842105264,0.13657813492021298,0.18286012835299775,33,0.2253787878787879,0.5148614078192169,0.08000130615443651,33,-1.032795698924731,0.05274117287417252,-0.23696693109632952,33,-0.10818713450292397,0.7920676394472078,-0.032412542442373536,33,-1.6666666666666667,0.0004702482296691583,-0.4394895020581437,33,-0.2692307692307692,0.39968992936058,-0.1061643630657562,33,-0.11764705882352941,0.0004152080392784569,-0.41641129825453344,38,-0.08333333333333333,0.020892997465798032,-0.27218561413821457,38,-11.970000000000002,0.000856562596555234,-0.37857490529570714,38,-10.530495201625,0.016339892332924627,-0.2716927453769559,38,Dubicko,49.8269,16.9662,282.0
0-203-0-11711,37,-0.060332978118783756,0.013803290672672063,-0.2844256865015422,37,-0.03356413455325516,0.1359634757639785,-0.17117117117117117,37,-0.22223325271753253,0.013101505207780284,-0.2902744550580696,36,-0.0965440114582761,0.16473206019961362,-0.16190476190476194,36,-0.20407066052227335,0.19059899819484794,-0.1653225806451613,32,0.013869011399559782,0.8899902211874436,0.01893939393939394,33,-0.8100574712643678,0.022668475877052334,-0.263245050272704,37,-0.3485311296296296,0.1999372522493834,-0.14714714714714713,37,-0.98,0.14094066848146464,-0.18548387096774197,32,-0.75,0.1776018633658658,-0.16492898404304535,33,0.5,0.09793487134551188,0.20647942500509034,32,0.25,0.5249032723484647,0.07817142589043029,33,-1.25,0.02315298971558073,-0.2828288599717346,32,-0.5,0.23267374840814403,-0.1462494064565354,33,-1.4,0.005078192858518887,-0.3569970949938145,32,-0.44455645161290325,0.2744548387402448,-0.13790219144871727,33,-0.125,0.017241811868686344,-0.28190068798213175,37,-0.1,0.05127524101248649,-0.2314410629449383,37,-19.237500000000004,0.011912275009337796,-0.2904772968526389,37,-9.664671802716732,0.15779715079860757,-0.16216216216216217,37,Třebařov,49.8158,16.6969,375.0
0-203-0-11726,37,-0.02429208863032392,0.04884665338509855,-0.2316879003053077,37,-0.014532496589358063,0.04978202605027712,-0.22522522522522523,37,-0.04431911764705883,0.07763581857130772,-0.2084941727376685,37,-0.03208487751534528,0.09146786607734012,-0.19413142011339526,37,-0.038194444444444496,0.804356087967467,-0.03703703703703704,27,0.07858204603174604,0.6061655660716706,0.07971014492753624,24,-0.17105263157894737,0.255494538816467,-0.13383370220891191,37,-0.13965983749999994,0.29541770152393154,-0.12012012012012013,37,-1.2222222222222223,0.04307009036231964,-0.27714398834511816,27,-1.2307692307692308,0.07812766722608862,-0.2577136730674228,24,-0.2727272727272727,0.4910456211070765,-0.09455742659260487,27,-0.5,0.35859511242523767,-0.1343014915985161,24,-1.2307692307692308,0.06651652965727742,-0.2510701556064023,27,-1.6092436974789917,0.03494258323097699,-0.3085304536722668,24,-0.9333333333333333,0.12533911911284765,-0.2154742737245301,27,-0.9041666666666667,0.032762645078859814,-0.32774514457943754,24,-0.04,0.1039205670911043,-0.1976626901328095,37,-0.043478260869565216,0.032951806983077404,-0.2624946900145129,37,-4.51424148606811,0.11870946907938147,-0.18363228907734427,37,-3.61883841375,0.10485019084649277,-0.18618618618618618,37,Mikulov,48.801911,16.6401,224.0
0-203-0-11731,37,-0.071896100251515,0.15394918273266564,-0.16378667282320392,37,-0.31793819872421236,0.03878476113494731,-0.23723723723723725,37,-0.07273646723646723,0.573728853855425,-0.06471047337113175,37,-0.4408284347579657,0.346356781633398,-0.10810810810810811,37,-0.31200000000000006,0.10854623090377957,-0.1899159663865546,35,-0.3853614256426903,0.4326102057526222,-0.0900900900900901,37,-0.2899159663865546,0.44028028439455835,-0.08865517152815626,37,-0.6768540476190477,0.37380752860253785,-0.1021021021021021,37,-0.5555555555555556,0.4514621230823904,-0.08937656229260688,35,-0.2111111111111111,0.6283554814893983,-0.05568110499376453,37,0.5,0.17703103682996735,0.1604750335049734,35,0.16620689655172416,0.5646175497322632,0.06656771386206307,37,-0.7586206896551724,0.13211662194983537,-0.17860208685263784,35,-0.7225274725274725,0.02524888700261337,-0.25772601938333495,37,-1.5217391304347827,0.044116183673817096,-0.244486411335356,35,-0.9545454545454546,0.0366830891089004,-0.24605162597850436,37,-0.0,0.6262606658754437,-0.057626107488060074,37,-0.03774928774928775,0.42919530044034926,-0.09367501681349609,37,-8.938461538461539,0.39521390363304465,-0.09767095168356196,37,-32.664539543729546,0.3076560308652103,-0.11711711711711711,37,Jeseník,50.231111,17.183333,502.0
0-203-0-11742,36,-0.015002883506343715,0.013033802040247447,-0.2912093188473071,36,-0.026339656606645744,0.016517415141384283,-0.27936507936507937,36,-0.03065856777493606,0.033324457330852215,-0.24960798758340605,36,-0.055247836961804866,0.04523558157322446,-0.23351873926908973,36,-0.008225806451612902,0.8806720514927974,-0.019753146633673953,29,-0.05908445740740746,0.7239201974279224,-0.04926108374384236,29,-0.2748251748251748,0.0716903530918899,-0.21154824117654905,36,-0.2585573136363636,0.11410143462500504,-0.18412698412698414,36,-0.4097222222222222,0.6155613796360289,-0.0689655172413793,29,0.0625,0.9259671242745192,0.014778325123152707,29,0.28877314814814814,0.4524767048155942,0.09925833339709303,29,0.04640151515151515,0.9103152664133524,0.014851667137512651,29,-0.5611111111111111,0.40197405871901914,-0.11330049261083742,29,-0.2857142857142857,0.7803827254931988,-0.039408866995073885,29,-0.4375,0.2779030620774877,-0.14847677517496094,29,-0.0,0.5299342821814608,-0.08572440725718151,29,-0.05,0.030590384881188266,-0.26696521681669355,36,-0.045454545454545456,0.09142182080580996,-0.20725652451796772,36,-3.710000000000001,0.030061418860658523,-0.25461355756755666,36,-5.8886458836666655,0.04381123566827405,-0.23492063492063495,36,Olomouc  Holice,49.5758,17.2844,210.0
0-203-0-11748,37,-0.0049807692307692305,0.32648236353416005,-0.11286710471709027,37,-0.010277900391927774,0.20927097296806296,-0.14414414414414414,37,-0.01063258636788049,0.5471242237181322,-0.06938230908455566,37,-0.018263529304988896,0.3880241283878948,-0.0990990990990991,37,0.034310850439882676,0.8671606644411562,0.02463054187192118,29,-0.02694421481481493,0.859648144390884,-0.02528735632183908,30,-0.01987179487179486,0.906252260537727,-0.013564527335964997,37,-0.13140514999999997,0.4025653652545814,-0.09609609609609611,37,-0.27391304347826084,0.7783879402753074,-0.0369913968015396,29,0.16666666666666666,0.7615895311490861,0.03917061089283825,30,0.2,0.7355410550652198,0.04444457992576639,29,0.9,0.07725761702869259,0.22811120461123452,30,-0.4444444444444444,0.5481935149076006,-0.07901258653469581,29,0.1,0.900549836532253,0.01616645420841154,30,-0.0,0.6477916648293116,-0.06243060349107683,29,-0.0,0.480148909827134,-0.09480804208263262,30,-0.0,0.39535825378796585,-0.10279721931660926,37,-0.03128054740957967,0.30162541001907794,-0.12422146155979889,37,-1.827777777777779,0.255028767025267,-0.1309258414718247,37,-4.2027556959500005,0.1999372522493834,-0.14714714714714713,37,Přerov,49.464444,17.458889,210.0
0-203-0-11762,37,-0.01783439098780016,0.27124697640259976,-0.1270838173730295,37,-0.01602927044146188,0.26068066850124505,-0.12912912912912913,37,-0.06304824561403509,0.32545891085422285,-0.11390260443196171,37,-0.04655040193040293,0.32022531621448047,-0.11411411411411412,37,0.0035185185185184764,0.9430747894053407,0.00922727553930444,30,0.04115809791666658,0.7502215453736768,0.043678160919540236,30,-0.16319444444444448,0.4792488044814468,-0.08194696004926925,37,-0.08789216549857548,0.7338181886126929,-0.039039039039039033,37,-0.8064516129032258,0.19854279368666194,-0.16647676965752747,30,-0.55,0.31731050786291415,-0.1294819319558547,30,0.3333333333333333,0.4217678550995223,0.10392720562550276,30,0.5,0.3440582254672683,0.12240315329225879,30,-0.6923076923076923,0.24128392444832675,-0.15402298850574714,30,-0.6923076923076923,0.13853273690172146,-0.19124474730032792,30,-0.5833333333333334,0.3504863000837971,-0.12313082427995416,30,-0.7777777777777778,0.267263875012118,-0.1450515639776766,30,-0.054804804804804805,0.1539165034193424,-0.1702817761844146,37,-0.05555555555555555,0.20532534031150096,-0.15086285728094284,37,-3.742105263157895,0.3731253354909715,-0.10287737596864295,37,-4.757550487500001,0.32022531621448047,-0.11411411411411412,37,Krnov,50.078,17.6922,360.0
0-203-0-11765,39,-0.03225757575757575,0.016004821443643843,-0.26964992440873803,39,-0.035024028678264804,0.05442949134558268,-0.21457489878542513,39,-0.06930438842203548,0.08346055006160626,-0.19376853864547508,39,-0.06381231449220712,0.2217892729813533,-0.13630229419703105,39,0.005833333333333357,0.940913137581158,0.008912655971479503,34,-0.01499386071428572,0.917350998890077,-0.012477718360071303,34,-0.274074074074074,0.14287955541802017,-0.1644059677352396,39,-0.21200410000000006,0.36426644525529894,-0.10121457489878544,39,-0.375,0.5333049070771765,-0.07520218582678194,34,0.2,0.8355329834721041,0.02502243130168021,34,0.45454545454545453,0.35787665433764937,0.11081362433601237,34,1.0,0.012726661686563721,0.30026917562016253,34,-0.75,0.15035260458402985,-0.17321456188568235,34,-0.1,0.8239904201298606,-0.026785756992631294,34,-1.0769230769230769,0.039229700333123445,-0.2555029883318059,34,-1.1666666666666667,0.01902577620215314,-0.29096084067410116,34,-0.07142857142857142,0.04113051329220579,-0.23790115170381065,39,-0.08333333333333333,0.05328719801224985,-0.22457414335523607,39,-7.831250000000004,0.05276123584922816,-0.21695159567665506,39,-7.528438563333334,0.14327003755601345,-0.16329284750337383,39,Bělotín,49.5869,17.8042,306.0
0-203-0-11767,38,-0.06120202020202018,0.035772134792700507,-0.23755334281650073,38,-0.03695683134661182,0.05441710703788968,-0.21763869132290187,38,-0.10249999999999986,0.1868183244302798,-0.14935988620199148,38,-0.07140038579468151,0.2631830057197957,-0.12660028449502136,38,-0.026111111111111196,0.7536021943195694,-0.036036036036036036,37,0.07643330909090898,0.5433186857519277,0.07308377896613191,34,-0.07142857142857142,0.7247656543775284,-0.03991456024420048,38,-0.140193,0.4283431834865046,-0.08961593172119488,38,-0.9023809523809524,0.0399842660028447,-0.23626847254110897,37,-0.5,0.38959415948408216,-0.10385063757031793,34,0.7247474747474747,0.04120415034720911,0.23529652646066698,37,0.4,0.38959415948408216,0.10385063757031793,34,-0.9045454545454545,0.07313937480452191,-0.20586031354843062,37,-0.8888888888888888,0.16790205757526844,-0.16607169335431402,34,-1.4791666666666665,0.05383577480904658,-0.2249837780456427,37,-0.7777777777777778,0.34870555819092564,-0.11478152115242293,34,-0.07692307692307693,0.20897471699836523,-0.14747843397499139,38,-0.07407407407407407,0.13169362785340488,-0.1764481700141795,38,-5.162500000000001,0.29091181084344864,-0.11957298402325177,38,-5.27601910738,0.30852387030486816,-0.11522048364153628,38,Vítkov,49.778037,17.757308,490.0
0-203-0-11769,37,-0.0818175577669084,0.005325173406545531,-0.32054257739653635,37,-0.10117732896167794,0.005558944917652562,-0.3183183183183183,37,-0.19626831501831501,0.011970640309691884,-0.28959572487466706,37,-0.23455951497457378,0.026188179371314343,-0.2552552552552552,37,-0.1137499999999999,0.44073314761325433,-0.09277434556661929,34,-0.02283078194444421,0.8240284714799639,-0.026737967914438505,34,-0.5066666666666667,0.038629229899407765,-0.23867505183834295,37,-0.5360976342105264,0.06709407055702195,-0.21021021021021022,37,-0.75,0.12661455781834355,-0.18425878219393732,34,-0.75,0.18684979530226864,-0.15921389917728562,34,0.7142857142857143,0.0364719887294015,0.252691824107558,34,0.42857142857142855,0.19704715197632905,0.1553573905572615,34,-1.0333333333333334,0.042169655426924295,-0.24508206952009137,34,-0.6923076923076923,0.16771505071797033,-0.16666907547519783,34,-1.5555555555555556,0.012829211301164054,-0.3071352991567078,34,-1.0,0.0873908166395972,-0.20874581490293045,34,-0.13574938574938575,0.0044471589871025,-0.33777884862234236,37,-0.15789473684210525,0.0044311062677139705,-0.3372300605285859,37,-15.988357256778308,0.017883557841129015,-0.27238594605057787,37,-16.59636443007735,0.019909934585841373,-0.2672672672672673,37,Valašské Meziříčí,49.4636,17.9742,334.0
0-203-0-11781,39,-0.008517864783910995,0.33894114508840845,-0.10704695491603168,39,-0.004516686988,0.5058407321085243,-0.07422402159244265,39,-0.02745098039215686,0.38277970560478847,-0.09816464087254854,39,-0.010511140493055555,0.6544532476097242,-0.04993252361673414,39,0.05104166666666668,0.7236547407471661,0.045454545454545456,33,0.1360393076923077,0.37554633823535133,0.11724137931034484,30,-0.11764705882352941,0.6027181394186537,-0.058266064068219776,39,0.009996250000000076,0.951769869819974,0.006747638326585695,39,0.5,0.4292359568200652,0.09686648999069226,33,-0.0,1.0,0.0,30,0.5,0.20356579091213844,0.1561930263015189,33,0.45454545454545453,0.5090431314941501,0.08525368253147148,30,-0.6363636363636364,0.27786406306202505,-0.13308080990972046,33,-0.4444444444444444,0.44283859311882146,-0.09907860402306144,30,-0.19722222222222224,0.5011228289192593,-0.08479827420895501,33,-0.2692307692307692,0.4054488351284906,-0.11139614702341885,30,-0.0,0.36541762638351916,-0.10549662741766194,39,-0.0,0.390745586777998,-0.10024806284126145,39,-2.6031249999999995,0.3834312681718529,-0.09762821805449477,39,-1.609620629555555,0.4754031324799811,-0.0796221322537112,39,Bohumín  Záblatí,49.882,18.3692,237.0
0-203-0-11784,39,-0.051048752834467116,0.05427647050904669,-0.21544893457783593,39,-0.08739749167074276,0.007508468232245112,-0.29824561403508776,39,-0.08672839506172839,0.15292386678570682,-0.16043956405730606,39,-0.21562028533724337,0.03637067806905364,-0.23346828609986506,39,0.09259259259259259,0.6091388231853947,0.06055510972643133,35,-0.10928329851851852,0.473621825810155,-0.08108108108108109,38,-0.2222222222222222,0.35067443058731207,-0.10534501488168989,39,-0.3742136153846154,0.19553924942719925,-0.14439946018893388,39,-0.1111111111111111,0.7872094041375317,-0.032040654406783595,35,-0.375,0.44300498581608483,-0.08701889910307951,38,0.7916666666666666,0.04505354338031953,0.238584144843314,35,1.0,0.016283439694982818,0.2728596487225663,38,-0.7407407407407407,0.11167242227295038,-0.18839367470445298,35,-0.5806451612903226,0.24217932815547172,-0.13266815764895729,38,-1.4736842105263157,0.023538247664309196,-0.2727850639629709,35,-1.4,0.024671031936419327,-0.2597491341563076,38,-0.08333333333333333,0.032679396718456814,-0.24781147495200087,39,-0.11764705882352941,0.013445239587193281,-0.2845172257726402,39,-6.800000000000011,0.20804279226958422,-0.1410185371898258,39,-15.048736655694741,0.05753700343783177,-0.21187584345479082,39,Lučina,49.7308,18.4425,300.0
0-203-0-11785,37,-0.1004669540229885,0.008561621981104538,-0.30202863520609163,37,-0.2500232234649763,0.0005547495209601937,-0.3963963963963964,37,-0.3030636862116642,0.03195792325184575,-0.24624624624624625,37,-0.7237430773748121,0.0022099860851205856,-0.3513513513513513,37,-0.25060515873015893,0.09411157818871194,-0.19219219219219222,37,-0.5823597846741853,0.008243411792411039,-0.3033033033033033,37,-0.6966666666666665,0.022862454536151707,-0.26126126126126126,37,-0.999918417892157,0.01203401917256511,-0.2882882882882883,37,-0.5,0.2548660575973768,-0.13132258735540916,37,-1.0151515151515151,0.0399842660028447,-0.23626847254110897,37,0.7142857142857143,0.06498916173046587,0.21283315881738724,37,0.4117647058823529,0.22863788735524238,0.13876461816911131,37,-1.2,0.03300355908146414,-0.24492869422185543,37,-1.2,0.012464713825103294,-0.2874348933461899,37,-1.6848275862068967,0.013094362096867491,-0.2906282500727868,37,-1.5555555555555556,0.0026413663518034545,-0.3526927340852443,37,-0.125,0.01426090823619336,-0.2913400017912105,37,-0.17647058823529413,0.0029457693845761157,-0.35170251975830347,37,-21.391481481481485,0.019909934585841373,-0.2672672672672673,37,-57.1873027263572,0.0022099860851205856,-0.3513513513513513,37,Frenštát pod Radhoštěm,49.541055,18.240568,436.0
0-203-0-11788,38,-0.14698581560283688,0.00567419835016754,-0.3131673391085166,38,-0.26634975980000003,0.001033418140448291,-0.3712660028449502,38,-0.28740740740740733,0.022121947389799123,-0.25907479871704553,38,-0.4711039457904763,0.014225371530029283,-0.2773826458036984,38,-0.2837142007857734,0.2640313893022256,-0.13015873015873017,36,-0.3495327115476188,0.1021523755623727,-0.19047619047619052,36,-0.88,0.0442553948878911,-0.22775806480619387,38,-0.8444053000000001,0.057648988271815936,-0.21479374110953062,38,-0.6643356643356644,0.14112819148522654,-0.17197539441676374,36,-0.6363636363636364,0.17301015139516296,-0.1592364763118183,36,0.6742424242424242,0.05643864725831706,0.22293106683654565,36,0.5,0.10187664574262005,0.19169720420053188,36,-0.8709150326797386,0.08357041074924541,-0.2020689923614777,36,-1.0,0.02633496478849939,-0.2597630177620082,36,-1.0,0.06274732410295744,-0.22194507059244525,36,-1.3212250712250713,0.025050263486389012,-0.26542221018006473,36,-0.15384615384615385,0.012823810700035344,-0.2889933397181611,38,-0.16666666666666666,0.01152639825293003,-0.293172572904874,38,-26.7,0.02362818744040396,-0.2562278229069681,38,-42.90277118235297,0.017497194374994824,-0.26884779516358465,38,Vsetín,49.3442,17.9961,387.0
0-203-0-11789,39,-0.154724111866969,0.03637067806905364,-0.23346828609986506,39,-0.5600501257332892,0.002209613029404069,-0.34143049932523617,39,-0.23534313725490197,0.1500010302831153,-0.16059379217273956,39,-1.034632959375,0.007508468232245112,-0.29824561403508776,39,-0.17098214285714297,0.3153591310736501,-0.11201079622132254,39,-0.876694819444444,0.01716828148067633,-0.2658569500674764,39,-0.7777777777777778,0.10240238100000928,-0.18243259900719713,39,-1.60882975,0.01406241309059956,-0.2739541160593792,39,-0.8125,0.11018288636199582,-0.17874171476878636,39,-0.9629629629629629,0.03845428650442591,-0.23202512701329736,39,0.45454545454545453,0.12726229216083806,0.17084938159536586,39,0.4117647058823529,0.1332794658474734,0.16859750799242332,39,-0.8235294117647058,0.04327302011253936,-0.22628913254401634,39,-1.2,0.04327302011253936,-0.22628913254401634,39,-1.0769230769230769,0.012718580767432519,-0.2848434053513939,39,-1.4411764705882353,0.011978737666626422,-0.2859904522871307,39,-0.13333333333333333,0.10870502229590394,-0.18328030850696517,39,-0.21739130434782608,0.008195746299267026,-0.3001286071867698,39,-25.200000000000017,0.19553924942719925,-0.14439946018893388,39,-97.4964059382353,0.01955928649840339,-0.26045883940620784,39,Huslenky  Kychová,49.3,18.1261,450.0
0-203-0-11790,39,-0.0010154738878143136,0.8940747076396167,-0.014905272203498082,39,-0.0029540345041322302,0.6544532476097242,-0.04993252361673414,39,-0.022979797979797965,0.5693580018625147,-0.06377298812646186,39,-0.010765740052083332,0.6370852349600609,-0.05263157894736842,39,-0.012499999999999956,0.8757303051756065,-0.018612947470045774,35,-0.009385928571428614,0.9731187568658406,-0.006451612903225807,31,-0.04583333333333339,0.6983391872178506,-0.04356875848644853,39,-0.04560595000000003,0.8182156518503111,-0.02564102564102564,39,-0.55,0.32012526276467324,-0.11774604669028312,35,-0.2,0.7337994968661201,-0.043150172025245896,31,0.9,0.06272462600906045,0.22091188038361323,35,0.9375,0.07980611375757564,0.22246427856001882,31,-0.5555555555555556,0.29302579401224293,-0.12489562655719752,35,-0.34782608695652173,0.6100751603899945,-0.0645856133055278,31,-0.5833333333333334,0.267010155257552,-0.13673151875866277,35,-0.9032258064516129,0.09875397100912983,-0.21620305597296982,31,-0.0,0.5643096241156493,-0.06736061896497716,39,-0.0,0.43279062286069536,-0.0919352361224211,39,-0.0,0.9517322304915699,-0.0067843604389853035,39,-0.9048632335555555,0.6544532476097242,-0.04993252361673414,39,Ostrava  Poruba,49.825331,18.15942,240.0
0-203-0-11792,39,-0.07140329816136981,0.03745090408487976,-0.23227554248378832,39,-0.5374094777094864,0.00047229549139935455,-0.3900134952766532,39,-0.1409722222222223,0.19136292493245055,-0.14584743365261127,39,-1.069867547544643,0.004144369728856089,-0.31983805668016196,39,-0.021181438127090245,0.8487665010168555,-0.022222222222222227,36,-0.9471290260416667,0.016071946414393776,-0.26855600539811064,39,-0.1884615384615384,0.6112573936498695,-0.05687236379006839,39,-1.9187692105263157,0.011463388197281892,-0.28205128205128205,39,0.08391608391608392,0.9024062923861149,0.014319849852388185,36,-1.2758620689655173,0.009279295452302943,-0.29093475964224913,39,0.272203947368421,0.3197500932628725,0.11652216950057462,36,0.2857142857142857,0.18688599626943503,0.14830426122666723,39,-0.6666666666666666,0.11396716345221565,-0.18471431252170922,36,-1.3333333333333333,0.00047018599476864693,-0.3910704443563256,39,-0.7,0.21775123061066892,-0.14737077972972362,36,-1.75,0.0006595461783541151,-0.38989198504360273,39,-0.1,0.10703273315951566,-0.18678193874588186,39,-0.2,0.006036870008844664,-0.3133507792782251,39,-14.699999999999969,0.19136292493245055,-0.14584743365261127,39,-96.74520901333334,0.00560246661366465,-0.30904183535762486,39,Jablunkov  Návsí,49.5875,18.7503,380.0
0-203-0-11793,37,-0.5968441191219662,0.011171023676331328,-0.29129129129129133,37,-0.6167591090189737,0.009608235418106454,-0.2972972972972973,37,-1.091627476059294,0.07528439237325513,-0.2042042042042042,37,-1.0822465016498843,0.04978202605027712,-0.22522522522522523,37,-0.842260827407886,0.07528439237325513,-0.2042042042042042,37,-0.875655944985569,0.09411157818871194,-0.19219219219219222,37,-1.944927536231884,0.06687595264900797,-0.2114842231478988,37,-1.5317186199677941,0.07528439237325513,-0.2042042042042042,37,-0.3426724137931034,0.4637609180129866,-0.0843377319727249,37,-0.5,0.24429467379466263,-0.13393563093094712,37,0.2,0.4798012298241462,0.08144879762100012,37,0.38461538461538464,0.24948615477600167,0.13273137390088907,37,-1.2222222222222223,0.014936244686094254,-0.28054585847233376,37,-0.9246411483253589,0.027886273986925527,-0.2537810677774786,37,-1.2263427109974425,0.01569639201932884,-0.283610411030681,37,-1.1666666666666667,0.01507815728118708,-0.285377634785279,37,-0.11324786324786325,0.10050376441358473,-0.19343681287618267,37,-0.13484848484848483,0.0569389511655864,-0.22332072682253462,37,-111.46000000000001,0.059651747500364775,-0.21621621621621623,37,-105.11414588150669,0.043994028479721406,-0.2312312312312312,37,Bílá  Salajka,49.4132897,18.4206592,725.0
0-203-0-11794,39,-0.46739710250348543,0.0011376876398307755,-0.36302294197031043,39,-0.7853613782643983,0.0010445193267429682,-0.36572199730094473,39,-1.0123809523809524,0.008067896733166042,-0.29554655870445345,39,-1.4848589913690475,0.008067896733166042,-0.29554655870445345,39,-0.5392857142857146,0.032262230741344065,-0.2388663967611336,39,-1.0423809127136752,0.020860341752234175,-0.25775978407557354,39,-1.536842105263158,0.01716828148067633,-0.2658569500674764,39,-2.188146551724138,0.020860341752234175,-0.25775978407557354,39,-1.25,0.0009155436555851864,-0.370521384278682,39,-0.8125,0.04201055793280912,-0.2277991754604878,39,0.5,0.05587549260896158,0.21394841616263824,39,0.2962962962962963,0.15330525708614073,0.1597842601720969,39,-1.631578947368421,0.0007031085616757548,-0.37914909193378926,39,-1.2666666666666666,0.0036856129052531246,-0.32454427820030535,39,-2.1,0.00023809334044554712,-0.4193231300689658,39,-1.75,0.0011833558508802106,-0.36940910787727727,39,-0.30434782608695654,0.00010234986934985802,-0.4417985086160435,39,-0.29411764705882354,5.8300963656723857e-05,-0.45795660939093175,39,-122.39230769230765,0.002209613029404069,-0.34143049932523617,39,-200.1604875896168,0.002209613029404069,-0.34143049932523617,39,Horní Bečva,49.4311,18.2983,565.0
0-203-0-11798,39,-0.0,0.9613272371237751,-0.005453591159586031,39,-0.02672109038469064,0.24063678561206192,-0.1309041835357625,39,-0.0,1.0,0.0,39,-0.11666743660982141,0.17164204508100767,-0.1524966261808367,39,-0.19111111111111112,0.06434078660876581,-0.23077112206451275,32,-0.15559950012254894,0.3856892363856862,-0.09815078236130868,38,-0.0,0.874731009787151,-0.01778552199301258,39,-0.2725895999999999,0.3771975360539871,-0.09851551956815116,39,-1.0,0.10835303275681928,-0.19979828537479916,32,-1.1428571428571428,0.041669131786576795,-0.2306050406162713,38,0.5,0.30663473731906477,0.12766121255695378,32,0.42857142857142855,0.37171563215309766,0.10157533981586432,38,-1.7692307692307692,0.002174425129925587,-0.3814330902609802,32,-0.8888888888888888,0.12800844306687817,-0.17285873034256816,38,-2.2336363636363634,0.00363423568654873,-0.37184177224847165,32,-0.0,0.4776455761511119,-0.08309867623246751,38,-0.0,0.8070248261854837,-0.028384646525864858,39,-0.04,0.21034168850276735,-0.14674633715791022,39,-0.0,0.9903275468801991,0.001364337740225253,39,-8.366913742000005,0.30383969072789097,-0.11470985155195683,39,Mořkov,49.5414,18.057778,345.0
0-203-0-20101025001,38,-0.07352243222870544,0.026065993452231245,-0.25177809388335703,38,-0.14081348225615387,0.006872511421583144,-0.30583214793741115,38,-0.16859491315136477,0.0896575048881351,-0.19203413940256048,38,-0.27291537723076936,0.016339892332924627,-0.2716927453769559,38,-0.29547619047619045,0.04523558157322446,-0.23351873926908973,36,-0.26143922983193274,0.11034778241543665,-0.18065433854907542,38,-0.6433333333333332,0.06103886589352509,-0.21194879089615934,38,-0.5959793448275863,0.045615618881687095,-0.22617354196301567,38,-0.9534632034632035,0.0909409205371207,-0.19808711100721627,36,-0.5,0.4065712940338708,-0.09408432057561542,38,0.44727272727272727,0.21987250143197923,0.1437729031503989,36,0.5,0.09936052779648852,0.18741365515321443,38,-1.25,0.0088792532605525,-0.30622360094038115,36,-1.2571428571428571,0.0008992234935364522,-0.3768760617942284,38,-1.6524767801857585,0.009870307249820425,-0.30512857662936466,36,-1.8421052631578947,0.0017482050965335946,-0.36135712058764363,38,-0.0625,0.17101354754880593,-0.1605103934464017,38,-0.0967741935483871,0.06554080340161914,-0.21668089639002627,38,-16.05882352941176,0.08500596261491014,-0.19487908961593176,38,-25.882439276296303,0.05441710703788968,-0.21763869132290187,38,Budišov nad Budišovkou,49.797195,17.618216,530.0
0-203-0-20101047201,37,-0.04978007168034124,0.011127535520186957,-0.29631284495785254,37,-0.028997934622062585,0.059651747500364775,-0.21621621621621623,37,-0.12577677224736047,0.014429868163130487,-0.28534186158308794,37,-0.06642964124679487,0.11653945581552881,-0.1801801801801802,37,-0.057272727272727225,0.6809893725769562,-0.0582010582010582,28,-0.021868557692307684,0.8397559694413963,-0.027956989247311832,31,-0.5,0.06951524370188378,-0.21170525214229102,37,-0.2756439819004525,0.1821888204763371,-0.15315315315315314,37,-0.4807692307692308,0.4928012558586096,-0.09523809523809523,28,-0.20588235294117646,0.7856358911578543,-0.034445660429614826,31,0.45141065830721006,0.45262801494869853,0.1007961105625448,28,1.0,0.0923496242094876,0.2133625644759128,31,-0.8304924242424243,0.16651268702205413,-0.1856770457731088,28,-0.5517241379310345,0.48576869454359006,-0.08836227417689317,31,-1.0553030303030302,0.16363184915136542,-0.19190257769659927,28,-0.7368421052631579,0.21070364731165836,-0.1630638712616012,31,-0.07019704433497537,0.03650171161590034,-0.2503625581182168,37,-0.0754985754985755,0.07460889087551363,-0.2130286414959735,37,-10.83894736842105,0.022870343639390937,-0.26560685066170203,37,-6.495045181423077,0.11057287652463099,-0.1831831831831832,37,Odry,49.670833,17.82,305.0
0-203-0-20101069001,36,-0.03236202573272495,0.07637106529849566,-0.20733889647004972,36,-0.12689780664909167,0.0022801959470742177,-0.3555555555555556,36,-0.07178671468587436,0.1439382173389616,-0.17190002706723714,36,-0.2517352652382602,0.006998050055762279,-0.31428571428571433,36,-0.039264705882352965,0.7360557234059398,-0.04516129032258065,31,-0.15441199649122797,0.19714561127247732,-0.15508021390374335,34,-0.2778401122019636,0.293743047092646,-0.12310470460085966,36,-0.5803343972222222,0.033598339529021026,-0.24761904761904766,36,-0.7692307692307693,0.1268163608618809,-0.19569892473118283,31,-0.8235294117647058,0.09092394468562903,-0.20375408345653884,34,0.5,0.18474188495129618,0.168285670898459,31,0.5,0.16768387413002228,0.16666907547519783,34,-0.7857142857142857,0.16334552693917037,-0.17653400970177596,31,-0.6666666666666666,0.23548544878916866,-0.14298532172388692,34,-1.0606060606060606,0.07852792036694625,-0.22745288696808258,31,-0.9130434782608695,0.12196827566472206,-0.18930442722336202,34,-0.06559139784946236,0.13375746150674667,-0.18237474336420814,36,-0.21052631578947367,0.0016448665810673351,-0.3759796496038748,36,-7.634375,0.1337428338111269,-0.1754406047054267,36,-25.20331674153333,0.008917217340543869,-0.3047619047619048,36,Nový Jičín,49.6,18.031111,291.0
0-203-0-20101096001,38,-0.025061538461538448,0.11898705463995145,-0.17651250022480028,38,-0.02861326411190735,0.045615618881687095,-0.22617354196301567,38,-0.03795206971677561,0.32664558849757197,-0.11119056068027276,38,-0.04317284804901961,0.1785626544271428,-0.15220483641536275,38,-0.04678571428571425,0.6629320593594055,-0.050793650793650794,36,-0.010002087009803977,0.917350998890077,-0.012477718360071303,34,-0.125,0.5461132399142077,-0.06842496041862939,38,-0.13028342424242426,0.48927979988214654,-0.07823613086770982,38,-0.6363636363636364,0.24679466686854,-0.13524302638366617,36,-0.4444444444444444,0.44942191559026423,-0.0912349309892311,34,-0.16025641025641024,0.838034489195344,-0.023904572186687876,36,0.8571428571428571,0.04685952204019977,0.23993078335211382,34,-0.7407407407407407,0.12040638911803868,-0.18124029263954844,36,-0.05555555555555555,0.940900171905639,-0.00892858566421043,34,-0.0,0.923368301667928,0.011570168908343722,36,-0.7,0.2565685273282452,-0.14017369390265463,34,-0.0,0.4758428662656069,-0.0844156945131509,38,-0.045454545454545456,0.24827336713975223,-0.13598594187236132,38,-3.2529411764705887,0.36533365502057247,-0.10249112916278724,38,-4.4319468488750005,0.1868183244302798,-0.14935988620199148,38,Fulnek  Kostelec,49.7235,17.93251,340.0
0-203-0-20101115001,38,-0.09175210084033614,0.029634648454983762,-0.24608819345661453,38,-0.05339580293384911,0.03804549139290734,-0.23470839260312945,38,-0.15999999999999998,0.14131468477190773,-0.1664295874822191,38,-0.10381394787500006,0.13463888856570216,-0.16927453769559037,38,-0.10965909090909087,0.42156602986246094,-0.09372520827807003,36,-0.024144567000000006,0.831310207979425,-0.025210084033613446,35,-0.3360000000000001,0.22266404884545676,-0.13798008534850642,38,-0.1957412666666666,0.28524458155149335,-0.12091038406827881,38,-1.0,0.043641799224051356,-0.23642655184732264,36,-0.5,0.4345707927772048,-0.09274926275647884,35,0.5,0.05633177318409389,0.22364673823395387,36,0.6818181818181818,0.08035014298770657,0.20848206283417778,35,-0.6923076923076923,0.181764043739702,-0.15605174678558192,36,-0.44,0.44301645419664837,-0.09098596877398532,35,-1.1171477079796266,0.1099215980407712,-0.18951251699244637,36,-0.7368421052631579,0.285528106742986,-0.1284474448764815,35,-0.1,0.07584320925600042,-0.20839287158358152,38,-0.1,0.04317374544985381,-0.23524985983397112,38,-16.216666666666665,0.11606931716920055,-0.17780938833570414,38,-10.187551433499998,0.14131468477190773,-0.1664295874822191,38,Skřipov,49.8178,17.9139,485.0
0-203-0-20101117001,37,-0.008950237403009313,0.446338450318299,-0.08856210800157004,37,-0.056796044397218595,0.034109169242209844,-0.24324324324324323,37,-0.008383413461538463,0.7034006698860227,-0.04424671428720539,37,-0.10941294007390229,0.059651747500364775,-0.21621621621621623,37,0.0833585858585858,0.46786670864704466,0.09852216748768472,29,0.0699185680440772,0.7874429024058983,0.03655913978494624,31,-0.0,0.8644802317721383,-0.019834733990816207,37,-0.2272548169642857,0.33312567816369987,-0.1111111111111111,37,0.2071078431372549,0.7639175030427754,0.039604445700033734,29,-0.15384615384615385,0.7987077023891436,-0.03232766128422921,31,0.175,0.7639981766091808,0.039506293267347906,29,1.0,0.07140035046803155,0.22919253753413762,31,-0.23636363636363636,0.7074423391444483,-0.049382866584184885,29,-0.5,0.42425419423758826,-0.10129333869058485,31,-0.0,0.6630749403483701,0.05894530040695086,29,-0.875,0.15145422988311838,-0.18528560287933854,31,-0.0,0.7907944987114265,-0.03201430462595774,37,-0.1111111111111111,0.02661650968507725,-0.2661862488530715,37,-1.1940191387559782,0.478315794816241,-0.08245437641525487,37,-9.08427601587763,0.07528439237325513,-0.2042042042042042,37,Bílovec,49.7617,17.9917,290.0
0-203-0-20101139001,36,-0.0,0.7714183952267266,-0.03489113503954588,36,-0.01597526425003854,0.1731696689763711,-0.15873015873015875,36,-0.0,0.6680229515402059,-0.05150596124885344,36,-0.035452942464985995,0.18192622259449343,-0.15555555555555559,36,0.05777777777777782,0.754031467320971,0.05138339920948617,23,0.03719532352941169,0.6944365083392359,0.05846153846153847,26,-0.0,0.944853151135727,-0.00830741310465378,36,-0.12989213333333338,0.47876736206145687,-0.08253968253968255,36,-0.55,0.315403901941801,-0.1504953445652232,23,-0.20588235294117646,0.7242754882522218,-0.04930668410890925,26,0.20833333333333334,0.5257446672224013,0.0954291326985053,23,0.7142857142857143,0.10262373744281438,0.2287505270620189,26,-0.6470588235294118,0.20739075829593537,-0.19367588932806323,23,-0.06666666666666667,0.9652027004982784,-0.009230769230769232,26,-0.0,0.7907705274428138,-0.04041402040676246,23,-0.4666666666666667,0.4495049978843151,-0.10852599220089627,26,-0.0,0.6335178701765936,-0.05906303642475753,36,-0.05131578947368421,0.10659094053929963,-0.19924919555853973,36,-0.0,0.7926650423583974,-0.03156816979768437,36,-4.59033295608125,0.18192622259449343,-0.15555555555555559,36,Příbor,49.6403,18.1342,307.0
0-203-0-20101147002,39,-0.07384135472370766,0.024437334971125924,-0.25118169129060836,39,-0.04276231589953336,0.01716828148067633,-0.2658569500674764,39,-0.0945408163265306,0.16043387584888358,-0.15686306779681425,39,-0.07154085314454771,0.16418287375186902,-0.155195681511471,39,-0.08060200668896317,0.4025653652545814,-0.09609609609609611,37,-0.03327153692307699,0.7109272259469116,-0.044563279857397504,34,-0.26249999999999996,0.3211896552901148,-0.1107360144399456,39,-0.17460277916666667,0.3771975360539871,-0.09851551956815116,39,-0.5909090909090909,0.18186461656490227,-0.15408136257918342,37,-0.08333333333333333,0.9055648041493303,-0.014298532172388691,34,0.8367647058823529,0.06689153044095911,0.2114842231478988,37,1.0833333333333333,0.008633491152616793,0.31778198249998496,34,-1.25,0.010753767182712374,-0.2930128550506859,37,-0.08333333333333333,0.9055648041493303,-0.014298532172388691,34,-1.6470588235294117,0.0230908752191425,-0.2668666530694771,37,-1.0,0.08641192222904685,-0.2119028305820665,34,-0.07142857142857142,0.10471909139669791,-0.18750275352634957,39,-0.09090909090909091,0.0574835317313363,-0.21912273678590868,39,-10.033333333333323,0.13044983389350517,-0.16891907315481214,39,-7.246020934782608,0.11303671633275073,-0.17678812415654524,39,Hukvaldy  Rychaltice,49.6428,18.2208,292.0
0-203-0-20101153101,38,-0.039202127659574475,0.04030343859129481,-0.23285928137056702,38,-0.025412146772922493,0.051337805532491856,-0.22048364153627312,38,-0.06244343891402715,0.1343718280059592,-0.17000156124599683,38,-0.0373305039398148,0.21327199008742925,-0.14082503556187767,38,0.1083333333333333,0.6129743231700835,0.06666666666666668,31,0.13150670833333233,0.3566550991594864,0.12183908045977011,30,-0.14583333333333334,0.4579353222807364,-0.08428648834885555,38,-0.14231900000000008,0.4138291070046193,-0.09246088193456616,38,-0.21212121212121213,0.6583254343793639,-0.05621703750837338,31,0.2608695652173913,0.6683676924418139,0.05536365323582664,30,1.1111111111111112,0.036459259127837,0.2656612258532263,31,1.3793103448275863,0.004785499634295134,0.3653240223040186,30,-0.6,0.1904996893855423,-0.16594866125904328,31,0.17647058823529413,0.8443645308524024,0.025345689401248275,30,-1.1666666666666667,0.025854550896674967,-0.2914036527487137,31,-0.875,0.16519209593209183,-0.18482454632973713,30,-0.07142857142857142,0.07996173366693239,-0.20605876118021316,38,-0.07692307692307693,0.04734186759238442,-0.23403908779176444,38,-7.430769230769231,0.11581945942483458,-0.17857306853571092,38,-5.59996591736842,0.11606931716920055,-0.17780938833570414,38,Klimkovice,49.7844,18.1347,240.0
0-203-0-20201004001,39,-0.3226184719535782,0.01227797740532341,-0.2793522267206478,39,-0.36336719452215055,0.001347478526299452,-0.3576248313090418,39,-0.5565960207612456,0.05442949134558268,-0.21457489878542513,39,-0.7018761623589741,0.005199972868896921,-0.31174089068825916,39,-0.46631944444444456,0.0794225366756039,-0.19568151147098517,39,-0.5481368233333334,0.011463388197281892,-0.28205128205128205,39,-1.626086956521739,0.024388592824857724,-0.2518633253560172,39,-1.1878226666666665,0.018329681012915093,-0.2631578947368421,39,-0.44,0.3577066944946966,-0.10291189638202851,39,-0.5,0.3095286102978755,-0.11343689284091989,39,0.21428571428571427,0.29782056161638026,0.11677067931370719,39,0.36666666666666664,0.14637939087752852,0.16271369675749128,39,-0.5,0.25024114371496964,-0.12872735084839254,39,-1.0333333333333334,0.014001543736675809,-0.27544503382280333,39,-1.12,0.10842653736340054,-0.18328030850696517,39,-1.4,0.02635847701142395,-0.2524752832763086,39,-0.08333333333333333,0.09765680981239051,-0.1904739487226908,39,-0.15384615384615385,0.009295168943546858,-0.297988874283325,39,-50.85500000000006,0.04863355887498223,-0.21997300944669368,39,-67.42798414289003,0.013143439348479297,-0.2766531713900135,39,Vidly,50.1056,17.2717,774.0
0-203-0-20201038001,39,-0.1791724233213595,0.04091686469864341,-0.2280701754385965,39,-0.1492959431177884,0.01406241309059956,-0.2739541160593792,39,-0.39950310559006214,0.10245263659151096,-0.1821862348178138,39,-0.3066863341709183,0.06419523722734863,-0.20647773279352227,39,-0.363227513227513,0.21277251935267716,-0.13900134952766532,39,-0.38937831649999993,0.027800982993955118,-0.24893314366998578,38,-0.9599999999999994,0.12446413014279424,-0.17139001349527666,39,-0.7304483846153845,0.04863355887498223,-0.21997300944669368,39,-0.375,0.5213745051134953,-0.07162168701764035,39,-0.15384615384615385,0.782050787720249,-0.0313614401918718,38,0.07692307692307693,0.7621504207921618,0.03396817515190901,39,0.5,0.08706511171558988,0.19470697548245086,38,-0.15384615384615385,0.6630775661199781,-0.04874774039148719,39,-0.7857142857142857,0.07832576243479117,-0.19957280122100238,38,-0.0,0.8841242622180266,-0.01661444400887253,39,-1.0,0.10101975890443306,-0.1891389846393324,38,-0.041666666666666664,0.4014736114248937,-0.09628826680370721,39,-0.07692307692307693,0.2386801485543898,-0.1345871576338386,39,-33.50000000000001,0.16418287375186902,-0.155195681511471,39,-23.854721027015007,0.10245263659151096,-0.1821862348178138,39,Heřmanovice,50.1985,17.3816,665.0
0-203-0-20201071001,37,-0.029443898157436248,0.23393636077152435,-0.13673933235698676,37,-0.025652627327889577,0.19091126002673264,-0.15015015015015015,37,-0.05413003663003661,0.39510606720915986,-0.09781815742147823,37,-0.04753398921423484,0.4174284796470381,-0.09309309309309309,37,0.04068965517241377,0.6531489622469704,0.054976328014348444,33,0.07903089166666674,0.508223286899977,0.08333333333333333,33,-0.14964285714285716,0.600803936883775,-0.0601504439487568,37,-0.0982455999999999,0.7142093707713956,-0.04204204204204204,37,0.3981900452488688,0.505193972040727,0.08151662429713735,33,-0.26785714285714285,0.7098596533764872,-0.045627706254761306,33,0.6491228070175439,0.22645832783731512,0.14857385428681066,33,0.3431372549019608,0.42007543374787204,0.09904923619120712,33,-0.375,0.4855948694320701,-0.08530809519467862,33,-0.40588235294117647,0.35242905980823236,-0.11385219737999969,33,-0.33638443935926776,0.6409273232416375,-0.05804021800627831,33,-0.28678929765886285,0.697740966274081,-0.048224102778853084,33,-0.0,0.5100436520126068,-0.07831720478258347,37,-0.029437229437229435,0.4365150660807189,-0.09264164344243618,37,-2.72260348583878,0.6284142585877475,-0.055597310958335276,37,-4.234409352962965,0.4025653652545814,-0.09609609609609611,37,Lichnov,50.0127428,17.6374406,379.0
0-203-0-20202005001,39,-0.22087761674718193,0.2709770075414829,-0.12280701754385966,39,-0.3244078500883838,0.003039311098914334,-0.33063427800269907,39,-0.05357142857142863,0.8560119521653429,-0.020242914979757085,39,-0.6995987161111111,0.009976757019508372,-0.2874493927125506,39,-0.04135802469135699,0.8941415020528332,-0.014844804318488529,39,-0.5629110152777774,0.015037636310190797,-0.27125506072874495,39,-0.39473684210526316,0.5613905039960253,-0.06490885564006107,39,-1.1878226666666665,0.018329681012915093,-0.2631578947368421,39,-0.6666666666666666,0.14637939087752852,-0.16271369675749128,39,-0.5,0.3095286102978755,-0.11343689284091989,39,0.21428571428571427,0.3092452107140443,0.11405508212036516,39,0.38461538461538464,0.16760127859661,0.1547890400204956,39,-0.1111111111111111,0.6895184057783026,-0.044776778897303,39,-0.9545454545454546,0.05439417280069247,-0.21486506105292108,39,-0.0,0.7154839682789296,-0.041595236187375005,39,-1.1666666666666667,0.048977261538092794,-0.22493492407673,39,-0.045454545454545456,0.4585681621633617,-0.084758281592366,39,-0.13333333333333333,0.0625733946080804,-0.2141276328062718,39,-15.920000000000007,0.6544532476097242,-0.04993252361673414,39,-61.901877469291186,0.023690288933547344,-0.252361673414305,39,Malá Morávka  Karlov,50.025278,17.259444,775.0
0-203-0-20202070001,37,-0.04200209024496497,0.28350976401572237,-0.12312312312312312,37,-0.034939520226438966,0.14296602407904052,-0.16816816816816815,37,-0.0293039772727273,0.7735493007734082,-0.03303303303303304,37,-0.06098585110804043,0.33312567816369987,-0.1111111111111111,37,-0.05000000000000033,0.7437424174128879,-0.0380952380952381,36,0.07172695681461952,0.5903712985482736,0.06818181818181819,33,-0.0982142857142857,0.8138828720852836,-0.02702702702702703,37,-0.13846886458333335,0.5301439440219473,-0.07207207207207207,37,-1.224747474747475,0.02051234652574093,-0.27113547999929577,36,-0.4722222222222222,0.438137978924624,-0.09523965018385301,33,0.5394736842105263,0.13035215956741944,0.17689383418149027,36,0.36877828054298645,0.49518726548971426,0.08365079480039572,33,-0.8125,0.12033752987072653,-0.18152958299547287,36,-0.7991071428571428,0.16306649188378852,-0.17077829606999956,33,-1.05,0.11262308743429761,-0.18867401410338308,36,-0.7,0.4279753593298179,-0.09857101649657658,33,-0.0,0.7517462560269095,-0.03753098318026026,37,-0.05634920634920634,0.3043517218423988,-0.12177752185754491,37,0.23709677419354866,0.9895639675644933,0.0015026300259009535,37,-4.482263475860071,0.4326102057526222,-0.0900900900900901,37,Melč,49.849444,17.756944,478.0
0-203-0-20301001001,37,-0.6330285375019573,0.008243411792411039,-0.3033033033033033,37,-0.6907951760902059,0.00262849706480447,-0.3453453453453454,37,-1.0982270408163268,0.043994028479721406,-0.2312312312312312,37,-1.2795330285102637,0.011171023676331328,-0.29129129129129133,37,-1.0778289130590917,0.01610558061096164,-0.27627627627627627,37,-1.0723165841012159,0.01856268984790041,-0.2702702702702703,37,-2.2528571428571427,0.019909934585841373,-0.2672672672672673,37,-2.0757077774774775,0.01856268984790041,-0.2702702702702703,37,-0.8475232198142415,0.08404320025728723,-0.19939941039659032,37,-0.5811688311688312,0.1615733671449019,-0.1610237360630488,37,0.3181818181818182,0.16938459811465523,0.1584927778427352,37,0.20294117647058824,0.366507248761927,0.10415239686808311,37,-1.2222222222222223,0.0059849790868791355,-0.31722633472184825,37,-1.2696969696969695,0.0029812165234602553,-0.3416111036103932,37,-1.4,0.0059292617433040285,-0.3249850413678477,37,-1.6470588235294117,0.002523003909975478,-0.35451301378835126,37,-0.1111111111111111,0.10933208306684596,-0.18774919654105385,37,-0.2,0.010854612474676506,-0.2990240203258267,37,-127.4917777777778,0.034109169242209844,-0.24324324324324323,37,-144.11486477315793,0.007628342052950585,-0.3063063063063063,37,Bílá  Hlavatá,49.421292,18.37984,770.0
0-203-0-20301008002,39,-0.40308333333333335,0.01716828148067633,-0.2658569500674764,39,-0.7586549766190476,0.00073808331785967,-0.3765182186234818,39,-0.7104910714285714,0.11303671633275073,-0.17678812415654524,39,-1.1924481397058817,0.006492814632780373,-0.30364372469635625,39,-0.4025641025641032,0.390407855765015,-0.09581646423751687,39,-1.0058126239316256,0.04863355887498223,-0.21997300944669368,39,-1.1500000000000001,0.2217892729813533,-0.13630229419703105,39,-1.9326051851851853,0.01955928649840339,-0.26045883940620784,39,-1.0588235294117647,0.017119518214695924,-0.26693987491719295,39,-0.6363636363636364,0.1398282995309783,-0.16520067577115105,39,0.44,0.15336544555925036,0.15956760344848347,39,0.2222222222222222,0.30929246665489685,0.1138995877302439,39,-1.1428571428571428,0.00862204781585754,-0.2944412430519622,39,-1.4666666666666666,0.0008393844110954465,-0.3732259199303512,39,-1.4,0.006268018736501676,-0.31174231173907285,39,-1.8666666666666667,0.00039051309360436985,-0.4037117567213208,39,-0.19230769230769232,0.008762489796241654,-0.2982139933158293,39,-0.25806451612903225,0.00180647007604974,-0.35557356076576874,39,-74.11600000000003,0.09746458904267719,-0.18488529014844804,39,-145.29107964368427,0.0038383177172849722,-0.32253711201079627,39,Staré Hamry  Samčanka,49.468936,18.43389,527.0
0-203-0-20301050204,38,-0.08668390433096318,0.013261622170116635,-0.2802275960170697,38,-0.6688479005000001,0.004674061666795972,-0.3200568990042675,38,-0.23353563647681294,0.035772134792700507,-0.23755334281650073,38,-1.2858856545207737,0.013261622170116635,-0.2802275960170697,38,-0.39666875522138695,0.026188179371314343,-0.2552552552552552,37,-0.9167893371794872,0.029634648454983762,-0.24608819345661453,38,-0.696875,0.03801506848539204,-0.23504297351796327,38,-1.5377704705882356,0.03361566923176865,-0.240398293029872,38,-0.5298245614035088,0.35297257026850626,-0.10684752579884546,37,-0.6521739130434783,0.24225379353960463,-0.13247876689194296,38,0.44155844155844154,0.20416507632459258,0.14663982541661583,37,0.15,0.5458379466898501,0.06881934385993303,38,-0.5505050505050505,0.35958888014385704,-0.1057421115739494,37,-1.0333333333333334,0.05122740820464664,-0.22143060498428155,38,-0.8617424242424243,0.26463801279954424,-0.1305004757586397,37,-1.1666666666666667,0.027186576481810026,-0.2555627008511573,38,-0.06666666666666667,0.1346458652225779,-0.17510078206127083,38,-0.07142857142857142,0.16471027843123387,-0.16124491509768069,38,-24.0,0.0484057345195482,-0.2233285917496444,38,-103.32181476499889,0.042962263812872936,-0.22901849217638695,38,Raškovice,49.622266,18.468383,397.0
0-203-0-20301070001,36,-0.02242668233234271,0.30694097887871463,-0.1191422139128009,36,-0.016949619855244742,0.2202436585202837,-0.14285714285714288,36,-0.0432153846153846,0.39078427530024473,-0.10007945968675275,36,-0.02645911844047375,0.3983926125572388,-0.09841269841269842,36,-0.08074074074074064,0.44906494048081386,-0.09677419354838711,32,0.021889116489624556,0.865751029555975,0.022727272727272728,33,-0.07786561264822127,0.6727584193521623,-0.04932392726933708,36,-0.09517392592592594,0.6629320593594055,-0.050793650793650794,36,0.041245791245791245,0.9353510786277356,0.010111269976638434,32,-0.1,0.8403076753812595,-0.024691458232921557,33,0.7171428571428571,0.20567454816657738,0.15789603088624557,32,0.5,0.22065287077913853,0.1503347174179641,33,-1.207142857142857,0.019502523828394337,-0.2909096845423556,32,-0.20606060606060606,0.6641749003077986,-0.05333420410295767,33,-1.1666666666666667,0.06108614016138401,-0.23792854487486245,32,-0.0,0.7195221632361509,-0.04517208416904216,33,-0.0,0.45798600302416415,-0.08995503372189959,36,-0.0,0.5169692974755594,-0.07877771130750215,36,-3.166666666666668,0.6142474350237727,-0.0587768255303151,36,-3.553529705708557,0.44560053289767665,-0.0888888888888889,36,Havířov  Bludovice,49.7656,18.4406,259.0
0-203-0-20404050001,37,-0.043078393583007205,0.19091126002673264,-0.15015015015015015,37,-0.023297334764353923,0.10485019084649277,-0.18618618618618618,37,-0.0944723679098679,0.23915587177784392,-0.13513513513513514,37,-0.047811426490384654,0.24975628492924207,-0.13213213213213215,37,-0.12666666666666665,0.3352521161846773,-0.11586452762923354,34,-0.05095256833333339,0.6971651256176505,-0.05287356321839081,30,-0.09289215686274513,0.6099062419931138,-0.05869089445288694,37,-0.16635028222222223,0.359917824728639,-0.10510510510510511,37,-1.2727272727272727,0.006943702688519776,-0.32587613858272174,34,-1.25,0.03665204673831008,-0.27083986408009,30,0.5,0.2597301038358719,0.13583605563769258,34,0.0,0.928851075709971,0.011574353165815812,30,-1.2307692307692308,0.05393111600594209,-0.23193586391654822,34,-0.55,0.344211955510754,-0.12212013984237807,30,-1.2727272727272727,0.1116093249982773,-0.1945843753129832,34,-0.0,0.693027521624924,-0.05209381027228829,30,-0.046536796536796536,0.3105515521726103,-0.12031396868533974,37,-0.0,0.4270469528127345,-0.0952337763439027,37,-5.822727272727274,0.3076560308652103,-0.11711711711711711,37,-4.918581878466664,0.28350976401572237,-0.12312312312312312,37,Černá Voda,50.3054197,17.142758,330.0
0-203-0-20404063001,36,-0.2229939014133543,0.1021523755623727,-0.19047619047619052,36,-0.45752099647288996,0.014215907068163187,-0.28571428571428575,36,-0.35362205986613027,0.2640313893022256,-0.13015873015873017,36,-0.5848609679896988,0.16473206019961362,-0.16190476190476194,36,-0.40059523809523806,0.2273852697037324,-0.14285714285714285,35,-0.46946634195618475,0.2758578612557615,-0.12698412698412698,36,-0.8294181034482759,0.28185996717993755,-0.1254964653214836,36,-1.1175737380952366,0.1412758198327672,-0.17142857142857143,36,-0.375,0.4864222187342335,-0.08249169938974175,35,-0.24404761904761904,0.5763556506882567,-0.06533916397694686,36,0.2962962962962963,0.19597199995535552,0.15371818998897452,35,0.20689655172413793,0.37553502793855686,0.10391955583189452,36,-0.9047619047619048,0.069013180192889,-0.21567044450129852,35,-0.96,0.004217083785943353,-0.33439660025481843,36,-1.2727272727272727,0.0772504966838888,-0.2129245678420918,35,-1.1867816091954024,0.005241329913414709,-0.33347760225734985,36,-0.1,0.15429487659402036,-0.1702951232432362,36,-0.13484848484848483,0.03991748611707007,-0.2460339156525615,36,-48.0423076923077,0.2101612160619447,-0.14603174603174604,36,-87.28960406714839,0.08125077369559813,-0.20317460317460317,36,Bělá pod Pradědem  Filipovice,50.1464278,17.2064242,588.0
0-203-0-20404085001,39,-0.2015104726100967,0.11864258293031839,-0.17408906882591094,39,-0.45570953213197574,0.03426386286497409,-0.23616734143049933,39,-0.18336898395721946,0.390407855765015,-0.09581646423751687,39,-0.5935063517983195,0.2816493254860488,-0.12010796221322538,39,-0.04861111111111121,0.8750404611191884,-0.017543859649122806,39,-0.4580531790476172,0.33924761044644447,-0.10661268556005399,39,-0.08181818181818233,0.8845742097486355,-0.016205270405845698,39,-1.2338904,0.12446413014279424,-0.17139001349527666,39,-0.5454545454545454,0.11011340060682244,-0.17898506643324041,39,-0.2,0.5860846174237477,-0.06089332178558703,39,0.3181818181818182,0.25012547997709234,0.12907906557725424,39,0.28125,0.3035564843670452,0.11533412746275017,39,-0.4444444444444444,0.11842686075823845,-0.17503649932582083,39,-0.6923076923076923,0.016514362215355016,-0.26921214985886954,39,-0.8076923076923077,0.06835124769399925,-0.20827307784882407,39,-1.0769230769230769,0.00896931825008456,-0.29873820561243747,39,-0.07692307692307693,0.14003885994829515,-0.17033453543449753,39,-0.08695652173913043,0.19636455933039543,-0.1486738895491686,39,-32.550000000000004,0.3771975360539871,-0.09851551956815116,39,-71.34400437500003,0.2040235057705807,-0.1417004048582996,39,Ostružná  Ramzová,50.197223,17.065201,740.0
0-203-0-20404091001,37,-0.06256441970727686,0.061422742715043756,-0.21487609370383634,37,-0.023063251214139817,0.1656365750836032,-0.15915915915915915,37,-0.09896934865900384,0.19524590379864804,-0.14898457822655917,37,-0.0491219351938931,0.3880241283878948,-0.0990990990990991,37,-0.05777777777777769,0.7782008366091302,-0.03386809269162211,34,0.08472541481481481,0.43751367774909966,0.10107526881720431,31,-0.3770833333333333,0.27184920623518716,-0.12631593229238927,37,-0.16445419458333332,0.4481067672475978,-0.0870870870870871,37,-0.5,0.4405321388144925,-0.09310746816649193,34,-0.9090909090909091,0.16306158248434177,-0.17729988752640835,31,0.6363636363636364,0.03509067267503016,0.25517456017920265,34,0.5,0.2404869863515906,0.14935379818208414,31,-1.2222222222222223,0.16342307471581585,-0.16770747083196563,34,-0.5,0.46474424807994785,-0.09267262901479041,31,-1.4736842105263157,0.08673824336290184,-0.21070223831021048,34,-0.45161290322580644,0.4826732311709613,-0.09137206332976314,31,-0.1,0.08012702710736418,-0.20714249448410782,37,-0.06066176470588235,0.19054978841601433,-0.15726772236489717,37,-11.189684210526316,0.1736918739859281,-0.15639115426676767,37,-5.676144544839888,0.26068066850124505,-0.12912912912912913,37,Mikulovice,50.3006,17.3231,321.0
0-203-0-20407027001,36,-0.07196875000000001,0.2414392796251561,-0.13650793650793652,36,-0.07403129303793013,0.04381123566827405,-0.23492063492063495,36,-0.2632721088435379,0.21511732524926075,-0.14455921954753176,36,-0.294529487290187,0.03138937892908212,-0.2507936507936508,36,-0.24000000000000005,0.32713606972313525,-0.11596638655462185,35,-0.3687342226190479,0.06695369499580069,-0.2168067226890756,35,-0.6666666666666665,0.16059231123739526,-0.1636219737735799,36,-0.7824830555555554,0.035938930574022594,-0.24444444444444446,36,-0.5263157894736842,0.16808811348910968,-0.16385345526297285,35,-0.47368421052631576,0.41814427548294086,-0.09595973194316897,35,0.5,0.18164797492920948,0.15865120130238605,35,0.4117647058823529,0.23253914484544813,0.14201432049934526,35,-1.25,0.014570069805354639,-0.28931885758183856,35,-0.75,0.08055391174486635,-0.20742107852812539,35,-1.2727272727272727,0.04924259851926035,-0.23738126271721124,35,-0.9130434782608695,0.05752642077252243,-0.23061484189788897,35,-0.14285714285714285,0.04007903906683763,-0.24520411930687488,36,-0.11538461538461539,0.07070437728472384,-0.21614381027026133,36,-27.004545454545454,0.20041713178109344,-0.14920634920634923,36,-29.129797600049997,0.023755020201759788,-0.2634920634920635,36,Mníšek  Fojtka,50.82725,15.05856,395.0
0-203-0-20408003001,39,-0.07352854122621565,0.022943241839996974,-0.25388256969158257,39,-0.04847276247533849,0.09746458904267719,-0.18488529014844804,39,-0.14375,0.1464976284528232,-0.16227213910015267,39,-0.13130235573498972,0.21277251935267716,-0.13900134952766532,39,-0.1393663194444445,0.35433124467062005,-0.10793650793650794,36,-0.23757347575757565,0.1482419900122246,-0.1635846372688478,38,-0.6419354838709677,0.05912668045148534,-0.21066851527599406,39,-0.4117113466666667,0.2217892729813533,-0.13630229419703105,39,0.045454545454545456,0.9131750438404694,0.012759316705849212,36,-0.10526315789473684,0.9098997192108289,-0.012820525828252544,38,0.4772727272727273,0.1523694324699272,0.16760038078849773,36,0.5,0.14802822712201802,0.16428722305285406,38,-0.375,0.3612004644685568,-0.10677375576720584,36,-0.16666666666666666,0.7342367943516035,-0.03846157748475763,38,-0.4375,0.45232376099379656,-0.08923469810514252,36,-0.0,0.7717962928913911,-0.03343818077862642,38,-0.07142857142857142,0.14764901408939507,-0.16630252135376483,39,-0.03333333333333333,0.47297505706054854,-0.08233344552780761,39,-12.216129032258062,0.09502019841755617,-0.18636060966722554,39,-8.909700634333328,0.23107652262151057,-0.13360323886639677,39,Rumburk,50.95156,14.57086,390.0
0-203-0-40103004001,38,-0.06307992038796847,0.02869260484434027,-0.24768689547673584,38,-0.07166798028532792,0.042962263812872936,-0.22901849217638695,38,-0.19432291666666668,0.06277398462717919,-0.21067620994572933,38,-0.22478446820312495,0.06103886589352509,-0.21194879089615934,38,-0.12015692640692638,0.5580416551408796,-0.06830820264333919,36,-0.21242904166666643,0.21891631225440467,-0.14114114114114115,37,-0.6590909090909091,0.055994229303450646,-0.21637016156588418,38,-0.5052854794117647,0.13463888856570216,-0.16927453769559037,38,-0.2857142857142857,0.4956832306409886,-0.07961823815590915,36,-0.6181818181818182,0.34619173227816014,-0.10843422682207489,37,0.7738095238095237,0.06195997962906269,0.217979936641909,36,0.7142857142857143,0.1291632502879943,0.17443628745139472,37,-0.4365079365079365,0.4059138266015404,-0.09705676011063102,36,-0.6363636363636364,0.1258628697343522,-0.1760726833586608,37,-1.1666666666666667,0.029521692762137928,-0.25969785750151336,36,-1.4,0.02481671008894362,-0.2629493691134738,37,-0.1111111111111111,0.025073591970987685,-0.26164058383810257,38,-0.10810810810810811,0.05621645192548099,-0.22252491037342528,38,-19.075,0.059303746611639827,-0.21352318575580675,38,-18.560813558636372,0.057648988271815936,-0.21479374110953062,38,Nemanice  Nemaničky,49.431422,12.716909,529.0
0-203-0-40201003001,39,-0.5169120187988111,0.26058515870606247,-0.12550607287449395,39,-1.2780741307557406,0.03637067806905364,-0.23346828609986506,39,-0.679227941176471,0.5058407321085243,-0.07422402159244265,39,-2.361047856617647,0.06775575764957957,-0.20377867746288802,39,-0.7670636849781235,0.5696595221156575,-0.06342780026990553,39,-2.112900959850219,0.07536440282222054,-0.19838056680161945,39,-2.75,0.21270557252446254,-0.1391893162795652,39,-3.9974781250000007,0.028558055284765172,-0.24426450742240216,39,-1.25,0.0005127494961941823,-0.3894222891977564,39,-1.2307692307692308,0.001727063353764205,-0.3500003195767708,39,0.2608695652173913,0.2653144003670438,0.12508847367179796,39,0.3333333333333333,0.12411498391671302,0.17279487317235542,39,-0.47058823529411764,0.13346907919564616,-0.1679088835706781,39,-1.0,0.0017954427433737193,-0.3493588061389915,39,-0.7777777777777778,0.04855447559680992,-0.22688808597849938,39,-1.1666666666666667,0.005153779533280488,-0.3207295661521479,39,-0.16666666666666666,0.014979214813935987,-0.27889527491491123,39,-0.1724137931034483,0.0069429938717992575,-0.30912864528457074,39,-171.26666666666765,0.2816493254860488,-0.12010796221322538,39,-447.5115689516819,0.032262230741344065,-0.2388663967611336,39,Špičák,49.169506,13.215816,973.0
0-203-0-40201004001,39,-0.44676923076923075,0.015037636310190797,-0.27125506072874495,39,-1.1723907349695653,0.018329681012915093,-0.2631578947368421,39,-1.2635620915032677,0.022236193035472092,-0.2550607287449393,39,-2.869062843801313,0.060790626528753035,-0.20917678812415658,39,-0.718837719298246,0.19553924942719925,-0.14439946018893388,39,-2.6568375666666686,0.04593566783244592,-0.22267206477732795,39,-1.9307692307692303,0.09032495063542788,-0.1890614880681998,39,-4.132231428571429,0.02684751802189946,-0.24696356275303644,39,-1.0,0.005380917535016773,-0.31144389694561264,39,-1.2258064516129032,0.0011357816504885517,-0.36351384542915577,39,0.4117647058823529,0.11286098404984207,0.17750824169620444,39,0.3181818181818182,0.2214283728877814,0.1372314276137124,39,-1.0555555555555556,0.0019418025808961442,-0.3475964407477795,39,-0.75,0.03517429696559619,-0.23625695582075643,39,-1.4736842105263157,0.0011094685024167412,-0.3748013484147751,39,-0.7777777777777778,0.09628786541262054,-0.18927870513689327,39,-0.21428571428571427,0.002048733298509926,-0.35117392536717634,39,-0.19047619047619047,0.0204505658281719,-0.2638849100813621,39,-145.04,0.020860341752234175,-0.25775978407557354,39,-378.37662424800016,0.028558055284765172,-0.24426450742240216,39,Železná Ruda,49.138245,13.228729,754.0
0-203-0-40202009001,39,-0.02297008547008547,0.14301626126583414,-0.1639579942384789,39,-0.02145193623397959,0.2217892729813533,-0.13630229419703105,39,-0.054647619047619035,0.22543474284094744,-0.13633977898965077,39,-0.06527274275294115,0.24063678561206192,-0.1309041835357625,39,-0.048701298701298676,0.7448619101265241,-0.039810444424183355,33,-0.12268530408928563,0.3800429221042466,-0.10984848484848485,33,-0.4230769230769231,0.12120798655630961,-0.17379822037388976,39,-0.12389274285714283,0.4459985505298172,-0.08502024291497977,39,-0.8125,0.20929744093929947,-0.15384677822051124,33,-0.7115384615384615,0.14516480776629154,-0.17836844256199952,33,0.212406015037594,0.5353069318504464,0.0759014649199998,33,0.4423076923076923,0.48538520058818824,0.08563369979504283,33,-0.6,0.23267374840814403,-0.1462494064565354,33,-0.7965517241379311,0.13667243678706736,-0.18251082501904523,33,-0.875,0.07300277360258066,-0.2298237632485512,33,-1.1666666666666667,0.03625188686835581,-0.26507279429617625,33,-0.041666666666666664,0.21182851924438406,-0.14585425389314682,39,-0.06451612903225806,0.12090807548807424,-0.1806473936441791,39,-6.358333333333332,0.20367028115784924,-0.1424715692186914,39,-6.318859351538462,0.2709770075414829,-0.12280701754385966,39,Všeruby,49.343587,12.983841,445.0
0-203-0-40202023201,39,-0.03231458678186441,0.2870557665477511,-0.11883864964286844,39,-0.02396689917788463,0.17164204508100767,-0.1524966261808367,39,-0.09974358974358974,0.3578709195102113,-0.10263337923702275,39,-0.04822569545454547,0.2709770075414829,-0.12280701754385966,39,0.0695454545454546,0.6008662216420086,0.060060060060060066,37,-0.11826000000000003,0.38633259888632054,-0.10252100840336134,35,-0.3999999999999999,0.4315588424253476,-0.08795702035695906,39,-0.25381237499999987,0.2217892729813533,-0.13630229419703105,39,-0.6363636363636364,0.1821140302088644,-0.15338363206932984,37,-0.6923076923076923,0.24407166760523513,-0.13816387850864437,35,0.5,0.19986030524051313,0.14736858767445415,37,0.5,0.2558606748117961,0.1345669105031807,35,-0.6923076923076923,0.079624333522298,-0.2015039872283353,37,-0.4,0.4863049213550735,-0.08263116136486297,35,-1.0634615384615385,0.12478220075211131,-0.1793487351103628,37,-0.875,0.1752194385803878,-0.1644309976528455,35,-0.09090909090909091,0.06278073926908667,-0.2135087655212638,39,-0.07142857142857142,0.13113205733639233,-0.17392039909525384,39,-9.543333333333333,0.3331339647561331,-0.10803513603897132,39,-8.293193976433333,0.2217892729813533,-0.13630229419703105,39,Česká Kubice,49.367941,12.857804,549.0
0-203-0-41001004001,37,-0.18432905982905962,0.11057287652463099,-0.1831831831831832,37,-0.18560369069830523,0.06328254451779498,-0.2132132132132132,37,-0.4797916762858989,0.12712442894245324,-0.1777777777777778,36,-0.4477490853062568,0.1021523755623727,-0.19047619047619052,36,-0.2913775510204083,0.41378348980895774,-0.09523809523809526,36,-0.49362011385595084,0.1021523755623727,-0.19047619047619052,36,-1.0570000000000004,0.24437538648305768,-0.13373407230518486,37,-0.8941990166666667,0.10485019084649277,-0.18618618618618618,37,-0.4075,0.5671255602967342,-0.06687932005096368,36,-0.2857142857142857,0.6237559076296807,-0.05732513147225459,36,0.3488479262672811,0.2695889963712823,0.1292917223225554,36,0.3181818181818182,0.23040883251941668,0.14035248376434134,36,-0.8947368421052632,0.022070070411762045,-0.26751728020385473,36,-0.6794871794871795,0.03829739552171017,-0.24242701741113507,36,-1.2738970588235294,0.0629606072392475,-0.22120401653500085,36,-0.9827586206896552,0.06094403032200955,-0.22338969072688747,36,-0.10172413793103449,0.1407956720383786,-0.17373551791165265,37,-0.07142857142857142,0.3651348400477097,-0.10610237701069994,37,-28.94333333333333,0.33312567816369987,-0.1111111111111111,37,-29.982812683750026,0.26068066850124505,-0.12912912912912913,37,Malá Morava  Sklené,50.12165,16.841956,701.0
0-203-0-41001034001,39,-0.390994623655914,0.004472402707197542,-0.31713900134952766,39,-0.5399711181861101,0.01227797740532341,-0.2793522267206478,39,-0.7072510822510824,0.02684751802189946,-0.24696356275303644,39,-0.6371754661805556,0.17164204508100767,-0.1524966261808367,39,-0.588194444444444,0.05442949134558268,-0.21457489878542513,39,-0.49684853673015844,0.26058515870606247,-0.12550607287449395,39,-1.3785714285714286,0.04211082146767918,-0.22687378568183977,39,-1.2487590000000002,0.11303671633275073,-0.17678812415654524,39,-1.0,0.01403430498143647,-0.27469654049942593,39,-0.375,0.4678561064888622,-0.08113606955007634,39,0.5,0.07924662888689007,0.1967464527305738,39,0.20833333333333334,0.4035512993395889,0.09375216341926887,39,-1.0,0.01599450510989745,-0.2703866742091957,39,-0.8,0.01305440384060504,-0.27892085827033747,39,-1.5555555555555556,0.009371670933467439,-0.29587094499439265,39,-0.875,0.014049358564100806,-0.28127921778145626,39,-0.16666666666666666,0.009571012334180387,-0.29680970491553654,39,-0.09090909090909091,0.08566847229231404,-0.19819817756551872,39,-80.47941176470587,0.04593566783244592,-0.22267206477732795,39,-77.30802949999995,0.21277251935267716,-0.13900134952766532,39,Branná  Františkov,50.1324,17.0129,548.0
0-203-0-41001078001,39,-0.22472161278304423,0.0035529408454282136,-0.3252361673414305,39,-0.19523925019234042,0.009299917818885435,-0.2901484480431849,39,-0.40015625,0.025226179981382203,-0.24966261808367074,39,-0.37259300973981896,0.043364957125070935,-0.2253711201079622,39,-0.3692954104718813,0.07420430836969996,-0.20213528251549706,38,-0.32143826607142867,0.09267257442605292,-0.18758434547908234,39,-0.9916666666666667,0.022923248524748717,-0.25422635125690585,39,-0.8006062142857144,0.05442949134558268,-0.21457489878542513,39,-0.4117647058823529,0.4657916248803432,-0.08268016050584384,38,-0.4,0.4105714430229954,-0.09207906518392024,39,0.5,0.25235560434661153,0.13000119389399756,38,0.5,0.1676635345886972,0.15457801191961673,39,-1.2,0.005220597266021726,-0.3178305040963536,38,-0.7142857142857143,0.07726342692159015,-0.19769916936547585,39,-1.1666666666666667,0.03710533097404227,-0.2424172802286155,38,-1.0,0.05039588272179013,-0.22370628420280203,39,-0.16666666666666666,0.007165282620905256,-0.3088475396569918,39,-0.14285714285714285,0.0342489150605175,-0.24298927042590232,39,-36.166666666666664,0.025226179981382203,-0.24966261808367074,39,-43.17100487063635,0.051463265486995834,-0.21727395411605938,39,Velké Losiny,50.038056,17.051365,411.0
0-203-0-41002036001,37,-0.21743886606366686,0.059651747500364775,-0.21621621621621623,37,-0.44003421760424954,0.007628342052950585,-0.3063063063063063,37,-0.22294560185185192,0.37380752860253785,-0.1021021021021021,37,-0.6141130340413989,0.09411157818871194,-0.19219219219219222,37,-0.01655701754385952,0.9582772832988573,-0.006006006006006007,37,-0.3876661488580021,0.24975628492924207,-0.13213213213213215,37,-0.7404761904761905,0.28350976401572237,-0.12312312312312312,37,-1.0655070443349757,0.07967583098300722,-0.20120120120120122,37,-0.7254641909814323,0.28350976401572237,-0.12312312312312312,37,-0.0,0.9791207901691653,0.0030166221341111155,37,0.5,0.06684479802116902,0.2118063622883825,37,0.2361111111111111,0.27728182670108825,0.12547531453174343,37,-0.802801724137931,0.07511804236865291,-0.20513030511955585,37,-0.7453703703703703,0.03744241504970435,-0.24000334930471326,37,-1.2657952069716776,0.03914708626238283,-0.2421853441150746,37,-0.9081346423562412,0.10918957444393204,-0.18774919654105385,37,-0.16,0.05035075707006803,-0.22984468963787336,37,-0.11764705882352941,0.11484960926328609,-0.18555143166354476,37,-33.38300000000001,0.26068066850124505,-0.12912912912912913,37,-62.38012161824079,0.09936518330262732,-0.1891891891891892,37,Červená Voda,50.04034,16.742859,535.0
0-203-0-41101014001,38,-0.312310606060606,0.0722115002324952,-0.20341394025604553,38,-0.8476107897630907,0.002658558153492261,-0.3399715504978663,38,-0.6451466157716157,0.09936518330262732,-0.1891891891891892,37,-1.7726787050492616,0.008243411792411039,-0.3033033033033033,37,-0.49146739130434747,0.08908305470004489,-0.19519519519519518,37,-1.202194893472222,0.02442540720541444,-0.2546230440967283,38,-1.0,0.25260566594829803,-0.12944523470839261,38,-2.2970744285714284,0.018725741506775327,-0.26600284495021337,38,-0.6363636363636364,0.08651649496822013,-0.1974392312234905,37,-1.1666666666666667,0.009935802534090224,-0.29244056255952955,38,0.5,0.03870697573456453,0.237952886637331,37,0.44,0.11879260243752703,0.17727169727777944,38,-1.2222222222222223,0.016644883860113348,-0.27581205583128826,37,-1.2727272727272727,0.002644744910792974,-0.3414317070402793,38,-1.4791666666666665,0.004558126630630942,-0.33293396077514725,37,-1.5909090909090908,0.010399912911233265,-0.2960092731534562,38,-0.15,0.07084590567451995,-0.20946024672282396,38,-0.2413793103448276,0.004708546627573965,-0.32638707665980715,38,-43.470000000000006,0.21327199008742925,-0.14082503556187767,38,-156.5688905375,0.015250392757879191,-0.2745376955903272,38,Velké Karlovice,49.359444,18.286944,518.0
0-203-0-41101034002,36,-0.290716700881536,0.0032598081188732362,-0.34285714285714286,36,-0.42861047942786723,0.0022801959470742177,-0.3555555555555556,36,-0.6711995324445568,0.006998050055762279,-0.31428571428571433,36,-1.0151864732905982,0.0050175608777174524,-0.32698412698412704,36,-0.8548872180451123,0.0035993565836257577,-0.3445378151260504,35,-0.8292039041460645,0.012202120291615373,-0.2920634920634921,36,-2.0076923076923077,0.005001363686509454,-0.3280271412023457,36,-1.6647016833333332,0.009654342066512294,-0.3015873015873016,36,-1.2307692307692308,0.009339059349299267,-0.30808124465964776,35,-1.25,0.015309689833945442,-0.2829892288582423,36,0.5,0.10229584500333505,0.19393027667263757,35,0.628992628992629,0.03710771346304399,0.24343744749059915,36,-1.0333333333333334,0.02388717658177299,-0.2681296868778206,35,-1.2272727272727273,0.005441013927142443,-0.32484241167610933,36,-1.3611111111111112,0.022462434731649987,-0.2761989020295503,35,-1.826086956521739,0.002324598271615475,-0.3606120566644033,36,-0.2,0.013250144047218707,-0.29563089438851525,36,-0.2,0.008358234769116903,-0.31313266789622735,36,-71.00999999999999,0.010035960173965072,-0.30023837906025824,36,-104.85916534455299,0.01044530703621189,-0.29841269841269846,36,Zděchov,49.2639,18.0772,491.0
0-203-0-41101084001,36,-0.17105877315961351,0.00404955802305564,-0.3351867618080132,36,-0.235417230957445,0.004231232899758146,-0.33333333333333337,36,-0.4576835317460318,0.008230777578221144,-0.30793650793650795,36,-0.5544113868042028,0.0075920118473087805,-0.31111111111111117,36,-0.619537037037037,0.002263335872858075,-0.361344537815126,35,-0.5635787966868688,0.012202120291615373,-0.2920634920634921,36,-1.303846153846154,0.004609233161402628,-0.3301587301587302,36,-0.8501099642857142,0.02734307639333583,-0.2571428571428572,36,-0.6060606060606061,0.2164499204246303,-0.14671247017843014,35,-1.2,0.03135794330164982,-0.2511926862899005,36,0.5,0.09938043716466788,0.19545134032930178,35,0.38461538461538464,0.23587999726981734,0.13842521523975246,36,-0.6923076923076923,0.0935295689041764,-0.19949630736812787,35,-1.2307692307692308,0.005669202305083888,-0.3235085435931759,36,-1.0769230769230769,0.07282775665491795,-0.21560365358126396,35,-1.4,0.016816765430541145,-0.2834588929374198,36,-0.125,0.0358826962153077,-0.2515950576034133,36,-0.16666666666666666,0.007990317731403093,-0.31606824370971437,36,-47.56911764705883,0.010854652327232624,-0.2970612533559169,36,-54.0890001081375,0.011293415200324019,-0.29523809523809524,36,Valašská Bystřice,49.416432,18.106298,458.0
0-203-0-41102012001,38,-0.08443478260869565,0.002886801876760354,-0.33712660028449504,38,-0.12660090531999998,0.004319667483224771,-0.3229018492176387,38,-0.15885416666666669,0.026065993452231245,-0.25177809388335703,38,-0.25056817123809527,0.02442540720541444,-0.2546230440967283,38,-0.08294270833333336,0.37380752860253785,-0.1021021021021021,37,-0.18105858679804804,0.3076560308652103,-0.11711711711711711,37,-0.42857142857142855,0.055994229303450646,-0.21637016156588418,38,-0.4673401428571427,0.057648988271815936,-0.21479374110953062,38,-0.375,0.5215034009220618,-0.07373984174849897,37,-0.6363636363636364,0.20426843185465837,-0.14641713762614583,37,0.8535714285714285,0.022769269228278315,0.26284467734095995,37,0.5,0.10461247770797484,0.1873145976452818,37,-1.2594670406732118,0.008550301135503249,-0.3024838406418019,37,-1.0151515151515151,0.046737594192358074,-0.22891670106882478,37,-2.1,0.0071252839216574045,-0.3152316998143984,37,-1.1666666666666667,0.07883479154909549,-0.20524741533452132,37,-0.15,0.005357135999072432,-0.3254530455642615,38,-0.15789473684210525,0.01577352892588953,-0.28061636681009433,38,-20.04545454545454,0.009257805034452326,-0.29445234708392604,38,-23.56767945318182,0.02442540720541444,-0.2546230440967283,38,Rajnochovice,49.413825,17.810276,405.0
0-203-0-41102018001,37,-0.041181464811783954,0.027886273986925527,-0.2533962592653337,37,-0.11470205133752745,0.003393228189501693,-0.3363363363363363,37,-0.08229166666666679,0.09888299018554736,-0.19062572605954428,37,-0.3028917445699829,0.009608235418106454,-0.2972972972972973,37,0.01084656084656084,0.9632278573873886,0.007575757575757577,33,-0.17430067023809523,0.23851014305055862,-0.13949579831932774,35,-0.22426470588235278,0.35269775162911954,-0.10717130692223047,37,-0.4966333493589744,0.07109258503094613,-0.2072072072072072,37,-0.4444444444444444,0.4568225295720334,-0.09125541250952261,33,-0.46153846153846156,0.4262171940320133,-0.09451560928652784,35,0.641025641025641,0.34428786669666067,0.11608123749994696,33,0.5,0.24397648342467004,0.13839785645527292,35,-1.2,0.015593651714589311,-0.2965800906559485,33,-0.9,0.020570955503172016,-0.2748750878055645,35,-1.2926136363636362,0.03692158329325495,-0.26184663603255254,33,-0.875,0.06327286318812252,-0.22561489592359052,35,-0.06666666666666667,0.11210813232626712,-0.19078793567738084,37,-0.16904761904761906,0.0034903967964693087,-0.3454776963997494,37,-7.104166666666666,0.08404320025728723,-0.1990970608513336,37,-27.00842850916667,0.014987875212215045,-0.2792792792792793,37,Kelč,49.4765261,17.8195539,323.0
0-203-0-41402044002,37,-0.029388438511109314,0.06904579490203296,-0.20886557360023253,37,-0.058277557590581466,0.01610558061096164,-0.27627627627627627,37,-0.038707064993829685,0.24437538648305768,-0.13373407230518486,37,-0.1219249376346605,0.09411157818871194,-0.19219219219219222,37,-0.0571428571428572,0.6672619428422804,-0.051693404634581115,34,-0.21371371959617175,0.21124423821567256,-0.1553030303030303,33,-0.15147058823529408,0.4099168321527369,-0.09466569163176007,37,-0.42837182575757565,0.059651747500364775,-0.21621621621621623,37,-0.8125,0.1724736077027249,-0.16443311998246996,34,-0.9261904761904762,0.1494435960256757,-0.17663889351243883,33,-0.25,0.6564064934527711,-0.05361949564645759,34,0.09761904761904762,0.6640737967266358,0.05343667144834019,33,-1.2,0.031504042589002496,-0.2593934312438923,34,-0.6043478260869566,0.2845744179405396,-0.1315567899131632,33,-0.25,0.42781792798227813,-0.09879517990603122,34,-0.3125,0.3807975977271908,-0.110548519591798,33,-0.044466403162055336,0.14877641063285724,-0.17315335088660394,37,-0.07692307692307693,0.07053911541882316,-0.2158269956141666,37,-3.9125391849529785,0.22381735609827658,-0.13974459240878867,37,-12.004296786391302,0.04978202605027712,-0.22522522522522523,37,Jemnice,49.025,15.59,502.0
0-203-0-41402053001,36,-0.02564776502664701,0.028256247048931617,-0.2561662029149442,36,-0.026820792165578186,0.014215907068163187,-0.28571428571428575,36,-0.05368551587301587,0.05633177318409389,-0.22328804235236124,36,-0.04278168839317227,0.0530926024326508,-0.22539682539682543,36,-0.11927083333333338,0.34278171114791145,-0.12732140281584606,28,-0.08067089067460328,0.7690838378714796,-0.042328042328042326,28,-0.2980769230769231,0.11372093471525246,-0.1856059394850968,36,-0.2300546432637571,0.07660790098260783,-0.2063492063492064,36,-0.13894736842105262,0.9369873319714807,-0.010610116901320504,28,-0.225,0.6493493834293234,-0.061089462254869005,28,-0.07142857142857142,0.9212342388577479,-0.013315874351772325,28,0.23026315789473684,0.5935223915893454,0.07171371656006362,28,-0.5634920634920635,0.3845046293802694,-0.11671128591452554,28,-0.5857771260997068,0.4891802883292662,-0.09271531311377024,28,-0.0,0.7637334973561515,0.04190303792952242,28,-0.0,0.8263829030606673,0.030372605400366924,28,-0.041666666666666664,0.06748921617825994,-0.22547801696496664,36,-0.07142857142857142,0.048763997019406216,-0.23968537695686826,36,-6.4423273657289,0.04814700000962244,-0.2310775311379828,36,-6.612528250111111,0.025494482125145313,-0.26031746031746034,36,Vranov nad Dyjí,48.9056,15.8186,354.0
0-203-0-41402059001,36,-0.01739141971929074,0.23477639292275798,-0.13976918088644516,36,-0.01881562023606516,0.04381123566827405,-0.23492063492063495,36,-0.020801005747126435,0.4861166105995147,-0.08193365776101957,36,-0.03363545757278989,0.15660781015085007,-0.1650793650793651,36,-0.0985869565217391,0.5392284343702975,-0.08374384236453201,29,-0.09940086000000001,0.5083512352049455,-0.09401709401709403,27,-0.1558823529411765,0.486035267256931,-0.08206720904404911,36,-0.24177380913978494,0.1731696689763711,-0.15873015873015875,36,-0.6923076923076923,0.2683283412673989,-0.14549949408605578,29,-0.375,0.5046149330064934,-0.09129823840232809,27,0.28877314814814814,0.49918925628082533,0.0891100028250759,29,-0.3333333333333333,0.46515618577250784,-0.10028817971942941,27,-1.2535714285714286,0.0687815162655881,-0.23921103264995605,29,-0.75,0.22651550571115564,-0.16547805710421967,27,-1.2352941176470589,0.05631281024477745,-0.2581592447681766,29,0.25,0.4869707590843664,0.09831230203148177,27,-0.015151515151515152,0.32058664761511013,-0.12143534814378328,36,-0.05263157894736842,0.10573086711369856,-0.19822253294019987,36,-3.6583333333333328,0.31878925138470426,-0.11727758855989076,36,-5.302477244473683,0.07218365970978308,-0.20952380952380956,36,Lukov,48.8566,15.9077,403.0
0-203-0-41402080001,36,-0.010816163003663002,0.028431513954596366,-0.26190809188692243,36,-0.009188776830943862,0.05829407343632418,-0.2208102364517243,36,-0.021980676328502417,0.06374313943982583,-0.2228325229360083,36,-0.016907783457534502,0.16059231123739526,-0.1636219737735799,36,-0.09090909090909091,0.41313399093337544,-0.12608814828680692,22,0.0814571833333333,0.43249287041044504,0.1225296442687747,23,-0.26015037593984963,0.03601707911793185,-0.25188911121320495,36,-0.18560158928571446,0.12373013788596827,-0.17950760229528667,36,-0.21428571428571427,0.6116184076162213,-0.07809129001694393,22,-0.5909090909090909,0.42801664333040335,-0.11881211413043936,23,-0.3333333333333333,0.38166548665750877,-0.1347838826514143,22,0.0625,1.0,0.003952569169960474,23,-1.0571428571428572,0.09591230374007569,-0.2565241637559175,22,-0.6363636363636364,0.34154945634889733,-0.14257453695652725,23,-0.0,0.7746489959548175,-0.045620741787613245,22,-0.0,1.0,0.0,23,-0.0,0.09107708758335367,-0.21352721075263634,36,-0.03279569892473118,0.04490844338562863,-0.2520013117499763,36,-2.9497711670480546,0.03617029765061953,-0.2505918196121614,36,-2.7232154871890764,0.09929500151345974,-0.1922161051126521,36,Šatov,48.789167,16.020556,238.0
0-203-0-41501010001,39,-0.1621349206349206,0.00560246661366465,-0.30904183535762486,39,-0.21995837829948978,0.001729764016086227,-0.349527665317139,39,-0.3613666666666666,0.030361643172489267,-0.24156545209176788,39,-0.5245278086996598,0.010697130002044752,-0.28475033738191635,39,-0.2204444444444444,0.17450397735851952,-0.15373669374418086,38,-0.3406407653508777,0.11606931716920055,-0.17780938833570414,38,-0.7759999999999999,0.04091686469864341,-0.2280701754385965,39,-0.8803743809523811,0.03426386286497409,-0.23616734143049933,39,-0.6060606060606061,0.13443346971473696,-0.17000156124599683,38,-0.5806451612903226,0.155295096509187,-0.1611989442401309,38,0.42857142857142855,0.25749287392835385,0.1288502043633866,38,0.4117647058823529,0.15875270355934978,0.16057846900651043,38,-1.2,0.02954880940317557,-0.24714512685342394,38,-0.8947368421052632,0.012742784486756321,-0.28306287145968007,38,-1.2173913043478262,0.039829664366999376,-0.2369749333441785,38,-1.2173913043478262,0.01488696763613656,-0.2814275355596899,38,-0.13333333333333333,0.01352343524352291,-0.2836925364270106,39,-0.16666666666666666,0.0042216573305721644,-0.328888847774339,39,-29.98333333333333,0.018329681012915093,-0.2631578947368421,39,-49.1068507440001,0.01406241309059956,-0.2739541160593792,39,Polička,49.716111,16.269167,552.0
0-203-0-41501037001,39,-0.1295312500000001,0.00187787652901495,-0.3468286099865047,39,-0.15127526783932502,0.011463388197281892,-0.28205128205128205,39,-0.25384615384615383,0.016071946414393776,-0.26855600539811064,39,-0.2913007190158371,0.04593566783244592,-0.22267206477732795,39,-0.3771148989898987,0.052907589851024533,-0.2222222222222222,37,-0.20822708333333217,0.32062201063429585,-0.112375533428165,38,-0.884,0.011068487524203044,-0.2835922321022997,39,-0.47917217647058813,0.13677322642600173,-0.1659919028340081,39,-1.25,0.014413184828810637,-0.2818407346472727,37,-0.5806451612903226,0.24731749030459815,-0.131147840802373,38,0.3333333333333333,0.37364399826388184,0.1024101031097374,37,0.4117647058823529,0.121706724628053,0.17622228636636442,38,-1.0,0.01854258293712414,-0.27067699776940557,37,-0.8125,0.052765052214428634,-0.21984436937996657,38,-1.3229166666666665,0.015188882368139884,-0.2844773876373839,37,-0.875,0.017561215270258154,-0.2755822185305815,38,-0.1111111111111111,0.030342933760189122,-0.24893522394712672,39,-0.13793103448275862,0.013987911007259409,-0.28209099210363375,39,-28.21,0.006492814632780373,-0.30364372469635625,39,-25.519712963181817,0.06775575764957957,-0.20377867746288802,39,Vír,49.5642,16.3139,473.0
0-203-0-41501047001,36,-0.08592243051066584,0.00388156717422776,-0.33650793650793653,36,-0.1341593264438607,0.022119462108462017,-0.26666666666666666,36,-0.19379464285714285,0.015328674623339845,-0.28253968253968254,36,-0.2714083127649977,0.0530926024326508,-0.22539682539682543,36,-0.2516666666666664,0.052136849055109694,-0.23351158645276296,34,-0.3088887291005293,0.13592202165385744,-0.1764705882352941,35,-0.7,0.015328674623339845,-0.28253968253968254,36,-0.552840586872587,0.10799613731974864,-0.1873015873015873,36,-1.2,0.014422243805028013,-0.29464332691894424,34,-0.7666666666666667,0.0856022050299549,-0.20404837806425344,35,0.6,0.16342307471581585,0.16770747083196563,34,0.20689655172413793,0.40171556297984234,0.09983308188479097,35,-1.25,0.008314094698159495,-0.31757372136265827,34,-0.5806451612903226,0.12846912720300138,-0.18043947481714973,35,-1.5555555555555556,0.00492132554510944,-0.3449875977492954,34,-0.42424242424242425,0.23354428080297607,-0.14602247146943134,35,-0.13793103448275862,0.004549523711731558,-0.3443679916306628,36,-0.125,0.031119263753057028,-0.25905686185950644,36,-21.22453846153846,0.005933739984725707,-0.32063492063492066,36,-28.88509727155001,0.04673978842151243,-0.23174603174603176,36,Štěpánov nad Svratkou,49.5041,16.3341,365.0
0-203-0-41501048001,39,-0.08172541743970314,0.060790626528753035,-0.20917678812415658,39,-0.12250548314592938,0.020860341752234175,-0.25775978407557354,39,-0.16087912087912073,0.15697056530468825,-0.15789473684210525,39,-0.2858914267061538,0.04091686469864341,-0.2280701754385965,39,-0.18333333333333338,0.19553924942719925,-0.14439946018893388,39,-0.1743438202380951,0.30852387030486816,-0.11522048364153628,38,-0.43000000000000005,0.1367157950897512,-0.16621636798433517,39,-0.5222149999999999,0.11303671633275073,-0.17678812415654524,39,-0.75,0.11848079797290187,-0.17479819220465934,39,-0.30434782608695654,0.5212164732605378,-0.07285781196257006,38,0.21428571428571427,0.537035590767853,0.0692004764776501,39,0.42857142857142855,0.2038115445797989,0.14470285303254316,38,-0.9,0.01831263485657128,-0.26351375412150696,39,-0.6666666666666666,0.04292935562620919,-0.22934496203873994,38,-1.0,0.07822067739903805,-0.20090060089851364,39,-0.8076923076923077,0.03156389984296368,-0.2499529760735943,38,-0.037037037037037035,0.40767230254726083,-0.0952369743613454,39,-0.07692307692307693,0.1216098725057478,-0.17878087603455528,39,-10.616666666666665,0.29260326889940047,-0.1174089068825911,39,-18.069411012,0.15697056530468825,-0.15789473684210525,39,Olešnice,49.5586,16.4166,543.0
0-203-0-41501076001,39,-0.27199999999999935,0.006492814632780373,-0.30364372469635625,39,-0.19291586189540819,0.004823789617663132,-0.31443994601889336,39,-0.5040736607142857,0.038586906025907,-0.23076923076923075,39,-0.3487300437358597,0.038586906025907,-0.23076923076923075,39,-0.47870370370370424,0.06593590191888864,-0.2052667584740455,39,-0.33181612499999996,0.0836565829857083,-0.1929824561403509,39,-1.0833333333333333,0.04721987656834451,-0.22177192343687532,39,-0.7258060952380954,0.043364957125070935,-0.2253711201079622,39,-0.6923076923076923,0.1303184800257435,-0.1693780932215691,39,-0.7407407407407407,0.04998133981978017,-0.21906738778520612,39,0.38461538461538464,0.17130748101795723,0.1535361516866287,39,0.5,0.0512813033580265,0.218755047978294,39,-0.6923076923076923,0.03729297241702533,-0.2338610594733614,39,-0.6666666666666666,0.01707622133745651,-0.267669220197043,39,-1.05,0.02109104570044589,-0.26268915677072247,39,-1.0,0.033608311771865684,-0.24212207445139894,39,-0.15,0.02451770709484044,-0.2577924667106773,39,-0.15384615384615385,0.011075923351682773,-0.2904013254558113,39,-57.766666666666666,0.030361643172489267,-0.24156545209176788,39,-41.45910484296875,0.022236193035472092,-0.2550607287449393,39,Nové Město na Moravě,49.5581,16.0689,601.0
0-203-0-41502036001,37,-0.0278192770530233,0.03478767831588699,-0.24451092418061113,37,-0.04437788080660148,0.01610558061096164,-0.27627627627627627,37,-0.04595588235294118,0.09747391270784865,-0.1932960997820918,37,-0.07238833067379252,0.15024207850580898,-0.1651651651651652,37,-0.1277777777777779,0.2792487336967667,-0.13978494623655915,31,-0.04732166666666693,0.5603924302324661,-0.06890756302521009,35,-0.3928571428571429,0.029513279083134156,-0.2522982830984461,37,-0.25684322500000006,0.12922876189232194,-0.1741741741741742,37,-0.6363636363636364,0.21443737793046536,-0.1576688576202075,31,-0.6923076923076923,0.22182382008988022,-0.14490357989930996,35,0.1,0.7081544036959482,0.04767201020395455,31,0.2962962962962963,0.4514621230823904,0.08937656229260688,35,-1.25,0.041285521940937056,-0.2589010321514754,31,-1.2,0.055115180853651774,-0.22765728131135712,35,-1.25,0.05005339873535374,-0.25613774122665056,31,-0.875,0.07195304761145842,-0.2219667512315954,35,-0.06666666666666667,0.02429929839166083,-0.27119757446478393,37,-0.10263157894736842,0.010921930665174615,-0.3052606970838093,37,-8.029166666666667,0.024966015249140612,-0.2596979381048727,37,-10.066347211835684,0.022862454536151707,-0.26126126126126126,37,Knínice u Boskovic,49.537004,16.692288,369.0
0-203-0-41502083001,37,-0.06672715961384551,0.02706909465968961,-0.25394447437726114,37,-0.06684328335389,0.03638300133753184,-0.24024024024024027,37,-0.15337952488687784,0.08662427095643235,-0.1968445333930249,37,-0.1420527005242857,0.1821888204763371,-0.15315315315315314,37,-0.11666666666666665,0.3709527086192641,-0.10588235294117647,35,-0.038845105000000046,0.8092262462292724,-0.02857142857142857,35,-0.5941426146010187,0.05950633723897144,-0.2171967936560003,37,-0.2380470477272726,0.346356781633398,-0.10810810810810811,37,-0.5909090909090909,0.28030452758153157,-0.128054326422646,35,0.21052631578947367,0.6907475845438427,0.04725780464326392,35,0.3333333333333333,0.2996785563746869,0.12310356693132644,35,0.38461538461538464,0.1247219545213661,0.18290116199449977,35,-0.8571428571428571,0.053313939417494516,-0.22953790826728193,35,-0.5806451612903226,0.2216994383772546,-0.14514897140431063,35,-1.1666666666666667,0.04026568747173571,-0.2468345761560392,35,-0.6086956521739131,0.20876382827636664,-0.15272392954827665,35,-0.1,0.06125306448337,-0.22205831714987323,37,-0.1,0.06558414207209787,-0.21751826411628764,37,-16.720913461538462,0.07313937480452191,-0.20586031354843062,37,-14.698818120092808,0.17376548996062569,-0.15615615615615613,37,Rozstání,49.398026,16.835258,571.0
0-203-0-41503007001,36,-0.03102585568117131,0.0369905738575165,-0.24421769772038243,36,-0.014466603359512074,0.1021523755623727,-0.19047619047619052,36,-0.06598566308243728,0.14846436129225027,-0.16906094635250207,36,-0.029029884203998775,0.3200196408903876,-0.11596508820845954,36,-0.11904761904761892,0.2764418440394758,-0.13808055048078688,31,-0.04669884522546422,0.7239201974279224,-0.04926108374384236,29,-0.33356643356643356,0.1522170332473561,-0.167870051728445,36,-0.11181997499999985,0.49584320253146685,-0.07936507936507937,36,-0.375,0.5293168644952562,-0.07974156450109872,31,-0.375,0.4993403919765571,-0.08888915985153278,29,0.4117647058823529,0.2995583474422323,0.131750689244283,31,0.14166666666666666,0.8806720514927974,0.019753146633673953,29,-0.6923076923076923,0.19625750176132561,-0.16397065369593442,31,-0.7678571428571428,0.1538352686893116,-0.18765489301990257,29,-1.0,0.05138865762444159,-0.25260463764680113,31,-0.4666666666666667,0.21435256881872566,-0.1697839913371328,29,-0.05555555555555555,0.08244875346241506,-0.21137845458757096,36,-0.015151515151515152,0.2743113296761166,-0.1340852534171333,36,-7.229444444444444,0.07195459915445915,-0.210528725646512,36,-3.560054526499999,0.18192622259449343,-0.15555555555555559,36,Zastávka,49.19298,16.36313,375.0
0-203-0-41503064001,37,-0.01814133986928104,0.006071213692476534,-0.3188814926215837,37,-0.025819937974082594,0.008243411792411039,-0.3033033033033033,37,-0.03284313725490196,0.06523083023398255,-0.21688321172034594,36,-0.04570910733070625,0.04983135951781719,-0.2285714285714286,36,0.17619047619047623,0.15767953697716028,0.1965811965811966,27,0.046058849074074135,0.7690838378714796,0.042328042328042326,28,-0.23014112903225808,0.12774192111844326,-0.17712421600314007,37,-0.28270617679999965,0.04131991083796738,-0.23423423423423423,37,0.09523809523809523,0.9667355558110288,0.005706139900145506,27,-0.3153503893214683,0.6494771556796841,-0.06092720576047759,28,-0.08333333333333333,0.8346619290688476,-0.02869514293457179,27,-0.30773955773955775,0.6211632324440396,-0.06640158940746632,28,0.21052631578947367,0.802307045029574,0.03433508017497365,27,-0.49391480730223125,0.5666102220795985,-0.07682125943712392,28,0.5384615384615384,0.321150163390468,0.1404588014368936,27,-0.0,1.0,0.0,28,-0.041666666666666664,0.03785943325439779,-0.25143374529054646,37,-0.06350806451612903,0.02839161234911857,-0.2647966901198336,37,-4.450000000000001,0.02313033691149875,-0.26395453695470805,37,-6.35191206331111,0.013939073582764385,-0.2822822822822823,37,Slavkov u Brna,49.1575,16.879167,211.0
0-203-0-41601022101,37,-0.04114613003095977,0.23915587177784392,-0.13513513513513514,37,-0.0849132757577879,0.0468128025554164,-0.22822822822822825,37,-0.06018506678033534,0.6008662216420086,-0.060060060060060066,37,-0.18773310395264453,0.15779715079860757,-0.16216216216216217,37,-0.02258620689655176,0.8380937778032497,-0.02382844278256018,36,-0.22925185182291674,0.12047524085139749,-0.18095238095238098,36,-0.1342532467532468,0.6564946163043538,-0.05112787735644328,37,-0.5065700902777778,0.07528439237325513,-0.2042042042042042,37,-0.735,0.13744674735320533,-0.1737065578899319,36,-1.0,0.07002529888010842,-0.21127885933870025,36,0.265625,0.48695493019952196,0.08140589924012748,36,0.0625,0.8700679594087697,0.019169720420053188,36,-1.0,0.015309689833945442,-0.2829892288582423,36,-0.375,0.44551610185316926,-0.08903031919135714,36,-1.1666666666666667,0.029704651887654244,-0.25882930036125135,36,-0.22956989247311826,0.6719351820345278,-0.05021271817748579,36,-0.03774928774928775,0.41424316212408574,-0.09679751737394596,37,-0.07692307692307693,0.1625606676446476,-0.16549252970384307,37,-4.474999999999996,0.6377551955779517,-0.05405405405405406,37,-14.483366314615195,0.17376548996062569,-0.15615615615615613,37,Třešť,49.293889,15.476111,574.0
0-203-0-41601028001,39,-0.03145424836601307,0.4605696129518848,-0.08232118758434548,39,-0.0736957169754198,0.05442949134558268,-0.21457489878542513,39,-0.06151170145477547,0.6544532476097242,-0.04993252361673414,39,-0.20401329023913045,0.11864258293031839,-0.17408906882591094,39,-0.06969696969696972,0.5715734527455391,-0.06401137980085349,38,-0.26062391517857125,0.13050611862163883,-0.16869095816464239,39,0.0071428571428571175,0.9613989617426145,0.005409071303338423,39,-0.4394183695652174,0.09267257442605292,-0.18758434547908234,39,-0.375,0.4580775930379192,-0.08416582044396215,38,-0.3181818181818182,0.5778155698223112,-0.06220431998839186,39,0.36666666666666664,0.26839553350043566,0.12562535393140947,38,0.5789473684210527,0.06580393223865544,0.2061040158928223,39,-0.9545454545454546,0.01369874214126612,-0.279801924665412,38,-0.6666666666666666,0.0997931621412122,-0.18415813036784048,39,-1.1666666666666667,0.02464814160809394,-0.2601388555069886,38,-1.0,0.04343625091231885,-0.2318173499465505,39,-0.07142857142857142,0.2275058402505964,-0.13895712014008216,39,-0.1,0.05098493574377145,-0.2260671871909677,39,-6.840909090909094,0.586194272100195,-0.06072874493927126,39,-19.842576380117634,0.08807158233193607,-0.1902834008097166,39,Šimanov,49.4614,15.4486,630.0
0-203-0-41601054001,38,-0.06337781266352696,0.08500596261491014,-0.19487908961593176,38,-0.08473742177075165,0.0484057345195482,-0.2233285917496444,38,-0.1605042016806722,0.25260566594829803,-0.12944523470839261,38,-0.1549971763071895,0.12202144157473259,-0.17496443812233287,38,-0.10617283950617293,0.4138291070046193,-0.09246088193456616,38,-0.16408692500000002,0.28524458155149335,-0.12091038406827881,38,-0.2454545454545454,0.3995356781956132,-0.09544169227699116,38,-0.25484951818181817,0.23234853408410838,-0.13513513513513514,38,-0.9615384615384616,0.03801506848539204,-0.23504297351796327,38,-0.3181818181818182,0.5131800409743361,-0.07412704045351518,38,0.3333333333333333,0.3453287633051131,0.10745261363802709,38,0.34615384615384615,0.3141647363739808,0.11453351498967698,38,-0.8235294117647058,0.060957138035260684,-0.21255436010424342,38,-0.6086956521739131,0.09193045742816323,-0.1912931525773735,38,-1.0,0.0690369384996715,-0.21044941119666494,38,-0.8235294117647058,0.15392092765036305,-0.16477363480955937,38,-0.07692307692307693,0.1674829833687449,-0.1613713703599622,38,-0.08333333333333333,0.0917305772743883,-0.19751228854778427,38,-14.915384615384614,0.1785626544271428,-0.15220483641536275,38,-15.9765696125,0.09957458800680428,-0.18634423897581792,38,Vysoké Studnice,49.3931,15.7303,568.0
0-203-0-41601087001,38,-0.012727272727272726,0.3330260574337296,-0.10953058321479375,38,-0.032601122163825956,0.09957458800680428,-0.18634423897581792,38,-0.011809269162210357,0.6418165399455933,-0.052631578947368425,38,-0.05465537351851855,0.35875026265037524,-0.10384068278805123,38,-0.03333333333333334,0.7596200989853985,-0.03875136798331667,31,-0.09613396705882353,0.3205941287508963,-0.11942959001782533,34,-0.08666666666666671,0.5131800409743361,-0.07412704045351518,38,-0.16797012000000008,0.44314918450338103,-0.08677098150782363,38,-0.8611111111111112,0.2407590344729469,-0.14870724190745435,31,-0.8888888888888888,0.09986402097643245,-0.19786096256684493,34,-0.5263157894736842,0.2616182372718221,-0.14270478752125548,31,0.20588235294117646,0.5830971479395854,0.06630920207077763,34,-0.34782608695652173,0.5747676400681683,-0.07112085482530425,31,-0.75,0.38166399811618335,-0.10535731083768309,34,0.6666666666666666,0.12278596586707857,0.2017409903644941,31,-0.3181818181818182,0.3791370087355417,-0.10830356314923564,34,-0.0,0.7314720989195265,0.04053884976624972,38,-0.041666666666666664,0.2588991581008848,-0.1327889433434405,38,-0.7933333333333318,0.8307635569483158,-0.02418207681365576,38,-4.383072265600005,0.32062201063429585,-0.112375533428165,38,Třebíč  Podklášteří,49.2236,15.87,463.0
0-203-0-41602008001,36,-0.3613464954514568,4.38366946138119e-05,-0.4761904761904763,36,-0.41460759840811967,3.0729255454863694e-05,-0.48571428571428577,36,-0.41947115384615363,0.014215907068163187,-0.28571428571428575,36,-0.43247708676485674,0.01044530703621189,-0.29841269841269846,36,-0.4169047619047615,0.029793934910438233,-0.2571428571428571,35,-0.45864029166666653,0.029793934910438233,-0.2571428571428571,35,-0.9916666666666667,0.022911907781350986,-0.26528999631250333,36,-0.8813560249999999,0.023755020201759788,-0.2634920634920635,36,-0.6470588235294118,0.23275920814120765,-0.14153372920397717,35,-1.2,0.031930327727507965,-0.2546388850223328,35,0.7142857142857143,0.10527951057496462,0.19240677604757456,35,0.4117647058823529,0.2676483377650778,0.13187044046367774,35,-1.25,0.00038175072746067263,-0.4219446843148565,35,-1.0,0.015115974631251585,-0.28836588966105237,35,-1.75,0.002892537566419334,-0.35982909273094554,35,-1.0769230769230769,0.07025116923165159,-0.21826751545846532,35,-0.16954022988505746,0.006390314871762868,-0.3272380160985571,36,-0.16666666666666666,0.009307590356835226,-0.31059188445537483,36,-43.22076612903225,0.0075920118473087805,-0.31111111111111117,36,-42.38374601192308,0.008230777578221144,-0.30793650793650795,36,Bohdalov,49.481656,15.871783,583.0
0-203-0-41602014001,39,-0.13444947209653096,0.005199972868896921,-0.31174089068825916,39,-0.11375794612244898,0.011463388197281892,-0.28205128205128205,39,-0.26404320987654323,0.035772134792700507,-0.23755334281650073,38,-0.2242473456060846,0.0896575048881351,-0.19203413940256048,38,-0.1786580086580085,0.3983926125572388,-0.09841269841269842,36,-0.1625968900793651,0.359917824728639,-0.10510510510510511,37,-0.688888888888889,0.07937855897337218,-0.1959461248595821,39,-0.3755741999999998,0.24063678561206192,-0.1309041835357625,39,-0.9534632034632035,0.12033752987072653,-0.18152958299547287,36,-0.8421052631578947,0.07732800868102671,-0.20346791003947493,37,0.6181818181818182,0.09637755645218753,0.1945795797642005,36,0.378021978021978,0.31360939236739793,0.11622803708467246,37,-0.8947368421052632,0.05137547258742698,-0.22752650321016782,36,-0.6515151515151515,0.15756010935699305,-0.16289759524200023,37,-1.1666666666666667,0.07567893369892141,-0.21074370370504372,36,-0.6363636363636364,0.30635622938893814,-0.11947237609024375,37,-0.15,0.03855850991224023,-0.2374033101862264,39,-0.14285714285714285,0.041400161369719045,-0.2326022161242154,39,-29.466666666666654,0.016071946414393776,-0.26855600539811064,39,-24.968989663333335,0.04593566783244592,-0.22267206477732795,39,Radostín,49.460278,15.9675,512.0
0-203-0-41602037001,39,-0.07626086956521741,0.00442391144694588,-0.3193008464279447,39,-0.09088458694606413,0.011463388197281892,-0.28205128205128205,39,-0.1463636363636364,0.018187825535744575,-0.26495176618489025,39,-0.15327803489010988,0.0714771486783669,-0.20107962213225372,39,-0.17752100840336135,0.14193210275314738,-0.18181818181818182,33,-0.09938586798340554,0.44560053289767665,-0.0888888888888889,36,-0.7482758620689655,0.009539662293890475,-0.2909666670191822,39,-0.3348126363636361,0.26058515870606247,-0.12550607287449395,39,-1.2182539682539684,0.06511038415608075,-0.22602180997828195,33,-0.6923076923076923,0.10194028211845127,-0.19138975058773822,36,0.256578947368421,0.5046135301491546,0.08230121046786436,33,0.38461538461538464,0.23049540333745144,0.1401280991544001,36,-1.25,0.027754788755310598,-0.26945020046599927,33,-0.8235294117647058,0.048160853979030874,-0.2310775311379828,36,-1.3043981481481481,0.031613395748624006,-0.2691209168905227,33,-1.2263427109974425,0.026924284110547134,-0.2621853539583566,36,-0.13043478260869565,0.005035733667462479,-0.3240143730818776,39,-0.16666666666666666,0.003301105223298873,-0.34163709720929075,39,-15.329999999999998,0.00442391144694588,-0.3193008464279447,39,-19.07539518972973,0.023690288933547344,-0.252361673414305,39,Pavlínov,49.3508,15.8772,559.0
0-203-0-41603036001,36,-0.014649659863945574,0.073177685763796,-0.21149123565315753,36,-0.020926457475873624,0.0530926024326508,-0.22539682539682543,36,-0.03215112433862434,0.23407724314890876,-0.14045601146431072,36,-0.03707162576386164,0.2202436585202837,-0.14285714285714288,36,0.19341397849462355,0.09325643421655402,0.2275132275132275,28,0.038947325405405346,0.9014438986735968,0.019943019943019946,27,-0.10217391304347825,0.520255605013661,-0.0760034379516904,36,-0.15023678153846154,0.2414392796251561,-0.13650793650793652,36,-0.47150997150997154,0.41783935752949397,-0.10860936679041658,28,-0.6363636363636364,0.2345220696788568,-0.16285780758424467,27,0.175,0.7368273978999103,0.0451530807970771,28,0.3548387096774194,0.4652209622812067,0.10028817971942941,27,-0.899749373433584,0.09325643421655402,-0.2275132275132275,28,-1.25,0.032513093519389046,-0.2934472934472935,27,-0.7,0.2735277431912725,-0.1505668750429043,28,-1.2962962962962963,0.035069002818393986,-0.2983811975164304,27,-0.05263157894736842,0.0682963089894344,-0.22303152847232832,36,-0.07142857142857142,0.04591726035059968,-0.24597601850723633,36,-4.2,0.17572086819964716,-0.1598292544249053,36,-5.646644968475,0.08125077369559813,-0.20317460317460317,36,Hrotovice,49.1105,16.0588,425.0
0-203-0-41603056001,37,-0.014706267449696737,0.04739154928294321,-0.2307460876727076,37,-0.007623427642027581,0.33312567816369987,-0.1111111111111111,37,-0.01881013071895425,0.19181355921187726,-0.1529581975595349,37,-0.005134052630052909,0.7338181886126929,-0.039039039039039033,37,-0.1678571428571427,0.1981766625961337,-0.17948717948717952,27,0.07353173333333338,0.5239409306655621,0.08505747126436781,30,-0.16,0.21223365729880106,-0.14517137966163723,37,-0.03091638995098036,0.8547161531814761,-0.02102102102102102,37,-1.2,0.10386194842613079,-0.22253945610567474,27,-0.375,0.49772914846815575,-0.08745690485666885,30,0.07692307692307693,0.9004375366342199,0.017118419700436517,27,-0.08333333333333333,0.9005813524742953,-0.016129075073521633,30,-1.2272727272727273,0.08741861555299218,-0.2364672364672365,27,-0.3333333333333333,0.4787611106371267,-0.0942528735632184,30,-0.7777777777777778,0.08032976653895052,-0.25020707212916315,27,-0.0,0.5437623236804525,-0.08281764546050623,30,-0.0,0.18957191826899977,-0.16047040459458795,37,-0.0,0.21935969268258826,-0.14905711059195473,37,-3.215574712643679,0.11209347255860787,-0.18490249409534848,37,-1.2003119897596153,0.5131478467510788,-0.07507507507507508,37,Moravský Krumlov,49.040547,16.305604,255.0
0-203-0-41701004001,36,-0.007564018515207502,0.005661400665550092,-0.3357572326170479,36,-0.0098628776143776,0.03138937892908212,-0.2507936507936508,36,-0.02026666666666667,0.03476784045582411,-0.25908146370879287,36,-0.0185400505647436,0.1487910839131972,-0.16825396825396827,36,-0.09782608695652174,0.7825415890122567,-0.05263157894736842,19,-0.042003364285714336,0.6012693639446683,-0.08300395256916997,23,-0.150997150997151,0.034839370763497926,-0.2562895350124953,36,-0.0730587959280303,0.31348030713018504,-0.11746031746031747,36,-0.6923076923076923,0.40081416938293446,-0.14076306861555737,19,-1.2307692307692308,0.16949665608337183,-0.2059409978260949,23,0.4,0.7825415890122567,0.05263157894736842,19,-0.2,0.8345730329857626,-0.03557312252964427,23,-1.2727272727272727,0.09329572617533399,-0.28654970760233917,19,-1.6875,0.033489217128381564,-0.3201581027667984,23,-1.1666666666666667,0.09272843190820251,-0.29730058149296784,19,-1.0769230769230769,0.004127911823790716,-0.4604039555542993,23,-0.0,0.04964711840810173,-0.2505030575476454,36,-0.0,0.15926396974370904,-0.17836534997545567,36,-2.5044444444444447,0.00934710936207821,-0.3154083094281359,36,-2.5329388521592104,0.05653027716740424,-0.22222222222222227,36,Hustopeče,48.9456,16.7258,201.0
0-203-0-41701113001,36,-0.01686851343101343,0.005598101998959032,-0.33806605743052404,36,-0.021950031327424187,0.008230777578221144,-0.30793650793650795,36,-0.04420483608463148,0.015403481427442882,-0.29733510264566165,36,-0.048186145635708194,0.04673978842151243,-0.23174603174603176,36,-0.1255952380952381,0.31878728983217275,-0.15751834837627002,21,-0.020336979166666658,0.7805448221723992,-0.047619047619047616,22,-0.2730769230769231,0.01678231124666258,-0.292547406137392,36,-0.3094303537037037,0.033598339529021026,-0.24761904761904766,36,-0.6515151515151515,0.3973932941772632,-0.13397282541141672,21,-0.59375,0.4460897333949584,-0.11739241392219954,22,0.2554347826086957,0.6282566916936226,0.07692663315510874,21,0.2,0.6513943406757982,0.06971826474880027,22,-0.7774725274725275,0.09053701792178163,-0.26794565082283345,21,-0.6363636363636364,0.23937855648715442,-0.18614718614718614,22,-1.0769230769230769,0.08827802646033378,-0.2760262237369417,21,-1.0,0.12495043668956912,-0.24174688920761409,22,-0.039230769230769236,0.015345405404134363,-0.30597124005508874,36,-0.07407407407407407,0.006193134870043766,-0.34025663632804615,36,-5.436784511784511,0.007534225894770831,-0.32635644100105643,36,-6.172097174877718,0.01044530703621189,-0.29841269841269846,36,Lanžhot,48.724722,16.9575,158.0
