station_id,n_years,mean_swe_obs_slope,mean_swe_obs_p,mean_swe_obs_tau,mean_swe_obs_n,mean_swe_mod_slope,mean_swe_mod_p,mean_swe_mod_tau,mean_swe_mod_n,mean_swe_djfm_obs_slope,mean_swe_djfm_obs_p,mean_swe_djfm_obs_tau,mean_swe_djfm_obs_n,mean_swe_djfm_mod_slope,mean_swe_djfm_mod_p,mean_swe_djfm_mod_tau,mean_swe_djfm_mod_n,mean_swe_snow_obs_slope,mean_swe_snow_obs_p,mean_swe_snow_obs_tau,mean_swe_snow_obs_n,mean_swe_snow_mod_slope,mean_swe_snow_mod_p,mean_swe_snow_mod_tau,mean_swe_snow_mod_n,max_swe_obs_slope,max_swe_obs_p,max_swe_obs_tau,max_swe_obs_n,max_swe_mod_slope,max_swe_mod_p,max_swe_mod_tau,max_swe_mod_n,dohy_max_obs_slope,dohy_max_obs_p,dohy_max_obs_tau,dohy_max_obs_n,dohy_max_mod_slope,dohy_max_mod_p,dohy_max_mod_tau,dohy_max_mod_n,dohy_first_snow_obs_slope,dohy_first_snow_obs_p,dohy_first_snow_obs_tau,dohy_first_snow_obs_n,dohy_first_snow_mod_slope,dohy_first_snow_mod_p,dohy_first_snow_mod_tau,dohy_first_snow_mod_n,dohy_last_snow_obs_slope,dohy_last_snow_obs_p,dohy_last_snow_obs_tau,dohy_last_snow_obs_n,dohy_last_snow_mod_slope,dohy_last_snow_mod_p,dohy_last_snow_mod_tau,dohy_last_snow_mod_n,snow_duration_obs_slope,snow_duration_obs_p,snow_duration_obs_tau,snow_duration_obs_n,snow_duration_mod_slope,snow_duration_mod_p,snow_duration_mod_tau,snow_duration_mod_n,n_snow_weeks_obs_slope,n_snow_weeks_obs_p,n_snow_weeks_obs_tau,n_snow_weeks_obs_n,n_snow_weeks_mod_slope,n_snow_weeks_mod_p,n_snow_weeks_mod_tau,n_snow_weeks_mod_n,swe_days_obs_slope,swe_days_obs_p,swe_days_obs_tau,swe_days_obs_n,swe_days_mod_slope,swe_days_mod_p,swe_days_mod_tau,swe_days_mod_n,station_name,latitude,longitude,elevation_m
0-20000-0-11423,58,-0.3707528957528957,6.761587333118933e-06,-0.40592861464004837,58,-0.15896893381453903,1.1850797250088512e-05,-0.39503932244404105,58,-0.3975675675675676,0.013822984686822106,-0.22202056866303685,58,-0.2349129711318682,0.00383844720971108,-0.2607380520266182,58,-0.2046623931623932,0.16436572549905593,-0.12656641604010027,57,-0.21963024455224317,0.028592191724964917,-0.19924812030075192,57,-0.8301886792452831,0.026381917506187524,-0.20048470191681303,58,-0.36857200000000034,0.04783223846347963,-0.17846339987900783,58,-0.41843501326259946,0.06909538089468562,-0.16593419465581047,57,-0.2857142857142857,0.22825217359780836,-0.10989037529406592,57,0.1,0.44863641335689675,0.06940230229770382,57,-0.08333333333333333,0.6544300892956043,-0.04091956216590175,57,-0.4117647058823529,0.05130564665943862,-0.1781574783530799,57,-0.4444444444444444,0.026108750269726116,-0.20346748354016722,57,-0.5185185185185185,0.054703922497483556,-0.1794338742384804,57,-0.24166666666666667,0.31978717858868877,-0.09288242865647862,57,-0.09523809523809523,0.0017696479758068627,-0.29006549874591797,58,-0.08333333333333333,0.018215601104003186,-0.2178123983806554,58,-39.57692307692308,0.011886545688530111,-0.22686025408348454,58,-23.53906581352941,0.0055987800745254425,-0.24984875983061097,58,Přimda,49.669444,12.678056,742.76
0-20000-0-11457,59,-0.6076975425330813,0.000872839817174453,-0.2974868497954412,59,-0.7771825579146072,0.001004147616991393,-0.2939801285797779,59,-1.3445238095238097,0.0033222815730538395,-0.2624196376388077,59,-1.3935750185499736,0.00808516869610973,-0.23670368205727643,59,-1.1573529411764696,0.0039276617810938145,-0.2577440093512565,59,-1.3086323726076552,0.0061430747138361205,-0.24488603156049094,59,-2.7695652173913046,0.0006108184077289816,-0.3063431875983411,59,-2.1255624883720934,0.009791766230391486,-0.2308591466978375,59,-0.4222222222222222,0.08183945360164836,-0.15615061818544607,59,-0.5263157894736842,0.008869466663156704,-0.23509035252030697,59,0.08108108108108109,0.43998022167214823,0.06955750678815537,59,0.07407407407407407,0.5341427333540908,0.05598304833136148,59,-0.375,0.03573553737567568,-0.18849297819866745,59,-0.6666666666666666,0.0009113292572402691,-0.29753772182855426,59,-0.4117647058823529,0.06868021229944431,-0.1677825831356323,59,-0.7241379310344828,0.002835469399206265,-0.2754264211822671,59,-0.09302325581395349,0.00025788879459887396,-0.3387322185381719,59,-0.12121212121212122,6.803609527100187e-05,-0.3671775229647571,59,-214.95000000000007,0.0009584723639503351,-0.29514903565166567,59,-257.5043643592483,0.0012077387205000967,-0.2893045002922267,59,Churáňov,49.068333,13.615278,1117.8
0-20000-0-11464,58,-0.2987980416156671,5.957543758045463e-06,-0.4083484573502722,58,-0.045337024819157086,7.78241176389366e-05,-0.3563218390804597,58,-0.345409762651142,0.015453075100381042,-0.2183908045977011,58,-0.049466248784194505,0.057648672804740335,-0.17120387174833632,58,-0.21140476190476182,0.11976758598689032,-0.14160401002506268,57,-0.035825462047977055,0.3421269112847335,-0.08646616541353384,57,-0.7428571428571428,0.016023330696627584,-0.21744413289467035,58,-0.1121818,0.0948622982089722,-0.15063520871143374,58,-0.23669467787114845,0.24452640775455958,-0.10632363201222575,57,-0.2,0.48680774777826596,-0.06342244516971805,57,0.24283374283374284,0.17056371868690134,0.1252768134002223,57,0.38618524332810045,0.06500535247179429,0.16834223991346683,57,-0.29705882352941176,0.06285763445520194,-0.17067672130294012,57,-0.375,0.06699009646234344,-0.16740250541750862,57,-0.6931372549019608,0.007985687440817795,-0.24752217359560214,57,-0.7368421052631579,0.007817374537044059,-0.24808452008083887,57,-0.10714285714285714,0.0023329807394223893,-0.28219944127659985,58,-0.05,0.022416946563600403,-0.21365710322552017,58,-35.81666666666666,0.008720469236114609,-0.2365396249243799,58,-5.25518797106383,0.014891835329276603,-0.21960072595281302,58,Milešovka,50.555,13.93083,830.5
0-20000-0-11628,59,-0.006907242063492065,0.4520263859373017,-0.06721215663354763,59,-0.04810681612896827,0.005447919695621481,-0.24839275277615427,59,-0.02989974937343359,0.2864523867182599,-0.09526592635885446,59,-0.15245813666666663,0.0013847584884017316,-0.2857977790765634,59,0.04788888888888898,0.3671601570455374,0.08210592693990437,57,-0.06744462177398375,0.3582108959251148,-0.08441558441558443,56,-0.026000000000000013,0.8444558179706754,-0.01754899768866468,59,-0.26807722222222213,0.03143744259392092,-0.19228521332554058,59,-0.375,0.17712480040190925,-0.1232713179429699,57,-0.4415184678522572,0.07716885807290096,-0.1628673135404384,56,0.21428571428571427,0.3561341270234425,0.0843305854358878,57,0.30092592592592593,0.1552443553266821,0.13124590000015998,56,-0.17584541062801934,0.3818586718709256,-0.0798495814768351,57,-0.483983983983984,0.039648794488366244,-0.18976368707852437,56,-0.41800356506238856,0.22966978504178648,-0.11164145259241685,57,-0.75,0.015327956149152657,-0.22776931058874453,56,-0.047619047619047616,0.04737093889689805,-0.18441539984006547,59,-0.125,7.238532186111604e-05,-0.36596571595827276,59,-3.5,0.30456198913461274,-0.09175920514319111,59,-15.583854819999999,0.0033222815730538395,-0.2624196376388077,59,Košetice  Křešín  Kramolín,49.573504,15.08046,532.29
0-20000-0-11659,57,-0.161832848524025,6.924513722165588e-05,-0.362155388471178,57,-0.18924915103373968,8.272104661961412e-07,-0.44862155388471187,57,-0.2266428571428572,0.011300825628583607,-0.23057644110275693,57,-0.3442841991465584,0.000250051062463158,-0.33333333333333337,57,-0.177809917355372,0.20528826347841356,-0.11528822055137847,57,-0.2941320026556776,0.0020426209266577113,-0.28070175438596495,57,-0.5245689655172414,0.05744069172948308,-0.1729323308270677,57,-0.48138967641325525,0.0028118609265478304,-0.2719298245614035,57,-0.5477272727272727,0.04581720787168873,-0.1825064908687124,57,-0.5582655826558266,0.009441449572041181,-0.23673526563350206,57,0.22953216374269003,0.10847940903965954,0.1471469907743734,57,0.2608695652173913,0.11953955739471392,0.14259018472073692,57,-0.46153846153846156,0.03277162084310086,-0.19521658303550768,57,-0.4722222222222222,0.03451302270129889,-0.19314411259025627,57,-0.6363636363636364,0.018071215254862116,-0.22074239204877802,57,-0.7,0.009054722227682986,-0.2428507620225569,57,-0.07793522267206478,0.010434115695295915,-0.24058091856544514,57,-0.1111111111111111,0.0008033554685467633,-0.3133537879315982,57,-17.068749999999998,0.04897826892367331,-0.17919799498746872,57,-32.905479654115396,0.00040271475198947105,-0.3220551378446116,57,Přibyslav  Hřiště,49.582785,15.7625,532.5
0-20000-0-11766,59,-0.7259595959595961,5.4131437274639965e-11,-0.5862068965517241,59,-0.2761658584625002,5.111349044764434e-08,-0.4868497954412624,59,-1.215631808278867,1.2201901393604907e-07,-0.472822910578609,59,-0.3631619090811966,0.0005156970544942731,-0.31034482758620685,59,-1.0787202380952383,2.6528340856885074e-07,-0.4599649327878433,59,-0.2583397264705882,0.005232493752967014,-0.24956165984804204,59,-2.245,3.8800460763105163e-07,-0.4536685373593754,59,-0.4511058157894737,0.0040938930677387915,-0.25657510227936875,59,-0.4230769230769231,0.038090926246642336,-0.18614415604042858,59,-0.47058823529411764,0.030900330355658236,-0.19326541333301323,59,0.15555555555555556,0.2018909258235715,0.11498091222048308,59,0.3409090909090909,0.01361681147325731,0.2221643075886661,59,-0.2571428571428571,0.08066075376145153,-0.15696920286125485,59,-0.7058823529411765,0.0010240697838834595,-0.29451666186786163,59,-0.35,0.16641895778778848,-0.12638540031581322,59,-1.0208333333333333,0.0005457823190114995,-0.31605228008052605,59,-0.13043478260869565,0.0001736871688365791,-0.34442011331619554,59,-0.14814814814814814,3.250570051977214e-05,-0.3810320624955475,59,-123.17307692307703,3.380259088487822e-07,-0.45600703497462985,59,-36.93837217000001,0.0005682985470707157,-0.3080070134424313,59,Červená,49.777222,17.541944,748.13
0-20000-0-11787,59,-1.877557828481511,2.6120885138809067e-05,-0.3758036236119228,59,-0.6392166052859207,1.7356049759230608e-05,-0.3839859731151373,59,-1.4905882352941198,0.012718898883679754,-0.22267679719462302,59,-0.9676044136029414,0.007480724342936163,-0.239041496201052,59,-1.2480561306648268,0.03696989014543209,-0.1864406779661017,59,-0.7565740123411978,0.019564487016508283,-0.2086499123319696,59,-2.6025000000000005,0.011812302198881363,-0.2250146113383986,59,-1.1515410000000004,0.020258906089748865,-0.2074810052600818,59,-0.3111111111111111,0.10898072229874518,-0.14386535719212937,59,-0.4864864864864865,0.04458604678194039,-0.180378550078758,59,0.12,0.15745932565074916,0.12747727408064208,59,0.13333333333333333,0.22857811527674055,0.10839812613123309,59,-0.16,0.17768643914101956,-0.12121489634838864,59,-0.27586206896551724,0.16347859555519895,-0.12507477992621857,59,-0.3333333333333333,0.15548021734208878,-0.131205233281791,59,-0.509090909090909,0.05329652571218239,-0.17768973280842348,59,-0.07142857142857142,0.0006233445655611579,-0.3197363958455432,59,-0.09375,0.004183782267012856,-0.26351266498119946,59,-270.69512195121945,0.009426764968897952,-0.23202805376972527,59,-127.23178055073683,0.007193970337738404,-0.24021040327293977,59,Lysá hora,49.546111,18.4475,1322.03
0-203-0-10407027001,59,-0.0,0.31824471152252387,0.09610323398361903,59,9.618458188275308e-05,0.901082054306683,0.011137210787467513,59,-0.0,0.21186950143120764,0.12207713380684848,58,0.0,0.9251316173773276,0.008508140639613809,58,-0.036239495798319324,0.7216407095440289,-0.048131095111188946,28,-0.0038598183333333645,0.9717917196756787,-0.006896551724137931,30,-0.0,0.21335508821381854,0.12021535801531993,59,0.008996815384615383,0.7584890860473072,0.027549942474261742,59,-0.2208672086720867,0.6636980385888592,-0.05835564295726277,28,-0.4418604651162791,0.16352863534700357,-0.18077072079464687,30,-0.5358851674641147,0.2595864721365707,-0.15180096761020448,28,-0.5172413793103449,0.1690634725359964,-0.1782450387535635,30,-0.4638655462184874,0.17256798332968337,-0.18326838676460702,28,-0.6363636363636364,0.10436495796035994,-0.20967797595578122,30,-0.0,0.7894272836000266,-0.03841281530732691,28,-0.0,0.9267883702792138,0.012513890306116012,30,-0.0,0.3892434982136793,0.08541051872622683,59,-0.0,0.598927394095824,0.05184692813681004,59,-0.0,0.3320202667154504,0.09354283458046722,59,0.0,0.9530505789421564,0.005275520899326717,59,Kostomlaty nad Labem,50.181641,14.961299,185.0
0-203-0-10501025001,59,-0.1895566415151669,0.0012077387205000967,-0.2893045002922267,59,-0.13477923221916926,0.0013232539771769177,-0.28696668614845117,59,-0.5752156862745094,0.0013847584884017316,-0.2857977790765634,59,-0.4085307096648426,0.001004147616991393,-0.2939801285797779,59,-0.655,0.0016549431441088903,-0.28372655777374467,58,-0.38394046957264966,0.0024838526165530065,-0.2728372655777374,58,-1.1588235294117648,0.004822764559816496,-0.25204682672392326,59,-0.7772202499999997,0.002803086213773123,-0.26709526592635885,59,-0.5333333333333333,0.019542004016004855,-0.21123031212228852,58,-0.3333333333333333,0.07541431633696843,-0.16070392943858386,58,0.09259259259259259,0.5820807313120373,0.049924916638897844,58,0.21052631578947367,0.15287655753280738,0.12956398530256769,58,-0.4444444444444444,0.017857551826444076,-0.2143305054144912,58,-0.5964912280701754,0.0016120188169627696,-0.2854562177271538,58,-0.3888888888888889,0.11971379375775472,-0.14398964030712827,58,-0.8,0.004923689855614916,-0.25930660797057536,58,-0.08333333333333333,0.02481671008894362,-0.2055473313504793,59,-0.14285714285714285,0.0006275309017246466,-0.3128392320376061,59,-64.16666666666667,0.0017337499303726259,-0.2799532437171245,59,-47.91883619582927,0.001448889881401354,-0.2846288720046756,59,Jilemnice,50.6014,15.5125,462.0
0-203-0-10501036001,59,-0.1011555555555553,0.004631604403483725,-0.25306838106370544,59,-0.05507118558900395,0.002803086213773123,-0.26709526592635885,59,-0.3252717391304349,0.005447919695621481,-0.24839275277615427,59,-0.1731664379513889,0.00292543131243541,-0.265926358854471,59,-0.35239335317460313,0.009299233158627556,-0.23896103896103899,56,-0.19433639934506347,0.014470477501924806,-0.22467532467532472,56,-0.74,0.007928758595028007,-0.237357507948333,59,-0.4241146428571428,0.010963485295466967,-0.22735242548217416,59,-0.5194902548725637,0.024113653525787513,-0.20802273600704219,56,-0.5,0.02693039205133723,-0.20371025841711177,56,0.0625,0.8155340857757433,0.02150551448197962,56,0.2608695652173913,0.2433955793710637,0.10759796690019424,56,-0.5273088381330685,0.001390308791980087,-0.2956257014854174,56,-0.676734693877551,0.001144703825380741,-0.3000683598421752,56,-0.4772727272727273,0.027217909164630034,-0.20906033623428238,56,-1.0,0.0011994222216173368,-0.30425451193295205,56,-0.1,0.0032602900405987786,-0.27042748378970244,59,-0.11363636363636363,0.0006388605412595977,-0.31388904368447607,59,-36.25999999999999,0.00292543131243541,-0.265926358854471,59,-18.985593426799998,0.0016580696749862811,-0.28112215078901226,59,Nová Paka,50.49,15.5136,450.0
0-203-0-10501063001,59,-0.10093458922030352,0.44420008985948534,-0.06838106370543541,59,-0.12606434618372547,0.00840348803945355,-0.23553477498538863,59,-0.49414446629715714,0.2417723820415878,-0.10461718293395675,59,-0.4913270336,0.0011535423589880197,-0.29047340736411453,59,-0.6025999999999999,0.12117549019009652,-0.1385154880187025,59,-0.44082577069161,0.009426764968897952,-0.23202805376972527,59,-0.7333333333333343,0.2578749663029525,-0.10122885808405145,59,-0.6251009642857144,0.023256041099336766,-0.20280537697253068,59,-0.2777777777777778,0.35636297077230794,-0.08264982742278523,59,-0.23076923076923078,0.4402020527935846,-0.06918828120121276,59,0.09090909090909091,0.46764380883310264,0.06533417819764421,59,0.1794871794871795,0.17988436829481125,0.12037713560974088,59,0.07692307692307693,0.6564395984093901,0.039918203145151626,59,-0.375,0.17152559467266648,-0.12272595776797975,59,0.0,0.5114453721703545,0.06025069448551535,59,-0.30434782608695654,0.3092625710737834,-0.09295655296486059,59,0.030303030303030304,0.4547734355830282,0.06822126519788578,59,-0.09090909090909091,0.04210829635858353,-0.18562774412539926,59,-30.593181818181826,0.4840989790080895,-0.06253652834599648,59,-40.24452178424054,0.011380870522872255,-0.22618351841028633,59,Smržovka,50.7294,15.2511,550.0
0-203-0-10502005001,59,0.0336734693877551,0.006060410541332314,0.2509548280591909,59,0.0033414442866730306,0.8495872211492126,0.016949152542372878,59,0.0782051282051282,0.007438864636019812,0.24644399728426927,58,-0.11605231819875775,0.25694154954911264,-0.10223835450695704,58,-0.05028230676328498,0.8317868938046931,-0.022210473756044357,44,-0.08373231250000002,0.5415791729603694,-0.055051421657592255,58,0.5125,0.002456555777488831,0.2775002948419972,59,-0.04097692592592587,0.8088103623656897,-0.021624780829924018,59,0.22556390977443608,0.5171006897852737,0.06808649340127265,44,-0.6666666666666666,0.004633445081240135,-0.25614710263105106,58,0.256578947368421,0.36241095661814837,0.09564428323360877,44,-0.11627906976744186,0.64339648037878,-0.041869124742724216,58,-0.41742081447963797,0.06861600682373191,-0.19067839404671794,44,-0.5172413793103449,0.01569759484054063,-0.21878075930435506,58,-0.5833333333333334,0.1298049934442977,-0.1628429888356018,44,-0.0,0.8611994926743061,0.01608823412412943,58,0.04878048780487805,0.019608293970382256,0.21725347790536811,59,-0.0,0.6315491078991062,0.044134033820186915,59,8.909090909090908,0.006060410541332314,0.2509548280591909,59,2.4547613804000004,0.728897239446404,0.030976037405026295,59,Železný Brod,50.6408,15.2517,290.0
0-203-0-10502050001,58,-0.03363769489189422,0.0041791880137939585,-0.2583182093163944,58,-0.016167476062570862,0.01663165670967707,-0.21597096188747728,58,-0.09666666666666668,0.012822452383662857,-0.2244404113732607,58,-0.0447287656033805,0.039460561115257954,-0.18572292800967935,58,-0.08271158665895498,0.11813006204404444,-0.14227515584242972,57,-0.037291615301281986,0.4161638812844235,-0.07692307692307693,53,-0.3,0.009421180378687647,-0.23454584222485295,58,-0.1930884,0.0172500164918852,-0.21476104053236536,58,-0.05634920634920634,0.8579089307692638,-0.016352317686312335,57,0.039968652037617555,0.8418648233037378,0.018950618530950373,53,0.24025974025974026,0.23896593600919214,0.10764992508260307,57,0.023157894736842106,0.9205416744151125,0.009471842900162378,53,-0.375,0.03819014254357337,-0.18948904941440656,57,-0.2,0.34924946585100836,-0.08879222488092656,53,-0.5833333333333334,0.019575505272668742,-0.2177267465919458,57,-0.0,0.4971109127918,-0.0663120778447354,53,-0.06666666666666667,0.002062504765639227,-0.2892041347354075,58,-0.05263157894736842,0.014091337171174372,-0.23075934527434344,58,-12.075000000000017,0.0027731151625585747,-0.269894112203081,58,-5.844558747999997,0.008057413622763703,-0.23895946763460374,58,Boseň  Mužský,50.5222,15.0404,382.0
0-203-0-10502072001,59,-0.015130023640661938,0.02244204865230595,-0.20445281674677693,59,-0.009722351072463768,0.027537906908881315,-0.19696084161309177,59,-0.044444444444444585,0.04189186571375597,-0.18240582152370632,59,-0.02760977525420168,0.04902368196622241,-0.17592051431911163,59,-0.0025000000000000356,0.934588221462532,-0.007697698232015911,54,0.004586131250000014,0.9001492046367381,0.012244897959183673,50,-0.21081081081081082,0.04124755151137295,-0.183046212156918,59,-0.11817220588235297,0.1091170571904892,-0.14319111630625364,59,0.28125,0.2019509899579155,0.11983228577512244,54,0.07692307692307693,0.7189793621828389,0.035246197648025175,50,0.2708333333333333,0.2759282592510848,0.10234891444310744,54,0.15625,0.4564647122632892,0.07289146403491509,50,-0.2830188679245283,0.1651110204975622,-0.1304815043526104,54,-0.34782608695652173,0.16231664598324091,-0.13677387071720024,50,-0.5833333333333334,0.02453290780508347,-0.21696926049731838,54,-0.4117647058823529,0.08817543600529561,-0.17307364152660223,50,-0.046511627906976744,0.009143266849676753,-0.2440531938483773,59,-0.038461538461538464,0.02221147366960411,-0.21483324746048707,59,-5.563157894736841,0.008884998331191838,-0.23439870538295912,59,-3.4288876,0.01581874740119233,-0.2156633547632963,59,Bakov nad Jizerou,50.4804,14.9391,220.0
0-203-0-10502101001,59,-0.00995855995855996,0.007711458183245283,-0.24119642286461393,59,-0.009265515160197413,0.017604470014125607,-0.21215663354763292,59,-0.023333333333333334,0.02576521195096201,-0.2028063743504221,59,-0.02417075460239652,0.03143744259392092,-0.19228521332554058,59,-0.021578947368420965,0.6568018729108823,-0.047619047619047616,42,0.017055588997695867,0.7770240309114536,0.02959830866807611,44,-0.19230769230769232,0.01047394247336728,-0.23211201947788188,59,-0.12872252173913043,0.0642163402474211,-0.16540035067212155,59,-0.1,0.8537946575836051,-0.0197905076578323,42,-0.1359447004608295,0.7383935859205815,-0.03508831928831582,44,0.02857142857142857,0.9222700058393539,0.010489574610046154,42,-0.25357142857142856,0.4125212498518972,-0.08585085781683854,44,-0.375,0.1718489384457873,-0.14711236320034274,42,-0.375,0.23242530569803987,-0.1254002824618426,44,-0.3888888888888889,0.08625414713658254,-0.19024350335708065,42,-0.0,0.6267446355653047,-0.05339619849712816,44,-0.0392156862745098,0.010564528860463992,-0.2424595163126718,59,-0.02702702702702703,0.019939885646941716,-0.22134392917771195,59,-3.948717948717949,0.003880643049468164,-0.26155312850716367,59,-3.608692349824211,0.011812302198881363,-0.2250146113383986,59,Mladá Boleslav,50.42267,14.91405,221.0
0-203-0-10503013001,58,-0.007503506311360449,0.035075535092785874,-0.19264398468090843,58,-0.00801529579880437,0.028270554292853974,-0.1978221415607985,58,-0.018898623279098872,0.07771217237237317,-0.16248101710596302,58,-0.020480870034373752,0.03819390833380874,-0.18693284936479126,58,0.02538461538461532,0.5029078691491977,0.07099288806823698,43,-0.0049923804395604066,0.8752595797672077,-0.01661129568106312,43,-0.1142857142857143,0.15719879097885212,-0.1297792557668991,58,-0.10189030454545454,0.1775602495791735,-0.1215970961887477,58,-0.2777777777777778,0.408214384489644,-0.08777826543616259,43,-0.5,0.10020690291611187,-0.17464021589758236,43,-0.05,0.8587051710001373,-0.018931251137734095,43,0.030303030303030304,0.8422718675135905,0.021182190708403298,43,-0.7441860465116279,0.015604281244080791,-0.2563824296416128,43,-0.75,0.011286668147974731,-0.269040391321884,43,-0.5121951219512195,0.029928758781605547,-0.24001661072085595,43,-0.5384615384615384,0.023070411137365816,-0.25363560045740796,43,-0.03225806451612903,0.02337949262823177,-0.21715855952225824,58,-0.02631578947368421,0.04537661449333826,-0.19171677404193316,58,-2.675,0.02582606590258879,-0.20385023821393944,58,-2.774690597608696,0.0172500164918852,-0.21476104053236536,58,Brodce,50.3347,14.8661,220.0
0-203-0-10504033001,59,0.0014601585314977057,0.03741045404615492,0.19592390137077603,59,0.00025759593655644096,0.7436678862028354,0.0292483294811078,59,0.0047879616963064295,0.023305601504788276,0.2143165560882405,59,0.0002321660392156864,0.8188971583709704,0.020515914608492787,59,-0.04206349206349204,0.4975465382786006,-0.0876591176233922,30,0.007966652173913024,0.8958668197336087,0.021538461538461538,26,0.046875,0.03863866402352971,0.19505573333048912,59,0.02746999756097561,0.4325708419651756,0.07019599075465872,59,0.07692307692307693,0.8723923763758188,0.020737382237384958,30,-0.3548387096774194,0.5370280340077522,-0.08628669719059119,26,-0.025,0.8722982498177871,-0.020833835698468462,30,0.12195121951219512,0.7239750408415393,0.049613893835683376,26,-0.5806451612903226,0.06603126154355,-0.23732781893896115,30,-0.6538461538461539,0.11309398151890815,-0.2246153846153846,26,-0.4375,0.07575604087074422,-0.23915958705791085,30,-0.4883720930232558,0.06499392712554247,-0.2708617111323709,26,-0.0,0.13235728719910161,0.14754604219732712,59,-0.0,0.9308110869210764,0.008637771106886601,59,0.5212765957446809,0.035576128366861186,0.19804559179017237,59,0.12290002334042553,0.6851247178913381,0.036267928556573674,59,Bašť  Baštěk,50.205,14.4622,230.0
0-203-0-10504037001,59,0.005429341547939931,0.36205955692376557,0.08235361667202072,59,0.004204615236849885,0.3844360585044494,0.07773232028053768,59,0.005390070921985815,0.6281452861932337,0.04416243868186694,58,0.0020356242791234112,0.85101161739608,0.016944024981359346,58,-0.1733333333333329,0.022404292237668995,-0.23034227567067533,47,-0.05223001458333332,0.42496946884464815,-0.08048103607770583,47,-0.0,0.7529265245605175,0.028481456097865773,59,0.022796242857142855,0.7785585771362058,0.025131502045587374,59,-0.025,0.948803512115731,-0.006493531638804899,47,-0.12903225806451613,0.673102329842938,-0.04261236165674629,47,-0.06896551724137931,0.7000115419044163,-0.039015668335085546,47,-0.2,0.31729693002078874,-0.10130220896308773,47,-0.3181818181818182,0.09870433721464224,-0.16705424558218632,47,-0.2857142857142857,0.22595047920264455,-0.12250644676026998,47,-0.0,0.6854386767898717,-0.04190248155965072,47,-0.0,0.6921559472029544,0.04101050641215272,47,0.022222222222222223,0.20743477637787922,0.11770341204263227,59,-0.0,0.5790390533939417,0.05188297832333652,59,1.7945454545454547,0.3484107566913418,0.08472350492157528,59,0.8951270714473682,0.46791045023483446,0.06487434248977206,59,Mšeno,50.44061,14.63399,340.0
0-203-0-10504048001,59,-0.0028846153846153848,0.19879778323131447,-0.11821548304366898,59,-0.005065620289930549,0.09156033134495921,-0.15083309618391602,59,-0.0,0.5173030629068012,-0.06035126284162912,58,-0.021828389329212456,0.0463412418408003,-0.17967332123411975,58,0.013333333333333345,0.7994019975389359,0.028416883499940614,39,0.020241595556912184,0.5044264308181012,0.06976744186046512,44,-0.009999999999999905,0.330179707404209,-0.08966113608544186,59,-0.06050696578947371,0.28940873638098563,-0.09470915341780775,59,-0.55,0.17537065877221447,-0.15145399649347582,39,-0.4722222222222222,0.14792296809559852,-0.15172518410171776,44,0.13333333333333333,0.654295546396098,0.050135915593584456,39,-0.16228070175438597,0.5303655507211573,-0.06588828400537493,44,-0.5,0.14645821935665154,-0.16249246797162395,39,-0.5086206896551724,0.07996791851658759,-0.183947855662989,44,-0.5,0.03545755930346781,-0.24410796012243777,39,-0.0,0.718830605564301,-0.03952257305305174,44,-0.0,0.06731168697122931,-0.17574374689805147,59,-0.02,0.06899924384202902,-0.17302391940865938,59,-1.033333333333334,0.18521703378078214,-0.12202678373051995,59,-1.575746156833335,0.11351500283441034,-0.14147910572289799,59,Kropáčova Vrutice  Střížovice,50.3255,14.7046,210.0
0-203-0-10601011001,59,-0.4000245290423861,0.000722449182255586,-0.3021624780829924,59,-0.7680323845858923,0.0002089940218011755,-0.331385154880187,59,-0.5281862745098042,0.04331066974764023,-0.18059614260666276,59,-1.043321876902902,0.020974732913415096,-0.20631209818819402,59,-0.4089531680440773,0.10625584387698919,-0.1443600233781414,59,-0.9080167700000004,0.03248329382376404,-0.1911163062536528,59,-0.9066666666666663,0.061385742600111766,-0.1675950743488158,59,-1.4999350000000007,0.020974732913415096,-0.20631209818819402,59,-0.4117647058823529,0.11341208541538378,-0.14197815173709666,59,-0.38461538461538464,0.047479071760661816,-0.17771371035910938,59,0.20689655172413793,0.06992531996555325,0.16294458763001393,59,0.2,0.1654254184542191,0.12467159159632608,59,-0.7317073170731707,1.5762461396075646e-05,-0.3876700299221724,59,-0.68,0.00036267751373203244,-0.32040530172053894,59,-0.875,0.00020978611796436487,-0.33967879258885925,59,-0.7777777777777778,0.004594292382126388,-0.2591586623070202,59,-0.15384615384615385,8.348626629784218e-05,-0.3590592905151883,59,-0.15789473684210525,8.452727268860878e-05,-0.35967504796646077,59,-86.72499999999994,0.0061430747138361205,-0.24488603156049094,59,-165.371788631875,0.0033222815730538395,-0.2624196376388077,59,Borová Lada,48.99055,13.661958,898.0
0-203-0-10601050001,59,-0.05388226059654635,0.4062477413656087,-0.07422559906487433,59,-0.20007566745131966,0.024062923767014393,-0.20163646990064288,59,-0.09880341880341881,0.5693999896420567,-0.05084745762711864,59,-0.5346025349037699,0.0406718821478845,-0.18293395675043833,59,0.07869047619047623,0.6330897265522257,0.042665108123904144,59,-0.30373750543815164,0.19764886785743307,-0.11513734658094679,59,0.2222222222222222,0.37377346997464445,0.07955545618861322,59,-0.5682481153846154,0.18433808312798372,-0.11864406779661016,59,-0.0,0.9634785748034856,-0.004105597269022329,59,-0.4411764705882353,0.11344810816350805,-0.14181121675669028,59,0.20833333333333334,0.11636753101148892,0.1410542115121842,59,0.21428571428571427,0.10891507149395954,0.1442060689948003,59,-0.2857142857142857,0.09142163194087632,-0.15163327737559798,59,-0.5333333333333333,0.0022006616220209335,-0.27489329394481316,59,-0.5384615384615384,0.03742727847737892,-0.1908170044408982,59,-0.8484848484848485,0.000591537132317818,-0.31579839825845496,59,-0.1,0.002891624770899682,-0.27302987475556895,59,-0.15151515151515152,0.00039148803579446055,-0.3228627709927401,59,-19.71666666666667,0.3363990262490011,-0.08591466978375219,59,-71.12428810153332,0.02489397015895969,-0.20046756282875508,59,Stožec,48.8570531,13.8217247,797.0
0-203-0-10602032201,59,-0.005686456400742118,0.7436819897020954,-0.0292312201906814,59,-0.056639520715077246,0.0031848564717271606,-0.2635885447106955,59,0.01459183673469388,0.8342389801135931,0.018707980922036096,59,-0.17128010282248063,0.009426764968897952,-0.23202805376972527,59,0.0783959456424079,0.3971436928999217,0.0770918245313606,57,-0.09921771686507934,0.2647717842700006,-0.10150375939849625,57,-0.009999999999999964,0.9478562666487663,-0.00584966589622156,59,-0.3476769324324325,0.023256041099336766,-0.20280537697253068,59,0.05131578947368421,0.8309589622324811,0.019503151434195256,57,-0.375,0.1501223202980791,-0.13140600416266565,57,0.30662393162393164,0.04960312584835024,0.18010134025470373,57,0.4117647058823529,0.025631999260822026,0.2044213267677821,57,-0.4023809523809524,0.12983373991407343,-0.13819139097374145,57,-0.5909090909090909,0.007706621545164992,-0.24316779580132927,57,-0.6914634146341463,0.031261934880177124,-0.20018467361398884,57,-0.9600313479623825,0.0005158648162861567,-0.32262765379209485,57,-0.043478260869565216,0.1824438617923717,-0.12265220696862122,59,-0.11904761904761904,0.0001812237341005036,-0.34407068250029105,59,-2.6249999999999982,0.6947792179399539,-0.03507746422881768,59,-19.882227591292498,0.0020693216545497636,-0.2752776154295733,59,Soběnov,48.7476228,14.5355644,526.0
0-203-0-10603060001,59,-0.003942428035043805,0.15867468779167504,-0.12853791805467818,59,-0.0066108420612987035,0.08192225215222217,-0.1556011128394935,59,-0.011961206896551724,0.1959836322030024,-0.11823833245096495,59,-0.0207831297249809,0.07206736200902836,-0.16100727412167443,59,0.009166666666666634,0.8283949838785523,0.023242304911422807,42,0.012301642724458182,0.7025460021345854,0.04146341463414634,41,-0.011764705882352951,0.38447711627479586,-0.07953091672088027,59,-0.07806194255319149,0.21887690576015095,-0.10997371884896533,59,-0.13636363636363635,0.6333194244502707,-0.051312380779629276,42,-0.18233618233618232,0.50739879516957,-0.0721715912977772,41,0.09523809523809523,0.6802992777446468,0.044367220647722416,42,0.15,0.543963100608008,0.0661772656870343,41,-0.2,0.3291803220884394,-0.10495714250378715,42,-0.3333333333333333,0.20828523565855694,-0.13691972465471056,41,-0.0,0.4225319042503396,-0.08971356493026691,42,-0.4827586206896552,0.08526642864323238,-0.1927977933591027,41,-0.0,0.20267555293448014,-0.1212201051120213,59,-0.024390243902439025,0.035385830228577414,-0.200471381615605,59,-1.3078947368421057,0.1811838625429376,-0.12196847921237086,59,-2.213273664388889,0.08192225215222217,-0.1556011128394935,59,Hluboká nad Vltavou,49.0536578,14.4334833,410.0
0-203-0-10702007001,59,-0.011428441534824509,0.11652903736469082,-0.14030985691527073,59,-0.012624875135355398,0.0763611923967007,-0.15838690824079485,59,-0.03281979458450046,0.15776160323569,-0.1263527833583857,59,-0.035342486412878786,0.15587898141834267,-0.12682641729982463,59,-0.02676767676767676,0.5584528971189626,-0.053274838090777654,57,-0.009210019480519482,0.913287278475019,-0.010101010101010102,55,-0.07804878048780486,0.2893399770924103,-0.09487574836347923,59,-0.10273675925925925,0.29844283624789303,-0.09292811221507889,59,-0.0521680216802168,0.8850386913685201,-0.013186845035287912,57,0.18181818181818182,0.45016214173944724,0.07019931841180169,55,0.2,0.3817533212633436,0.0800011467789512,57,0.42105263157894735,0.08517491992959035,0.16046274647073125,55,-0.5143325143325144,0.09029284324363818,-0.15462049956564158,57,-0.32432432432432434,0.27275094375054687,-0.10223575829991738,55,-0.4375,0.13930506314615854,-0.1379420446600491,57,-0.5675675675675675,0.03508989530781133,-0.20064872891331623,55,-0.022727272727272728,0.20573914771143986,-0.11805149168433904,59,-0.037037037037037035,0.07608384952455838,-0.16523481797323905,59,-3.5954545454545457,0.15208403197232603,-0.12807019733767797,59,-4.027723007608697,0.09031713609874574,-0.15137346580946814,59,Hranice,48.8188419,14.8469519,479.0
0-203-0-10702020001,58,-0.02330128205128205,0.22985615441956764,-0.10828796128251661,58,-0.012531568982741615,0.3723060381445509,-0.08045977011494251,58,-0.07401960784313744,0.2351039814978566,-0.1070780399274047,58,-0.0334190787499999,0.5152565403456049,-0.058681185722928,58,-0.018104288499025567,0.8042747930131546,-0.02255639097744361,57,0.05163383877777763,0.3808265681471298,0.08051948051948053,56,-0.1625000000000001,0.31751387207136417,-0.09024840056074061,58,-0.03746739999999999,0.7423890230263506,-0.029643073200241978,58,-0.4444444444444444,0.09844018100821145,-0.15075424469862703,57,-0.035759897828863345,0.8541593203401631,-0.01694928219304047,56,0.20833333333333334,0.14240403424184658,0.13417515168438274,57,0.2926829268292683,0.15111442160241528,0.13272623973061584,56,-0.4660633484162896,0.0415268279332067,-0.18616484750570966,57,-0.3239268680445151,0.17689326955826845,-0.12455279804810361,56,-0.7,0.01503314991110328,-0.2267450142022631,57,-0.6086956521739131,0.02069025156239673,-0.21846058544524044,56,-0.07142857142857142,0.013345747832348685,-0.23009666683360855,58,-0.08108108108108109,0.008821629279303552,-0.2424760609500991,58,-11.860000000000005,0.097545250455667,-0.14942528735632182,58,-6.347241128260867,0.169088939717142,-0.12401693889897154,58,Nová Bystřice,49.0190528,15.0986103,583.0
0-203-0-10702028001,58,-0.013669467787114848,0.16266892475471084,-0.12640666093140515,58,-0.016117600972129876,0.08232217320966505,-0.1566848154869933,58,-0.031914511494252874,0.2051092808904258,-0.11565110536617094,57,-0.03742982485913894,0.14828710464180647,-0.13157894736842107,57,0.06893382352941176,0.20674295990084135,0.12066365007541478,52,-0.007269559520808296,0.863125657367583,-0.017006802721088433,49,-0.024390243902439025,0.7728515634688762,-0.026156109708969057,58,-0.11122802941176466,0.3374368528552758,-0.0865093768905021,58,-0.0881782945736434,0.7762912681197389,-0.027231592126056896,52,0.13333333333333333,0.39790303626819434,0.08390607775994222,49,0.3819655521783181,0.10733652501740192,0.15442956949236866,52,0.28708791208791207,0.30065894933997317,0.10265367959256506,49,-0.6970310391363023,0.012348815326255466,-0.23969838195555918,52,-0.274294670846395,0.1841191219056023,-0.13173888881045848,49,-0.9688697318007663,0.004441997375870397,-0.27895970002535897,52,-0.7,0.012035660867485075,-0.25474375125634235,49,-0.05555555555555555,0.014781556754467389,-0.22857364569030075,58,-0.05555555555555555,0.02806113290730919,-0.20618992653931034,58,-4.76,0.16672953744328944,-0.12526771164162576,58,-5.749301463043477,0.08232217320966505,-0.1566848154869933,58,Chlum u Třeboně,48.9581153,14.9351097,462.0
0-203-0-10703011001,59,-0.0347854526425955,0.06327501438290584,-0.16603333068307036,59,-0.07831416026297976,0.005902951316238112,-0.24605493863237868,59,-0.08694581280788174,0.09670033916471603,-0.1484945985686615,59,-0.24599105514534877,0.009073949217907312,-0.23319696084161307,59,0.015293290043290199,0.8320867130539815,0.019480519480519484,56,-0.1401604338235294,0.24043606907380777,-0.10586811857229278,58,-0.09393939393939399,0.5737889609312392,-0.0503661380201186,59,-0.32144582051282056,0.1342521375689284,-0.13383985973115134,59,-0.5,0.025969817535691934,-0.20501192141019234,56,-0.5,0.06310561562231669,-0.16798108850750088,58,0.4666666666666667,0.026884625316230006,0.20437794378134366,56,0.28125,0.08824837756223927,0.15464547349122015,58,-0.6363636363636364,0.0031250226159834494,-0.27249230602657365,56,-0.5957446808510638,0.0036649388308319275,-0.2630643472764526,58,-1.05,0.0008006009031794656,-0.3149067486745872,56,-1.0,0.0007841364207465461,-0.30965352362378074,58,-0.1111111111111111,0.0005508047173352438,-0.3177089750514178,59,-0.15625,3.375318534999457e-05,-0.37960730939512444,59,-13.044230769230769,0.03522521319089491,-0.18824905802798822,59,-28.8762174092683,0.0033222815730538395,-0.2624196376388077,59,Kamenice nad Lipou  Vodná,49.2831,15.0633,557.0
0-203-0-10703017001,59,-0.01539673913043478,0.3170485042004746,-0.08942139099941554,59,-0.019367021159530356,0.1342521375689284,-0.13383985973115134,59,-0.0456043956043956,0.504745333074589,-0.05963168918899006,59,-0.05324615118249629,0.12434731696957907,-0.1373465809468147,59,0.07707270408163264,0.40876899556891366,0.07518796992481204,57,-0.0038894648310810595,0.954911408492392,-0.005194805194805195,56,-0.07407407407407407,0.6518137621485259,-0.04035088409269306,59,-0.07519463888888901,0.3844360585044494,-0.07773232028053768,59,-0.29545454545454547,0.22817865738626897,-0.11009843551561838,57,-0.13397129186602869,0.6257303402928854,-0.044907373261280234,56,0.1951219512195122,0.3489399554809166,0.08569766037108824,57,0.18873517786561267,0.3691359857484281,0.08303562781176459,56,-0.5,0.0222533420487703,-0.2086748205520041,57,-0.375,0.08708133331860939,-0.15786205017784,56,-0.5526315789473685,0.06222942967694015,-0.17369382659108595,57,-0.7,0.02505020411169765,-0.2107416103427004,56,-0.058823529411764705,0.03158479402503837,-0.1985674755913994,59,-0.0625,0.0390681222377228,-0.19025370001804245,59,-5.4424999999999955,0.27479162693819237,-0.09760374050263004,59,-6.476810564700013,0.1342521375689284,-0.13383985973115134,59,Nová Včelnice,49.2229981,15.0685064,509.0
0-203-0-10703027001,59,-0.020197254314019468,0.06325995440261628,-0.1661305114526923,59,-0.019674903776743045,0.07421591023677895,-0.15955581531268262,59,-0.049749999999999996,0.11650819998483045,-0.14039198150931745,59,-0.05867823097406047,0.10345444129353494,-0.1455289304500292,59,0.08021929824561405,0.23509122272414384,0.10909090909090911,56,-0.02133644298245613,0.6684233537068867,-0.039730639730639734,55,-0.0928571428571429,0.47588521584342125,-0.06385489119025411,59,-0.10777091304347826,0.2805808677281435,-0.09643483343074225,59,-0.08333333333333333,0.718409407344296,-0.03327935449170082,56,-0.10526315789473684,0.7111335376962811,-0.034459656111637364,55,0.3333333333333333,0.07598570812771799,0.16357224651445104,56,0.07692307692307693,0.7273790231083981,0.03248772820656921,55,-0.5240274599542334,0.020409646509542096,-0.21368191536505518,56,-0.23809523809523808,0.25422446264035625,-0.10615367947025416,55,-0.8156108597285068,0.008134027771894236,-0.24952540271056173,56,-0.45161290322580644,0.11366781412960529,-0.15087627348038624,55,-0.07142857142857142,0.0020278187355019205,-0.2858798046300758,59,-0.058823529411764705,0.027143858833903974,-0.20435521691333758,59,-6.686206896551723,0.07742940970839415,-0.15794097919798214,59,-6.995639704883726,0.0831020482942389,-0.15488018702513148,59,Lodhéřov,49.2131911,14.9622222,526.0
0-203-0-10703036001,56,-0.11243988558261307,0.005242448733857909,-0.2565768241849986,56,-0.07883517684618045,0.0019642817912672596,-0.28441558441558445,56,-0.10701712244395173,0.15133241381242085,-0.1319467640452922,56,-0.11663390847789126,0.04782616498141496,-0.18181818181818182,56,0.04930966469428018,0.5757999726607737,0.05241090146750524,54,-0.03227654863636374,0.7770832691187366,-0.02626262626262627,55,-0.0700337837837838,0.7719764048155713,-0.026649346432793004,56,-0.09158903414634145,0.4885490457319195,-0.06363636363636364,56,-0.2857142857142857,0.24742772880900887,-0.1086199081587367,54,-0.34782608695652173,0.1676975636381881,-0.12833561477690253,55,0.2641509433962264,0.1840027960356886,0.125045641463903,54,0.11538461538461539,0.5959165020678279,0.04952648088983952,55,-0.4230769230769231,0.03799255569957754,-0.19529600183688225,54,-0.375,0.03391577807923564,-0.19790311928484236,55,-0.6666666666666666,0.020198767773920615,-0.22353330668314048,54,-0.4375,0.05995040888695368,-0.17931849790324011,55,-0.09090909090909091,0.004140636821777866,-0.2709177175536852,56,-0.08823529411764706,0.005067136093844783,-0.26479075118562934,56,-8.798099415204694,0.19103392103784278,-0.12016889233980947,56,-9.526018066907119,0.10709301083960454,-0.14805194805194807,56,Strmilov,49.1630636,15.2067203,582.0
0-203-0-10704050001,58,-0.0,0.7980627761737495,-0.02338076852704797,58,-0.005230695743230175,0.43255069543587166,-0.07078039927404717,58,-0.0012596560846560858,0.6783870869749568,-0.038271408555487135,57,-0.020070296675441773,0.3635253698473131,-0.08270676691729324,57,0.015806878306878276,0.8423947985404165,0.02028985507246377,46,0.005914179709595993,0.8766975149490891,0.01530612244897959,49,-0.0,0.9516788736367076,-0.005539283904562862,58,-0.027275964285714265,0.7121730245509772,-0.03327283726557773,58,0.21428571428571427,0.41526533744109817,0.0835368890715281,46,0.08391608391608392,0.7366928696389976,0.03323399105356184,49,0.42857142857142855,0.144652118320758,0.1494434433166181,46,0.3090185676392573,0.23751347259014022,0.11684487026440116,49,-0.0,0.9169937117642138,-0.010690172013297404,46,0.039351851851851846,0.8292953572362867,0.021358629640382668,49,-0.2692307692307692,0.32594246031886687,-0.10360133792973487,46,-0.0,0.7090910739108511,-0.03803207516149772,49,-0.0,0.7756569520014146,-0.027017127809617326,58,-0.0,0.5603491024097773,-0.05494623289711733,58,-0.0,0.9892559677601658,0.0012305667645814721,58,-1.1076245727272727,0.5505002051232346,-0.053841500302480326,58,Planá nad Lužnicí,49.3533,14.6969,404.0
0-203-0-10704094001,59,-0.03268115942028985,0.05452397627387584,-0.17187957472120666,59,-0.01899869880343228,0.03940442351791515,-0.1841028638223261,59,-0.08361344537815125,0.13592999386292143,-0.13337238243385158,59,-0.05792116746255762,0.0642163402474211,-0.16540035067212155,59,-0.016356209150326914,0.8149454917874945,-0.02130325814536341,57,-0.019636279090909103,0.6818668154177745,-0.03766233766233767,56,-0.18085106382978725,0.22128126752818011,-0.10954921699612404,59,-0.13913373571428572,0.12117549019009652,-0.1385154880187025,59,-0.3015151515151515,0.16014875381280214,-0.12814110799383296,57,-0.35690653432588915,0.13767534477277504,-0.13671921359403957,56,0.3917306052855925,0.04288674266925851,0.18525817756691135,57,0.24978354978354977,0.2857180321577909,0.09846844243593533,56,-0.55,0.02805968320981645,-0.20044063788274946,57,-0.358974358974359,0.1375966761826064,-0.13698772949316695,56,-0.8366666666666667,0.007730695273956006,-0.24717764152283225,57,-0.6154589371980677,0.030504024004401824,-0.20361496924501404,56,-0.07692307692307693,0.006093835111417042,-0.2533789853976735,59,-0.06896551724137931,0.01185791635490505,-0.23198819256659628,59,-11.25121951219512,0.04131412098699772,-0.18240281398985195,59,-6.6242919921111,0.041973729451008114,-0.18176504967855053,59,Jistebnice,49.484444,14.529167,580.0
0-203-0-10704104001,59,-0.016110675039246458,0.029823524245525014,-0.1948947565322109,59,-0.017960744725925924,0.011380870522872255,-0.22618351841028633,59,-0.04509803921568628,0.07298795104312944,-0.16084687737899334,59,-0.0554463536259058,0.03355880812734135,-0.18994739918176504,59,0.028506473953628413,0.49478844417185985,0.0646098046192079,53,-0.0014956153846153752,0.9417266212243516,-0.007058823529411766,51,-0.16153846153846152,0.14088090017133725,-0.13235571197383802,59,-0.1576573395833333,0.050546883978862825,-0.17475160724722383,59,-0.1875696767001115,0.46608309378595125,-0.06911626627431552,53,-0.21621621621621623,0.41658790188925654,-0.07858561335198101,51,0.42857142857142855,0.06440251275640178,0.17559339530301024,53,0.35294117647058826,0.0974339495271346,0.1605677131970404,51,-0.4158823529411765,0.04602910073935255,-0.18950618530950372,53,-0.25,0.23877371071863762,-0.11408396386743362,51,-0.7241379310344828,0.015468604191975027,-0.23642862388992741,53,-0.5121951219512195,0.06620161801633508,-0.1828950982887362,51,-0.05555555555555555,0.01046039584946497,-0.23772093273640077,59,-0.06521739130434782,0.0027172988622079543,-0.27930614646844265,59,-5.325000000000001,0.0279063702259477,-0.1972428861289845,59,-6.1536598391,0.005902951316238112,-0.24605493863237868,59,Milevsko,49.452778,14.368611,453.0
0-203-0-10704117001,58,-0.008325581395348839,0.1061101976362516,-0.14766801174977667,58,-0.010978355291258167,0.01663165670967707,-0.21597096188747728,58,-0.01952380952380951,0.2255334725119239,-0.11075100881233249,58,-0.03314111973015873,0.03819390833380874,-0.18693284936479126,58,0.051068899782135094,0.20343591542183037,0.13144597214762066,45,0.02547122864734297,0.6273326409463402,0.0507399577167019,44,-0.019512195121951216,0.5489679477908922,-0.0548460925224831,58,-0.11736015270833333,0.05943739267229291,-0.1699939503932244,58,-0.19041867954911434,0.5058018518430003,-0.06889596161707398,45,-0.2857142857142857,0.2790291066650379,-0.11340792328891017,44,0.212406015037594,0.4054605417924563,0.08625153338458658,45,0.20761494252873564,0.42410896469412895,0.08382020660164828,44,-0.4023809523809524,0.13696271901727883,-0.15384646905912788,45,-0.2963759213759214,0.2364951663874233,-0.12413878699231452,44,-0.2692307692307692,0.3158174374528402,-0.10653126427953749,45,-0.25,0.12672922274232049,-0.167048546940674,44,-0.029411764705882353,0.07946642149320876,-0.16653287165653738,58,-0.043478260869565216,0.011880691945077727,-0.2388262112903831,58,-2.9272727272727277,0.10180553969188201,-0.1495606654231973,58,-4.159582478916661,0.01663165670967707,-0.21597096188747728,58,Bernartice,49.3662453,14.3893392,485.0
0-203-0-10801005002,58,-0.8811224489795917,0.0041791880137939585,-0.2583182093163944,58,-0.7369359175185423,0.0027133912752144536,-0.2704174228675136,58,-1.643036332179931,0.01663165670967707,-0.21597096188747728,58,-1.356134513122607,0.010596145730049005,-0.23049001814882028,58,-1.320720720720721,0.02378457963689246,-0.20387174833635813,58,-1.1563629188034186,0.013822984686822106,-0.22202056866303685,58,-2.591071428571429,0.012346645804855316,-0.22565033272837262,58,-1.8986225000000019,0.021400723341758122,-0.20750151240169387,58,-0.42857142857142855,0.05323773921427416,-0.17534604868295828,58,-0.5172413793103449,0.014039671332722659,-0.22256302165453898,58,0.13333333333333333,0.29805554657102273,0.09463156261097375,58,0.09090909090909091,0.48512331490544625,0.06339714671478287,58,-0.68,7.720924658563895e-05,-0.3584972062914774,58,-0.75,2.6522616948594505e-05,-0.3809007960731439,58,-0.875,0.0011512062619602281,-0.3002987559340871,58,-0.9545454545454546,0.0005523028194730437,-0.319359240518617,58,-0.13636363636363635,3.985367141716128e-05,-0.38059922620792624,58,-0.13333333333333333,0.00028353420397609117,-0.3359758273832993,58,-293.1526315789478,0.0036777216601234135,-0.26194797338173015,58,-239.700201125,0.0036777216601234135,-0.26194797338173015,58,Filipova Huť,49.0298283,13.5197133,1110.0
0-203-0-10801069001,59,-0.032569444444444436,0.06807395929411951,-0.16306253652834599,59,-0.03580160763809524,0.0012642788371763944,-0.288135593220339,59,-0.08723602484472048,0.11806730995113093,-0.13968439509059027,59,-0.11616022165025502,0.002803086213773123,-0.26709526592635885,59,-0.016666666666666694,0.8562768243540215,-0.016333938294010888,58,-0.06243820088888889,0.35177752635098736,-0.0889894419306184,52,-0.1400000000000001,0.4025318292015573,-0.07487572347163596,59,-0.2675052340425532,0.0182377808566289,-0.21098772647574518,59,0.10638297872340426,0.7120698496752964,0.03341463995428382,58,-0.34782608695652173,0.2556767076225166,-0.1090091078769661,52,0.5,0.02060237618494501,0.20972892392540657,58,0.3181818181818182,0.13165230085222404,0.1445335659349012,52,-0.2857142857142857,0.25403404414332464,-0.10312443638824736,58,-0.5143325143325144,0.05606718323700407,-0.18333522730207602,52,-0.8484848484848485,0.009051878929334923,-0.24039043992080875,58,-0.7,0.014752004521482787,-0.2382833416263041,52,-0.08571428571428572,0.003532083295936426,-0.26885233135296444,59,-0.0967741935483871,0.00039359733478020457,-0.327509048271813,59,-12.068000000000001,0.05371240156293611,-0.17241379310344826,59,-11.71779157705882,0.0009584723639503351,-0.29514903565166567,59,Čachrov,49.264136,13.301694,729.0
0-203-0-10801117001,59,-0.02218656195133003,0.04827185160724819,-0.17655656995171568,59,-0.02177598111070371,0.005024793385731586,-0.25073056691992984,59,-0.05360983102918591,0.09410219965565303,-0.14966384737628877,59,-0.06514191124322917,0.010963485295466967,-0.22735242548217416,59,0.003151709401709404,0.9396357210179184,0.006898717383125368,57,-0.0270580057142857,0.5371945525611456,-0.05723905723905724,55,-0.14285714285714285,0.26618324944639116,-0.09956097050488559,59,-0.16257897222222223,0.02943216077168646,-0.19462302746931615,59,-0.2330316742081448,0.2735359986927137,-0.10009554437505197,57,-0.21951219512195122,0.37176372522729617,-0.0831085823868901,55,0.079002079002079,0.7358019112544172,0.030827561944373146,57,0.43902439024390244,0.023911371445697372,0.21042184578332082,55,-0.6,0.009252299688618962,-0.23743793540033756,57,-0.45714285714285713,0.06001049051376636,-0.17500099868458976,55,-0.5384615384615384,0.11706032556946189,-0.1458870099714103,57,-1.0,0.0003817181815265314,-0.3388458487410353,55,-0.05128205128205128,0.029205517236658946,-0.20240605484386884,59,-0.07692307692307693,0.0013079106099791566,-0.29831592839712107,59,-6.752941176470588,0.05209949075839907,-0.17368424022507012,59,-7.479303415294115,0.004445648779888653,-0.2542372881355932,59,Chanovice,49.4031031,13.7176939,533.0
0-203-0-10801119001,59,-0.007202020202020205,0.19225896983717639,-0.11754946745796088,59,-0.02481474085833732,0.0016580696749862811,-0.28112215078901226,59,-0.012727272727272728,0.3935768687869202,-0.07723038170541827,59,-0.07352940531410257,0.008732970497872616,-0.23436586791350086,59,0.029090909090909074,0.5870817332691153,0.05359422007578722,49,-0.02700015458333338,0.6696650547517953,-0.04163265306122449,50,-0.05555555555555555,0.41643018450836133,-0.07340043897450922,59,-0.20219844,0.027537906908881315,-0.19696084161309177,59,-0.07448275862068965,0.8092379727410111,-0.023870495801314423,49,-0.20930232558139536,0.49796462106202555,-0.06628497880031799,50,0.3245556287030941,0.15725804820880773,0.14017278334917746,49,0.3076923076923077,0.1298098614673124,0.1486067235142745,50,-0.32085561497326204,0.2587256451725771,-0.11163212379529745,49,-0.45714285714285713,0.07888125321781903,-0.1720618004029213,50,-0.21212121212121213,0.2917813342448964,-0.10822188076783006,49,-0.8235294117647058,0.0021095181224614237,-0.3080965260884243,50,-0.02702702702702703,0.0866611784840725,-0.16108033611244868,59,-0.08695652173913043,0.0005534599721331364,-0.32114523747205626,59,-2.761111111111111,0.17497101162005668,-0.12234813967252164,59,-8.558851199499998,0.0011535423589880197,-0.29047340736411453,59,Horažďovická Lhota  Smrkovec,49.3398103,13.5981892,483.0
0-203-0-10802009001,59,-0.009223044397463,0.5344343012091513,-0.05552308591466978,59,-0.10620520468207952,0.0031848564717271606,-0.2635885447106955,59,0.014194139194139178,0.8291412491975028,0.01928696668614845,59,-0.3212782893065227,0.012718898883679754,-0.22267679719462302,59,0.09964285714285714,0.19085389001650044,0.11796733212341196,58,-0.19398293333333427,0.097545250455667,-0.14942528735632182,58,0.015384615384615467,0.9011129240188617,0.011111113011031421,59,-0.3919815,0.09540126939912012,-0.14903565166569258,59,-0.16666666666666666,0.6147991813169058,-0.04553764279344714,58,-0.55,0.04207332304249647,-0.18363666716829574,58,0.15555555555555556,0.35788227353412083,0.0833345820960177,58,0.3409090909090909,0.02132856823872269,0.2088962831515183,58,-0.3,0.15683741958489564,-0.12811256839223129,58,-0.5106382978723404,0.0045356376955898794,-0.25683230535504187,58,-0.3181818181818182,0.2908696453729894,-0.09736410237062033,58,-0.9722222222222222,0.00039774980052499403,-0.3277672751581775,58,-0.05263157894736842,0.08401792703368277,-0.15910296959143613,59,-0.15384615384615385,8.417060377167776e-05,-0.36056588536308526,59,-3.8399999999999963,0.42878181179586305,-0.07071887784921098,59,-37.881836888933336,0.0018125950551701906,-0.27878433664523666,59,Vimperk,49.0657822,13.7824278,637.0
0-203-0-10802017001,59,-0.04232653061224491,0.024472334371882815,-0.20111079491188805,59,-0.1926050069504456,0.0030526313857016972,-0.26475745178258325,59,-0.12833333333333333,0.026850444423152087,-0.1996974372803066,58,-0.7152374282437276,0.0003681237860050458,-0.3212341197822141,58,-0.10948104453870627,0.12475074834504764,-0.13976810463815784,57,-0.6132778546895723,0.0020426209266577113,-0.28070175438596495,57,-0.17419354838709672,0.20453313085749403,-0.11348351838669828,59,-0.8181386153846156,0.014194322525714774,-0.21917007597895966,59,-0.1794871794871795,0.577035928288586,-0.05089558516772008,57,-0.5648015303682449,0.04223463841472466,-0.1853604644997213,57,0.212406015037594,0.19544650806498198,0.1183145527010963,57,0.37915543575920935,0.019908643760743854,0.21311899043149904,57,-0.4708049886621315,0.11643503322418736,-0.1433068044754727,57,-0.59375,0.000685215450930286,-0.3107524984859141,57,-0.6914634146341463,0.05944583537309887,-0.17521916101261562,57,-1.105263157894737,0.0005732891186034437,-0.3198520807307715,57,-0.08823529411764706,0.004446101069238947,-0.2621093707928423,59,-0.13636363636363635,0.0009509452715475958,-0.3017947839974233,59,-13.957142857142859,0.020611401345912723,-0.20695703895002435,59,-61.98562213083333,0.0034650867607222443,-0.2612507305669199,59,Vacov  Peckov,49.1352075,13.7263994,738.0
0-203-0-10802073001,59,-0.0029173553719008287,0.7682315521581207,-0.026518286051697544,59,-0.0033900723048707437,0.3564932660140778,-0.08240794856808883,59,-0.0,0.9581651221047214,0.004738353783633829,59,-0.011070192252551023,0.41367936658966153,-0.07305669199298655,59,0.10512820512820512,0.27743506997023704,0.10714285714285712,49,0.058677143518518535,0.16397742206778765,0.1420289855072464,46,0.05555555555555555,0.551190232613274,0.0536897076898667,59,-0.024636916666666626,0.587283049445661,-0.048509643483343065,59,-0.375,0.14501040665030399,-0.14438433636898684,49,-0.2777777777777778,0.20443507942918726,-0.1297824627647843,46,0.15,0.5692742859363488,0.05636259748335979,49,-0.08333333333333333,0.7981343003283609,-0.026213901098778546,46,-0.4646825396825397,0.08461356895175434,-0.1706494580598202,49,-0.1,0.5892364334653726,-0.05534045787519915,46,-0.4913793103448276,0.10725685925090156,-0.16323930860006466,49,-0.0,0.7656339367720493,0.0318552466354679,46,-0.0,0.36266361845784656,-0.08506989835609868,59,-0.0,0.19130142204516654,-0.12325692180117058,59,-0.8500000000000004,0.7334524017098241,-0.030652460618509146,59,-1.212431461791667,0.3430145946663262,-0.08474576271186439,59,Sedlice,49.3756828,13.9416925,511.0
0-203-0-10804001001,58,-0.02200087247346227,0.1732020701448973,-0.12303050638667998,58,-0.014620778734575568,0.10028850771339583,-0.1482153660012099,58,-0.05545454545454546,0.26827942041783936,-0.100000165289666,58,-0.04005891705260641,0.08471643961192289,-0.1554748941318814,58,-0.10158730158730156,0.2793599599055726,-0.1013277428371768,54,-0.02689498798319325,0.6126696576929394,-0.04789550072568941,53,-0.19374999999999987,0.3579832860341785,-0.08308089937013581,58,-0.10095968750000006,0.3442373340031222,-0.08529945553539019,58,-0.4722222222222222,0.11532571965713237,-0.1480714879894598,54,-0.5491935483870968,0.02766612622037288,-0.2088038781129322,53,0.16666666666666666,0.4464821020349595,0.0716553675804388,54,0.18065268065268064,0.38163419073334004,0.08321309757676092,53,-0.8421052631578947,0.00025539911661801625,-0.34374159748805966,54,-0.5321477428180574,0.022686805554669273,-0.2160792745628601,53,-1.0769230769230769,0.0032778282016146317,-0.2814004616496341,54,-0.65625,0.01763634022030718,-0.23083138155439975,53,-0.05,0.08483414004433902,-0.16145783836849498,58,-0.058823529411764705,0.03891482800302191,-0.19292018667187819,58,-8.174193548387098,0.12117824815268362,-0.1400002314055324,58,-5.712638823043478,0.08716672629161706,-0.15426497277676948,58,Radošice  Mladý Smolivec,49.5023517,13.7266981,552.0
0-203-0-10804016002,59,-0.029194444444444453,0.01136565907660241,-0.22658114576395633,59,-0.01250830889351125,0.013194881570005314,-0.22150789012273522,59,-0.08540064102564102,0.02242478394518965,-0.2045729770961138,59,-0.031720693957054666,0.04331066974764023,-0.18059614260666276,59,-0.03877816627816627,0.591548649365951,-0.05128205128205128,52,0.06051342272727274,0.16978902935617568,0.14009661835748793,46,-0.31666666666666704,0.02891522836584485,-0.1956080244037164,59,-0.09889166666666653,0.10071206830073891,-0.14669783752191698,59,-0.33771929824561403,0.18746200207774988,-0.12627643465797597,52,-0.23809523809523808,0.2557754175895596,-0.11622310098338892,46,0.3099343185550082,0.08963258128593733,0.1629424848055534,52,0.2571428571428571,0.31997336454777014,0.1018436374920302,46,-0.4444444444444444,0.0744456599461275,-0.17095388390246832,52,-0.08333333333333333,0.683795905236635,-0.04170739440149808,46,-0.7777777777777778,0.008500954357174517,-0.2584973715666672,52,-0.3333333333333333,0.18516720635322004,-0.1395196318993872,46,-0.07894736842105263,0.002638474719585269,-0.27856518276320813,59,-0.05714285714285714,0.005413535735844015,-0.25994772062614613,59,-10.627272727272727,0.00977818463110731,-0.23126499373840506,59,-4.561272485933332,0.005447919695621481,-0.24839275277615427,59,Závišín,49.487222,13.923056,501.0
0-203-0-10805038001,59,0.0015151515151515152,0.2881134391764012,0.09799665486471973,59,-0.0013015927567407162,0.7585724924296355,-0.027469316189362943,59,-0.0,0.3723860661204166,0.08255044774556074,59,-0.004253071481926105,0.6424302512788826,-0.04149620105201636,59,0.06666666666666664,0.42460823164175265,0.08912898723215133,39,0.017473194816195727,0.7100952631832622,0.03838383838383838,45,0.05357142857142857,0.20473801564297212,0.11709629819639254,59,-0.0039552566037735735,0.9218589953654072,-0.008766803039158387,59,0.11538461538461539,0.7622630357931246,0.03382962321421502,39,0.24621212121212122,0.4111048645703539,0.08510677611520905,45,0.5,0.23087167657208285,0.13414744983148275,39,0.4,0.17680769467158286,0.1401033278908297,45,-0.5957446808510638,0.07937855897337218,-0.1959461248595821,39,-0.027205882352941177,0.9453934898266773,-0.007088630311301617,45,-0.6086956521739131,0.09276073111145211,-0.19327503620390687,39,-0.0,0.5486927264066435,-0.06502560887623551,45,-0.0,0.38756146368910593,0.08209780389972395,59,-0.0,0.9946884755515295,-0.0006311897509195722,59,-0.0,0.32253589783463477,0.0912886862995673,59,-0.29048616706666647,0.7986922042698554,-0.022793687901811802,59,Nečín  Bělohrad,49.7067,14.2017,465.0
0-203-0-10805047001,59,-0.019372549019607853,0.18649980990568404,-0.11809412957035285,59,-0.026097326021432454,0.01889095068957566,-0.20981881940385738,59,-0.04583333333333339,0.2923856949403052,-0.09415206288295046,59,-0.07591924233333333,0.020258906089748865,-0.2074810052600818,59,0.012698412698412738,0.8352699103508255,0.01875378100423472,58,-0.06411952185734907,0.21879033338800502,-0.112987012987013,56,-0.05641025641025639,0.7288229633738432,-0.031085236465454774,59,-0.18428517391304347,0.057041748841408495,-0.1700759789596727,59,-0.2,0.3793816118215564,-0.07958759698202145,58,-0.16,0.5292426616951271,-0.05796182494158923,56,0.391304347826087,0.06794783332578752,0.16540202702195247,58,0.373546511627907,0.08842891598229709,0.15705542394415417,56,-0.375,0.10297924133735692,-0.14763195470710852,58,-0.358974358974359,0.1413964709016035,-0.13568308445037489,56,-0.5957446808510638,0.0767186859951725,-0.16341233040788294,58,-0.84,0.012752229896882638,-0.23497007922327642,56,-0.05405405405405406,0.04653812198223127,-0.18341602621300512,59,-0.07692307692307693,0.007197752086160721,-0.24789240070945567,59,-7.419999999999993,0.15208403197232603,-0.12807019733767797,59,-9.149107171555556,0.014194322525714774,-0.21917007597895966,59,Střezimíř,49.5381,14.6181,588.0
0-203-0-10805107001,56,-0.0,0.8757821742321186,-0.01460204150811423,56,-0.01114490557780019,0.01690226826677801,-0.2194805194805195,56,-0.0,0.9943133831506803,0.0006694304251375397,56,-0.03847557691800438,0.015047575262196263,-0.2233766233766234,56,0.028946236559139707,0.7442176167367751,0.03594354694521445,40,-0.02000692777777775,0.7044586943297961,-0.04065040650406504,42,-0.0,0.9038490373670574,0.01129489569244235,56,-0.15040411590909092,0.058211822604025056,-0.17402597402597406,56,-0.25,0.5291911013230715,-0.06931969768005643,40,-0.6571428571428571,0.08281884008139608,-0.18637236856131073,42,-0.0,0.9906996101357444,0.0012878430888664642,40,-0.2,0.5952668313888366,-0.057109906210251284,42,-0.5,0.1103734466921489,-0.17597977431762143,40,-0.6363636363636364,0.05776077781718165,-0.2042029244131213,42,-0.56,0.06567781243868387,-0.20877733412213995,40,-0.2978723404255319,0.1483812177254875,-0.16204992410941838,42,-0.0,0.7463663929697126,-0.03138423308117759,56,-0.02532051282051282,0.04257555122161741,-0.19734084608018895,56,-0.0,0.7545568490028499,-0.02920408301622846,56,-3.582179799161251,0.019685622877431776,-0.21428571428571433,56,Voznice,49.819169,14.212691,385.0
0-203-0-10901012001,59,-0.01841963728674999,0.3266203304575702,-0.0876936605720442,59,-0.04565825686139456,0.026630871631872662,-0.1981297486849795,59,-0.03523809523809529,0.4800142025438636,-0.06313943561187182,59,-0.1783836878592132,0.011380870522872255,-0.22618351841028633,59,-0.09242424242424246,0.1769165538875338,-0.1252947191311863,55,-0.20409378660714278,0.022171133365703376,-0.20629159104658196,58,-0.09599999999999995,0.5387016519542683,-0.055019081436872695,59,-0.2913044000000001,0.08080346576798597,-0.15604909409701928,59,-0.3333333333333333,0.20640011267643243,-0.11760811241471499,55,-0.375,0.051700119255479855,-0.1758112475484835,58,0.38461538461538464,0.07635882838953297,0.1652584106686202,55,0.21428571428571427,0.2828611430060398,0.09747421664885698,58,-0.55,0.02937785442032331,-0.20263518122668822,55,-0.5384615384615384,0.02025783942419598,-0.21001634481124087,58,-0.8235294117647058,0.005870218486771665,-0.2623463264577046,55,-0.6176470588235294,0.02084732323927902,-0.21380279924391776,58,-0.04,0.14442316202967218,-0.13476477116423094,59,-0.08108108108108109,0.014601121705265773,-0.22413258348611712,59,-6.980000000000002,0.2634388285858783,-0.10000001709928279,59,-15.909761470749999,0.0182377808566289,-0.21098772647574518,59,Nížkov,49.5325,15.8067,531.0
0-203-0-10901046001,59,0.0017287234042553134,0.9166662088130679,0.009353990461018048,59,-0.028296097902762066,0.09031713609874574,-0.15137346580946814,59,0.00491071428571429,0.885601708408238,0.012861736883899817,59,-0.08966397934873944,0.06235627895922843,-0.16656925774400932,59,-0.02302838577291373,0.6207925258546483,-0.045454545454545456,56,-0.08281300154609932,0.23099889309451738,-0.10902255639097745,57,0.03888888888888885,0.7535750018655094,0.028094850095424354,59,-0.12917577272727276,0.3107638640663958,-0.09059029807130332,59,-0.274294670846395,0.2320712708111934,-0.11042355814481887,56,-0.4023809523809524,0.10865258170989535,-0.14640334992689852,57,0.15812500000000002,0.27301202583645756,0.10134269536081505,56,0.0459830866807611,0.7513480698075514,0.02904123742120402,57,-0.15384615384615385,0.5063328884805963,-0.06127817408253092,56,-0.375,0.052991740676567214,-0.1767866307422215,57,-0.4666666666666667,0.13443739513475886,-0.1410552606313664,56,-0.47751937984496123,0.038013116562929015,-0.19415072402331157,57,-0.0,0.8281885239537481,-0.020051574383988552,59,-0.075,0.038016995323191215,-0.19062914823727004,59,0.28,0.9426516978375596,0.0064327496379655595,59,-10.371953657692305,0.06612197283829269,-0.16423144360023376,59,Polná,49.4864,15.7061,490.0
0-203-0-10901060001,59,0.017727090836334534,0.18347376169737295,0.11991227082395003,59,0.004358230072751444,0.7886077402183724,0.02396259497369959,59,0.03753787878787883,0.2854569214558307,0.09701391141890527,58,-0.026130493663461485,0.5776894815295465,-0.050211736237144575,58,-0.15218253968253967,0.06451074234674427,-0.18040816326530612,50,-0.05255760065972222,0.4042983844668623,-0.07662337662337664,56,0.28928571428571426,0.10556775405920338,0.14590310784983082,59,0.06351823076923079,0.6145843031009268,0.04500292226767971,59,-0.3333333333333333,0.19749746066855456,-0.12628254714466414,50,-0.0304147465437788,0.904342849080494,-0.01107135982030356,56,0.3181818181818182,0.20935934296142023,0.12310392634744843,50,0.08608058608058608,0.718409407344296,0.03327935449170082,56,-0.45714285714285713,0.06088052772404866,-0.1835325870964494,50,-0.1225,0.6156323512655781,-0.04636049203985751,56,-0.7368421052631579,0.06371379031547601,-0.1848369532824609,50,-0.0,0.5895041797707994,-0.05103545438827409,56,0.047619047619047616,0.0975849578811326,0.15297622672696487,59,-0.0,0.6410808842688198,0.042898062535823185,59,6.328571428571428,0.14040415206058732,0.13290768933689043,59,2.048851194090909,0.587283049445661,0.048509643483343065,59,Štoky,49.501462,15.590799,530.0
0-203-0-10901110001,59,-0.026428475846380306,0.062307756695464886,-0.1668620840897353,59,-0.02998336382384707,0.0101693092772163,-0.2296902396259497,59,-0.08095238095238094,0.07411276695523437,-0.16002413394624374,59,-0.08949480797037038,0.013686546184912773,-0.22033898305084743,59,-0.08327485380116971,0.27299539294268926,-0.1016835016835017,55,-0.029648889729950896,0.6108485964907868,-0.046753246753246755,56,-0.3000000000000007,0.048230317027782334,-0.1768671358380909,59,-0.22275754761904767,0.06612197283829269,-0.16423144360023376,59,-0.2,0.375651859957407,-0.0824608604287082,55,-0.3449656750572082,0.1492568559154529,-0.13289972784899773,56,-0.043478260869565216,0.8502291853307389,-0.01759751944522499,55,0.2784237726098191,0.20063449173439918,0.11810908162740882,56,-0.375,0.08131592741911048,-0.16243864103284605,55,-0.44093023255813957,0.04392198102576488,-0.18572944325346036,56,-0.4117647058823529,0.238198947072359,-0.11179621056374182,55,-0.8069767441860465,0.009691165034997756,-0.2428384471711577,56,-0.05714285714285714,0.031642700681939286,-0.19954015081151014,59,-0.10204081632653061,0.0005522267173812186,-0.3175108403423738,59,-9.581249999999999,0.04605233477726848,-0.17857170402585706,59,-9.757823714882347,0.005902951316238112,-0.24605493863237868,59,Světlá nad Sázavou,49.6728,15.4075,410.0
0-203-0-10901114001,59,-0.00580929487179487,0.6471148942220863,-0.04092370826695396,59,-0.047972052630058826,0.006917121268133284,-0.24137931034482757,59,-0.01940083725798012,0.5215984095050472,-0.057293191573735545,59,-0.16183273941505297,0.005447919695621481,-0.24839275277615427,59,-0.029348739495798387,0.6201504566425089,-0.04511278195488722,57,-0.06572411075268819,0.4038037971630485,-0.07744107744107745,55,-0.045454545454545456,0.7585324681478988,-0.02753376042148572,59,-0.2713259523809524,0.07421591023677895,-0.15955581531268262,59,-0.0,0.9177150209937824,-0.009454944172999413,57,-0.26,0.3024687859907299,-0.09597903426948004,55,0.28708791208791207,0.20507347253508523,0.11594389344323704,57,0.2777777777777778,0.13839553820005235,0.13826108333598577,55,-0.1839323467230444,0.3816855683466732,-0.08010267111774312,57,-0.3888888888888889,0.03844330324659209,-0.19309302055104965,55,-0.5,0.10609197919288504,-0.1505346497122745,57,-0.8235294117647058,0.003024090443050583,-0.2819696380789871,55,-0.0,0.27896827224577614,-0.10090093607466104,59,-0.11538461538461539,0.000481706945343175,-0.32163376045133846,59,-2.255555555555556,0.5301322172942124,-0.056123942766108284,59,-16.278920021875003,0.00639195933425286,-0.2437171244886031,59,Humpolec,49.54701,15.352715,515.0
0-203-0-10901127001,59,0.019820828667413217,0.0001985127266599143,0.34023683419563383,59,0.007993312321693124,0.3497127178449896,0.08357685563997662,59,0.054761904761904755,0.00033277581903338766,0.33132481537788044,58,0.005784297772108855,0.8143798739261532,0.021173623714458557,58,0.041071428571428564,0.6562998511125285,0.046511627906976744,44,0.04725075893434336,0.4678516313402641,0.0693815987933635,52,0.4272727272727275,4.42627990770467e-05,0.3737652170592421,59,0.07313533333333311,0.44420008985948534,0.06838106370543541,59,-0.375,0.29732926276595273,-0.10928457316417434,44,-0.274294670846395,0.3939160454805585,-0.08175683090772458,52,0.09838709677419355,0.7769277393159278,0.029724259486690708,44,-0.06742424242424241,0.8127996417737631,-0.022710230807701275,52,-0.7303703703703703,0.06408715393170826,-0.19416579503926118,44,-0.375,0.17962815131380483,-0.1286913079103072,52,-0.18421052631578946,0.49545798501435834,-0.07330757995292841,44,-0.0,0.7514336760382728,-0.030995126244603485,52,0.061224489795918366,0.0002855257025447536,0.3417837585853902,59,0.02127659574468085,0.3009232524524986,0.09612837260763897,59,6.813333333333329,0.00016958374797778307,0.3438563749849491,59,3.3392930722083336,0.19764886785743307,0.11513734658094679,59,Ledeč nad Sázavou,49.698597,15.284048,408.0
0-203-0-10901141001,59,-0.022259913999044433,0.1227453978479903,-0.1379713593000162,59,-0.030595429727195225,0.009791766230391486,-0.2308591466978375,59,-0.06818181818181818,0.11056271396188809,-0.14264835453052524,59,-0.087412966534036,0.007480724342936163,-0.239041496201052,59,-0.039835858585858586,0.5064674249875756,-0.06103896103896104,56,-0.03246322180451123,0.48132355606121213,-0.06531986531986533,55,-0.11162790697674428,0.46785334603580553,-0.06498839064547585,59,-0.1744180367346939,0.1091170571904892,-0.14319111630625364,59,-0.26265306122448984,0.3435411408217999,-0.08718298975470283,56,-0.16666666666666666,0.581000532108056,-0.05140394620886559,55,0.16,0.4973578363782072,0.06254104839952836,56,0.0967741935483871,0.6266185526319281,0.045239867910299915,55,-0.6666666666666666,0.007690352572407639,-0.2458450516446862,56,-0.375,0.15053221082528068,-0.13364870236093013,55,-0.7777777777777778,0.023326769910420993,-0.21282693474015452,56,-0.5833333333333334,0.08573917332554208,-0.16286361538915475,55,-0.058823529411764705,0.04469427187262348,-0.18603160888476034,59,-0.08,0.006427478823558608,-0.25058572710756943,59,-6.24166666666667,0.14295462729712854,-0.13095586645425267,59,-8.199833758236844,0.010559758262070644,-0.22852133255406196,59,Řendějov  Nový Samechov,49.76873,15.08814,444.0
0-203-0-10902055001,59,-0.013275294117647059,0.3014541726612098,-0.09242472116030065,59,-0.03276056852537736,0.03466463765072737,-0.18877849210987724,59,-0.037886178861788605,0.3737666576055113,-0.07955545618861322,59,-0.13368885741776315,0.013194881570005314,-0.22150789012273522,59,0.018620689655172447,0.8106676379985684,0.022222222222222223,55,-0.04751135487071807,0.5538432174640622,-0.053884711779448626,57,0.054545454545454675,0.7190312119554669,0.03223929438477438,59,-0.19618853333333336,0.15210155644134574,-0.12799532437171243,59,-0.40476190476190477,0.09923333412638408,-0.1535876494945782,55,-0.375,0.2151733980759668,-0.11320835321293155,57,0.11538461538461539,0.5960522187388835,0.04932460580685348,55,0.09523809523809523,0.6248878570186764,0.0446967525196773,57,-0.59375,0.01036709988800789,-0.23851487465505863,55,-0.4381818181818182,0.054696819989435416,-0.1755283629077573,57,-0.5833333333333334,0.0983119788838002,-0.15693041882243147,55,-0.4117647058823529,0.14089362288844834,-0.1376172305761452,57,-0.05263157894736842,0.10730248323239039,-0.14868002183938545,59,-0.1111111111111111,0.002768611145084071,-0.2742326495342279,59,-4.828205128205121,0.2776177449619267,-0.09716135658000923,59,-11.378925627165385,0.02847146619498678,-0.19579193454120394,59,Pacov,49.46355,15.02348,494.0
0-203-0-10902100001,58,-0.010441025641025644,0.12779055578671283,-0.13749252971334308,58,-0.02196637279996243,0.05093536659793417,-0.17604355716878398,58,-0.0389673132183909,0.08587539001058668,-0.15794612641874878,56,-0.07601246084659197,0.010094283228105206,-0.2363636363636364,56,-0.06243589743589746,0.2624570499689367,-0.10716984184260793,52,-0.06454356086691085,0.2698799964964186,-0.10884353741496598,49,-0.128,0.17311821545175343,-0.12333039837672026,58,-0.16790673214285712,0.13821663909696089,-0.13369630973986688,58,-0.09600614439324116,0.7823576816616874,-0.026465121036102747,52,-0.30842391304347827,0.28506134137669226,-0.10562195905905013,49,0.16,0.45330005750782043,0.07194307007884679,52,0.4117647058823529,0.10130063110237995,0.16239529778258363,49,-0.2,0.3085264755667205,-0.09769111621232879,52,-0.373546511627907,0.14500043979183655,-0.14438433636898684,49,-0.21231617647058823,0.3286906527530493,-0.09627295958741529,52,-0.8660714285714286,0.009467205893197703,-0.26186984825241655,49,-0.03125,0.09578545707676635,-0.15717178247314958,58,-0.07692307692307693,0.010340980327944145,-0.23941683556979082,58,-3.674999999999999,0.10885144823458996,-0.14476085727528193,58,-7.523225673173912,0.029250388748819724,-0.1966122202056866,58,Dolní Kralovice  Střítež,49.66272,15.159775,420.0
0-203-0-10903055001,56,-0.049850741578682745,0.0027297751108604894,-0.2753246753246753,56,-0.06055897114188352,0.004698427799261484,-0.25974025974025977,56,-0.14176426514661802,0.0034339568277578633,-0.26883116883116887,56,-0.185808689815131,0.004299834504816912,-0.26233766233766237,56,-0.1208675464320625,0.15144000186379797,-0.13575318498642555,53,-0.12745584077380961,0.1408117322547406,-0.1393323657474601,53,-0.30200000000000005,0.028949212700261764,-0.20097587543923362,56,-0.32794491860465125,0.04782616498141496,-0.18181818181818182,56,-0.35690653432588915,0.25942162146101955,-0.10687040552467848,53,-0.4444444444444444,0.0870712548401251,-0.16235980842189388,53,0.2749515503875969,0.21667897419761772,0.11730513130201099,53,0.32916666666666666,0.0701083953577685,0.17226571077294364,53,-0.6470588235294118,0.015665065072035776,-0.22900801183859673,53,-0.55,0.024557848185400938,-0.21348076690365975,53,-0.7291666666666666,0.03718455738466389,-0.2008599144032642,53,-0.831764705882353,0.005116382739228873,-0.2700965704276393,53,-0.1067629179331307,0.0004659151087254554,-0.3309440432039055,56,-0.13003220611916264,0.00020728678239546154,-0.34962986402940577,56,-16.62228260869565,0.002211013155860302,-0.28126016423317574,56,-19.853275619413722,0.0032811212828001085,-0.27012987012987016,56,Načeradec,49.6044,14.9086,502.0
0-203-0-10903058001,59,0.002117768595041322,0.38743915087486924,0.07905125562433456,59,-0.002809316373504271,0.5963210134938621,-0.04734073641145529,59,0.010353535353535353,0.2583757903010985,0.10364205506434454,59,-0.02031090253319597,0.39162572666430495,-0.0765634132086499,59,-0.03548387096774192,0.7535363731142672,-0.0332410023313211,43,0.0002516875000000418,0.9924456207213618,0.0009661835748792271,46,0.14181818181818182,0.09899555391314198,0.1512859373335656,59,-0.03253513888888884,0.6707880754142219,-0.03798947983635301,59,-0.21951219512195122,0.6007258322786034,-0.05546319380331014,43,-0.13636363636363635,0.6907870491697914,-0.04071763623864723,46,0.2777777777777778,0.41414796606542537,0.08671549802936758,43,-0.15555555555555556,0.6562309683472647,-0.045542828089469696,46,-0.8421052631578947,0.01798956098204791,-0.2509726495842629,43,-0.3548387096774194,0.194317330789745,-0.13314123325652222,46,-0.9210526315789473,0.05175599110464639,-0.2138292051850898,43,-0.0,0.7098740943997488,-0.039145796000547496,46,-0.0,0.32905233791404975,0.09191189782620326,59,-0.0,0.760909431929588,-0.028524039746479365,59,0.6674418604651162,0.3766516822269277,0.08088679202638421,59,-0.9105737812500028,0.6145843031009268,-0.04500292226767971,59,Veliš,49.6664,14.8233,451.0
0-203-0-10903081001,59,0.00922722029988466,0.016929360295448562,0.21837896095535364,59,0.002766806558265583,0.5693999896420567,0.05084745762711864,59,0.024246031746031748,0.01603654598101021,0.22025731528917644,59,-0.001223350024553576,0.9739158685644134,-0.002922267679719462,59,-0.030279931093884598,0.5522775774215201,-0.06551071890655981,40,-0.04341549508627155,0.3553008925496006,-0.0921985815602837,48,0.1875,0.005933542380656695,0.2519505926399756,59,0.05059235714285716,0.605421808263403,0.046171829339567504,59,-0.25357142857142856,0.6662551646381009,-0.04765019428805917,40,-0.24099883855981416,0.45520096441705304,-0.07466693214956406,48,0.26608751608751613,0.44149856204420523,0.08527388003008082,40,-0.1310272536687631,0.7556733196087542,-0.03112509518418025,48,-0.6666666666666666,0.06909345756616425,-0.2002569044090519,40,-0.3732142857142857,0.23698318473659752,-0.11838101188772106,48,-0.7,0.08254655154365532,-0.19721766622155612,40,-0.0,0.7741488887203076,-0.029658936886675275,48,0.025,0.0435722269585768,0.19146955808374133,59,-0.0,0.27583460023895723,0.10187974798886963,59,3.025806451612903,0.01951942614733575,0.21355290656959997,59,1.3710536197435896,0.43645171974550445,0.0695499707773232,59,Postupice,49.7306,14.7833,421.0
0-203-0-10903144001,59,0.015774958632101488,0.02820459101431273,0.20128643901664053,59,0.002134064330761572,0.8495872211492126,0.016949152542372878,59,0.057224025974025976,0.02079994400260235,0.212598474111656,59,-0.009952586919583332,0.728897239446404,-0.030976037405026295,59,0.013095238095237901,0.9166456531860846,0.011080334110440366,43,0.0014252591593567588,0.9748195094597152,0.0030165912518853697,52,0.36,0.009385621697179023,0.23834475373257707,59,0.024751666666666686,0.8189605906663967,0.020455873758036234,59,0.24324324324324326,0.593483433548283,0.056541054702946444,43,-0.2857142857142857,0.3598505076351728,-0.08781289245644493,52,0.05405405405405406,0.8834486473119699,0.015581720187087589,43,0.16145833333333331,0.5914254727202226,0.051476523164122885,52,-0.46153846153846156,0.1669668304590285,-0.1467493043573913,43,-0.26969696969696966,0.33953324838494303,-0.09156314910012064,52,-0.0,0.7446582525622774,-0.0352805024314138,43,-0.0,0.9431631943244015,-0.006987826164762246,52,0.045454545454545456,0.035062124072227294,0.19731778400483446,59,-0.0,0.6215364543147618,0.045803826441792914,59,5.303030303030303,0.027268796659550346,0.20249900792637934,59,1.344393555238462,0.6803484432354161,0.03682057276446522,59,Votice,49.6433,14.6333,450.0
0-203-0-10903164001,59,-0.009048076923076923,0.07578277314058166,-0.1600799280457658,59,-0.014434189304571831,0.025749757505442214,-0.1992986557568673,59,-0.031102693602693594,0.07719869869236752,-0.1603409026242786,59,-0.04574551089705882,0.050546883978862825,-0.17475160724722383,59,-0.1448116987179487,0.03046171313033683,-0.21389055780625696,49,-0.05289390714285717,0.4171410491079254,-0.07918367346938775,50,-0.19999999999999998,0.03832972588168669,-0.1875029193109497,59,-0.1630534210526316,0.07212013864286813,-0.16072472238457042,59,-0.1396103896103896,0.7172602717233924,-0.035805743701971635,49,-0.19230769230769232,0.5808269456080342,-0.053987842949593294,50,0.2,0.458329847850392,0.0734421724783173,49,0.37735849056603776,0.10096738871615135,0.16072324182048162,50,-0.2595238095238095,0.3563068205981095,-0.09110267114783359,49,-0.2777777777777778,0.41224068250551904,-0.08022955570857539,50,-0.0,0.5594629859375322,-0.06003757770971875,49,-0.5833333333333334,0.058986205384170855,-0.1910660588884903,50,-0.0,0.27126665915219783,-0.10375697140571985,59,-0.045454545454545456,0.025203458709211365,-0.2095901896930555,59,-3.223255813953488,0.048556331312337914,-0.17801363393285363,59,-4.881874282645163,0.023256041099336766,-0.20280537697253068,59,Maršovice  Zahrádka,49.7325,14.5886,358.0
0-203-0-10904008001,59,-0.014621749408983468,0.003801197888164042,-0.2620683568075727,59,-0.007804584790936247,0.005126742885906737,-0.2502192448322328,59,-0.04358600583090378,0.010599883655240252,-0.23305005703371565,59,-0.027870725561087065,0.0062652926655628795,-0.24437300079409655,59,-0.05716646634615388,0.29744463928801645,-0.1090525462078012,44,-0.007352825000000045,0.8182156518503111,-0.02564102564102564,39,-0.24716981132075472,0.0060821524509821956,-0.2484754720818055,59,-0.13262865217391304,0.008241578719670241,-0.2361882591407057,59,-0.15384615384615385,0.7308799046759643,-0.03601702998660228,44,-0.55,0.07328047479402718,-0.2004073771650029,39,0.3647450110864745,0.27014154732979023,0.1155276975559926,44,-0.0,0.9806910035444174,0.002708207799527066,39,-0.3021739130434783,0.2657468907139041,-0.11664958287774417,44,-0.375,0.17537065877221447,-0.15145399649347582,39,-0.3888888888888889,0.08759791536489142,-0.18590727597089104,44,-0.0,0.137187698427484,-0.17726472094233045,39,-0.043478260869565216,0.0034551254287189938,-0.27861584368679243,59,-0.027777777777777776,0.0054819394261880865,-0.26815231366700143,59,-4.930434782608695,0.002648502139285578,-0.27225302921882033,59,-2.4739298909956524,0.0036890573245015367,-0.2595732352932508,59,Mníšek pod Brdy,49.8694,14.2625,367.0
0-203-0-11001016001,59,-7.104290991758308e-06,0.8493791726978128,-0.017089562122205085,59,-0.053530451541993006,0.01889095068957566,-0.20981881940385738,59,-0.0014789915966386524,0.7932022236963039,-0.023854656668062784,58,-0.25074542261971156,0.0041791880137939585,-0.2583182093163944,58,0.003947368421052594,0.9417266212243516,0.007058823529411766,51,-0.2035420681743909,0.11976758598689032,-0.14160401002506268,57,0.01904761904761898,0.713819073525864,0.03301034220454831,59,-0.5046454347826087,0.026630871631872662,-0.1981297486849795,59,-0.3548387096774194,0.17484566356651388,-0.13139325493697526,51,-0.3518379594898725,0.20762873123092984,-0.11505884575008522,57,0.16,0.44021468760656557,0.07474466598211169,51,0.036062378167641324,0.8741594875296181,0.014470080096338416,57,-0.5806451612903226,0.013515629988113044,-0.23927737652892295,51,-0.7670542635658915,0.00016538990716469045,-0.34413625272596143,57,-0.7142857142857143,0.0161608865569938,-0.24030244496596137,51,-0.7407614781634938,0.022730175526647176,-0.21187304215330002,57,-0.0,0.5973914776970324,-0.049380138354524046,59,-0.08823529411764706,0.015474004067989953,-0.22184331763767975,59,-0.7424242424242424,0.7187160385588869,-0.032411238507630336,59,-17.991095450142858,0.021712501240449926,-0.20514319111630624,59,Tachov,49.798357,12.623135,487.0
0-203-0-11001044001,58,-0.008335834333733493,0.32077632028287106,-0.08961553802362665,58,-0.040510725324514336,0.006330546180604409,-0.24621899576527523,58,-0.0260042735042735,0.4016591286588763,-0.0757577009770197,58,-0.1388104159259259,0.008383079440204975,-0.23774954627949182,58,-0.06254826254826257,0.2957424139944974,-0.10204081632653061,50,-0.16162857142857145,0.10229497415854924,-0.1530398322851153,54,-0.10344827586206896,0.37946743409927164,-0.07939407062391664,58,-0.39900892307692293,0.008383079440204975,-0.23774954627949182,58,-0.043478260869565216,0.8671009225186258,-0.016373378716035794,50,-0.2,0.41600888182026785,-0.07638432251162774,54,0.2631578947368421,0.20943377583976908,0.12290128600208665,50,0.2702702702702703,0.16278419989172488,0.13141458554841481,54,-0.2619047619047619,0.20036570921096764,-0.12561783810875135,50,-0.6190476190476191,0.002571848104563375,-0.28321206462339316,54,-0.5121951219512195,0.07601700680306347,-0.17831640332076193,50,-0.8536585365853658,0.004721521811466179,-0.2721492516241463,54,-0.030303030303030304,0.1726022824253729,-0.12777298685029786,58,-0.07692307692307693,0.0038508084561006926,-0.27108226277265046,58,-3.0483870967741926,0.30152829829393224,-0.093305166107784,58,-14.343109606,0.004359649789033348,-0.2571082879612825,58,Planá,49.870952,12.735097,505.0
0-203-0-11001058001,59,-0.029560954816709263,0.04609268051270882,-0.17825832846288717,59,-0.11697273043166752,0.0023590227800887728,-0.27177089421390993,59,-0.07831632653061225,0.10345444129353494,-0.1455289304500292,59,-0.31363314874509807,0.005447919695621481,-0.24839275277615427,59,0.005208333333333408,0.9145232032968504,0.0096881662728245,58,-0.14941989416266505,0.23099889309451738,-0.10902255639097745,57,-0.09999999999999984,0.3564246990295885,-0.08255282054965851,59,-0.6448699999999997,0.012718898883679754,-0.22267679719462302,59,-0.08333333333333333,0.7832222407851525,-0.024909095238647937,58,-0.375,0.1772000972460117,-0.12303851071357352,57,0.3409090909090909,0.06306605105457117,0.1682882775879385,58,0.212406015037594,0.19539706351166308,0.1184644128659161,57,-0.45454545454545453,0.004730021207467557,-0.2556179682138833,58,-0.6470588235294118,0.0017716686639036997,-0.2853565317187044,57,-0.717948717948718,0.0028650996827807094,-0.2757819562373242,58,-1.0,0.004154821807321071,-0.2668857198510257,57,-0.09090909090909091,0.0016937061937056684,-0.29020327502602633,59,-0.14285714285714285,1.481843412237796e-05,-0.3966702885711004,59,-11.854838709677416,0.012031578646817817,-0.22449577106443314,59,-40.03408979674999,0.0006566360261926091,-0.30450029222676794,59,Tři Sekery,49.943647,12.616463,672.0
0-203-0-11001107001,58,-0.008470120918277932,0.06729104133388517,-0.1668358794648307,58,-0.0201622457569908,0.0017324802466747939,-0.2825166364186327,58,-0.02571428571428571,0.08751757287600995,-0.15579526979436395,58,-0.05889610207792207,0.004359649789033348,-0.2571082879612825,58,0.06836253369272235,0.1175076708372517,0.1617796580278408,45,0.012899314409722251,0.7309328345081418,0.035940803382663845,44,-0.05952380952380952,0.3531780768566982,-0.08480303662507467,58,-0.18759409999999999,0.01331441304350532,-0.22323049001814876,58,-0.3048986486486487,0.22870347496130328,-0.124684008254316,45,-0.23669467787114845,0.25715328790077574,-0.11877048438461225,44,-0.15504807692307693,0.5637775221442651,-0.05968646224429567,45,0.1610810810810811,0.3842330173167847,0.09119876479532726,44,-0.6386946386946387,0.006146981048981711,-0.2836892537173635,45,-0.55,0.010480384509062857,-0.2681514447859278,44,-0.45913978494623653,0.05082249622035037,-0.2086060486095346,45,-0.7,0.012558089071211148,-0.2692876830395079,44,-0.047619047619047616,0.005716073290301367,-0.26189841763777116,58,-0.08,0.0003313639209921118,-0.338554817171686,58,-3.2375,0.04645212965477303,-0.18166970618383477,58,-7.130953975468751,0.0008564698289862478,-0.3006654567453115,58,Staré Sedlo  Darmyšl,49.639765,12.878357,448.0
0-203-0-11001177001,58,-0.012750000000000001,0.07708375399767982,-0.16086601804360287,58,-0.014586176470036329,0.021400723341758122,-0.20750151240169387,58,-0.03529411764705882,0.08876436334202092,-0.15523017818738316,58,-0.0478954674017857,0.0172500164918852,-0.21476104053236536,58,-0.16969696969696962,0.0004588637707874317,-0.35800715017242274,46,-0.021023840999999984,0.5317018328220697,-0.060392156862745114,51,-0.2054054054054054,0.054505119388713476,-0.17531402806287866,58,-0.1173352157894737,0.07116107048433404,-0.1627344222625529,58,-0.42857142857142855,0.08474465873421802,-0.17644309036747133,46,-0.15384615384615385,0.5369417708069447,-0.05977214937606147,51,0.0975609756097561,0.6838227360589852,0.04166684272015312,46,0.02,0.9417099850643947,0.007081073619357949,51,-0.8064516129032258,0.0008000488609185459,-0.34319150544002663,46,-0.34782608695652173,0.16230121385268204,-0.1352738117458233,51,-0.7777777777777778,0.00022320851031739183,-0.39262929265323465,46,-0.23333333333333334,0.30319325551878984,-0.10263765345543449,51,-0.03125,0.07834718953617757,-0.1673513208909787,58,-0.0625,0.01291761531340452,-0.2329286546218231,58,-4.5574468085106385,0.05287322293616093,-0.1762119603623811,58,-5.533907672999999,0.014348633563423498,-0.22081064730792493,58,Úlice,49.759189,13.143405,428.0
0-203-0-11001186001,58,-0.002158730158730158,0.2255334725119239,-0.11075100881233249,58,-0.009446330249003923,0.03346734402874914,-0.19177253478523892,58,-0.0051428571428571435,0.30241515791736173,-0.09446404549981544,58,-0.031382229376092655,0.04076269661100884,-0.18451300665456744,58,0.027777777777777776,0.6091388231853947,0.06055510972643133,35,-0.0849758775974026,0.02184141882880349,-0.22872340425531917,48,-0.0,0.7262227839032686,-0.03203485468594921,58,-0.12216619310344826,0.05420534745798281,-0.17362371445856015,58,-0.0,0.9886563067269989,-0.0016949761206030713,35,-0.22875816993464052,0.40836583430328166,-0.08263014609195858,48,0.13333333333333333,0.6091388231853947,0.06055510972643133,35,0.19722222222222224,0.41336873711575706,0.08185105210997368,48,-0.1,0.7224554243398652,-0.042158755798399464,35,-0.6470588235294118,0.03589365550084166,-0.20977852365829905,48,-0.0,0.3875818125965539,-0.10849640155802724,35,-0.6043478260869566,0.005926681800788152,-0.2861197910151008,48,-0.0,0.20580768498623125,-0.12399828810040674,58,-0.03225806451612903,0.07526066853327558,-0.16876644511679517,58,-0.8499999999999994,0.17167686956271255,-0.12494162584736233,58,-3.487840122666667,0.029250388748819724,-0.1966122202056866,58,Plzeň  Radčice,49.765499,13.323199,320.0
0-203-0-11002037001,57,-0.002350711492998726,0.3101362389035146,-0.0934318594962664,57,-0.013333160833272161,0.00890023668847756,-0.2380952380952381,57,-0.0,0.781970538843169,-0.025597516547025974,57,-0.04081824354596361,0.028592191724964917,-0.19924812030075192,57,0.005909090909090952,0.8980143776152045,0.014111612909464085,40,-0.03748896141826921,0.4184340565021071,-0.08456659619450316,44,-0.03011100832562441,0.5712609726787123,-0.05216893016768553,57,-0.15142228095238097,0.03065453308661843,-0.1967418546365915,57,0.03167641325536062,0.90721882775061,0.012853512908103118,40,0.07692307692307693,0.7081256803755518,0.039257565117227666,44,0.21052631578947367,0.40139057161741354,0.09254529293834245,40,0.40476190476190477,0.06707818045662423,0.19183957117096018,44,-0.11555555555555555,0.7178716754380949,-0.03987158875369265,40,-0.5,0.017417012965686474,-0.24933858925806765,44,-0.06140350877192982,0.14109951237969023,-0.17182055808266491,40,-0.9130434782608695,5.2278918183300004e-05,-0.43735677760041985,44,-0.0,0.5244145742208866,-0.06257827179021985,57,-0.0392156862745098,0.022181428576127836,-0.2194286758562826,57,-0.8412962962962965,0.31011317357618984,-0.0934921575725631,57,-4.505733085,0.011752541060352893,-0.2293233082706767,57,Horšovský Týn,49.528213,12.943746,374.0
0-203-0-11002055001,57,-0.0,0.38152144931224585,0.08242549787504495,57,-0.004518253092685437,0.45720584239505635,-0.06766917293233084,57,0.0016281147875817003,0.259713333790206,0.10609044399857082,57,-0.02097544444282798,0.2828762746012623,-0.09774436090225565,57,-0.11120833333333346,0.294221312975563,-0.12231933961714225,36,0.027897128125000076,0.6831625260195227,0.04318936877076412,43,0.07473404255319144,0.19285644233276245,0.12269171995437758,57,-0.001383490259740246,0.9890153134746539,-0.0012531328320802006,57,-0.11405405405405405,0.7128538680399352,-0.04309724077418513,36,-0.3333333333333333,0.2206123455087654,-0.1300007222282408,43,0.22431077694235588,0.41349451045940067,0.09569487529386911,36,-0.09302325581395349,0.7694119569202612,-0.031128640318234514,43,-0.375,0.11403430216984903,-0.1844199468963826,36,-0.5,0.04908847920506916,-0.20854160870044616,43,-0.743421052631579,0.051435695210636706,-0.23410551569030869,36,-0.2916666666666667,0.29230480257817526,-0.11495665428157804,43,-0.0,0.5603990206205971,0.056884234325406346,57,-0.0,0.5676002080115651,-0.054623567467188716,57,-0.0,0.4087409824657947,0.0778366825517019,57,-1.0323772717045463,0.5630998624487369,-0.05263157894736843,57,Kdyně,49.393642,13.045733,475.0
0-203-0-11002086001,59,-0.02352941176470587,0.0005401152428939891,-0.30971944731042095,59,-0.019992642501004725,0.0026854309124598676,-0.2682641729982466,59,-0.07317073170731707,0.00211071790127312,-0.2752568008076249,59,-0.06685041141818182,0.007777686854514227,-0.2378725891291642,59,0.006291172595520408,0.8932820061509625,0.012825349837406486,52,-0.036497901027148776,0.5486916569712703,-0.05731523378582202,52,-0.21333333333333335,0.04389159595390856,-0.18101957144063638,59,-0.17477499999999999,0.04902368196622241,-0.17592051431911163,59,-0.0,0.9748090533140638,0.003030334335571504,52,-0.0,0.9622245635153442,-0.004542046161540254,52,0.6339712918660287,0.021179546651028554,0.22087846946690595,52,0.5718954248366013,0.0287700901035455,0.20977084644042696,52,-0.6666666666666666,0.003324433346031375,-0.28117986122094873,52,-0.375,0.07315685317404005,-0.1717754945927883,52,-1.1666666666666667,0.0001237704849537153,-0.3795924245770603,52,-0.875,0.0003274130728271034,-0.3556665552266787,52,-0.09090909090909091,4.443275121363864e-05,-0.37998100616922686,59,-0.07407407407407407,0.00064667419055115,-0.31706073043055905,59,-7.777777777777778,0.0006547683376382236,-0.3052146633956183,59,-6.930860162961537,0.0020693216545497636,-0.2752776154295733,59,Chudenice,49.465405,13.176262,490.0
0-203-0-11002097001,59,-0.00896506262359921,0.025543213625730896,-0.2009496787473081,59,-0.012977996593520408,0.0034650867607222443,-0.2612507305669199,59,-0.028976190476190475,0.03110426970676414,-0.19434057685260867,59,-0.041134104585152126,0.005902951316238112,-0.24605493863237868,59,0.018131868131868137,0.7836227822563141,0.028046434779602482,46,0.05009501190476178,0.31101610273875624,0.1033816425120773,46,-0.13846153846153844,0.09233298419058755,-0.15171956444269102,59,-0.1480281666666666,0.02847146619498678,-0.19579193454120394,59,-0.2972972972972973,0.2637267409610141,-0.11439716848000889,46,-0.15789473684210525,0.44281523845050463,-0.07871853937064453,46,0.1,0.6977950240426574,0.03972885003549484,46,0.38461538461538464,0.16090932696060223,0.14376115793704838,46,-0.5952380952380952,0.033091529026424676,-0.21802417702405705,46,-0.375,0.21471707927687433,-0.12693852084511764,46,-0.56,0.006355837254819134,-0.29104105196663693,46,-0.4666666666666667,0.053566221145098465,-0.20457649950587292,46,-0.03225806451612903,0.0170664807192506,-0.22659712058012643,59,-0.06060606060606061,0.0003032716483161694,-0.3390143153567224,59,-3.150000000000001,0.025543213625730896,-0.2009496787473081,59,-4.555060315285714,0.002572304989342264,-0.2694330800701344,59,Dnešice,49.601994,13.269301,378.0
0-203-0-11003009001,58,0.003450980392156863,0.0883942635215352,0.1587661642106559,58,-0.006530451713742688,0.3374368528552758,-0.0865093768905021,58,0.017806267806267807,0.03579565140842023,0.19559991430752804,58,-0.02631481577594954,0.2626142080177092,-0.1010284331518451,58,-0.09102564102564105,0.3153591310736501,-0.11201079622132254,39,-0.013956581552845529,0.863125657367583,-0.017006802721088433,49,0.14666666666666667,0.03461167792841697,0.1968700436212133,58,-0.11461219454545454,0.35809867290620156,-0.08287961282516636,58,-0.2857142857142857,0.41745382579896007,-0.09078665796676105,39,-0.08928571428571427,0.7892144775959575,-0.02648470075407451,49,0.3333333333333333,0.31505206742158975,0.11262038328715604,39,-0.21071176885130374,0.4532155366355025,-0.07413736465794564,49,-0.8333333333333334,0.01403430498143647,-0.27469654049942593,39,-0.36656534954407294,0.14511006332932777,-0.1440139612321013,49,-1.105263157894737,0.0031192802421689536,-0.33910215700436014,39,-0.0,0.6087594283140157,-0.05223161827881124,49,-0.0,0.1557317017174077,0.13602378364220755,58,-0.0,0.4736828114016717,-0.0673168536253181,58,1.2090909090909088,0.08587673522134841,0.16003629352434112,58,-1.8007313683333335,0.4247252384489968,-0.0719903206291591,58,Nýrsko,49.290206,13.135924,457.0
0-203-0-11003028001,58,0.007021376189733188,0.11113920077588987,0.1449629135982277,58,-0.013574022303683892,0.097545250455667,-0.14942528735632182,58,0.017500000000000016,0.07463889505399231,0.1625928743859942,58,-0.04911483896969695,0.0948622982089722,-0.15063520871143374,58,0.05933333333333337,0.41011574476241874,0.08832075866340668,42,0.03266741022727276,0.6668485565764029,0.0415686274509804,51,0.1717948717948718,0.06448600762616007,0.16851885390593158,58,-0.13907147222222221,0.2196116502140123,-0.11070780399274047,58,-0.3235294117647059,0.4037717581307271,-0.08984928674177338,42,-0.0,0.9935166324441276,-0.0007880308729750593,51,-0.043478260869565216,0.922282146335401,-0.010477327583558276,42,0.07272727272727272,0.8263639831967722,0.021243220858073848,51,-0.12903225806451613,0.6103619763084114,-0.05477888963024102,42,-0.18181818181818182,0.5104541511957639,-0.06378002185712854,51,-0.0,0.5534435117061121,-0.06614875943299273,42,-0.0,0.5353300134859397,-0.06149362439930187,51,0.018518518518518517,0.09161858349774578,0.16173239566625414,58,-0.034482758620689655,0.10352081901679953,-0.15279613393973246,58,2.3947368421052633,0.11887353492359837,0.14194852362525143,58,-4.126613016206896,0.12125082299147605,-0.13974591651542648,58,Strážov,49.30562,13.246905,477.0
0-203-0-11003072001,58,-0.0032159090909090913,0.36026376737669663,-0.08341793973241535,58,-0.010883837933865718,0.012822452383662857,-0.2244404113732607,58,-0.009722222222222222,0.3458733554033697,-0.08613967352070305,58,-0.034211914724423954,0.0172500164918852,-0.21476104053236536,58,0.033472222222222243,0.5372336966699578,0.06451613805327171,44,0.05381584677419353,0.2737022933766514,0.1173054587688734,42,-0.01071428571428574,0.6914162575820543,-0.03624506005510525,58,-0.11948104999999987,0.05943739267229291,-0.1699939503932244,58,-0.0,0.9757808729982287,-0.0031864410701560064,44,-0.14285714285714285,0.6027077138699748,-0.05604280502870199,42,0.16904761904761906,0.4788112917685513,0.07423155274038266,44,0.5,0.05499773142680032,0.20629496733090769,42,-0.3181818181818182,0.24050126296088326,-0.12314336073057579,44,-0.358974358974359,0.24604495595957143,-0.12470938703054872,42,-0.16094080338266387,0.07899349819535222,-0.1953261261893791,44,-0.7777777777777778,0.010569015480775441,-0.2852354460363334,42,-0.0,0.15534255665779792,-0.13700520894920215,58,-0.05555555555555555,0.0008007981051954957,-0.32104569108440684,58,-1.1724999999999994,0.31618164131400317,-0.09142014446608732,58,-3.760123429416667,0.008720469236114609,-0.2365396249243799,58,Lužany,49.54908,13.317522,358.0
0-203-0-11003082001,58,-0.016514605842336938,0.014312087225792209,-0.22148160189991797,58,-0.021294970672089797,0.0008987147927607151,-0.2994555353901996,58,-0.04533333333333333,0.053219861121738786,-0.17502460744348405,58,-0.06233368684487736,0.004005529282665309,-0.2595281306715063,58,-0.015625,0.6725861667306372,-0.040961392691637344,51,-0.015553759307359322,0.7514209875879714,-0.03058823529411765,51,-0.12857142857142861,0.25387723638350856,-0.10337626688872029,58,-0.1712796428571428,0.03025930427357642,-0.1954022988505747,58,-0.21621621621621623,0.44018450658205,-0.07480372933860754,51,-0.16666666666666666,0.4646176843051627,-0.07089471812014156,51,0.14285714285714285,0.48475735201835746,0.06763690587291166,51,0.32075471698113206,0.17739922229446037,0.13076136897715,51,-0.5,0.06633327389518374,-0.17788383913005457,51,-0.4722222222222222,0.07792263092475887,-0.17059795875106426,51,-0.56,0.018421783699454693,-0.23670757198629672,51,-0.7,0.009028179040079755,-0.26062535109560775,51,-0.05,0.01295968321906816,-0.23575770577384367,58,-0.07142857142857142,0.0008527867845279952,-0.3138199787273347,58,-4.972413793103449,0.017203205401159494,-0.2155448425556498,58,-6.332968923638296,0.0010373163981225097,-0.2958257713248638,58,Netunice,49.61559,13.432035,464.0
0-203-0-11005011001,59,-0.014136752136752148,0.06514234574149436,-0.164960578273448,59,-0.016627105805337515,0.008732970497872616,-0.23436586791350086,59,-0.045241511238641806,0.08774499132090935,-0.15299010608047478,59,-0.05241775572802026,0.025749757505442214,-0.1992986557568673,59,-0.02820075757575753,0.6415104348408915,-0.04451150825923428,52,-0.012749995932400914,0.8179976817823355,-0.02177068214804064,53,-0.10882352941176474,0.3632876706638295,-0.08138185855604634,59,-0.12174066666666682,0.09802794023855771,-0.14786674459380478,59,-0.37232102143182855,0.24595065302010866,-0.11115350835163154,52,-0.0,0.9755152972170374,-0.0029133477958103587,53,0.2,0.3938865716660993,0.08181902706043062,52,0.43223443223443225,0.07377150739267528,0.1698888930271551,53,-0.7061538461538461,0.006465593798185926,-0.2610684829714184,52,-0.6193181818181819,0.010159108940703855,-0.24390374807773296,53,-0.8643292682926829,0.0016092222006099978,-0.3096365992064699,52,-1.037037037037037,0.0002453748734366018,-0.35618845863557486,53,-0.045454545454545456,0.03497542893515391,-0.19649844796342594,59,-0.06666666666666667,0.002028426360437917,-0.28624398287279756,59,-4.864999999999995,0.03876808951000715,-0.1848494423206013,59,-6.204876063999999,0.00426648450245829,-0.255406195207481,59,Žinkovy,49.486555,13.491503,475.0
0-203-0-11005023001,58,-0.009683067025259718,0.1261289028549444,-0.13805636938774915,58,-0.015028772780493197,0.015453075100381042,-0.2183908045977011,58,-0.03487702773417059,0.15290737638003069,-0.12924816768406172,58,-0.04936428542735043,0.01992957398104341,-0.2099213551119177,58,0.0010204081632652843,0.9417227833747964,0.007064366383449535,51,-0.004267794871794879,0.8390918266070898,-0.019607843137254905,51,-0.109375,0.3174630470444382,-0.09035805843905281,58,-0.15077486956521738,0.04076269661100884,-0.18451300665456744,58,-0.2571428571428571,0.24861419892962,-0.11176772193127323,51,-0.5,0.10595601363685864,-0.15644697599751978,51,-0.15384615384615385,0.5103983098627598,-0.06388109960969922,51,0.022727272727272728,0.8965576134872906,0.012613488419754683,51,-0.59375,0.04060064918626639,-0.19850521073639635,51,-0.59375,0.041424281216442024,-0.19748327538431615,51,-0.3181818181818182,0.21362926359480972,-0.1239217368988934,51,-0.6086956521739131,0.021934947803025278,-0.22866478019001177,51,-0.02,0.21808246839783463,-0.1161249544064965,58,-0.05,0.010941208729402905,-0.23958426065399546,58,-2.8538461538461544,0.16288350030530507,-0.12602256201570824,58,-4.856644893333336,0.01331441304350532,-0.22323049001814876,58,Životice,49.470036,13.681495,484.0
0-203-0-11005040001,58,-0.007669355367565097,0.07708375399767982,-0.16086601804360287,58,-0.01774376405285751,0.002962159442266126,-0.2679975801572897,58,-0.022653316645807258,0.07935865153538435,-0.15964270231703556,58,-0.04699038646338385,0.012346645804855316,-0.22565033272837262,58,-0.00038845465674725715,0.9838610731998546,-0.0021141649048625794,44,-0.01051351010101014,0.8186658024902081,-0.023126734505087884,47,-0.11818181818181818,0.1204296773056067,-0.1415558372809825,58,-0.15726167500000002,0.043476435746384184,-0.18209316394434358,58,0.11126373626373626,0.6344016857347998,0.04986771785161353,44,-0.37209302325581395,0.12781218969870153,-0.1540611375924607,47,0.021363636363636362,0.9194016283884048,0.010615806959532395,44,0.4074074074074074,0.057567629444323885,0.19220188271899769,47,-0.20900178253119428,0.3213909589349667,-0.10403490820341749,44,-0.45454545454545453,0.06385584504517042,-0.18764678580207808,47,-0.06140350877192982,0.40898243887564456,-0.08954294975136438,44,-1.0,0.0008578766954000794,-0.34738543916065795,47,-0.018518518518518517,0.10326079797650943,-0.15605233682041872,58,-0.07894736842105263,0.0015392569186284447,-0.29800600449289255,58,-2.8000000000000003,0.04100217953920399,-0.18600151371584672,58,-6.821803324660378,0.001509362763460713,-0.2861464004839685,58,Seč,49.587397,13.506002,398.0
0-203-0-11005050001,58,-0.0006910569105691057,0.6570588966635673,-0.04048223545837803,58,-0.009240677744571664,0.0463412418408003,-0.17967332123411975,58,-0.0031055900621118045,0.5901337780776541,-0.04922267058325889,58,-0.028652269854103345,0.08232217320966505,-0.1566848154869933,58,0.060526315789473706,0.27177263403951557,0.11640805380018385,43,-0.014099883170731726,0.7066057206329563,-0.036734693877551024,50,-0.0,0.9677985442630311,-0.0036893922595746136,58,-0.1186793695652174,0.09223879752339,-0.15184513006654565,58,-0.21621621621621623,0.46367622672231135,-0.07773489146415223,43,-0.08333333333333333,0.7189353842727876,-0.03530435972991052,50,-0.2,0.4384776663772282,-0.08226854941247694,43,0.25,0.251546659992711,0.11248133216273816,50,-0.23809523809523808,0.33545319411978836,-0.10227981818848483,43,-0.4117647058823529,0.08478317605421995,-0.1686458007751687,50,-0.0,0.7916832582567279,0.02907061253008954,43,-0.5490196078431373,0.007635714518330011,-0.27074886496240747,50,-0.0,0.667670706087742,-0.04104844317597989,58,-0.03571428571428571,0.024333230011664795,-0.2134180358064062,58,-0.18421052631578946,0.6717071315596167,-0.03865415504270806,58,-3.284252507173077,0.03819390833380874,-0.18693284936479126,58,Spálené Poříčí,49.615175,13.604538,420.0
0-203-0-11005051001,58,-0.011538461538461537,0.020614044712976287,-0.21271265677148266,58,-0.0145165098,0.007743120959797321,-0.24016938898971565,58,-0.03475667189952903,0.028764808505561672,-0.20086590203846066,58,-0.04056511941666667,0.016032847501520824,-0.2171808832425892,58,-0.06216931216931216,0.2881782479153402,-0.11388729406597176,42,-0.021151798780487827,0.6400040577687545,-0.047178538390379283,47,-0.1457142857142857,0.09680979834996929,-0.1528008081332816,58,-0.12676597560975608,0.06908489335522629,-0.16394434361766483,58,-0.12,0.7285655504907336,-0.03740579933474236,42,-0.34210526315789475,0.14727158437497823,-0.14650016179051598,47,0.09259259259259259,0.58775488763533,0.058309523613215085,42,0.15,0.48573956473973834,0.0704684322536659,47,-0.2857142857142857,0.22469268025180456,-0.1304606579929175,42,-0.4897959183673469,0.04548511672225647,-0.20269907077783564,47,-0.40384615384615385,0.0607262441258003,-0.2075034995556192,42,-0.6363636363636364,0.014538461243726843,-0.25545394128111804,47,-0.029411764705882353,0.027560806365224018,-0.2118194613008304,58,-0.05405405405405406,0.00870666893016632,-0.24801226854231906,58,-4.11923076923077,0.011375262007595153,-0.23255756935657723,58,-5.050787322089362,0.006592951160275778,-0.2450090744101633,58,Nezvěstice,49.635765,13.528521,371.0
0-203-0-11101013001,59,0.009704830053667264,0.06282176811597914,0.17011841709781692,59,0.004510053773282074,0.6803484432354161,0.03682057276446522,59,0.02724358974358982,0.1108979342235032,0.14762515209255783,58,0.005547101402714914,0.866819572995835,0.015124016938898968,58,-0.12545460491889066,0.3570405459944477,-0.09999999999999999,41,-0.01265286481481493,0.8219436893141957,-0.020875420875420877,55,0.23958333333333334,0.04281433896014891,0.18537305595668385,59,0.09311341666666673,0.5605570076545839,0.052016364699006425,59,-0.6181818181818182,0.16363912494525956,-0.15140426426426154,41,0.09523809523809523,0.7383792137262545,0.0310496985282969,55,0.5,0.14721524659577975,0.1577989030070044,41,0.0967741935483871,0.6789186026109515,0.038539870890474434,55,-1.0,0.010084293104958139,-0.2801236340201861,41,-0.3225806451612903,0.1463959459956861,-0.13518173840771835,55,-1.5555555555555556,0.0003045223739302495,-0.40167293697136713,41,-0.3333333333333333,0.32213723033658126,-0.09385360886832647,55,-0.0,0.2205622691071839,0.11539404931380398,59,0.02,0.3822494186300198,0.08050934483937189,59,3.0829787234042554,0.07927755333123374,0.16046630832630956,59,1.9879165459999817,0.5005865235817919,0.06019871420222092,59,Strašice,49.742781,13.753217,526.0
0-203-0-11101025001,58,-0.0063325037332005955,0.3405182380244902,-0.08629685505894005,58,-0.0205217645178227,0.005833752429299974,-0.24863883847549906,58,-0.013541666666666785,0.42816651451526444,-0.07184317272426763,58,-0.06977984769583333,0.004359649789033348,-0.2571082879612825,58,0.06545239630346014,0.25519636375357213,0.11224489795918366,49,-0.053981535416666615,0.15688962902487463,-0.13131313131313133,55,-0.02340425531914893,0.7728615171439276,-0.026140126750123137,58,-0.19449238095238094,0.012822452383662857,-0.2244404113732607,58,0.18614718614718614,0.5012248655961258,0.06655328864332989,49,-0.4444444444444444,0.08932742978141105,-0.15784170841068884,55,0.4037037037037037,0.175682243765253,0.13436305867412565,49,0.2857142857142857,0.2572828926784333,0.10544175595802033,55,-0.32971014492753625,0.22080868466395587,-0.12116111522247236,49,-0.6842105263157895,0.0018374051035114937,-0.29006323880725493,55,-0.7,0.015048884650205499,-0.2484519974999766,49,-0.875,0.00034176015222858134,-0.34187484157681647,55,-0.04,0.07016160807423291,-0.1700839764874274,58,-0.0625,0.003194546555695456,-0.2767037826437252,58,-2.3032258064516125,0.24554098147238645,-0.10516841692491401,58,-6.744125163333332,0.0036777216601234135,-0.26194797338173015,58,Holoubkov  Medový Újezd,49.77498,13.71137,433.0
0-203-0-11101047001,56,-0.0417769942821743,0.0007475381770653002,-0.31004239630346986,56,-0.035079395123518084,0.0017850116390724525,-0.28701298701298705,56,-0.1420128205128205,0.0017409075311415514,-0.2879429382860318,56,-0.11658462775351543,0.005845244860748432,-0.2532467532467533,56,-0.16250000000000017,0.013239007882406523,-0.23921568627450984,51,-0.08905046722527471,0.17213204485165645,-0.12917271407837447,53,-0.4166666666666667,0.002316098729917808,-0.2801431295739948,56,-0.24642209436758894,0.035193460290609595,-0.19350649350649352,56,-0.2,0.30977186325440087,-0.0985038591218824,51,-0.15384615384615385,0.4706983655831143,-0.06851377468882058,53,0.38461538461538464,0.08796927489359174,0.16529029299695336,51,0.38348416289592757,0.14917265912810182,0.13682736293126388,53,-0.6470588235294118,0.004812290934747239,-0.27323046400522966,51,-0.5604878048780488,0.018875940522096655,-0.22287110637949245,53,-1.05,0.0006588591914526851,-0.33653365650523626,51,-0.8366666666666667,0.007854053578545066,-0.2586612459206985,53,-0.1,0.0007252203464838492,-0.32200466852710163,56,-0.10526315789473684,0.0009383816543414088,-0.31314545537847593,56,-13.206250000000002,0.0005619189132359812,-0.31729545683228266,56,-12.196242629501569,0.0015441501916587809,-0.29090909090909095,56,Úněšov  Číhaná,49.894104,13.128163,573.0
0-203-0-11101055001,58,-0.020620915032679737,0.009247744792533694,-0.2347957747416938,58,-0.03260643276534551,0.0055987800745254425,-0.24984875983061097,58,-0.07805039787798407,0.008213511722627308,-0.23857109446830335,58,-0.13027026517316237,0.0020772070693634323,-0.27767695099818507,58,-0.047368421052631594,0.3679850204231616,-0.08358615664771776,55,-0.04352766227629516,0.4430397309316295,-0.0725689404934688,53,-0.1892857142857143,0.025476860364457215,-0.20181851540278045,58,-0.23381274999999987,0.032367092206325436,-0.19298245614035084,58,-0.2,0.41606002054360225,-0.0756504676579636,55,-0.031947261663286,0.8840912604249795,-0.013833346905901272,53,0.325,0.17899202634419686,0.1254266113887433,55,0.2736185383244207,0.2497738284589347,0.10917076829622117,53,-0.4838709677419355,0.02775012934893456,-0.20528836921743174,55,-0.5,0.051248736667122964,-0.18540462091664275,53,-0.7777777777777778,0.011390877334359915,-0.2424017865147963,55,-0.75,0.025068837305007925,-0.2173350302464662,53,-0.06521739130434782,0.0025771929946432916,-0.2842189355995664,58,-0.08823529411764706,0.001071361492467413,-0.30527117147276006,58,-6.912500000000001,0.008892139455126064,-0.23600606224036233,58,-10.150478304513516,0.004741919996389428,-0.25468844525105866,58,Horní Bělá  Vrtbo,49.884347,13.248312,513.0
0-203-0-11101060001,58,-0.007506944444444441,0.05939641368872819,-0.1722793470414061,58,-0.008662925041818184,0.022965551878632078,-0.20508166969147004,58,-0.0225,0.08565443714103373,-0.15744007583302572,58,-0.028451441990772784,0.02378457963689246,-0.20387174833635813,58,-0.009861111111111088,0.8396775545156353,-0.02116403301365524,44,-0.05502542333333338,0.21299024938601496,-0.1317829457364341,43,-0.13999999999999985,0.09100791305381623,-0.15458129846434684,58,-0.13509051999999996,0.021400723341758122,-0.20750151240169387,58,-0.2,0.4479938952602679,-0.07949153501559124,44,-0.35714285714285715,0.11392423352156468,-0.16777870988431076,43,-0.14109697933227344,0.584872146533214,-0.05720351821401538,44,-0.08333333333333333,0.7774380613215093,-0.030000166668055567,43,-0.3333333333333333,0.22094710682304874,-0.12811027272955286,44,-0.5714285714285714,0.030212615584459337,-0.23025811904967866,43,-0.0,0.3640287766838549,-0.09967207465267214,44,-0.3684210526315789,0.10655811885106801,-0.17839048589350348,43,-0.023255813953488372,0.050925320889440524,-0.18680628808350325,58,-0.03225806451612903,0.03350240737212553,-0.2023665483373123,58,-2.5666666666666678,0.05585314459916646,-0.17474048057056904,58,-3.1343570884230774,0.0172500164918852,-0.21476104053236536,58,Hromnice,49.848142,13.445309,336.0
0-203-0-11102023001,59,-0.031031206133246947,0.002306460688977665,-0.2725944307639247,59,-0.03287643721897877,0.0020693216545497636,-0.2752776154295733,59,-0.09286608260325407,0.009410525418229074,-0.23257240185808148,59,-0.09592138059649129,0.0037675836502509153,-0.25891291642314435,59,-0.04800000000000004,0.3797243243055568,-0.08148148148148149,55,-0.010097278333333341,0.8287136505013009,-0.020265548567435357,54,-0.26666666666666666,0.014420164982950194,-0.21942077995733122,59,-0.21228037499999997,0.027537906908881315,-0.19696084161309177,59,-0.15789473684210525,0.42012431043622944,-0.07515343822046906,55,0.2608695652173913,0.3745396719175005,0.08339205852186883,54,0.44,0.015286582652623996,0.2259068162336988,55,0.5483870967741935,0.009606729826809872,0.24351093048503578,54,-0.4117647058823529,0.03047538934707725,-0.2012842800185103,55,-0.4444444444444444,0.052339047774236945,-0.18239350070795005,54,-0.7368421052631579,0.0069542157811184144,-0.2571621869154994,55,-0.9032258064516129,0.001481961097620091,-0.3061918597015355,54,-0.1,0.00021435825884173282,-0.3420920114601683,59,-0.12195121951219512,9.46337671729494e-05,-0.3605868201421315,59,-11.094999999999997,0.0008125614924667137,-0.29950289388654383,59,-11.218498587100001,0.0004911325258456371,-0.3115137346580947,59,Žlutice,50.09822,13.160412,569.0
0-203-0-11102028001,59,-0.020833333333333332,0.22046338799529708,-0.11046105735999338,59,-0.05395501678179979,0.00426648450245829,-0.255406195207481,59,-0.05216450216450217,0.27349533873115184,-0.0989428344189026,59,-0.20860582063364053,0.0016580696749862811,-0.28112215078901226,59,-0.2270135352452426,0.002411887812925893,-0.2993197278911564,49,-0.13354186811160715,0.07040612611507995,-0.16623376623376623,56,-0.20714285714285716,0.18998030507256813,-0.11831689265897945,59,-0.4418226622222223,0.0061430747138361205,-0.24488603156049094,59,-0.33771929824561403,0.14741954321372044,-0.1434684299576431,49,-0.44315245478036175,0.07485124932051206,-0.16406305631284748,56,0.3445054945054945,0.09601782679339392,0.16503033861598573,49,0.13333333333333333,0.5018025292155299,0.06195034457889971,56,-0.34782608695652173,0.08456731738957177,-0.17094241871850907,49,-0.5923295454545454,0.012820189422551705,-0.22961752753140366,56,-0.8038461538461539,0.03722418954167313,-0.20971210695253797,49,-0.5833333333333334,0.09746774167000391,-0.15499748070281347,56,-0.047619047619047616,0.16312556091977037,-0.12893841067151063,59,-0.08,0.014649401944067207,-0.22357779901280206,59,-7.75833333333334,0.17498953161773523,-0.12227507418993919,59,-16.877637004666667,0.0034650867607222443,-0.2612507305669199,59,Verušičky,50.140984,13.172377,582.0
0-203-0-11102036001,59,-0.07156862745098058,0.0039276617810938145,-0.2577440093512565,59,-0.05929511211135761,0.0023590227800887728,-0.27177089421390993,59,-0.19314331501831503,0.007480724342936163,-0.239041496201052,59,-0.1764115075337838,0.0033222815730538395,-0.2624196376388077,59,-0.15173992673992678,0.1278305728563034,-0.13732607380520265,58,-0.09884915202323993,0.14446165566130895,-0.13283208020050127,57,-0.4620689655172413,0.016966939373073097,-0.21395168091713906,59,-0.3145977435897436,0.020258906089748865,-0.2074810052600818,59,-0.375,0.08223483594346198,-0.15725665978003744,58,-0.09838709677419355,0.6644319290747149,-0.03961042230740639,57,0.3225806451612903,0.03228150198363408,0.19416062615786298,58,0.26956300813008127,0.09158616729183691,0.15413780972186572,57,-0.375,0.0742818941231816,-0.1615560721604743,58,-0.5263157894736842,0.009621449381181703,-0.23647967115590146,57,-0.65625,0.03084489136135754,-0.19894284602566023,58,-0.7924528301886793,0.017793875981325976,-0.22072839863082727,57,-0.1111111111111111,0.00052564274894595,-0.3185195894597423,59,-0.11764705882352941,0.0004120481165622617,-0.3243502587241421,59,-24.650000000000002,0.002803086213773123,-0.26709526592635885,59,-19.861237048990905,0.001894723351087038,-0.2776154295733489,59,Bezvěrov,49.993664,13.054363,699.0
0-203-0-11102044001,58,-0.006725329981143934,0.11418710018359363,-0.14373959787166035,58,-0.03482685857898715,0.0022722094651088124,-0.27525710828796124,58,-0.021945701357466055,0.15346412003445217,-0.13044007704563607,58,-0.12358910587601078,0.0014410841400123054,-0.2873563218390804,58,-0.04153225806451613,0.38353842339201527,-0.08718916420410239,48,-0.1044150411111111,0.11894337975056575,-0.14605171208944792,54,-0.11714285714285713,0.11721208119845355,-0.14287014062187645,58,-0.25937070833333326,0.011441713632049069,-0.22807017543859645,58,-0.15789473684210525,0.5754404492758275,-0.055975260255842915,48,-0.18181818181818182,0.5357077028010053,-0.05812337756450013,54,0.037037037037037035,0.9080099137794445,0.011529934614867694,48,0.15555555555555556,0.3704990205945323,0.08418161571136155,54,-0.4454365079365079,0.10376352901379471,-0.1625948036003056,48,-0.4418604651162791,0.08612054684288291,-0.161121324922742,54,-0.17113893858079904,0.15501102613781215,-0.14894536304361014,48,-0.5,0.10707556922834935,-0.15532034785855958,54,-0.02127659574468085,0.09492072515763428,-0.15940925906497655,58,-0.08108108108108109,0.0019284388780513714,-0.28868604920753943,58,-2.1999999999999966,0.09550003158642614,-0.15173807697871708,58,-11.192574883000004,0.002172703598048637,-0.2764670296430732,58,Manětín,49.992466,13.22757,436.0
0-203-0-11102088001,58,-0.0,0.04421181636135521,0.1935871031859651,58,7.724312653061283e-05,0.941179198791115,0.006654567453115546,58,-0.0,0.03355045788614162,0.20449341885841382,58,0.0007233383726890757,0.8879744558018274,0.012704174228675135,58,0.01842105263157893,0.8958668197336087,0.021538461538461538,26,0.016363181462585023,0.8240284714799639,0.026737967914438505,34,-0.0,0.02806393162539321,0.21147234973491422,58,0.03565605306122449,0.5066323217585502,0.059891107078039914,58,0.0,0.9648125273125532,0.006182446677351862,26,-0.2857142857142857,0.30600689157914296,-0.12365770115901775,34,0.0,0.9648125273125532,0.006182446677351862,26,-0.25,0.4950180429764387,-0.08236429876266593,34,-0.375,0.36591960793471723,-0.1265438126053287,26,-0.5135135135135135,0.09383021998383897,-0.20178603601115574,34,-0.3888888888888889,0.05957072759164119,-0.27552092575186576,26,-0.16666666666666666,0.27213988562174807,-0.13852840378550277,34,-0.0,0.16961983301209171,0.1370673202114621,58,-0.0,0.9721035306465831,0.0034069155594524825,58,-0.0,0.04130889420310604,0.19631368210407726,58,0.061318702958333304,0.8985828733501183,0.011494252873563216,58,Liblín,49.916487,13.5451,299.0
0-203-0-11102119001,58,-0.01150278293135436,0.030525627258295048,-0.19652890412098442,58,-0.011035408934240357,0.010596145730049005,-0.23049001814882028,58,-0.033946998123827385,0.03524111207516196,-0.19204365918043845,58,-0.03420666300551471,0.012346645804855316,-0.22565033272837262,58,-0.057142857142857106,0.24832629500680026,-0.11931249779553259,45,-0.02949078431372551,0.4545929496230867,-0.08013937282229966,42,-0.17812499999999998,0.025693136047011327,-0.20300764738487478,58,-0.16320322924528302,0.01992957398104341,-0.2099213551119177,58,-0.2857142857142857,0.18008331897872631,-0.13873462180690307,45,-0.2777777777777778,0.2830701535134881,-0.1155205115251372,42,0.30500894454382826,0.2605346766820581,0.11633801962871189,45,0.07142857142857142,0.7614088738206711,0.03269163626674283,42,-0.44281045751633985,0.04484434461747897,-0.20780668042386,45,-0.36363636363636365,0.1134420554076875,-0.17026380895058804,42,-0.6086956521739131,0.024536225484660095,-0.24169596931253268,45,-0.3684210526315789,0.14873193993675093,-0.16005115399798858,42,-0.04081632653061224,0.028167620908172313,-0.20827377985166895,58,-0.044444444444444446,0.014127679943645235,-0.23349986346612955,58,-4.178787878787879,0.02158669413345646,-0.20873566835210144,58,-4.081211733958333,0.008720469236114609,-0.2365396249243799,58,Slabce  Modřejovice,49.992453,13.690636,389.0
0-203-0-11102153001,58,0.0031519607843137065,0.061105159056739126,0.17506125364895522,58,-0.0023875782632850153,0.6338841717166981,-0.04295220810647307,58,0.011764705882352941,0.04172329226706767,0.19098438453903405,58,-0.013669050153846141,0.3723060381445509,-0.08045977011494251,58,-0.16909090909090907,0.06396243604375287,-0.21587301587301588,36,-0.04264706506410254,0.5306040024712064,-0.06553911205073995,44,0.08636363636363636,0.08873864997901695,0.15935756044565183,58,-0.04870380769230769,0.5594929759444175,-0.05263157894736841,58,0.07692307692307693,0.8062025821808554,0.02870846258816073,36,-0.2,0.6129005659134593,-0.053079034797661975,44,0.2,0.6235839752171604,0.057509161260159564,36,-0.09761904761904762,0.7925108378685555,-0.027571719589284987,44,-0.55,0.12040638911803868,-0.18124029263954844,36,-0.38675213675213677,0.18505424248187352,-0.13884521449389933,44,-0.5317307692307692,0.08361413147547309,-0.20844250013389534,36,-0.0,0.42006737016136075,-0.08733201272046649,44,-0.0,0.07292949871367209,0.17267691246744082,58,-0.0,0.9619876119785825,-0.004545018577273853,58,1.05,0.07556056752594131,0.16611651806105238,58,-0.6203477588636364,0.6824023300240798,-0.036902601330913484,58,Karlova Ves,49.990212,13.861277,405.0
0-203-0-11103001001,58,-0.00564516129032258,0.16434716947898576,-0.12630112996046156,58,-0.01723597903057692,0.0016549431441088903,-0.28372655777374467,58,-0.011111111111111113,0.23909991175016532,-0.10737265289641126,58,-0.06008587337037034,0.0019855748268267576,-0.278886872353297,58,-0.0,0.9926810874382644,-0.0009276473769721285,47,-0.025217623433048453,0.6664743483965756,-0.04251700680272108,49,-0.08999999999999986,0.258983440810743,-0.10272676132728603,58,-0.17090857037037038,0.02378457963689246,-0.20387174833635813,58,-0.034482758620689655,0.8833229474113174,-0.014835459421824402,47,0.11813953488372092,0.6415115453060931,0.046035956188249245,49,-0.23809523809523808,0.5327642203555014,-0.0631093816643815,47,0.4379487179487179,0.18140052752179037,0.132196751029067,49,-0.375,0.05403218284743323,-0.19507834167542767,47,-0.4405882352941176,0.05235441959897778,-0.19206287662019858,49,-0.0,0.933293910632587,-0.00883014771298752,47,-0.8912037037037037,0.0029523101938777616,-0.3017113255936996,49,-0.0,0.16554079337257843,-0.1318589034248707,58,-0.07407407407407407,0.0005167571816725575,-0.3251253229755104,58,-2.1538461538461537,0.11909570050908104,-0.14159846508095772,58,-5.784276330000004,0.0009428841636424641,-0.29824561403508765,58,Oráčov,50.10814,13.54839,401.0
0-203-0-11103045001,58,-0.019216901636687732,0.05171766541278622,-0.17559801369494407,58,-0.017746212903645833,0.0019855748268267576,-0.278886872353297,58,-0.046984265734265736,0.17090480533565477,-0.1239757636058012,58,-0.05401128886813187,0.0068650964612808835,-0.2437991530550514,58,0.011965811965811991,0.7596857366054888,0.028671335681778858,54,-0.029930703703703543,0.5002200718858727,-0.06509803921568628,51,-0.0947368421052631,0.29836749207046587,-0.09399663797351132,58,-0.18600599999999973,0.0060775784421884535,-0.24742891712038714,58,-0.06666666666666667,0.8170597984958108,-0.021723981631747342,54,-0.12903225806451613,0.6905742448566556,-0.03852211971798226,51,0.36363636363636365,0.06858676530224467,0.1714108793100693,54,0.32608695652173914,0.26560853112715443,0.10796022959758311,51,-0.5555555555555556,0.016267802736622504,-0.22572842774438764,54,-0.3469387755102041,0.17229181633146773,-0.13212790914708325,51,-0.8484848484848485,0.006752829117886487,-0.25929861667198584,54,-0.6176470588235294,0.018682780145408806,-0.23609407400784924,51,-0.0625,0.009802660104209588,-0.2409120950896841,58,-0.07407407407407407,0.001337848961628535,-0.3018265942940835,58,-6.744230769230766,0.0394398645991865,-0.18594804679293536,58,-6.1050582090909105,0.0012529617841763924,-0.29098608590441616,58,Nové Strašecí,50.1456,13.8942,482.0
0-203-0-11103049001,58,-0.0,0.3991932815370477,-0.07833135834768823,58,-0.008004128243207858,0.0463412418408003,-0.17967332123411975,58,-0.0,0.4452484867219342,-0.07112724156637383,58,-0.02660519586813447,0.052549096876694665,-0.17483363581367206,58,-0.06395161290322579,0.3277347052456251,-0.1076923076923077,40,-0.050331966309523815,0.4147447293562837,-0.08974358974358974,40,-0.0,0.6438484167273155,-0.04295590619066774,58,-0.12724076000000004,0.07116107048433404,-0.1627344222625529,58,-0.2075923392612859,0.4771124792479231,-0.07845699722500811,40,-0.21680376028202114,0.48439459510866534,-0.07712107744861872,40,-0.08333333333333333,0.788612072253312,-0.029620391043928673,40,0.33974358974358976,0.35709686264373497,0.10173960402045067,40,-0.7253846153846153,0.011810276608494897,-0.2779943500796509,40,-0.6666666666666666,0.03295972063701634,-0.23506787372353813,40,-0.4375,0.03653197757153953,-0.23971067627366416,40,-0.7304900181488203,0.005160057300258952,-0.322159158730534,40,-0.0,0.35475626668477467,-0.08877455100809353,58,-0.030303030303030304,0.030697894959857246,-0.2075862429524029,58,-0.08749999999999947,0.3481172890252636,-0.08717522138694335,58,-2.6086571363999997,0.039460561115257954,-0.18572292800967935,58,Zbečno,50.0614,13.935,262.0
0-203-0-111040030,59,-0.013534194165471062,0.21638713421299938,-0.11065590839635078,59,-0.02782031197075605,0.0030526313857016972,-0.26475745178258325,59,-0.03636363636363636,0.3326635084281847,-0.08703488469932198,59,-0.07632444332870374,0.00840348803945355,-0.23553477498538863,59,0.1007758620689655,0.28977320395605544,0.10021789135072154,53,-0.04137662966537965,0.4038037971630485,-0.07744107744107745,55,-0.0948717948717949,0.5300383720971742,-0.05625568929191019,59,-0.18661835714285718,0.03696989014543209,-0.1864406779661017,59,0.32916666666666666,0.21111384526669297,0.11850255850695643,53,-0.21951219512195122,0.44580588609217664,-0.07089830045644015,55,0.28919860627177696,0.2224146787165452,0.11593276391123458,53,0.21052631578947367,0.32329700577899734,0.0920485632519461,55,-0.31414473684210525,0.22537783779573084,-0.11507723793450918,53,-0.2830188679245283,0.31628339177583964,-0.09327539950132567,55,-0.5833333333333334,0.08281986913346563,-0.16882293671268045,53,-0.5185185185185185,0.13343124605575532,-0.14256447962570004,55,-0.045454545454545456,0.04008532940292275,-0.1902406487972146,59,-0.08333333333333333,0.003538742145139926,-0.26885233135296444,59,-4.89999999999999,0.15964979140803037,-0.12587841431330907,59,-9.712640961172415,0.0015854396750474874,-0.28229105786090003,59,Podlesí,49.6897,13.9806,510.0
0-203-0-11105036001,57,-0.0,0.10691034843082114,0.15507567379673154,57,-0.0016609682749014225,0.35630132636444645,-0.08395989974937344,57,-0.0,0.1192433516780171,0.15095560432767519,57,-0.006384793656629313,0.2859619625227675,-0.09714823416553572,57,-0.09062499999999989,0.39171805890327704,-0.11047187981895011,30,-0.015904583333333357,0.831310207979425,-0.025210084033613446,35,-0.0,0.058538562118298096,0.18188652167468952,57,-0.02994122583333333,0.491210435009932,-0.06265664160401004,57,-0.0,0.971522279623253,-0.00461363776965222,30,-0.9130434782608695,0.03934184827645615,-0.2449355774549594,35,0.0967741935483871,0.7889297198920173,0.03456230372897493,30,-0.6521739130434783,0.12846912720300138,-0.18043947481714973,35,-0.5714285714285714,0.12476865775515952,-0.19838642409504548,30,-0.6923076923076923,0.020570955503172016,-0.2748750878055645,35,-0.4375,0.2134372843888388,-0.16603865582972024,30,-0.0,0.9766769540007609,0.0036889947600033932,35,-0.0,0.10121021074689186,0.16308831156739992,57,-0.0,0.4191685969627138,-0.07965342537021618,57,-0.0,0.1165910628212208,0.15094032249548536,57,-0.502909529638777,0.3782460206049376,-0.08020050125313284,57,Liteň,49.9033,14.1506,320.0
0-203-0-11202007001,58,-0.002912933466069355,0.24847448042992593,-0.1059788992846975,58,-0.006187126262719584,0.03516256045745086,-0.19013026310418085,58,-0.009805194805194806,0.2450187278549132,-0.10704133215377352,58,-0.01611153373765432,0.049319034091507584,-0.17757605109013416,58,-0.04423624288425043,0.2683270407999552,-0.12187302058173528,40,-0.09185687142857142,0.09503932348633129,-0.20967741935483875,32,-0.017777777777777795,0.49969002362616466,-0.06207457388727176,58,-0.10353539999999994,0.048574163258847725,-0.17802005526315023,58,-0.017241379310344827,0.9442431184775393,-0.007722065279990303,40,-0.375,0.25606153492857675,-0.14170156617996396,32,0.12435897435897436,0.744094636138946,0.03608295359753009,40,0.1514285714285714,0.5699338801555559,0.07106778446515369,32,-0.3021739130434783,0.2484783983941009,-0.12749646579777996,40,-0.6363636363636364,0.03787064361178906,-0.2585863862598716,32,-0.28,0.059383134082478584,-0.21752267592688337,40,-0.5384615384615384,0.009161460773154504,-0.33976059151149923,32,-0.0,0.36853333818243206,-0.08664106435707511,58,-0.0,0.024997904703127252,-0.22026591621108846,58,-1.1268292682926833,0.2597141364565535,-0.1034998607049385,58,-1.69212010499,0.04141052452047196,-0.18407515918366554,58,Praha  Suchdol,50.1436,14.3906,268.0
0-203-0-11202034001,59,-0.005583126550868486,0.05076246202327774,-0.17767992089107776,59,-0.012876175719045025,0.0004133683165909626,-0.31569717805935915,59,-0.014583333333333323,0.08156118805094922,-0.15925979472987115,59,-0.03667149457720589,0.0007396400895196891,-0.30166619236783204,59,-0.04999999999999997,0.2952843939618178,-0.11080334110440367,43,-0.05114090197322058,0.23268028519055994,-0.12473572938689217,44,-0.12380952380952379,0.05475651836769547,-0.1749567273433712,59,-0.18290884444444444,0.0010274773980661549,-0.29348145071444126,59,-0.18518518518518517,0.5506327126148141,-0.06340440959338978,43,-0.22433943089430894,0.4010613613288604,-0.08797063208392097,44,-0.09302325581395349,0.7934845234635542,-0.027840075202550135,43,0.1111111111111111,0.7308446007738414,0.03605532561675729,44,-0.5098039215686274,0.05149700098903169,-0.20678311068541502,43,-0.6,0.01649866674409501,-0.2511932506492683,44,-0.25,0.1018042866175032,-0.18242267794136924,43,-0.46204061895551257,0.04689504620847483,-0.21852975614685013,44,-0.0,0.06917190656458488,-0.1740122391846202,59,-0.045454545454545456,0.0009158556981726436,-0.31564374771681386,59,-2.074074074074074,0.02946508432866208,-0.19814175643125007,59,-4.365812067272724,0.00020359930259347447,-0.3320666613661407,59,Koleč,50.1991,14.2377,238.0
0-203-0-11301046001,59,-0.0,0.9895548801215334,0.0011761470905313782,59,-0.1417317451259375,0.0406718821478845,-0.18293395675043833,59,-0.026176948051948097,0.7269664087846586,-0.03165970323442302,58,-0.5997299598217053,0.014891835329276603,-0.21960072595281302,58,-0.18235799127343244,0.1200436427443521,-0.14862317164523986,52,-0.5621755376470591,0.01525997203523227,-0.2168322618351841,59,0.03333333333333341,0.8086015557733646,0.021803924086951317,59,-0.9056084516129033,0.013194881570005314,-0.22150789012273522,59,-0.06132665832290363,0.8250740950269292,-0.021196215420521188,52,-0.375,0.1464198288941161,-0.1303211926209362,59,0.2962962962962963,0.25560758980832354,0.10917515383440766,52,0.046511627906976744,0.7435125939811758,0.029438536406839716,59,-0.5611111111111111,0.00938796145821252,-0.24953001348672932,52,-0.6756756756756757,0.0001480389822503698,-0.34047879153217564,59,-0.8484848484848485,0.007746507615550353,-0.2611922115775894,52,-0.8484848484848485,0.00704457843824315,-0.24588029456644092,59,-0.0,0.7573427262908847,-0.028522289903882107,59,-0.05555555555555555,0.158152937804251,-0.1294184730435114,59,-0.0,0.9373918775729824,-0.007056882543188268,59,-39.10523672794119,0.07007308516291924,-0.1618936294564582,59,Luby,50.256881,12.400238,524.0
0-203-0-11301161001,59,0.04134453781512604,0.4599300395944875,0.06604324956165984,59,-0.30328730994468406,0.041973729451008114,-0.18176504967855053,59,0.10516304347826087,0.5258653132357702,0.05669199298655757,59,-0.862160767199755,0.041973729451008114,-0.18176504967855053,59,0.1352219209362066,0.39162572666430495,0.0765634132086499,59,-0.6664782467320255,0.08545332323764296,-0.15371127995324368,59,0.12666666666666673,0.7044663112985536,0.03390821542119043,59,-1.3694716216216214,0.016990519398484085,-0.21332554061952072,59,-0.2857142857142857,0.2577935191321574,-0.10146690393440898,59,-0.2,0.3988157212738902,-0.07557138498663102,59,0.11538461538461539,0.37354854845615615,0.07997800215613372,59,0.2222222222222222,0.0840785944871515,0.1554354722281137,59,-0.16,0.31361629860341556,-0.09061696134782452,59,-0.5714285714285714,0.00031988296511231674,-0.323440449896129,59,-0.2692307692307692,0.20727806438042173,-0.1158974930527296,59,-0.7777777777777778,0.00015533825963088535,-0.34916299224787356,59,-0.0,0.693799289766088,0.03606093532464549,59,-0.07142857142857142,0.019991979371591147,-0.21395294358565278,59,9.690196078431372,0.543073197668131,0.05435417884278199,59,-111.83572469435487,0.024062923767014393,-0.20163646990064288,59,Nejdek,50.335684,12.715486,609.0
0-203-0-11302052001,58,-0.02542189952904239,0.019498091098319185,-0.21148806732754324,58,-0.13666185386880472,0.001509362763460713,-0.2861464004839685,58,-0.08069264069264069,0.032113111693080516,-0.19463797322409293,58,-0.5001812618917378,0.0012529617841763924,-0.29098608590441616,58,-0.049105392156862764,0.5068490527578493,-0.0655040467592955,49,-0.3311033219510582,0.05222851916075848,-0.1766917293233083,57,-0.21764705882352936,0.0763749567214658,-0.1605372615213068,58,-0.6179970454545455,0.016032847501520824,-0.2171808832425892,58,0.2063894523326572,0.6291991778066248,0.04778184825674966,49,-0.48267622461170845,0.04661711739219873,-0.18147610548562887,57,0.3160522273425499,0.19890076199025453,0.12707945744084506,49,0.2222222222222222,0.14416352183967532,0.1338422246368533,57,-0.2857142857142857,0.28498972929469235,-0.10580266399708853,49,-0.5333333333333333,0.008697511396803907,-0.23985158746474716,57,-0.4913793103448276,0.16608941675121347,-0.1400408803988205,49,-0.6635220125786163,0.02066480306223928,-0.2155802144062016,57,-0.07692307692307693,0.00902586468820805,-0.24374718926248745,58,-0.1111111111111111,0.005721307681114963,-0.2566396663167524,58,-9.184000000000003,0.010751881639355275,-0.2309352459323748,58,-45.40216758093334,0.0024838526165530065,-0.2728372655777374,58,Šemnice  Radošov,50.277061,12.994221,351.0
0-203-0-11303060001,57,-0.0004272150418609013,0.9286862926698085,-0.008153029634602708,57,-0.015365213327378,0.03065453308661843,-0.1967418546365915,57,-0.0010193020631850467,0.9492778705614039,-0.005849856534027733,56,-0.059047608492931614,0.022861201664254267,-0.2090909090909091,56,0.013978494623655894,0.8264165955464258,0.021176470588235297,51,-0.028765061961451246,0.5496298907610446,-0.05660377358490566,53,-0.0,0.9945065286311795,-0.0006279450016803767,57,-0.15028517929292923,0.037624485799971207,-0.18922305764411032,57,-0.15789473684210525,0.3936067114061027,-0.08261252555917607,51,-0.2,0.3452614089364391,-0.08961820590153635,53,-0.358974358974359,0.25880889777431526,-0.10927703348570478,51,-0.0,0.9693995247462462,-0.0036376982249639754,53,-0.375,0.07513087261917709,-0.17271556561140897,51,-0.5263157894736842,0.02818641204883224,-0.20845680384045412,53,-0.0,0.7004220816558836,0.03843206847326477,51,-0.5006385696040868,0.1517432836236446,-0.13907561503484106,53,-0.0,0.9224516873658356,-0.009260620414615272,57,-0.0625,0.014400110514337037,-0.23148800173229916,57,-0.1883552631578957,0.90683184273868,-0.010661654137557387,57,-5.140791625987001,0.023951742040541447,-0.2055137844611529,57,Velečín  Pastuchovice,50.07036,13.38189,470.0
0-203-0-11303115902,57,0.009679813761767426,0.0019274477062079284,0.2919134577103532,57,0.0018463213802606118,0.4407122191163779,0.07017543859649124,57,0.029670645446507514,0.0014002381289550023,0.30170848284069895,57,0.002661288802256588,0.836388283662991,0.01879699248120301,57,-0.05624999999999999,0.4532179794263096,-0.08372723043020276,39,-0.03924330758532025,0.3277347052456251,-0.1076923076923077,40,0.26103448275862073,0.0008823360675431254,0.313434479233056,57,0.03565537775,0.544661712134825,0.05513784461152883,57,-0.08333333333333333,0.8181633569727957,-0.025710513642803412,39,-0.6020833333333333,0.03800292373494088,-0.22908793663971233,40,-0.0,0.9806900611134916,0.002708207799527066,39,-0.8989795918367347,0.013045931253868517,-0.2739564001463398,40,-0.12903225806451613,0.6896620903791951,-0.04465510264276382,39,-0.5305997552019583,0.05749805074499269,-0.20937739572096567,40,-0.0,0.9514997507895344,0.006987500897217009,39,0.21543560606060608,0.20461334859653002,0.14616995316565567,40,0.04878048780487805,0.0010623375258994438,0.31537439071199486,57,-0.0,0.3173345069429556,0.09739121602451205,57,3.3621212121212123,0.0013781159064010374,0.301138713710229,57,0.6219399980279218,0.40100395209246953,0.07644110275689224,57,Chomutov,50.46225,13.39711,362.0
0-203-0-11401004201,59,-0.10683207806932297,0.04609268051270882,-0.17825832846288717,59,-0.09024897139632392,0.014194322525714774,-0.21917007597895966,59,-0.4628787878787879,0.014190185468672532,-0.21929828311246227,59,-0.3379787539799999,0.0018125950551701906,-0.27878433664523666,59,-0.45788713334796294,0.0334068147887126,-0.19366970553000346,57,-0.237823476,0.03819390833380874,-0.18693284936479126,58,-0.73,0.08192660998736773,-0.1556011128394935,59,-0.5523741935483871,0.02247275356348213,-0.20397428404441845,59,-0.14692307692307693,0.624942564860183,-0.04461217959145835,57,-0.42,0.10301541342458778,-0.14745213496350704,58,0.20416666666666666,0.2075856269445434,0.11520430579015414,57,0.24,0.18176839597643812,0.12090024274368144,58,-0.3819444444444444,0.09293068116066303,-0.153460212133085,57,-0.4666666666666667,0.006177774054604345,-0.24825483194543563,58,-0.4827586206896552,0.11548763522787113,-0.14628879994868416,57,-0.6363636363636364,0.023767760473365106,-0.20870354281618947,58,-0.022727272727272728,0.41951552841939643,-0.0740394055086135,59,-0.058823529411764705,0.1228428232122086,-0.14163312431545463,59,-29.178947368421046,0.12758353996024682,-0.13617767387492694,59,-25.496003821540004,0.0182377808566289,-0.21098772647574518,59,Boleboř,50.537395,13.415082,600.0
0-203-0-11401043001,58,-0.021517241379310346,0.003455286590976138,-0.2660711705283926,58,-0.01529508703402039,0.01992957398104341,-0.2099213551119177,58,-0.07672385620915034,0.000661325198263868,-0.31532070129011264,56,-0.055650344097108055,0.006370638077730766,-0.2506493506493507,56,-0.11396198830409363,0.00994501335025921,-0.25732042072910366,48,-0.01349293196428572,0.7563221245530038,-0.03061224489795918,49,-0.2733333333333333,9.12201410182849e-05,-0.356757917246837,58,-0.15641119545454546,0.07116107048433404,-0.1627344222625529,58,-0.2768199233716475,0.4499052682208141,-0.07545501584960189,48,-0.14459930313588848,0.6170314630423331,-0.049446027017008454,49,0.0625,0.7624075446326772,0.030276346397716303,48,0.06125,0.73012760803405,0.034188483743701814,49,-0.15894736842105261,0.4823805075282116,-0.07037946398740634,48,-0.2093241551939925,0.3652493069682655,-0.08962934242275934,49,-0.0,0.5920083484254997,-0.05497493714169281,48,-0.0,0.47184773979480155,-0.0733433075941572,49,-0.0625,0.0035987261481485,-0.2751026740055266,58,-0.041666666666666664,0.022504878497695932,-0.21553082291167758,58,-6.616129032258065,0.001282815283550533,-0.2929841165128737,58,-4.610877005000001,0.03025930427357642,-0.1954022988505747,58,Měrunice  Žichov,50.47908,13.79031,367.0
0-203-0-11401056001,56,-0.058405300916119146,0.007238599855439585,-0.24675324675324678,56,-0.24059261126035839,0.0006246319809106276,-0.31428571428571433,56,-0.19968805704099823,0.005130181955215403,-0.2571428571428572,56,-0.752011335028617,0.00040968134475966397,-0.32467532467532473,56,-0.19611111111111085,0.0413572221089927,-0.18922558922558924,55,-0.5029969501569542,0.017563611618762905,-0.21818181818181823,56,-0.36662958843159066,0.020818658162663973,-0.21254478740300767,56,-0.8847906869565216,0.01140048350117799,-0.2324675324675325,56,-0.2962962962962963,0.14043346706306847,-0.1372560314169528,55,-0.5263157894736842,0.027418214493659054,-0.20312568876828735,56,0.4166666666666667,0.0327457854458758,0.19898733526523643,55,0.36666666666666664,0.024997904703127252,0.20698980248781454,56,-0.46153846153846156,0.012988150895991651,-0.2316326903633939,55,-0.5714285714285714,0.0001424985727576919,-0.3509495165110658,56,-0.8974358974358975,0.001570401698798041,-0.3005681434545707,55,-1.009090909090909,0.000496641192819041,-0.3277867209813177,56,-0.1111111111111111,0.0011878274132209674,-0.3057187909885435,56,-0.16064516129032258,2.364700035466719e-05,-0.3982939375653795,56,-20.613541666666663,0.0026058626002679326,-0.27662337662337666,56,-82.36798247261063,0.0004321452965341724,-0.3233766233766234,56,Hrob  Křižanov,50.654,13.71953,360.0
0-203-0-11401097301,59,-0.04999999999999982,0.08907394086541161,-0.1520023449915433,59,-0.0049487209043659035,0.35308240392393975,-0.08301666534153518,59,-0.17058080808080808,0.06143754349774632,-0.1672025794906976,59,-0.018435778715686267,0.35990412841936703,-0.08184741653390792,59,-0.21326101928374663,0.09849337133750186,-0.1504702490090042,57,0.02231442380952379,0.6157997388896345,0.051207729468599035,46,-0.2576923076923078,0.24968202486165458,-0.10307488711094039,59,-0.031366733333333334,0.6851417107545473,-0.03624671303644494,59,-0.16904761904761906,0.4529324496587471,-0.06853231796043328,57,-0.44,0.08474465873421802,-0.17644309036747133,46,0.13529411764705884,0.45709208808385526,0.06788217054101338,57,-0.14634146341463414,0.5194643785143023,-0.06605242391702223,46,-0.31762749445676275,0.12633346530990844,-0.139711865423635,57,-0.13636363636363635,0.5634581371614439,-0.059108776882077683,46,-0.4375,0.1319089812433886,-0.14080078747975783,57,0.14285714285714285,0.46350380429130644,0.07712717185989548,46,-0.04,0.14121337994521915,-0.1354673471352979,59,-0.0,0.5690853333196215,-0.05346844463160895,59,-14.27450980392157,0.0993555413392854,-0.14732534976103426,59,-1.1854286309090918,0.448093825610539,-0.06781643084238086,59,Dubí,50.68056,13.80214,402.0
0-203-0-11402030001,56,-0.014028147490880412,0.07034531879092318,-0.16655854759107405,56,-0.012967329854607641,0.1983413978186307,-0.1181818181818182,56,-0.049007296466973875,0.08829098640910332,-0.15726126338235097,56,-0.044319863340968296,0.2641352277030081,-0.1025974025974026,56,-0.01,0.922353357048436,-0.009415457766532966,51,-0.04732166678004531,0.5106029689377543,-0.0635294117647059,51,-0.1539939332659252,0.20068700435169695,-0.11787741926323203,56,-0.09853209181141442,0.42041643679646445,-0.07402597402597404,56,-0.11764705882352941,0.6549909206197807,-0.04327322767385414,51,-0.10526315789473684,0.7267997571533218,-0.033858530121685514,51,0.25,0.3543701449003026,0.0896582240640922,51,0.24242424242424243,0.39813270729078276,0.08185804986515785,51,-0.0,0.909408394000231,-0.011054335027054519,51,-0.0,0.9352290649756855,-0.007889684472185849,51,-0.1206896551724138,0.5245244145540018,-0.0631118776729677,51,-0.2,0.4238716040314374,-0.0793606823897773,51,-0.04210992907801418,0.034239666457449865,-0.20336265454233837,56,-0.02631578947368421,0.20264917792320858,-0.12134491719231831,56,-4.549999999999997,0.06816568474504149,-0.16796931955839148,56,-4.5238973465,0.1983413978186307,-0.1181818181818182,56,Jílové,50.76642,14.10183,310.0
0-203-0-11403005001,59,0.0148960293337193,0.3766602265604132,0.07955485815509264,59,0.006476670166082606,0.5963210134938621,0.04734073641145529,59,0.02627705627705607,0.6098299607953742,0.04627187395800288,58,-0.008458507842857123,0.8248093825386139,-0.01996370235934664,58,-0.07391304347826087,0.3759835208202311,-0.08549019607843139,51,-0.04645674595238096,0.5486916569712703,-0.05731523378582202,52,0.28124999999999994,0.18588392110926855,0.11907302009497782,59,0.10837784615384621,0.6238073385094445,0.04383401519579193,59,0.15,0.6433011120006711,0.04484679958926701,51,-0.15504807692307693,0.5485588407745876,-0.05753258471284322,52,0.1,0.531521249744497,0.060678377219079566,51,-0.075,0.7641739861303926,-0.028810110039635357,52,-0.32608695652173914,0.2519462421867742,-0.11102448249203856,51,-0.07142857142857142,0.6526958338200637,-0.04323164367399262,52,-0.34146341463414637,0.44383154618870624,-0.07555503617426423,51,0.1611111111111111,0.5526957805282386,0.058046579909661666,52,-0.0,0.5193387193057579,0.05956591690846459,59,-0.0,0.4731335196948647,0.06652578706425359,59,5.490196078431373,0.316371499473977,0.09016217257577167,59,2.130824484641176,0.4599300395944875,0.06604324956165984,59,Křižany,50.738722,14.907056,395.0
0-203-0-11403025001,58,-0.013092563574921182,0.22985615441956764,-0.10828796128251661,58,-0.023995909977326473,0.0178884502373191,-0.21355111917725345,58,-0.0439064455569462,0.20011453786034672,-0.11554748941318813,58,-0.07335515435185186,0.01992957398104341,-0.2099213551119177,58,-0.004487179487179505,0.9248120518239678,-0.008754208754208756,55,-0.05446045079365075,0.22396759457861626,-0.11390635918937805,54,-0.11764705882352941,0.2683296861302158,-0.09993950397665907,58,-0.19747743478260868,0.025498913952245364,-0.20145190562613424,58,-0.08333333333333333,0.7938011115492523,-0.02428333975549059,55,-0.15384615384615385,0.5910924549483181,-0.05043797997581489,54,0.15384615384615385,0.49483267836157685,0.06357856504780744,55,0.0625,0.7034734532683687,0.03581503946874207,54,-0.34210526315789475,0.10536958816862263,-0.1506765355469634,55,-0.2857142857142857,0.29278405967883603,-0.09867049551947667,54,-0.3888888888888889,0.15775484397945716,-0.13406917803644205,55,-0.21875,0.44495644843406956,-0.07338604293365995,54,-0.03225806451612903,0.11492792733199747,-0.14841598287604338,58,-0.05714285714285714,0.015005455199572228,-0.22786498821700082,58,-4.720512820512821,0.18191261324373742,-0.12038717483363578,58,-8.12690709766667,0.016032847501520824,-0.2171808832425892,58,Mimoň,50.65975,14.72494,278.0
0-203-0-11403041001,59,0.006039114549752848,0.6744769438844662,0.03802111099343668,59,0.02828975325927199,0.2213734721863041,0.10929281122150789,59,-0.0,0.9779846791751741,0.0025350191746406773,57,0.056374819800808114,0.5724304932610559,0.051378446115288225,57,-0.33544973544973544,0.00851691262350678,-0.2624113475177305,48,-0.13014300999999998,0.3177792059712742,-0.09647058823529414,51,0.12187499999999996,0.5372883650647126,0.05587725927198497,59,0.35629541176470586,0.11806730995113093,0.13968439509059027,59,-0.375,0.11754519945439695,-0.15686498802905674,48,-0.6363636363636364,0.10080627855534277,-0.15874293897100164,51,0.3055555555555556,0.15737308931280047,0.14177679053402367,48,0.1,0.6608294446992325,0.04253683087208493,51,-0.6666666666666666,0.0049525943123405825,-0.28164395577944273,48,-0.2978723404255319,0.1435963703084336,-0.14178943624028312,51,-0.9655172413793104,0.004560048798731163,-0.2897256486233773,48,-0.0,0.7628156982215591,-0.0298754061411693,51,0.025,0.36734785281078,0.08324441486686156,59,0.05263157894736842,0.15388108246793958,0.1313573521063436,59,3.2918918918918916,0.4784674299811513,0.0641606248014244,59,10.1048870685,0.09540126939912012,0.14903565166569258,59,Mařenice,50.80967,14.676,395.0
0-203-0-11405014001,58,-0.061516034985422685,0.06508175418880346,-0.16636418632788866,58,-0.12142573336558654,0.014891835329276603,-0.21960072595281302,58,-0.2034782608695652,0.029250388748819724,-0.1966122202056866,58,-0.41860637333548806,0.008383079440204975,-0.23774954627949182,58,-0.1232715813598165,0.2828762746012623,-0.09774436090225565,57,-0.24782056378205108,0.11335646272543819,-0.14411027568922308,57,-0.33939393939393947,0.09617383475861369,-0.15016657722877977,58,-0.48594582857142865,0.06315309665934436,-0.16757410768300057,58,-0.17192118226600986,0.28581731186137227,-0.09745421361346017,57,-0.4127789046653144,0.1086469960582171,-0.14640334992689852,57,0.32038123167155425,0.05380641977320379,0.17643635958753462,57,0.3333333333333333,0.005969384397391543,0.2524638967641296,57,-0.34782608695652173,0.17492182774946619,-0.1239393816947247,57,-0.22477477477477478,0.2826708966309027,-0.09823802243077161,57,-0.5384615384615384,0.07843819213105463,-0.16345146410089526,57,-0.6199346405228758,0.021053862674701926,-0.21515009870328372,57,-0.09375,0.0036897377957619657,-0.2691751380559421,58,-0.11764705882352941,0.001930218266648577,-0.28589077192901896,58,-20.262162162162156,0.043476435746384184,-0.18209316394434358,58,-42.50537980368401,0.010596145730049005,-0.23049001814882028,58,Chřibská  Horní Chřibská,50.85289,14.52456,440.0
0-203-0-11428,54,-0.007815892314372557,0.14154719925830178,-0.13795548650851236,54,-0.01415860634434524,0.02774887393745358,-0.20614954577218728,54,-0.028288288288288287,0.14554373810388274,-0.13674698365879387,54,-0.0473505775462963,0.028823089330034527,-0.2047519217330538,54,0.023809523809523808,0.7761743809477374,0.028703716008111353,47,-0.04032627142857142,0.5185169930451219,-0.06666666666666665,45,-0.11999999999999998,0.22944344379629455,-0.11314303889462451,54,-0.20601512790697674,0.0228805946286065,-0.21313766596785463,54,-0.13636363636363635,0.5571044960265219,-0.05945244698679701,47,-0.0,0.9843841960350082,0.002028414257393391,45,0.15,0.4914308742067245,0.06963836330398468,47,0.2608695652173913,0.24024867787769455,0.12170485544360346,45,-0.2857142857142857,0.23296956459893248,-0.12087559266568179,47,-0.2857142857142857,0.21038898487709323,-0.12968651598508044,45,-0.2916666666666667,0.19593068725675444,-0.13465273800405583,47,-0.3944444444444445,0.08209981887971649,-0.18583648040442632,45,-0.030303030303030304,0.05273980533737332,-0.1904141001110538,54,-0.047619047619047616,0.011269420297517747,-0.24943640219295168,54,-2.8175,0.09758926379179271,-0.15551710492542925,54,-4.78815932785965,0.017318832999818283,-0.2229210342417889,54,Domažlice,49.444716,12.922385,458.0
0-203-0-11455,56,-0.015115175585284281,0.013047797066249062,-0.22904026326641158,56,-0.015887193608217595,0.008560539340500209,-0.2415584415584416,56,-0.04453793574846207,0.013575006121611654,-0.22773519054124686,56,-0.05031949387655056,0.009888197652652768,-0.23708997677854304,56,0.039473684210526314,0.5893811507885529,0.05512575111852902,46,0.007243462121212135,0.8572350913490248,0.018357487922705317,46,-0.16874999999999998,0.05705018133281477,-0.17599451349103706,56,-0.1335430011961724,0.05455928050030326,-0.17662337662337663,56,-0.058823529411764705,0.842315726178104,-0.020388589743494424,46,-0.08333333333333333,0.7188474318634166,-0.03691164865951242,46,0.44,0.08642676762406058,0.17573022588440432,46,0.8,0.005845879508963646,0.2822523667636265,46,-0.7551020408163265,0.01744720475538127,-0.24321808192461472,46,-0.21428571428571427,0.46010047724328185,-0.0755450156392028,46,-0.875,0.0007005161352170179,-0.3603833046940232,46,-0.7954545454545454,0.0016630466418811483,-0.33071677858018816,46,-0.05555555555555555,0.0007265240319200274,-0.3268679249680535,56,-0.0625,0.00043610198538017713,-0.33830189131801264,56,-5.23460648148148,0.005325579799828785,-0.25718366319787417,56,-5.496436616125001,0.007238599855439585,-0.24675324675324678,56,Klatovy,49.39042,13.303016,421.0
0-203-0-11483,59,-0.012671095008051516,0.38086151766523,-0.07833967011102615,59,-0.025438765996093755,0.002258568531774985,-0.27293980128579776,59,-0.035555555555555556,0.424966538543713,-0.07132417726526262,59,-0.07759572135481366,0.004445648779888653,-0.2542372881355932,59,0.10605791962174943,0.20528826347841356,0.11528822055137847,57,-0.04333879749216299,0.36417283766154707,-0.0841750841750842,55,0.005128205128205201,0.9634853398112528,0.004095965356002082,59,-0.15387651,0.04753919296242779,-0.1770894213909994,59,-0.15789473684210525,0.4487798661333843,-0.06918288251901374,57,-0.375,0.13284873010902404,-0.139676399540524,55,0.2554347826086957,0.14052406957869817,0.13484778911333004,57,0.23684210526315788,0.24824114336090153,0.10750595564184975,55,-0.5714285714285714,0.026134752548747215,-0.20308200643321053,57,-0.6176470588235294,0.016229633746941592,-0.22364992495984248,55,-0.7071428571428571,0.03085038090135438,-0.20010448218851207,57,-0.7142857142857143,0.023727761375432133,-0.2156149397350023,55,-0.05263157894736842,0.0610030354890725,-0.17284543209614367,59,-0.08571428571428572,0.0020514177814082834,-0.28608986575789475,59,-4.433333333333325,0.33311189524027973,-0.08652441176441696,59,-8.44048715154717,0.0011535423589880197,-0.29047340736411453,59,Rožmitál pod Třemšínem,49.605,13.8664,524.0
0-203-0-11497,59,-0.009254901960784314,0.20455249063320702,-0.11341713433984385,59,-0.022159869501736106,0.050546883978862825,-0.17475160724722383,59,-0.025503907856849063,0.2606670763424681,-0.10055539745594402,59,-0.07518652313107639,0.10071206830073891,-0.14669783752191698,59,0.06527777777777771,0.28918064004462274,0.09834961824275916,55,-0.06129217314507192,0.35630132636444645,-0.08395989974937344,57,-0.03157894736842113,0.7635397765655848,-0.026908463122619176,59,-0.16968180487804876,0.16763843911693477,-0.12331969608416131,59,-0.12903225806451613,0.727402032017435,-0.03246565023717827,55,-0.12451612903225806,0.7514582801412971,-0.028894563567236846,57,0.34615384615384615,0.13090864525435783,0.14068448436110584,55,0.30495169082125606,0.13329748855389575,0.13719453451510105,57,-0.46938775510204084,0.12549457996836041,-0.14247182282198928,55,-0.4444444444444444,0.07682003010168938,-0.16138186543185684,57,-0.4375,0.16171948756899035,-0.13306504803029826,55,-0.6176470588235294,0.05757744082876211,-0.17673536450280983,57,-0.038461538461538464,0.06991780218985696,-0.1688114072062016,59,-0.06,0.016324632400662974,-0.22220407183708346,59,-3.1499999999999986,0.2834960373292972,-0.095878402225435,59,-7.822865699366668,0.06054100972277612,-0.16773816481589712,59,Husinec,49.0522,13.9883,483.0
0-203-0-11501049001,59,-0.040914897798742134,0.019564487016508283,-0.2086499123319696,59,-0.032293382206831665,0.011380870522872255,-0.22618351841028633,59,-0.1338461538461538,0.017604470014125607,-0.21215663354763292,59,-0.09903462324765556,0.014194322525714774,-0.21917007597895966,59,-0.10120833333333312,0.16598005759021495,-0.1272727272727273,56,-0.11870749900914634,0.08720238106734576,-0.15714285714285717,56,-0.35000000000000003,0.025743426255597213,-0.19941523877693237,59,-0.2794963829787234,0.030420610270802513,-0.1934541203974284,59,0.29563492063492064,0.24056244649099434,0.10821464784787375,56,0.1464285714285714,0.5432073786703208,0.05602635585791081,56,0.28125,0.16156877945308445,0.1290753028546928,56,0.3445054945054945,0.09660886542463964,0.15334604520685674,56,-0.14285714285714285,0.520007945873597,-0.059303085389701374,56,-0.08333333333333333,0.7396971951217814,-0.030609053620839252,56,-0.3751196172248804,0.28151496111937546,-0.1009553462235278,56,-0.3146464646464646,0.3569830448303093,-0.08634338821749088,56,-0.06976744186046512,0.014501941257339196,-0.2251134747523456,59,-0.06818181818181818,0.02143068572777415,-0.2121995592042897,59,-13.683870967741935,0.01581874740119233,-0.2156633547632963,59,-10.982995211999992,0.0101693092772163,-0.2296902396259497,59,Šluknov,51.002722,14.45525,352.0
0-203-0-11502020001,59,0.0011153198653198748,0.911449090695844,0.009964872809839355,59,0.005864861864534275,0.5131358344816985,0.0584624403813628,59,0.04254807692307694,0.6946096505948937,0.03522194395160438,59,0.02650282536601307,0.3265927434858308,0.0877449884433234,59,0.047272727272727195,0.7035887763006645,0.03563941299790356,54,-0.004460856862745093,0.9805601631580517,-0.0023529411764705885,51,0.37777777777777777,0.23124697652049786,0.10726892495297657,59,0.09191345744680851,0.424966538543713,0.07132417726526262,59,0.14285714285714285,0.5807285563511302,0.05198526667600462,54,-0.0,0.9935182014897057,-0.0007861657085302501,51,0.2222222222222222,0.2825596883863851,0.10094687451922925,54,-0.0,0.9546443768722933,-0.0055118537407395024,51,-0.2619047619047619,0.33951827891499853,-0.08966751995700425,54,-0.06818181818181818,0.7637287456427282,-0.02908813121561926,51,-0.3333333333333333,0.406555827613878,-0.07913193996257946,54,0.3333333333333333,0.4151166249951789,0.08044398895399207,51,-0.0,0.7085277286163892,-0.0342050784629509,59,0.024390243902439025,0.25767412147298274,0.10494303400824717,59,3.7099999999999995,0.7238891953810529,0.03166243377004652,59,2.592489268352939,0.35990412841936703,0.08184741653390792,59,Petrovice  Krásný Les,50.767361,13.937667,631.0
0-203-0-11542,59,-0.007266260162601625,0.09030336592947633,-0.15146201420300726,59,-0.009619315338192427,0.03466463765072737,-0.18877849210987724,59,-0.016339869281045753,0.26622415379181263,-0.0994443202357665,59,-0.025077541609432964,0.06235627895922843,-0.16656925774400932,59,-0.014838850174216035,0.7647997968335449,-0.028332744755599215,53,0.025040903846153872,0.5938380941228463,0.053191489361702135,48,-0.05,0.49223168356869507,-0.061511592430978736,59,-0.10056299999999993,0.1376859742528421,-0.13267095265926357,59,-0.4037037037037037,0.2000454363743751,-0.12167675110208592,53,0.20294117647058824,0.44448995438473926,0.07651294001584495,48,0.20942982456140352,0.41598094559065346,0.07726021401079768,53,0.22004608294930875,0.4498336410974735,0.07558951687586632,48,-0.35690653432588915,0.155790488420992,-0.13459483432366706,53,-0.10960960960960961,0.7556920140008214,-0.031097366808801617,48,-0.21212121212121213,0.3232908579761389,-0.09630333970055473,53,-0.0,0.5797613745327606,-0.0568074350464159,48,-0.02,0.2026047119258899,-0.11932420829132659,59,-0.037037037037037035,0.02982372370282247,-0.20460388349638614,59,-2.649999999999999,0.09152796895885862,-0.1510098192629059,59,-3.4178367395869564,0.041973729451008114,-0.18176504967855053,59,České Budějovice  ul. S.K.Neumanna,48.9644,14.4672,388.0
0-203-0-11549,59,-0.015138888888888887,0.23655275440923185,-0.10578609000584452,59,-0.10130817012487062,0.0013232539771769177,-0.28696668614845117,59,-0.029411764705882353,0.5517810832746601,-0.053185271770894216,59,-0.3291951181245419,0.0023590227800887728,-0.27177089421390993,59,0.08045977011494249,0.2805808677281435,0.09643483343074225,59,-0.22877043253968252,0.11188154789081962,-0.14337568058076222,58,0.014000000000000004,0.9218523325385213,0.008777068620004462,59,-0.46602115,0.025749757505442214,-0.1992986557568673,59,-0.08333333333333333,0.685060970172648,-0.0363745678004132,59,-0.46153846153846156,0.07321053168975362,-0.16211400834467182,58,0.2857142857142857,0.1149081083548102,0.14143311826564411,59,0.21052631578947367,0.21432516168315918,0.11267000694761192,58,-0.5283018867924528,0.03517565412295736,-0.1889130779311782,59,-0.64,0.001537431911559631,-0.28702116453809395,58,-0.7,0.023266667454746953,-0.20731173856440557,59,-1.037037037037037,0.0012305334619226137,-0.2987199967082052,58,-0.05405405405405406,0.039786714142168576,-0.1912162482658045,59,-0.1388888888888889,5.255866426882028e-05,-0.37114427803077454,59,-5.100000000000007,0.228837041671053,-0.1076338524904767,59,-35.00718292476999,0.0013847584884017316,-0.2857977790765634,59,Vyšší Brod,48.6177092,14.3141131,559.0
0-203-0-11557,56,-0.013647814027571814,0.44057909542986995,-0.0712667986730893,56,-0.011640478580927075,0.42041643679646445,-0.07402597402597404,56,-0.04329909741674451,0.38004801893399764,-0.08126161123551709,56,-0.04879082917029308,0.3656537678421796,-0.08311688311688312,56,-0.27898985745614036,0.004694143845272445,-0.2789115646258503,49,-0.14034096491228074,0.11697760755750762,-0.15137254901960787,51,-0.1727941176470589,0.332358284673995,-0.08963289348800028,56,-0.08554810902255638,0.5717998244618638,-0.05194805194805196,56,-0.08333333333333333,0.7366928696389976,-0.03323399105356184,49,-0.375,0.2079209921946391,-0.12195182344449801,51,-0.038980509745127435,0.8427927177261398,-0.019633094054509186,49,0.15,0.48986433249482564,0.06682408522507126,51,-0.36753246753246754,0.13572135229771434,-0.14780171711144807,49,-0.45454545454545453,0.03462011449831729,-0.2049691868210136,51,-0.0,0.658865645444312,-0.04469847483981884,49,-0.4375,0.18922237848138745,-0.12999838888454748,51,-0.0,0.9886551601079584,-0.0013543721306281274,56,-0.0,0.429250695660085,-0.07551509669861266,56,-3.431881720430103,0.5475691165103334,-0.055575026488188906,56,-3.106464931724359,0.5527308893418837,-0.05454545454545456,56,Stráž pod Ralskem,50.70361,14.80739,310.0
0-203-0-11578,56,-0.017082358511586456,0.04773342414721328,-0.182411391165291,56,-0.015294933967892662,0.02202819758702683,-0.21038961038961038,56,-0.050750773036487326,0.06687373377833007,-0.16934037482871675,56,-0.044120292473611114,0.033388427461528924,-0.19551803564477108,56,-0.00952033598585326,0.8728931057545756,-0.01595744680851064,48,-0.002534207142857138,0.9313087377906186,-0.008503401360544217,49,-0.19232954545454545,0.13567755855381108,-0.13768517250487988,56,-0.13602290131578954,0.06612740306605165,-0.16883116883116886,56,-0.271978021978022,0.47147974709509266,-0.07196819175751232,48,-0.396969696969697,0.1730589817207422,-0.13492864246016434,49,0.15,0.516334229720531,0.06491805566986165,48,0.07037037037037036,0.7496897241388056,0.03158367304421043,49,-0.4444444444444444,0.05256080785153107,-0.19429867835417253,48,-0.2777777777777778,0.2658300280963096,-0.11049543384614119,49,-0.3944444444444445,0.21476812661088696,-0.12670041597019488,48,-0.2746153846153846,0.2100750407866585,-0.12801259326564415,49,-0.05064102564102564,0.017744707003504438,-0.22686892638954914,56,-0.054804804804804805,0.006132323258706525,-0.2632187621571746,56,-5.728750000000001,0.03511735145315014,-0.19413783774020257,56,-4.897600713311002,0.015644849724080232,-0.2220779220779221,56,Vavřinec  Žíšov,49.902888,15.067741,415.0
0-203-0-11583,58,-0.07887912426765341,0.022562265957192695,-0.2057488747736492,58,-0.07387419968208811,0.011886545688530111,-0.22686025408348454,58,-0.2158880471380471,0.03881845764819288,-0.18638427479495281,58,-0.22972567772492403,0.026395469938348026,-0.20024198427102233,58,-0.061499999999999985,0.5811267845743877,-0.051195691688011614,55,-0.14833953863324173,0.21354146845264987,-0.1142857142857143,56,-0.3096774193548388,0.1907740318108473,-0.11825383486990133,58,-0.3101324545454544,0.16496869131574954,-0.12522686025408344,58,-0.3076923076923077,0.2572912563259693,-0.10544175595802033,55,-0.41379310344827586,0.13034196587232078,-0.1393233890910689,56,0.28125,0.09618572564799396,0.15547019652679384,55,0.26776960784313725,0.12317815359701094,0.1424867035803606,56,-0.6363636363636364,0.01624088978974627,-0.22349845191506373,55,-0.555,0.030514256868660005,-0.19948001350270703,56,-0.9130434782608695,0.004511496611769538,-0.2691390254312303,55,-0.84,0.010314043501451972,-0.24043312719024384,56,-0.125,0.00043325087525188295,-0.3249606418377292,58,-0.125,0.0006149985941859565,-0.3160602532509748,58,-26.480851063829785,0.01756414879753574,-0.21422088726432886,58,-25.898377801041665,0.009431865830169788,-0.23411978221415602,58,Černovice  Dobešov,49.3575,14.9625,580.0
0-203-0-11602,54,-1.1042465471036904,0.0002492227940285929,-0.3431167016072676,54,-0.8554571171890798,1.1934523615874362e-06,-0.45492662473794543,54,-0.7926470588235299,0.1054672352011207,-0.15164220824598182,54,-1.395088765313563,0.00012961651618850325,-0.3584905660377358,54,-0.5975703324808193,0.1769092815963943,-0.1264849755415793,54,-1.130510677419355,0.00022171220501678075,-0.34591194968553457,54,-0.9333333333333337,0.31383372507927554,-0.09440561748878405,54,-1.5472499999999911,0.0009005654123574357,-0.3109713487071977,54,-0.20588235294117646,0.5257704827057532,-0.05973390252200673,54,-0.6363636363636364,0.01990455827368389,-0.21856457989519787,54,0.13333333333333333,0.331837426251947,0.09145473319003049,54,0.1836734693877551,0.18645851057384166,0.12438706760464932,54,-0.029411764705882353,0.8169930519331198,-0.021816163014546672,54,-0.4444444444444444,0.0191014768609867,-0.22058613157115478,54,-0.0,0.41300107187127666,-0.07945912981769844,54,-0.5185185185185185,0.038010053385815645,-0.19951527647066067,54,-0.021739130434782608,0.40499316080078196,-0.08042927133989083,54,-0.07407407407407407,0.07446943264895653,-0.1717437266035467,54,-78.02857142857141,0.23554179417878363,-0.11111111111111109,54,-125.78074674000001,0.0015208741930878668,-0.296995108315863,54,Bedřichov,50.81511,15.13708,777.0
0-203-0-11604,56,-0.14574255042583148,0.00013537515096669484,-0.35064935064935066,56,-0.09314416722642777,8.485765618696418e-06,-0.4090909090909091,56,-0.19394619626696835,0.04782616498141496,-0.18181818181818182,56,-0.1714277419069445,0.0032811212828001085,-0.27012987012987016,56,-0.11299734748010594,0.3342850084508868,-0.08956228956228958,55,-0.20747174871794874,0.002589269573052582,-0.2794612794612795,55,-0.4036363636363636,0.14732368916567434,-0.13333350959560808,56,-0.35486866910331394,0.012854600730212575,-0.2285714285714286,56,-0.41379310344827586,0.09776809565320227,-0.15421183862659676,55,-0.058823529411764705,0.8162581077058839,-0.021614419330846745,55,0.2,0.2602994564814608,0.1048726241042274,55,0.38461538461538464,0.06399363079274871,0.17276743944041284,55,-0.375,0.15259336517712443,-0.13301871609446392,55,-0.3333333333333333,0.15050352183465684,-0.1337392196096142,55,-0.4827586206896552,0.12611480751389417,-0.14481863218064697,55,-0.5833333333333334,0.0858720227277106,-0.1626337442578091,55,-0.06451612903225806,0.044389058522889324,-0.19037070777926735,56,-0.06458333333333333,0.03805971628056279,-0.19635649491744112,56,-17.427083333333332,0.07964515883675075,-0.16103896103896106,56,-16.319038570388887,0.008211242488902959,-0.24285714285714288,56,Nové Město pod Smrkem,50.92358,15.23381,473.0
0-203-0-11644,59,-0.632828282828283,0.0021620475374357823,-0.2741087083576855,59,-0.23718306099296527,0.0521095412448176,-0.17358270017533606,59,-2.0522875816993453,0.0002200510400905894,-0.3302162478082992,59,-0.8425122928921575,0.019564487016508283,-0.2086499123319696,59,-1.7823842823842826,0.00018842716294256863,-0.3337229690239626,59,-0.7655310905982906,0.012258176758258589,-0.2238457042665108,59,-3.1153846153846154,8.474541934166411e-05,-0.3516678827081788,59,-0.8935982545454545,0.07212013864286813,-0.16072472238457042,59,-0.034482758620689655,0.8239867431586195,-0.019959101572575813,59,-0.4418604651162791,0.030883594712537647,-0.19349265081695097,59,0.019230769230769232,0.8803782398509774,0.01352969500177011,59,0.0,0.8855401141957303,0.012945280192546359,59,-0.3548387096774194,0.015492234517556849,-0.21745857608128394,59,-0.23529411764705882,0.13570672437414416,-0.13423972601518913,59,-0.3181818181818182,0.14659151794981812,-0.13336127857235067,59,-0.19444444444444445,0.38642171169592476,-0.07933405771422009,59,-0.0,0.5155959662995082,-0.059703838170902634,59,-0.0,0.6697763587661365,-0.03902984660737888,59,-199.08,0.003613457278941809,-0.2600818234950321,59,-75.76005588052627,0.08545332323764296,-0.15371127995324368,59,Benecko,50.6713,15.5499,780.0
0-203-0-11685,57,-0.35957717731614786,9.404685475890557e-09,-0.5225563909774437,57,-0.3246367093858855,9.199426197711086e-08,-0.4862155388471179,57,-0.6378910958322722,1.0210752122939794e-06,-0.4448621553884712,57,-0.5786175989315475,2.5209534673943963e-05,-0.3834586466165414,57,-0.6136579414374446,0.00015174345846639752,-0.3480519480519481,56,-0.41722659177083327,0.0028118609265478304,-0.2719298245614035,57,-1.4861350574712644,2.5932160084128098e-05,-0.383433167209385,57,-0.7490211208333333,0.0010502340295052471,-0.29824561403508776,57,-0.15625,0.5911203806232574,-0.04944706881610011,56,-0.6842105263157895,0.0008609589070107852,-0.3040210601422312,57,0.20256410256410257,0.18135359771992776,0.12357270595609063,56,0.2,0.142290447187554,0.13451634778944865,57,-0.9168096054888508,0.00020560181543705157,-0.3425815903557438,56,-0.6363636363636364,0.000703000743465577,-0.3100238889895251,57,-1.255,0.0009383144477001999,-0.3094371362471975,56,-0.875,0.0012534760604862541,-0.30092330098117337,57,-0.15384615384615385,4.755745921731613e-06,-0.42785431510509725,57,-0.15789473684210525,4.960301381766164e-07,-0.4709643818421985,57,-63.02782051282051,2.8545489095549754e-06,-0.42606516290726826,57,-54.19525910686032,2.679213545424712e-05,-0.3822055137844612,57,Nedvězí,49.6344,16.3097,722.0
0-203-0-11691,56,-0.01853801982591876,0.024375891757296164,-0.20839671268463253,56,-0.01713432902732044,0.03281041571011509,-0.19610389610389614,56,-0.06705882352941175,0.011862689299562182,-0.23530555745393134,55,-0.05997845432926829,0.03222855703393101,-0.19865319865319866,55,-0.05700018477457501,0.523974310141478,-0.06663142126813307,44,0.0021525640350876785,0.9622416434573877,0.004830917874396136,46,-0.1981481481481481,0.10498473241549683,-0.1501214981194091,56,-0.11973487749169434,0.19345485741175295,-0.11948051948051949,56,-0.4496293800539084,0.17523012483047706,-0.1419494711236678,44,-0.2777777777777778,0.4207725671941476,-0.08244484939831016,46,0.09523809523809523,0.7537509708676025,0.0329265577249454,44,0.15555555555555556,0.5444018336419697,0.06204592188746245,46,-0.5319727891156463,0.09112098173590619,-0.17700115130138316,44,-0.38461538461538464,0.21821706421714293,-0.1260307788339081,46,-0.7507188039102932,0.017016523355191347,-0.2556798863717929,44,-0.5,0.08941302719482801,-0.17913301683852215,46,-0.058823529411764705,0.011497716620117351,-0.24247940436648693,56,-0.06559139784946236,0.01262730462551328,-0.23819556834053757,56,-5.753124999999999,0.02574937428666509,-0.20649900396337936,56,-5.527712711791667,0.029495436507139646,-0.2,56,Náměšť nad Oslavou,49.2101581,16.144155,390.0
0-203-0-11701,56,-0.002894388054134698,0.3971295467302084,-0.07933439113226715,56,-0.0028185152682740694,0.37698566236142694,-0.0811951975268983,56,-0.0028571428571428597,0.47738208080846,-0.06749085693609944,55,-0.005576983989795919,0.44157783610937495,-0.071404517354332,55,-0.10222222222222209,0.2594344494913885,-0.12128380911548736,42,0.06681048676470588,0.33312567816369987,0.1111111111111111,37,-0.0,0.7433789061679263,-0.030719686814563597,56,-0.050998950681818186,0.4163402955776916,-0.07469958172474643,56,-0.0,1.0,0.0,42,0.4665718349928876,0.3263995448866164,0.1130377277997083,37,0.8235294117647058,0.009267015493330791,0.2798857133434324,42,0.4264069264069264,0.25497454109844864,0.13112376424766162,37,-0.5833333333333334,0.0950156339390395,-0.17938340474026157,42,0.32916666666666666,0.4797761572224305,0.08144879762100012,37,-1.135135135135135,0.012041333331219995,-0.27890289714281086,42,-0.0,0.49112834901940317,0.08185211711377231,37,-0.0,0.41318385338176356,-0.07935825173620978,56,-0.0,0.32333953759691714,-0.09717062414560884,56,-0.7999999999999997,0.4506077378886981,-0.07078884352921176,56,-0.553549420103658,0.4666293315104352,-0.0669048427621642,56,Javorník,50.3956,17.0075,284.0
0-203-0-11705,58,-0.08247975708502024,0.009405163444808476,-0.2348311779048445,58,-0.16785641354072398,6.028140469656688e-05,-0.36209521444681575,58,-0.12755731402424642,0.04733037374917143,-0.18101912144270232,57,-0.28812002882100857,0.0010238805724916966,-0.29915347197734554,57,-0.11358994708994713,0.15095229771307583,-0.13725490196078433,52,-0.2283777220709453,0.013815857586300889,-0.23529411764705882,52,-0.2127659574468085,0.2511340120662142,-0.10388915331240968,58,-0.4885252631578948,0.009611648478420012,-0.2337270113318911,58,-0.375,0.12965489828058271,-0.1452351580056368,52,-0.2857142857142857,0.1720481076380559,-0.13101211709095256,52,0.22142857142857142,0.26235796838262293,0.10741350227500221,52,0.2,0.2900466420743446,0.10174876916098194,52,-0.4444444444444444,0.012314405351805969,-0.24061221821665502,52,-0.5923295454545454,0.004826781297070923,-0.2705603119794538,52,-0.7777777777777778,0.0020514749298019453,-0.30275628223215006,52,-0.875,0.0036583916510013223,-0.28426714213865717,52,-0.07142857142857142,0.027584277100433752,-0.20461953057200774,58,-0.11363636363636363,0.0023957616219195178,-0.2809422507999027,58,-13.676923076923073,0.04927813559506383,-0.17779208042924924,58,-27.55957149645,0.0016159433189599256,-0.2845898842642197,58,Šumperk,49.9742,16.9675,328.0
0-203-0-11726,57,-0.0,0.06246483448743972,0.17913066528567909,57,0.0023347749114198593,0.1642790731464816,0.12680499573541762,57,-0.0,0.08127429382764693,0.1682660197025912,57,0.0033085363262243504,0.3668496218929598,0.08246865605743275,57,-0.04169871794871792,0.7114000430418246,-0.048387096774193554,32,0.08764267857142857,0.2736433388865907,0.13636363636363638,33,0.10178571428571431,0.025849190495347854,0.2143490424479267,57,0.08257630166666666,0.09844018100821145,0.1506594008737635,57,-0.881578947368421,0.0425748747576001,-0.2527817494159609,32,-0.3898809523809524,0.20367445967841147,-0.15589466303710112,33,-0.18,0.6379064572609396,-0.05876468514526443,32,-0.55,0.1584921964255377,-0.17251192583812788,33,-0.8235294117647058,0.05768635069978996,-0.23660371745333936,32,-0.8423202614379085,0.052684322389269074,-0.23741786762424577,33,-0.8117647058823529,0.10599754842494577,-0.20703505862357052,32,-0.0,0.2446551982591868,-0.14992799333523454,33,-0.0,0.06649156442899469,0.18084563787625574,57,-0.0,0.6289956440053188,0.0478001580642779,57,-0.0,0.04960006743678788,0.18891933761102622,57,0.6497064004233186,0.14063074275816298,0.13433796577910578,57,Mikulov,48.801911,16.6401,224.0
0-203-0-11748,57,-0.0,0.9779986332362675,-0.002528544019302817,57,-0.00152564528396483,0.6695260020604283,-0.03884711779448622,57,-0.0,0.9175772455898649,-0.00950937026858676,57,-0.007490579706884793,0.6947710444901052,-0.03572547966087443,57,-0.06601307189542485,0.25515143362394865,-0.12195121951219513,42,-0.020447103036437188,0.7770240309114536,-0.02959830866807611,44,-0.0,0.8414979372809157,0.018373001177129124,57,0.01884800925925926,0.836388283662991,0.01879699248120301,57,-0.375,0.2417417817244638,-0.1256546416166974,42,0.17444219066937122,0.5238893687068045,0.06677288941309663,44,0.034482758620689655,0.8878989004844513,0.01516936009926044,42,0.24621212121212122,0.3164696447571853,0.10504051207041999,44,-0.375,0.32392010521823367,-0.10593742334486703,42,-0.17545787545787545,0.5304778082178248,-0.06574794671291036,44,-0.0,0.5044606720095659,-0.07410387067241556,42,-0.0,0.4182025823672565,-0.08804744198164298,44,-0.0,0.9164359682790544,0.010110966755830389,57,-0.0,0.7855567167114568,-0.02604413881094081,57,-0.0,0.9450331613402145,-0.006321360048257042,57,-0.5171034937833336,0.7307015627296689,-0.03132832080200502,57,Přerov,49.464444,17.458889,210.0
0-203-0-11762,55,-0.05854649552128543,0.00038307814763770823,-0.3304072909527582,55,-0.08607424464128174,5.6003958332043034e-05,-0.37373737373737376,55,-0.07332516339869281,0.031521219944536084,-0.2003409906071768,55,-0.1129734166081871,0.004962745830533005,-0.2606060606060606,55,-0.02129629629629627,0.8115176982546872,-0.024085247892943557,47,-0.03672631032003709,0.47705744822303786,-0.07092198581560284,48,-0.20571428571428568,0.12899654922547177,-0.1414088931469905,55,-0.24774155,0.042825108680954446,-0.1878787878787879,55,-0.48148148148148145,0.13239224091049343,-0.15248920920901396,47,-0.2,0.4992168978539895,-0.06761608652563042,48,0.28125,0.19900705056962842,0.13005222778361847,47,0.6213235294117647,0.006168815956676868,0.2742680791322536,48,-0.5714285714285714,0.0333327457156895,-0.21511416161645383,47,-0.4494949494949495,0.061856275916767664,-0.18700096304471836,48,-0.7954545454545454,0.03799573629749881,-0.21543888266358274,47,-1.0,0.0063661086478313395,-0.2777542679462097,48,-0.0625,0.01618350567741523,-0.23176227606833064,55,-0.09523809523809523,0.0012427272999899993,-0.31011015911800416,55,-6.975438596491229,0.039144008027546626,-0.19195806853896008,55,-11.23243378775,0.005429133389356487,-0.257912457912458,55,Krnov,50.078,17.6922,360.0
0-203-0-11765,59,-0.01636053630938541,0.055269324446044155,-0.17174751372252534,59,-0.011773562929160132,0.19764886785743307,-0.11513734658094679,59,-0.05079868154158215,0.05610077353024721,-0.17121167890469602,59,-0.03687922758526852,0.19764886785743307,-0.11513734658094679,59,-0.017857142857142856,0.8419199243657253,-0.01886792452830189,53,0.025415747762725774,0.5702848687396791,0.05370101596516691,53,-0.18333333333333338,0.1306927331486316,-0.1356444796382934,59,-0.01001570212765959,0.9218589953654072,-0.008766803039158387,59,-0.32630878438331856,0.36929322539727305,-0.08524658610146141,53,0.010869565217391304,0.95716941760813,0.005092777514949565,53,0.1975609756097561,0.4028595693060353,0.07953420809191349,53,0.42857142857142855,0.04857324824351809,0.18752560990478687,53,-0.2727272727272727,0.3734787219968211,-0.08436383716375222,53,-0.31176470588235294,0.2083399268866578,-0.11918617240974363,53,-0.56,0.08323406129005913,-0.16791353374779067,53,-0.7851153039832286,0.0042686248701896395,-0.2777246426426311,53,-0.05714285714285714,0.024664577861746938,-0.2086545803401396,59,-0.04878048780487805,0.02706527295934404,-0.20577570268042783,59,-5.556250000000002,0.036894502474118414,-0.18709793268830327,59,-3.6577895500000004,0.15972716889982552,-0.12565751022793686,59,Bělotín,49.5869,17.8042,306.0
0-203-0-11781,59,-0.008154453707766565,0.20207761007870062,-0.11430295281874553,59,-0.00775656474864603,0.15210155644134574,-0.12799532437171243,59,-0.025062656641603967,0.2799080488685224,-0.097233715522891,59,-0.02292812850843594,0.2116496921719092,-0.11163062536528345,59,0.020000000000000025,0.7225075668644241,0.03394945545195835,52,0.04219318697651392,0.5013627040281308,0.06632653061224489,49,-0.1318181818181818,0.2415642785478206,-0.10504783472842448,59,-0.0712159117647059,0.4520263859373017,-0.06721215663354763,59,0.13118279569892471,0.7402557611003863,0.03177019081373305,52,0.07692307692307693,0.7366111703580787,0.03331946223899697,49,0.40824915824915825,0.07962357283086897,0.16856885637117905,52,0.34615384615384615,0.2409027337264974,0.11614110996571109,49,-0.3819444444444444,0.12184673728032255,-0.14826089046408755,52,-0.36656534954407294,0.1523593722574065,-0.14151793939350696,49,-0.5060975609756098,0.15724679779649267,-0.13937846734520795,52,-0.4747126436781609,0.1040183300861846,-0.16600731422435674,49,-0.03125,0.1120492475553468,-0.14813131594035697,59,-0.03333333333333333,0.09238094937869541,-0.15714329880037292,59,-2.490384615384613,0.23897501254802378,-0.10554144590015506,59,-2.628862536847827,0.1376859742528421,-0.13267095265926357,59,Bohumín  Záblatí,49.882,18.3692,237.0
0-203-0-11785,54,-0.11894565217391305,3.140657946178871e-05,-0.3900734247363931,54,-0.2628710589122012,3.2151962851709975e-07,-0.4786862334032145,54,-0.14614035087719301,0.02670936008302587,-0.20754716981132074,54,-0.42584075559375006,0.0002492227940285929,-0.3431167016072676,54,-0.07518518518518519,0.3471986935858915,-0.0880810959082178,54,-0.29959899493506564,0.005907205622429184,-0.2578616352201258,54,-0.28235294117647064,0.08480740857501219,-0.1615385010363638,54,-0.49286135714285706,0.014109158114397042,-0.2299091544374563,54,0.15789473684210525,0.6170783452624877,0.046984861051995834,54,-0.4117647058823529,0.14157675655231747,-0.13795548650851236,54,0.5384615384615384,0.005751816128577166,0.25992633338002313,54,0.28,0.10371430384517155,0.15314578561309472,54,-0.6060606060606061,0.0266614865569679,-0.208276175111086,54,-0.6363636363636364,0.007214732990116658,-0.2527228837068733,54,-1.037037037037037,0.005264259817119987,-0.2666887879804012,54,-0.9245283018867925,0.0027365097026042133,-0.2875754636369458,54,-0.07692307692307693,0.0015854017139511377,-0.3081712552070359,54,-0.11428571428571428,0.0003555541601930616,-0.34529325774534353,54,-12.52432432432433,0.021151784319891575,-0.21593291404612155,54,-31.49066412121212,0.00041749575916273646,-0.33053808525506634,54,Frenštát pod Radhoštěm,49.541055,18.240568,436.0
0-203-0-11789,57,-0.14965632343285648,0.0005488817962385659,-0.31453634085213034,57,-0.3978775051110143,5.4850386957616115e-05,-0.3671679197994988,57,-0.25637994734931,0.010443392087898415,-0.23308270676691734,57,-0.7201531435648375,0.000781350215872474,-0.30576441102756896,57,-0.16358835200746963,0.12307792913389892,-0.14035087719298248,57,-0.5356876454675359,0.0049755825478002,-0.25563909774436094,57,-0.4343137254901961,0.0877708691311193,-0.155485923975971,57,-0.9052759967320261,0.013723599390505877,-0.22431077694235593,57,-0.39155052264808365,0.05646702892596187,-0.17427009507329308,57,-0.6396103896103896,0.0041695770114543815,-0.26196805981539095,57,0.1751918158567775,0.2050233342070611,0.11609112384343183,57,0.1527777777777778,0.2000431582437312,0.117577296897581,57,-0.25,0.1279809672835239,-0.13930284414885802,57,-0.5442307692307693,0.02433145915962084,-0.20585687428076727,57,-0.5106430155210643,0.021044566631041886,-0.21718329441486176,57,-0.7,0.007006703778209257,-0.25239594123030507,57,-0.08759590792838876,0.011636905443613428,-0.2359802215467836,57,-0.13003220611916264,0.0008987111867541247,-0.30871947416508466,57,-25.407692307692308,0.029607922630276874,-0.1979949874686717,57,-68.24433001093746,0.005417922461035168,-0.25313283208020054,57,Huslenky  Kychová,49.3,18.1261,450.0
0-203-0-11790,58,-0.01049602027045636,0.1690058181896147,-0.12424262960231229,58,-0.010770287950850763,0.09223879752339,-0.15184513006654565,58,-0.04276923076923076,0.10301024606301575,-0.14736247114556936,58,-0.043583641634146346,0.05943739267229291,-0.1699939503932244,58,-0.025714285714285724,0.6759388269549189,-0.039312448576624734,54,-0.0032251332957958087,0.9587525869865159,-0.005102040816326529,49,-0.10645161290322583,0.1952227711944292,-0.11739835287979136,58,-0.09969175294117646,0.35112465615030575,-0.08408953418027827,58,-0.16666666666666666,0.596307459831124,-0.049650361790397536,54,0.2613871635610766,0.49581230584847213,0.06732013572388168,49,0.42105263157894735,0.09309827727778423,0.15800752706797971,54,0.3934468524251806,0.09601782679339392,0.16503033861598573,49,-0.3333333333333333,0.11188584732864346,-0.14958045895768748,54,-0.3021739130434783,0.16507950976602426,-0.13731404461728897,49,-0.4375,0.11968484465020421,-0.15044252241999273,54,-0.7672672672672673,0.020055275749128843,-0.23627755719255666,49,-0.02564102564102564,0.13056909718738904,-0.14271781517823437,58,-0.04,0.07181115091544363,-0.16983541601141927,58,-3.022727272727273,0.2023616324229558,-0.11525672302215882,58,-3.349216097705883,0.14924117352281052,-0.13006654567453113,58,Ostrava  Poruba,49.825331,18.15942,240.0
0-203-0-11792,56,-0.08665170645852464,0.0004678529723875145,-0.3215329822065172,56,-0.28717964225970893,0.0004321452965341724,-0.3233766233766234,56,-0.14630608974358975,0.02551911272931969,-0.20532817849793186,56,-0.4121204905087943,0.03398408465452974,-0.19480519480519481,56,-0.08710000000000051,0.34151953263571366,-0.08998548621190132,53,-0.3176983000226449,0.15750670890194152,-0.12987012987012989,56,-0.24008538899430742,0.2082098112409192,-0.1160373934754309,56,-0.4806473496240598,0.2033175955183778,-0.1168831168831169,56,-0.213529682466636,0.46608309378595125,-0.06911626627431552,53,-0.6363636363636364,0.017867439243674326,-0.21831355610494463,56,0.0625,0.5857096843747782,0.051959395801064054,53,0.1464285714285714,0.23468561866630644,0.11009637651263607,56,-0.40826330532212884,0.12302022317767938,-0.14634224884663977,53,-0.5172413793103449,0.021977371694177385,-0.2113524969323147,56,-0.27187028657616896,0.29095678358229504,-0.10287425068470117,53,-0.5754504504504505,0.03438904683328947,-0.19983534611633214,56,-0.058823529411764705,0.05758580526324494,-0.1820705319490885,56,-0.09523809523809523,0.007817730220556058,-0.2505182738702123,56,-12.263461538461538,0.04703033528039291,-0.18252680404046737,56,-40.25479550064286,0.028456436624082527,-0.20129870129870134,56,Jablunkov  Návsí,49.5875,18.7503,380.0
0-203-0-11793,57,-0.30321667575276334,0.03065453308661843,-0.1967418546365915,57,-0.25098136941294913,0.08037789621997674,-0.15914786967418548,57,-0.9333794578437435,0.007880070450276765,-0.2418546365914787,57,-0.7737527515925926,0.04022927605591805,-0.1867167919799499,57,-0.8754666901725725,0.005652145483435448,-0.2518796992481203,57,-0.5816892652893133,0.08037789621997674,-0.15914786967418548,57,-1.6812356979405032,0.009817323363117775,-0.23577632325837136,57,-0.942011810810811,0.09573503897062353,-0.15162907268170428,57,-0.05634920634920634,0.8471207293635256,-0.017599081251373837,57,-0.2,0.2705415886762934,-0.10069323634135857,57,0.17647058823529413,0.2100475109921357,0.1146836337318975,57,0.2,0.17053668367661923,0.12535612763001017,57,-0.08333333333333333,0.7048673578347203,-0.03462424490960918,57,-0.3094017094017094,0.10408066880132615,-0.1487106459380649,57,-0.22580645161290322,0.3471574870773263,-0.08789756322400788,57,-0.4666666666666667,0.04710057781047485,-0.18579963517179268,57,-0.045454545454545456,0.11456788894064952,-0.14824986333222026,57,-0.07692307692307693,0.027936279704638634,-0.20566233855625254,57,-92.18693633952255,0.019979057680824686,-0.2117794486215539,57,-78.39195453025957,0.06307829548441203,-0.16917293233082709,57,Bílá  Salajka,49.4132897,18.4206592,725.0
0-203-0-11794,59,-0.08422619047619048,0.18433808312798372,-0.11864406779661016,59,-0.48799597912654963,0.0013847584884017316,-0.2857977790765634,59,-0.2449999999999999,0.2069052389910372,-0.11279953243717124,59,-1.241803503836097,0.0010518307395857814,-0.2928112215078901,59,-0.11183035714285706,0.40932488546762036,-0.07441016333938293,58,-0.9772203062937063,0.0031848564717271606,-0.2635885447106955,59,-0.26764705882352924,0.44420008985948534,-0.06838106370543541,59,-1.6238899999999992,0.005447919695621481,-0.24839275277615427,59,-0.5909090909090909,0.0013706296131037556,-0.28979605923987967,58,-0.5172413793103449,0.010727978434077714,-0.22907774495401095,59,0.24,0.06397372910000618,0.16803996332116836,58,0.1794871794871795,0.14276083955464422,0.13172847413951436,59,-0.47058823529411764,0.06498108330525938,-0.16717522921590378,58,-0.5806451612903226,0.00838582354569268,-0.2363650999165712,59,-0.7,0.020590964516605113,-0.2149098761560834,58,-0.875,0.0016606548107974421,-0.28833231901321843,59,-0.14285714285714285,0.0008434440708176737,-0.30488231640165364,59,-0.18,1.1851768861099157e-05,-0.40224707131305115,59,-32.36153846153846,0.08545332323764296,-0.15371127995324368,59,-168.82094076129033,0.0004676626727282841,-0.31268264172998245,59,Horní Bečva,49.4311,18.2983,565.0
0-203-0-20101025001,58,-0.04447848583877995,0.020653730695177,-0.2087114337568058,58,-0.08362434120157283,0.0060775784421884535,-0.24742891712038714,58,-0.15940217391304343,0.008383079440204975,-0.23774954627949182,58,-0.2979823908080809,0.0006085365823568943,-0.30913490623109496,58,-0.2313224409998605,0.004395516723017577,-0.2617733168267201,56,-0.29434561083743843,0.0033744901235960296,-0.264367816091954,58,-0.4785714285714286,0.0036777216601234135,-0.26194797338173015,58,-0.4342613684210529,0.007439858856901147,-0.24137931034482757,58,-0.375,0.09383186604752478,-0.15444869491603547,56,-0.4666666666666667,0.0363294045546088,-0.1891486525349202,58,0.2692814765985498,0.1214524536953728,0.1431874211872161,56,0.2608695652173913,0.10152135660794559,0.14846612498697623,58,-0.5,0.027887601756084842,-0.20293880876311682,56,-0.6176470588235294,0.003744559180825922,-0.2625369111652261,58,-0.7567567567567568,0.014458702179421827,-0.2296888547415065,56,-0.875,0.007413356057808725,-0.24674268213366463,58,-0.058823529411764705,0.014518936250663325,-0.2282258417490846,58,-0.09523809523809523,0.002115594924159427,-0.2867642565795524,58,-15.84,0.004547147366298211,-0.25589836660617055,58,-29.627518894613043,0.0011954764129159484,-0.2921960072595281,58,Budišov nad Budišovkou,49.797195,17.618216,530.0
0-203-0-20101069001,56,0.001900705671469148,0.744997910853658,0.02996758569144067,56,-0.024949404768404765,0.1102071184221845,-0.14675324675324677,56,-0.0008580771831278943,0.8707282016067805,-0.01503794834386288,56,-0.09604288117316635,0.05109992826348261,-0.17922077922077925,56,0.0433566433566432,0.46315163886702904,0.07403980431786837,47,-0.01606076111111107,0.7127287818373529,-0.03483309143686503,53,0.06172161172161171,0.5245113685735141,0.058709026925642976,56,-0.052659874663072884,0.6510368597672491,-0.04155844155844156,56,0.3055555555555556,0.43017558025045766,0.07981480622260013,47,-0.16666666666666666,0.6071725848705949,-0.04881642110083687,53,0.18181818181818182,0.3884821702542157,0.08732078151185811,47,0.17444219066937122,0.32199526838407544,0.09433550478567115,53,-0.06896551724137931,0.8833229474113174,-0.014835459421824402,47,-0.16333333333333333,0.5342762812140225,-0.05897374207252648,53,-0.1320754716981132,0.5306118953529065,-0.06494969084824878,47,-0.35,0.26145185730867737,-0.10841772809667352,53,-0.0,0.8361247933581434,0.01988569610451473,56,-0.06666666666666667,0.04941420216140278,-0.18530438753572548,56,0.7728124999999997,0.6973604454995528,0.0358425241366327,56,-6.9666002907525275,0.1415489533858859,-0.13506493506493508,56,Nový Jičín,49.6,18.031111,291.0
0-203-0-20101096001,58,-0.012243902439024387,0.11036904759689141,-0.14402421234155446,58,-0.011416921923587127,0.09223879752339,-0.15184513006654565,58,-0.032248263888888885,0.15496519620412846,-0.12836820311492467,58,-0.03127456626388889,0.08716672629161706,-0.15426497277676948,58,-0.0062202380952379194,0.8931760141759243,-0.012341670024088541,56,0.02765088375,0.545649163300324,0.056603773584905655,54,-0.11249999999999998,0.3441721919396926,-0.08545468670207822,58,-0.032996249999999984,0.69227384716375,-0.03569267997580156,58,-0.0,0.9774429410708556,0.002602477306110532,56,-0.10526315789473684,0.7146329035257208,-0.03433790645018128,54,0.5,0.0189030176989279,0.2167131375169904,56,0.2962962962962963,0.1052603872080034,0.15271314110182668,54,-0.34782608695652173,0.20319718400756404,-0.11726446574911564,56,-0.27586206896551724,0.37861562033324736,-0.082604256707025,54,-0.6515151515151515,0.048498822254973095,-0.18590930500175787,56,-0.4666666666666667,0.120882407652407,-0.14909625353583666,54,-0.03333333333333333,0.10293780857730071,-0.15340895511823055,58,-0.045454545454545456,0.05350205320341687,-0.18066748780192607,58,-4.033333333333333,0.13293637798903327,-0.13555219985087477,58,-3.5303326810500004,0.08967389269876815,-0.15305505142165757,58,Fulnek  Kostelec,49.7235,17.93251,340.0
0-203-0-20101117001,57,0.013896052631578948,0.017635123668603224,0.22420498376048062,57,-0.008896685347871861,0.6008542040384296,-0.04761904761904762,57,0.024305555555555556,0.052426212246859644,0.18581747179198782,55,-0.07610709307369276,0.06843305377082207,-0.16902356902356905,55,0.09513392857142866,0.139397073694478,0.16979719292680773,37,0.017871184015022662,0.8589108283955398,0.01773049645390071,48,0.2833498023715415,0.009003669589308077,0.24675814780739289,57,-0.00841675526315791,0.9560820659144948,-0.005012531328320803,57,0.16474358974358974,0.6658240028669937,0.04981201589343106,37,-0.3333333333333333,0.25885845534094487,-0.11293963109688261,48,0.11904761904761904,0.7337159200112335,0.039156804130193706,37,-0.2,0.5633023761448775,-0.05785538174963811,48,-0.17307692307692307,0.5471928615278485,-0.06938230908455566,37,-0.5060975609756098,0.032144409857305954,-0.21431851255392687,48,-0.0,0.7511742492007855,0.037653834517573745,37,-0.25690235690235685,0.406654668945839,-0.08485034155200767,48,0.022474747474747474,0.030370318782445425,0.21066348061972218,57,-0.0,0.486702249885139,-0.06610114476460884,57,3.2897745571658614,0.022083067328919348,0.21624504350862925,57,-1.869076199102608,0.6495884272048773,-0.04135338345864662,57,Bílovec,49.7617,17.9917,290.0
0-203-0-20101139001,56,-0.024401174620791707,0.019550705437405794,-0.21755662390194394,56,-0.02296770808725719,0.0053592344339437594,-0.2558441558441559,56,-0.06928042700101525,0.0106210077031269,-0.23813607425677585,56,-0.07394301111443015,0.0034339568277578633,-0.26883116883116887,56,0.0033333333333334103,0.9749535225480348,0.0033222591362126242,43,0.02025178575000002,0.6157997388896345,0.051207729468599035,46,-0.2881176470588235,0.025849583697660206,-0.2077075758795212,56,-0.18036431749999998,0.03772269153385875,-0.19090909090909094,56,0.0967741935483871,0.7774855449496533,0.029933499548618705,43,0.18181818181818182,0.6493869975547194,0.04653444141559683,46,0.34285714285714286,0.08585541011742681,0.1829384392552426,43,0.3409090909090909,0.06736775056428618,0.18811639940564845,46,-0.4444444444444444,0.11155607151164257,-0.16879576432215912,43,-0.42857142857142855,0.13957840737276186,-0.1510900312784056,46,-0.6363636363636364,0.06912038877883264,-0.19665809007105658,43,-0.7,0.05979107143989215,-0.1965993046823848,46,-0.08135686707115278,0.0016340522142819288,-0.3023997235203792,56,-0.1,0.00018504460937427675,-0.35640471959549747,56,-8.240465116279069,0.009199754169160452,-0.24268474459578548,56,-8.045365766610379,0.002373333254440151,-0.27922077922077926,56,Příbor,49.6403,18.1342,307.0
0-203-0-20101147002,59,-0.03202647455743431,0.03092185168206621,-0.19292605325849724,59,-0.01872553926067649,0.03940442351791515,-0.1841028638223261,59,-0.06421290106951871,0.11349442051245423,-0.14156191468856175,59,-0.0470528508984375,0.10345444129353494,-0.1455289304500292,59,-0.061678571428571416,0.32831843805818384,-0.08897243107769424,57,0.02025178575000002,0.7035887763006645,0.03563941299790356,54,-0.2875,0.036369677237787466,-0.18718930867908992,59,-0.10311410256410251,0.2924063347153958,-0.09409701928696668,59,-0.15384615384615385,0.5264240101651201,-0.05782555268308547,57,0.2807017543859649,0.46920091246713824,0.06792732076815076,54,0.5566239316239316,0.0062432502097437064,0.2505588239575247,57,0.391304347826087,0.024165685489035586,0.2126070050695785,54,-0.6363636363636364,0.011496586646506714,-0.23089214762418256,57,-0.375,0.12241083372069274,-0.14516218265318115,54,-1.105263157894737,0.002230470160902638,-0.2841432418089424,57,-0.7777777777777778,0.01874407113137465,-0.2255799515373644,54,-0.07894736842105263,0.0032955592938126626,-0.2714362739735643,59,-0.08888888888888889,0.0026930531296447077,-0.27611851519536895,59,-10.349999999999998,0.014448100463712386,-0.21877750451868636,59,-6.615687942499989,0.025749757505442214,-0.1992986557568673,59,Hukvaldy  Rychaltice,49.6428,18.2208,292.0
0-203-0-20101153101,58,-0.015543735224586288,0.09479789083067701,-0.15090934034622322,58,-0.013977094369025736,0.03576407844127327,-0.1893526920750151,58,-0.040000000000000036,0.1417418266989597,-0.1327274921117385,58,-0.04172200665584419,0.04488956851498439,-0.18088324258923166,58,0.04995391705069123,0.46677115179693796,0.07102040816326531,50,0.026616816923076925,0.609871897204012,0.04979591836734694,50,-0.12258064516129032,0.36861768287005725,-0.08123692128102343,58,-0.14409537999999997,0.1454941153362104,-0.13127646702964305,58,0.3225806451612903,0.3073330326320982,0.09995971261503048,50,0.3225806451612903,0.3573847810905766,0.09005358293819687,50,0.6944444444444444,0.002127963792041975,0.3015677317647138,50,0.5,0.01232811169333472,0.24569142179196027,50,-0.1794871794871795,0.38420278708895483,-0.08514156932338614,50,-0.375,0.1549080184312013,-0.13917371908630424,50,-0.8235294117647058,0.0012032207010045952,-0.32564908552953536,50,-0.9210526315789473,0.010211209601465637,-0.25843513841068705,50,-0.05128205128205128,0.027293530448360692,-0.20649927702277843,58,-0.0625,0.007390090321386647,-0.2518215903705402,58,-5.293749999999989,0.06310165904419177,-0.16787906536507563,58,-4.7697683222,0.029250388748819724,-0.1966122202056866,58,Klimkovice,49.7844,18.1347,240.0
0-203-0-20201004001,58,-0.1964460784313724,0.026395469938348026,-0.20024198427102233,58,-0.25012431157894727,0.00019692242424541442,-0.3357531760435571,58,-0.6103515625,0.0068650964612808835,-0.2437991530550514,58,-0.8212187923076921,2.932865948921813e-06,-0.42165759225650323,58,-0.5439375750300103,0.01331441304350532,-0.22323049001814876,58,-0.6464174649999995,1.4243934811884575e-05,-0.39140955837870534,58,-1.2324324324324323,0.009986077680226706,-0.23279834158144025,58,-1.129399,8.70286267834363e-05,-0.3539019963702359,58,-0.3548387096774194,0.14727051920698936,-0.13102869564624373,58,-0.8125,0.0008343112723750867,-0.3019103492384303,58,0.13333333333333333,0.3405689944671352,0.08645534344784749,58,0.3055555555555556,0.016285655739474037,0.2176982561538933,58,-0.2,0.26816449217403004,-0.10030513752954227,58,-0.5833333333333334,0.0023117078319366967,-0.2762443473118328,58,-0.1346153846153846,0.5267334986156851,-0.05849933268869019,58,-0.875,0.005767621084823409,-0.2553201734288065,58,-0.06666666666666667,0.05317773825122625,-0.17912645953589318,58,-0.14285714285714285,0.00035197391111713345,-0.3301421105610772,58,-49.46666666666666,0.025498913952245364,-0.20145190562613424,58,-69.86047987727083,0.00014270747221538862,-0.34301270417422863,58,Vidly,50.1056,17.2717,774.0
0-203-0-20201038001,57,-0.02239852205657676,0.5538432174640622,-0.053884711779448626,57,-0.1014139318930538,0.006410618771219805,-0.2481203007518797,57,-0.09444968705639437,0.41662285333467997,-0.07393483709273184,57,-0.31811041905286536,0.0014026465283067903,-0.29072681704260656,57,-0.15975757575757568,0.3351768717550224,-0.08771929824561404,57,-0.2967407106770831,0.003932149105517126,-0.26493506493506497,56,-0.3207614942528736,0.27979058701247883,-0.09840175976767165,57,-0.599008335605453,0.003362236543038165,-0.2669172932330828,57,-0.10813953488372094,0.6396325076041645,-0.04274062589619361,57,-0.5527777777777778,0.03278425943431749,-0.19648703661134517,56,0.09523809523809523,0.46110298846986497,0.06753096766613387,57,0.373868778280543,0.014704371497322536,0.22542087313587286,56,0.20344827586206898,0.4046934559631853,0.07612520398508471,57,-0.25,0.1745978998931108,-0.12532807952789807,56,0.17073170731707318,0.43459255225942295,0.07310567641521151,57,-0.6363636363636364,0.06009517096631189,-0.1769113667210778,56,-0.0,0.6935224845881638,-0.03692568055709122,57,-0.08333333333333333,0.023488535303516148,-0.2112851268702906,57,-6.070978260869575,0.5355564625561463,-0.056390977443609026,57,-29.820303437728203,0.004766894629103181,-0.25689223057644117,57,Heřmanovice,50.1985,17.3816,665.0
0-203-0-20201071001,57,0.0010839160839160615,0.9286907868343467,0.00814791641388364,57,-0.004728650861861934,0.5724304932610559,-0.051378446115288225,57,-0.006412337662337653,0.8149253978432196,-0.02133000424270802,57,-0.02554401322226972,0.40100395209246953,-0.07644110275689224,57,0.027485380116959064,0.6619351836134953,0.04137931307072865,53,0.02108450039855076,0.7166127199763633,0.03469079939668175,52,-0.04672619047619046,0.684613317182615,-0.037002211418581524,57,-0.07709440775401068,0.5265285467683221,-0.057644110275689234,57,-0.3806818181818182,0.32992485507845204,-0.09226304061438718,53,-0.10405405405405406,0.770247117191341,-0.027998648898384,52,-0.10102040816326531,0.695506054460008,-0.03721325332740907,53,0.2672106068332484,0.2394963667427521,0.11292293133036026,52,-0.2,0.5495829118284605,-0.05668610639000002,53,-0.375,0.20664871476402658,-0.12093757471868764,52,0.3333333333333333,0.33939829942251276,0.09264572840946213,53,-0.4941860465116279,0.18920998866666217,-0.1278182214985121,52,-0.0,0.6872307315087675,0.03823216746896652,57,-0.0,0.5461487075571759,-0.05717011988069163,57,0.13611111111111102,0.9615645264852932,0.004390092880170689,57,-1.7381594329902597,0.42456503566593085,-0.07268170426065164,57,Lichnov,50.0127428,17.6374406,379.0
0-203-0-20202005001,57,0.18956737588652484,0.034567256278744116,0.19241617992786753,57,-0.1367377622219359,0.06916566313174115,-0.16541353383458648,57,0.32867132867132876,0.1888540266062031,0.1218855218855219,55,-0.6516521021062277,0.00034497314885804134,-0.33198653198653205,55,0.2913580246913578,0.1937869094838024,0.12053872053872056,55,-0.53360713015873,0.0009562543962944949,-0.30639730639730645,55,0.7880701754385964,0.11175423999593422,0.14496409431320448,57,-0.7882771016216217,0.029607922630276874,-0.1979949874686717,57,-0.08333333333333333,0.6842214897080285,-0.037902349574330745,55,-0.6666666666666666,0.010375174285848845,-0.2381921209555796,55,-0.16,0.4159206818144593,-0.07590804575309022,55,0.3181818181818182,0.09337868401190816,0.1565069745519034,55,0.2,0.3914228565086336,0.07986566517448264,55,-0.6923076923076923,0.0016246573695004936,-0.29314556217460896,55,0.30434782608695654,0.2809202108113893,0.1024249659446777,55,-1.0,0.0047298825402224175,-0.26756966326710013,55,0.0919661733615222,0.022491328150005072,0.2137086976102009,57,-0.01925925925925926,0.4303283152940288,-0.0739256707366518,57,49.37647058823529,0.04515072934852306,0.18238797511077995,57,-41.12770774357086,0.05392012472419835,-0.1754385964912281,57,Malá Morávka  Karlov,50.025278,17.259444,775.0
0-203-0-20202070001,57,0.0032676750640429943,0.9013871047047689,0.011278195488721806,57,-0.023145329969588423,0.07129899079466274,-0.16416040100250628,57,-0.00015578933261857367,0.9835232304971878,-0.001880288403203917,57,-0.08624458298101681,0.036376830012681396,-0.1904761904761905,57,0.029062500000000102,0.7439104552664715,0.030303030303030304,55,-0.006754322399859982,0.8780717609775206,-0.014513788098693761,53,0.06846590909090902,0.7049695766394799,0.034471954058738485,57,-0.13824400438596499,0.2828762746012623,-0.09774436090225565,57,-0.16666666666666666,0.6214715618292138,-0.04593064107804933,55,-0.274294670846395,0.3571593446728858,-0.08740043387431076,53,0.45454545454545453,0.018623643128280184,0.21914313910095334,55,0.2608695652173913,0.18177661313154214,0.12691631512080534,53,-0.0,0.9478883044903633,-0.006085242772180174,55,-0.28174603174603174,0.2827549053733507,-0.1018927170764731,53,-0.3684210526315789,0.23803301256053278,-0.11195467444280215,55,-0.41800356506238856,0.22421029410434623,-0.11741803159513217,53,-0.0,0.43291582257680716,-0.07400088131639407,57,-0.07142857142857142,0.021246540715934004,-0.21601327488911756,57,-0.008536585365852827,0.9945073964644526,-0.0006267628010679724,57,-7.793512075924726,0.04897826892367331,-0.17919799498746872,57,Melč,49.849444,17.756944,478.0
0-203-0-20203023001,55,-0.008150813516896125,0.5135140202480353,-0.06062647699896112,55,-0.012707080128459447,0.10863508412236261,-0.14882154882154883,55,-0.00642361111111111,0.8275912235459383,-0.020208825666320374,55,-0.031848648324529806,0.15267988438636984,-0.13265993265993267,55,0.09732542819499344,0.13669712599087874,0.14088602117420274,53,0.05770070392210142,0.3257741856512204,0.09693877551020406,49,0.10000000000000003,0.45451839789671367,0.06954785663822224,55,-0.09173923076923092,0.4038037971630485,-0.07744107744107745,55,-0.06066176470588235,0.8418586974064125,-0.018950618530950373,53,0.06066176470588235,0.8902814181881129,0.013640283315036816,49,0.38675213675213677,0.043524403509981595,0.19218585109534383,53,0.3732142857142857,0.08148109707477678,0.17280036064748452,49,-0.4444444444444444,0.07508950138204142,-0.16872767432750443,53,-0.4405882352941176,0.08940412067385585,-0.16801780614662065,49,-0.6931372549019608,0.02767154218472137,-0.21335490350881542,53,-0.7672672672672673,0.03431208287515617,-0.21511837296635755,49,-0.047619047619047616,0.04425172447061303,-0.19386518297627617,55,-0.06666666666666667,0.009055067918372111,-0.2513016041832583,55,-3.616666666666667,0.44157783610937495,-0.071404517354332,55,-4.859138505319149,0.07295591227697078,-0.16632996632996636,55,Děhylov,49.8701994,18.1648678,292.0
0-203-0-20301001001,55,-0.6549565217391304,5.264481580287629e-05,-0.37508417508417513,55,-0.38837938038112474,0.006203120877748902,-0.2538720538720539,55,-1.794679930795848,3.186428997182633e-05,-0.3858585858585859,55,-1.089808600295858,0.0024680754594459194,-0.28080808080808084,55,-1.471539961013645,4.947720394885619e-05,-0.3764309764309765,55,-0.7890823186243384,0.009155969776746846,-0.2417508417508418,55,-2.7,0.000226073792270638,-0.342202781283025,55,-1.2744974285714281,0.018306954226810664,-0.21885521885521889,55,-0.55,0.03713013042640121,-0.19418350398653722,55,-0.35294117647058826,0.11010923126829077,-0.1488008969204004,55,0.1956521739130435,0.17440710043669216,0.12660984637142086,55,0.13725490196078433,0.26960027469325376,0.1029478623837306,55,-0.4,0.03517644039192542,-0.196413684811065,55,-0.4,0.05522420810211734,-0.17843989469818822,55,-0.5384615384615384,0.02072907317341728,-0.22119990969743195,55,-0.5384615384615384,0.03681296741880169,-0.1996405624701965,55,-0.11320754716981132,0.0011894855792517972,-0.3082960416342734,55,-0.11627906976744186,0.007223112520310437,-0.2547370167319533,55,-195.51777777777775,6.33407204468413e-05,-0.3710437710437711,55,-114.73887340024521,0.006772910035769721,-0.2511784511784512,55,Bílá  Hlavatá,49.421292,18.37984,770.0
0-203-0-20301008002,58,-0.19831560283687943,0.039460561115257954,-0.18572292800967935,58,-0.503926800640432,0.0005791471791558382,-0.31034482758620685,58,-0.32368900646678433,0.20528826347841356,-0.11528822055137847,57,-0.968110222672619,0.0038375359500063475,-0.26315789473684215,57,-0.20494917850180994,0.38574207202635813,-0.07894736842105264,57,-0.5888359324947589,0.07116107048433404,-0.1627344222625529,58,-0.1348837209302325,0.7627489168264123,-0.02723971443369635,58,-0.9498234999999999,0.07998306735083766,-0.15789473684210523,58,-0.15504807692307693,0.48662866163913643,-0.06370369907789021,57,-0.34782608695652173,0.13455018551830725,-0.13548117654191438,58,0.20833333333333334,0.14240403424184658,0.13417515168438274,57,0.07692307692307693,0.5413060734923292,0.05545547421052865,58,-0.4494949494949495,0.03630008106379532,-0.19143819755740107,57,-0.6571428571428571,0.004350275212579494,-0.2578895364588086,58,-0.7368421052631579,0.017185605341051742,-0.2220154446869837,57,-0.625,0.03027325864767034,-0.19962598906291462,58,-0.08163265306122448,0.04287315143616469,-0.18678499120392386,58,-0.1282051282051282,0.0018634398194736542,-0.2877022442051429,58,-29.75,0.3723060381445509,-0.08045977011494251,58,-101.48998425758622,0.01663165670967707,-0.21597096188747728,58,Staré Hamry  Samčanka,49.468936,18.43389,527.0
0-203-0-20301050204,58,-0.045098039215686274,0.013822984686822106,-0.22202056866303685,58,-0.36229371897995283,0.005833752429299974,-0.24863883847549906,58,-0.138763197586727,0.011886545688530111,-0.22686025408348454,58,-1.0477681982708995,0.004547147366298211,-0.25589836660617055,58,-0.1417105263157895,0.05565722050434466,-0.17418546365914792,57,-0.7504908420673075,0.010194578488382325,-0.2316999395039322,58,-0.3833333333333333,0.032322991903434385,-0.19356885207143515,58,-1.1514387500000005,0.021400723341758122,-0.20750151240169387,58,0.10660377358490566,0.6946977517729802,0.035838001135272454,57,-0.5,0.03629298011736543,-0.18960999139710774,58,0.3421602787456446,0.0480460371320863,0.18113446467458336,57,0.11538461538461539,0.3106692880818963,0.0922463122045112,58,-0.2777777777777778,0.38928784347241285,-0.07879120144166178,57,-0.23809523809523808,0.28595648620633585,-0.09671677776107164,58,-0.6363636363636364,0.1254938648449367,-0.14225228923641794,57,-0.4666666666666667,0.06106852198674981,-0.17356514308605037,58,-0.07407407407407407,0.005504067070433868,-0.2592034561854985,58,-0.08333333333333333,0.0007332446781025413,-0.3156441115102367,58,-15.469999999999999,0.011886545688530111,-0.22686025408348454,58,-108.27297970176473,0.006592951160275778,-0.2450090744101633,58,Raškovice,49.622266,18.468383,397.0
0-203-0-20404050001,57,-0.001511695064957404,0.9232236323685895,-0.008771929824561405,57,-0.009341450871498763,0.2954017593340308,-0.09523809523809525,57,-0.0019041990318586033,0.9615663465615203,-0.004387339607475806,57,-0.023087332553654586,0.25891841049158004,-0.10275689223057645,57,-0.05,0.47088117427608234,-0.06821480406386067,53,-0.021047897017543865,0.7897454223784366,-0.026595744680851068,48,-0.04352159468438538,0.7306647592246149,-0.031387375182034064,57,-0.0880273483333333,0.4740405703212164,-0.06516290726817044,57,-0.721875,0.06668612598080513,-0.1740089426584423,53,-0.1,0.8310258777890585,-0.02135244837651487,48,0.35294117647058826,0.10058719630184676,0.1558641070758542,53,0.25245098039215685,0.31494926057733985,0.10075960585122437,48,-0.4726911618669315,0.13267544966984657,-0.142442010928718,53,-0.3090185676392573,0.31083246492871774,-0.10133369363155123,48,-0.45913978494623653,0.2182729285242888,-0.11899492958533275,53,-0.31126482213438733,0.3260937442487516,-0.10050227136038728,48,-0.0,0.45870560592585485,-0.06983304795611457,57,-0.034482758620689655,0.15330221216812123,-0.13504298058646894,57,-1.841684782608696,0.6104684982587794,-0.04636591478696742,57,-3.6329122319444456,0.19089661355315657,-0.11904761904761905,57,Černá Voda,50.3054197,17.142758,330.0
0-203-0-20404063001,56,0.0019155842459844781,0.9380310360742761,0.00714517738236705,56,-0.3439355231350263,0.0009409697713285024,-0.30389610389610394,56,-0.07660805446438937,0.6663735587802659,-0.03962325639312637,56,-1.0400007504441104,0.0003128233165158664,-0.3311688311688312,56,-0.15714285714285672,0.3588129116720372,-0.08595387840670858,54,-0.8494254525845608,0.0012694596069657645,-0.29610389610389615,56,-0.020486111111111108,0.9661739868141292,-0.0038986363005936433,56,-1.5118241717647058,0.00038831188769183016,-0.32597402597402597,56,0.16216216216216217,0.6223783169869668,0.046234814977830316,54,-0.5227732793522267,0.031057571575766146,-0.19889321154278328,56,0.16326530612244897,0.2180449137604713,0.1161182870129097,54,0.186176357335387,0.16797744705837825,0.12724459070356198,56,0.28125,0.296153351336789,0.09814279467147288,54,-0.6023255813953488,0.00015089789418769117,-0.3496448714682737,56,-0.0,0.5898054941182251,0.05168717959978856,54,-0.7777777777777778,0.0005598225668318691,-0.3259059671561658,56,0.02667140825035562,0.3824395932363964,0.08245382885020863,56,-0.08759590792838876,0.01310729481757873,-0.23509600525152705,56,0.4557033096926682,0.9718097782965445,0.003247807901075932,56,-110.28983671499911,0.000989584522134666,-0.3025974025974026,56,Bělá pod Pradědem  Filipovice,50.1464278,17.2064242,588.0
0-203-0-20404091001,57,0.015119850909324594,0.016473885284865174,0.22364738772676057,57,0.015640092591805814,0.1072188193104325,0.14661654135338348,57,0.04141836734693878,0.019258310805602207,0.2189170842424445,57,0.032904062668333345,0.20040593526387207,0.11654135338345867,57,-0.11673373160857113,0.2809150389539814,-0.11707317073170731,41,0.06981397183507546,0.3022338802300413,0.10782241014799153,44,0.3457775919732442,0.011853389908433704,0.23474642812866622,57,0.15425588153846154,0.10425030198667533,0.14786967418546368,57,-0.5857771260997068,0.19627279798471953,-0.14084636444361556,41,-0.05798319327731093,0.8634158797435443,-0.018056499397550704,44,0.7142857142857143,0.004788359408918113,0.30779132001535014,41,0.26556991774383076,0.3731754172761159,0.09351885471730635,44,-0.7089947089947091,0.22075876619366597,-0.13317065734713,41,0.10434782608695653,0.8634481819881014,0.018018081270200683,44,-1.2613636363636362,0.0511878163508955,-0.21617907787382562,41,-0.0,0.4193073589831583,0.08743315000128263,44,0.035098522167487683,0.03559952340395684,0.20015439322907322,57,0.022474747474747474,0.11176672927346429,0.1524208561297631,57,4.251219512195123,0.021788890862373934,0.2139953626587289,57,4.806345098252972,0.09850932799381842,0.15037593984962408,57,Mikulovice,50.3006,17.3231,321.0
0-203-0-20407027001,54,-0.09275962236746553,0.014109158114397042,-0.2299091544374563,54,-0.21294485765579718,1.2866775239677756e-06,-0.45352900069881197,54,-0.10043731778425655,0.31027609297795533,-0.09507165907553668,54,-0.4198423247206689,0.00012961651618850325,-0.3584905660377358,54,-0.031435185185185247,0.8419199243657253,-0.01886792452830189,53,-0.36078545082582597,0.007952893710093457,-0.25108853410740206,53,-0.13333333333333333,0.5808409219158821,-0.05180266946033771,54,-0.6852150434782608,0.0032101985962345175,-0.2760307477288609,54,0.047619047619047616,0.8478608894896712,0.01822842199862179,53,-0.2,0.3943953072607076,-0.0808158687660548,53,0.11324786324786325,0.5700881436183752,0.05401551947965182,53,0.16904761904761906,0.3530579077302859,0.08835511549829028,53,-0.45067698259187616,0.08427562427283965,-0.16381595020146245,53,-0.49489795918367346,0.03689515011233429,-0.19796299317714774,53,-0.5637837837837838,0.11835682000032322,-0.15091731364634128,53,-0.7089743589743589,0.013156066784979981,-0.2405800366761839,53,-0.05263157894736842,0.0833165255437728,-0.16712889052917684,54,-0.10526315789473684,0.0013768912518912608,-0.30824331682628775,54,-7.777777777777765,0.4692751277466246,-0.06778476589797344,54,-38.964502012692314,0.00019707205752107245,-0.3487071977638015,54,Mníšek  Fojtka,50.82725,15.05856,395.0
0-203-0-20408003001,59,-0.026562500000000003,0.09410219965565303,-0.14966384737628877,59,-0.04823656851562636,0.025749757505442214,-0.1992986557568673,59,-0.09053763440860213,0.11958449207492403,-0.13922204833007312,59,-0.16792454568910256,0.01639543897164427,-0.2144944476914085,59,-0.052037037037037014,0.4885490457319195,-0.06363636363636364,56,-0.19227498768115953,0.05420534745798281,-0.17362371445856015,58,-0.3048780487804878,0.13423548689068618,-0.1339181515540103,59,-0.3583620740740741,0.0521095412448176,-0.17358270017533606,59,0.13333333333333333,0.4664808663032878,0.06716721570133337,56,-0.15625,0.5960716422848285,-0.04793711383587265,58,0.09878048780487805,0.6156735457028595,0.04633008174334821,56,0.38461538461538464,0.03744340425578861,0.18885629475716043,58,-0.14459930313588848,0.6107535348207274,-0.046905786299646264,56,-0.2727272727272727,0.28304179508381255,-0.09705829307129163,58,-0.0,0.8538363094638717,-0.017268677643498178,56,-0.5384615384615384,0.10514720127036312,-0.14898418116354706,58,-0.043478260869565216,0.10402517229650679,-0.15046367652028378,59,-0.075,0.016817647079648272,-0.21985944281124736,59,-9.282000000000002,0.06143754349774632,-0.1672025794906976,59,-16.582215062903213,0.01525997203523227,-0.2168322618351841,59,Rumburk,50.95156,14.57086,390.0
0-203-0-40103004001,58,-0.0,0.9570822024782375,0.00490693763131855,58,-0.0059712140036894,0.69227384716375,-0.03569267997580156,58,-0.0,0.9570822024782375,-0.00490693763131855,58,-0.04655833111190818,0.44844954016385197,-0.06836055656382334,58,-0.3240740740740741,0.05411983317510996,-0.19435448633440447,47,-0.2532606552469136,0.03136696976475306,-0.207843137254902,51,-0.0,0.7878702486724435,0.024534688156592748,58,-0.022384319999999996,0.8985828733501183,-0.011494252873563216,58,-0.12,0.5448832671573209,-0.06125322338013499,47,-0.09523809523809523,0.6905290481032227,-0.03858297618517652,51,0.15,0.4409254489287825,0.07803133667017109,47,0.07407407407407407,0.826356463241271,0.02126000728570951,51,-0.3333333333333333,0.24032946454545623,-0.11879413019177694,47,-0.3333333333333333,0.18000013110934898,-0.13002509404088478,51,-0.6363636363636364,0.12866212987633974,-0.15705733581916453,47,-0.3333333333333333,0.296623383532744,-0.10339573943738274,51,-0.0,0.4402546421497814,0.07254260145907802,58,-0.0,0.5756548805701645,0.0521399473348183,58,-0.0,0.7775363058914316,0.025761422564422386,58,-1.2583590488636363,0.8143798739261532,-0.021173623714458557,58,Nemanice  Nemaničky,49.431422,12.716909,529.0
0-203-0-41001078001,59,-0.04616013071895423,0.06612197283829269,-0.16423144360023376,59,-0.16851016143261296,0.00023165549427445775,-0.3290473407364114,59,-0.1755656108597285,0.038170656237095,-0.18527177089421387,59,-0.4964133490277778,0.00013045395768851418,-0.34190531852717704,59,-0.20574568288854017,0.058531684292673816,-0.17065053731226199,58,-0.4716429255952379,0.0002200510400905894,-0.3302162478082992,59,-0.42857142857142855,0.05130829896956155,-0.17432004370740248,59,-0.7755642962962962,0.0012642788371763944,-0.288135593220339,59,-0.13636363636363635,0.5730020892319994,-0.05101770699804451,58,-0.55,0.01789662120479786,-0.21213082837157804,59,0.08163265306122448,0.5913250979667388,0.04870723574526619,58,0.2608695652173913,0.10893527230000263,0.14412066414929028,59,-0.2571428571428571,0.1952227711944292,-0.11739835287979136,58,-0.56,0.005884567855248397,-0.2472135321546386,59,-0.20588235294117646,0.29642425983879195,-0.09686559768248325,58,-0.717948717948718,0.006182983790175923,-0.2514798032047111,59,-0.06666666666666667,0.05464821677095129,-0.1775944146984958,59,-0.12,0.0015608695316140656,-0.28986872165679345,59,-15.826086956521738,0.041973729451008114,-0.18176504967855053,59,-52.76503156741463,0.00023165549427445775,-0.3290473407364114,59,Velké Losiny,50.038056,17.051365,411.0
0-203-0-41002099001,55,-0.00026343870881686025,0.5342862647746193,-0.058804241184814775,55,-0.05530264226179402,0.0011159560102805156,-0.30235690235690243,55,-0.008263221153846152,0.2370682543232263,-0.1134199749478784,54,-0.18048215184228653,0.0006875835829316463,-0.3179594689028651,54,-0.1,0.16778801658180864,-0.15415853214514505,39,-0.13921636500000006,0.080419834294823,-0.17061224489795918,50,-0.015625,0.5294549616123532,-0.05955958603016839,55,-0.40425186666666707,0.0037728270509656053,-0.2686868686868687,55,-0.14705882352941177,0.6543586527385077,-0.05006784235703823,39,-0.25,0.3796420652920989,-0.0859955474569223,50,0.2,0.513514842262049,0.07302246259506871,39,-0.020833333333333332,0.9133679670072952,-0.010664608266375409,50,-0.375,0.29239130248525913,-0.11788715288221212,39,-0.6,0.011502780572523562,-0.24744125581753443,50,-0.4772727272727273,0.06076585461350364,-0.22201984697478555,39,-0.5384615384615384,0.0807059523486186,-0.17463890953131506,50,-0.0,0.8991815902280766,-0.01262489755110579,55,-0.08108108108108109,0.0025032783021901946,-0.290041443980132,55,-0.05526315789473707,0.5246895374734776,-0.060230693496956686,55,-17.358328046818183,0.0009562543962944949,-0.30639730639730645,55,Moravská Třebová  Bezděčí  Unerázka,49.7,16.7567,315.0
0-203-0-41003075001,55,-0.0137887413029728,0.048595672571216324,-0.18474465031877674,55,-0.03219718007338501,0.04749553395874532,-0.18383838383838386,55,-0.04519230769230772,0.03997889981660632,-0.19284333586762128,55,-0.11722005837300796,0.03720676394965166,-0.1932659932659933,55,0.03692307692307709,0.615357286496292,0.05324466605117774,43,-0.1838005771594684,0.035444805865717015,-0.2074829931972789,49,-0.16500000000000004,0.14151038099631616,-0.13794454975493653,55,-0.20753800000000075,0.10863508412236261,-0.14882154882154883,55,-0.15384615384615385,0.6601775356608148,-0.04664093487849134,43,-0.40508365508365507,0.09432029238753903,-0.1658141461569538,49,0.13333333333333333,0.6525943421461273,0.0477780432120885,43,0.21717171717171718,0.31717860123111785,0.09906153497075358,49,-0.04081632653061224,0.8669680294707531,-0.017787794467562578,43,-0.5273088381330685,0.009457644580941893,-0.2564982386441568,49,-0.0,0.7757648429109402,-0.031206324752899615,43,-0.7977272727272727,0.007427220710907644,-0.27180408049111715,49,-0.04,0.028742336213260486,-0.21252452035653313,55,-0.07142857142857142,0.025669168527362396,-0.21329299106945496,55,-4.359999999999999,0.03875484709574895,-0.19367378150418382,55,-10.748029086666664,0.039932173019173234,-0.19057239057239062,55,Šternberk,49.725,17.2986,278.0
0-203-0-41101014001,58,-0.055359299516908225,0.35809867290620156,-0.08287961282516636,58,-0.4557052100414078,0.0041791880137939585,-0.2583182093163944,58,-0.1951001602564103,0.2707157198918305,-0.10025062656641606,57,-1.3151511988333948,0.0003822189107012594,-0.32330827067669177,57,-0.2577380952380951,0.253155311234595,-0.10401002506265665,57,-1.0003196678758168,0.0023758743392510054,-0.27404718693284935,58,-0.375,0.4247043974017055,-0.07203391150244147,58,-1.7416100000000003,0.0027133912752144536,-0.2704174228675136,58,-0.11583184257602863,0.5676734069403142,-0.05215226628297243,57,-0.5555555555555556,0.010168519646197718,-0.23268740186346729,58,0.16333333333333333,0.17258318239047254,0.12492414413586685,57,0.21052631578947367,0.09468393288914283,0.1516477390808398,58,-0.13055386488131465,0.5676305606993666,-0.05221811513026472,57,-0.65,0.0036639173312569937,-0.2632249972744958,58,-0.20294117647058824,0.34351214232212335,-0.0885733982244092,57,-0.9032258064516129,0.001418656379484521,-0.2946090176857526,58,-0.045454545454545456,0.1654790066815074,-0.12836513057525584,58,-0.14285714285714285,0.0001430639638774241,-0.3512811534218618,58,-22.217391304347824,0.2801485329020095,-0.09739866908650936,58,-153.01155775956525,0.0010877466372420498,-0.29461584996975193,58,Velké Karlovice,49.359444,18.286944,518.0
0-203-0-41101034002,56,-0.034852116439630425,0.3294016420072561,-0.08961038961038963,56,-0.11134750682867295,0.040404932823283286,-0.18831168831168832,56,-0.11946568627450979,0.2641352277030081,-0.1025974025974026,56,-0.3303860599651894,0.03904425309053695,-0.18961038961038965,56,-0.00484848484848496,0.9710449835225058,-0.0033670033670033677,55,-0.23783387738427572,0.11339233302991852,-0.14545454545454548,56,-0.07034090909090907,0.7290605048838493,-0.03189074333047436,56,-0.4168973418568056,0.18394809821457103,-0.12207792207792208,56,-0.2,0.4857749877422758,-0.06479937084166308,55,-0.26360544217687076,0.2987780440248694,-0.09560988249050921,56,0.20833333333333334,0.16757056195829223,0.12877257761684952,55,0.29078590785907854,0.056200875742617604,0.17659057389615637,56,-0.4,0.08788682390268578,-0.1590004300935061,55,-0.5714285714285714,0.007855128551528118,-0.24511269633012367,56,-0.5384615384615384,0.04752943937470995,-0.18837450465355585,55,-0.9003308519437552,0.002135829419997973,-0.2886705156325351,56,-0.10380747126436782,0.008275368133315223,-0.24928631222585718,56,-0.10416666666666667,0.009446389237282525,-0.2442541565530182,56,-11.769722222222224,0.3189842903297523,-0.09158818281034127,56,-35.647430970749994,0.04473050896540924,-0.18441558441558445,56,Zděchov,49.2639,18.0772,491.0
0-203-0-41101084001,56,-0.011018722515110112,0.681851793859553,-0.03768681757240522,56,-0.0022137038634575286,0.9436561401949481,-0.006493506493506495,56,-0.0970456349206349,0.24354475377905327,-0.10717766073550576,56,-0.08434072331080388,0.28270378863462187,-0.0987012987012987,56,-0.33954670329670344,0.0026391311354489804,-0.2844702467343977,53,-0.17552560555555582,0.06985069740078684,-0.16981132075471697,54,-0.28100961538461533,0.25221004701739325,-0.10526318011602835,56,-0.09905875793184485,0.5717998244618638,-0.05194805194805196,56,-0.2127659574468085,0.34922109458801875,-0.08885710777221595,53,-0.29545454545454547,0.24742772880900887,-0.1086199081587367,54,-0.0,0.9327291233983245,0.008020505679393587,53,-0.04878048780487805,0.8054548052055671,-0.023174437303303694,54,0.02631578947368421,0.9266409043166681,0.008733661463697695,53,-0.3548387096774194,0.15838046749307655,-0.1326327546445872,54,-0.0,0.8115650758127401,0.023011461244939697,53,-0.30434782608695654,0.3692160981256052,-0.0858923023128323,54,0.019615384615384618,0.45614731569103295,0.07043617650934045,56,-0.0,0.7281323485135961,0.032779476495489346,56,-1.6479166666666678,0.7991525874406393,-0.023391817803561858,56,1.5220387489397043,0.865308333466608,0.015584415584415586,56,Valašská Bystřice,49.416432,18.106298,458.0
0-203-0-41402044002,57,-0.013103983382209194,0.12475074834504764,-0.13976810463815784,57,-0.03150696028999998,0.014259844846957742,-0.22305764411027573,57,-0.035767834595959586,0.11813006204404444,-0.14227515584242972,57,-0.09026823306285114,0.01722770281422954,-0.21679197994987473,57,-0.04266666666666647,0.4647650351650555,-0.07061593324899725,51,-0.037311588822751346,0.591548649365951,-0.05128205128205128,52,-0.12727272727272726,0.2474373589749883,-0.1053953150816161,57,-0.19802166181818187,0.09302365450108778,-0.15288220551378448,57,-0.4411764705882353,0.1551225563048314,-0.13757899899279377,51,-0.2838827838827839,0.2759882803689341,-0.1045465345772169,52,0.20833333333333334,0.3802057516893662,0.08507366174416986,51,0.1975609756097561,0.24573482847045036,0.11166261105376023,52,-0.4444444444444444,0.10070136412884412,-0.1591192562252066,51,-0.3732142857142857,0.10551999076556638,-0.15560096130730058,52,-0.525,0.09256489672196569,-0.1672394179112059,51,-0.5833333333333334,0.024609913698490297,-0.22168623725732248,52,-0.04494949494949495,0.06221699522375588,-0.17640303814727612,57,-0.1,0.0006627593651347175,-0.3199075998221595,57,-4.367513368983957,0.089064927987249,-0.1548104118637892,57,-10.811540328661614,0.008207849486363113,-0.24060150375939854,57,Jemnice,49.025,15.59,502.0
0-203-0-41402053001,56,-0.030429237764534704,0.0010379007050605495,-0.3018873675088217,56,-0.020302745698517456,0.006938151674623465,-0.24805194805194805,56,-0.08805478630846278,0.0008901503071911405,-0.3061905494560242,56,-0.05651264959408506,0.010094283228105206,-0.2363636363636364,56,-0.10222222222222209,0.12788701535071179,-0.1537750442395627,47,-0.025162217916666656,0.7119354871322096,-0.03768115942028986,46,-0.33827375762859635,0.005222137528421652,-0.2577518632200358,56,-0.1519951714782609,0.06206526269538108,-0.17142857142857143,56,-0.37209302325581395,0.25154863303311525,-0.11595592212151606,47,-0.2222222222222222,0.37335539048621746,-0.09104142910365466,46,-0.05714285714285714,0.7831252014826494,-0.02789436753823426,47,0.1951219512195122,0.3938924667630074,0.08742232577252942,46,-0.3181818181818182,0.20877128304990955,-0.1273247947517708,47,-0.3548387096774194,0.14724814636003006,-0.14854543955974508,46,-0.3111111111111111,0.16881044228005138,-0.14352443380552257,47,-0.5384615384615384,0.06476665353312812,-0.19421959227909175,46,-0.07692307692307693,0.00042049020038004354,-0.3374789082273331,56,-0.08108108108108109,0.003001693813390345,-0.28288647737593464,56,-10.213693693693692,0.0007849223002258639,-0.30934681850848184,56,-6.886104025554443,0.004910013851767569,-0.25844155844155847,56,Vranov nad Dyjí,48.9056,15.8186,354.0
0-203-0-41402059001,56,-0.0,0.8650007584915324,-0.015769828240346687,56,-0.0016727871005832106,0.5433148202803302,-0.05584415584415585,56,-0.0029179331306990884,0.6811736164777162,-0.038110418247504496,56,-0.010761483460497835,0.4042983844668623,-0.07662337662337664,56,-0.02468749999999993,0.7691632382292762,-0.0303030303030303,45,0.07185156199999998,0.28331529325095495,0.11498257839721254,42,-0.0,0.9548052954802337,0.005260107989152977,56,0.0037491289592760466,0.9887222215486301,0.0012987012987012987,56,-0.38446969696969696,0.21403998137864888,-0.12847763906822968,45,-0.19444444444444445,0.4810617916649834,-0.07566958810347645,42,-0.2947860962566845,0.28165686903972165,-0.11167656571008165,45,-0.2,0.536497228575334,-0.0665899210371989,42,-0.5263157894736842,0.1085463668965893,-0.1661608486058843,45,-0.3333333333333333,0.20862377877294624,-0.1349623928475639,42,-0.0,0.8053786972867822,-0.026324687409223654,45,-0.0,1.0,0.0,42,-0.0,0.9033016625918151,0.011725253347070783,56,-0.0,0.5050297555012878,-0.0645711900094627,56,-0.0,0.853872574105055,-0.01708398059370891,56,-0.4715101384939013,0.6207925258546483,-0.045454545454545456,56,Lukov,48.8566,15.9077,403.0
0-203-0-41501010001,59,-0.0473202614379085,0.0497755122648632,-0.1753873211440884,59,-0.141244854113322,0.000722449182255586,-0.3021624780829924,59,-0.17408243929983058,0.026183909065367474,-0.1987722972966335,59,-0.4713728807950311,0.0002089940218011755,-0.331385154880187,59,-0.14665558019216557,0.07459295870107956,-0.16233156547660482,57,-0.351652708717949,0.00906994216828619,-0.23532970356926794,58,-0.36129032258064525,0.07527607450086565,-0.15901783783730683,59,-0.6363165263157895,0.005024793385731586,-0.25073056691992984,59,-0.2972972972972973,0.16214425468486338,-0.1277141851981173,57,-0.55,0.005944424902950452,-0.24871187599518482,58,0.2,0.308041047724954,0.09331837450846704,57,0.15,0.32383543135767623,0.08952697849350785,58,-0.569047619047619,0.02804479264392097,-0.2006937195970415,57,-0.5588235294117647,0.001889904049897263,-0.2814622950071398,58,-0.7,0.03911716742563878,-0.19127893694312872,57,-0.7777777777777778,0.0036476086233744273,-0.2685044211819518,58,-0.07692307692307693,0.005536564509980787,-0.256013105151799,59,-0.13043478260869565,7.756234811770578e-05,-0.3638053853267858,59,-17.2375,0.014985004818775648,-0.21748027821866964,59,-49.1068507440001,0.00024383240492284363,-0.3278784336645236,59,Polička,49.716111,16.269167,552.0
0-203-0-41501037001,58,-0.04262770196836131,0.04936334798003707,-0.17725347852389592,58,-0.07760940385331823,0.018547490983383652,-0.21234119782214153,58,-0.1407051282051282,0.032367092206325436,-0.19298245614035084,58,-0.2738814550372024,0.0041791880137939585,-0.2583182093163944,58,-0.15052910052910054,0.08273547733675826,-0.16094276094276097,55,-0.1804877012536576,0.10425030198667533,-0.14786967418546368,57,-0.43714285714285706,0.028263451252647672,-0.19794192488486015,58,-0.37158674285714277,0.05420534745798281,-0.17362371445856015,58,-0.55,0.028303387606833603,-0.20412442499565472,55,-0.5358974358974359,0.019587373796968916,-0.21300744903527294,57,0.14814814814814814,0.42016517028718525,0.07510233081012414,55,0.0754985754985755,0.5910919659476721,0.04921254162928088,57,-0.5,0.01355559057568431,-0.22965320539024664,55,-0.6,0.0017313594708371102,-0.2858949537199091,57,-0.8235294117647058,0.006342478000125209,-0.2585134334412087,55,-0.7,0.005037813990148981,-0.26187684746201617,57,-0.08108108108108109,0.016507327190721635,-0.222263276757676,58,-0.1111111111111111,0.0011482279732232098,-0.3006832615409201,58,-13.399999999999993,0.022171133365703376,-0.20629159104658196,58,-25.234313641303025,0.007743120959797321,-0.24016938898971565,58,Vír,49.5642,16.3139,473.0
0-203-0-41501047001,56,-0.039775703871292103,0.01337454296210332,-0.22727272727272727,56,-0.08583710776048076,0.01140048350117799,-0.2324675324675325,56,-0.11384220354808589,0.014470477501924806,-0.22467532467532472,56,-0.24356416413527504,0.008560539340500209,-0.2415584415584416,56,-0.1393404488232074,0.05223344423660957,-0.18552036199095023,52,-0.1682108912698413,0.07530744427252292,-0.164983164983165,55,-0.34415584415584455,0.022437980134935444,-0.2098083904095052,56,-0.2966185,0.10107419445004867,-0.15064935064935067,56,-0.4807407407407407,0.033714403797012925,-0.20371248264431355,52,-0.5121951219512195,0.025321079000164178,-0.2080387860593999,55,0.2944896115627823,0.1623798789534715,0.13393948256794508,52,0.05263157894736842,0.6735134160926906,0.0393632619602041,55,-0.5485849056603773,0.009857631050639035,-0.24707259794434505,52,-0.5,0.023941046119885425,-0.20985198191837182,55,-0.9333333333333333,0.0012063398589807887,-0.3162962206671055,52,-0.4,0.0761820267647977,-0.16931865744911956,55,-0.10102040816326531,0.0006104572639853427,-0.3252571970324665,56,-0.13680926916221034,0.0002129891591014955,-0.348841334579074,56,-14.09944444444444,0.006507119599217233,-0.25008120838284675,56,-28.088067225812082,0.005130181955215403,-0.2571428571428572,56,Štěpánov nad Svratkou,49.5041,16.3341,365.0
0-203-0-41501048001,59,-0.03544680851063838,0.09283126549157654,-0.15020455873758035,59,-0.05860475959294158,0.021712501240449926,-0.20514319111630624,59,-0.1274676679182311,0.041973729451008114,-0.18176504967855053,59,-0.24170585459515573,0.00292543131243541,-0.265926358854471,59,-0.11518418688230012,0.12117549019009652,-0.1385154880187025,59,-0.15092218750000086,0.12125082299147605,-0.13974591651542648,58,-0.25,0.11348412913351888,-0.1416448692310978,59,-0.35228912195121953,0.0521095412448176,-0.17358270017533606,59,-0.3888888888888889,0.08421132225965064,-0.15470314555275302,59,-0.47058823529411764,0.02727519928512428,-0.1997584597205881,58,0.13333333333333333,0.47981376478303817,0.06351194288869443,59,0.1111111111111111,0.46034938395686664,0.06697244914974101,58,-0.3181818181818182,0.10616113801771145,-0.14486893220693076,59,-0.5666666666666667,0.0021187283900468727,-0.27799851422990846,58,-0.45161290322580644,0.09048749630292656,-0.15515794644699732,59,-0.6363636363636364,0.004851266321880543,-0.26147797334910955,58,-0.05555555555555555,0.038938482574905495,-0.19085406029854982,59,-0.08333333333333333,0.0011078756004570633,-0.3021125192367479,59,-11.21891891891892,0.06612197283829269,-0.16423144360023376,59,-19.236099867326082,0.008732970497872616,-0.23436586791350086,59,Olešnice,49.5586,16.4166,543.0
0-203-0-41501076001,58,-0.06114507198228125,0.16092448651323366,-0.12643678160919536,58,-0.06566843678331998,0.04488956851498439,-0.18088324258923166,58,-0.36770736072206667,0.006683089683269375,-0.24686716791979954,57,-0.3536838433864902,0.0010001668768740684,-0.299498746867168,57,-0.466931640889974,0.004696356192554016,-0.25990908670624285,56,-0.27893712332112336,0.009431865830169788,-0.23411978221415602,58,-0.5888888888888889,0.04074458000947611,-0.18473665886594556,58,-0.4152957419354838,0.029250388748819724,-0.1966122202056866,58,-0.375,0.08322855623726316,-0.15987140883268045,56,-0.5,0.017537041038117054,-0.21487221405543142,58,0.0625,0.6869083347880103,0.03724344860505725,56,0.07692307692307693,0.5866439398559655,0.049361466055525494,58,-0.375,0.04931913164785448,-0.18158380374399866,56,-0.4444444444444444,0.013274299024980757,-0.2243187621115218,58,-0.30772946859903383,0.18003400820910642,-0.1263480770584277,56,-0.3888888888888889,0.10613659775483293,-0.14945571127539892,58,-0.0,0.951678144289393,-0.005609985985992011,58,-0.027777777777777776,0.3561871228899024,-0.08545135302870212,58,-18.34999999999999,0.19085389001650044,-0.11796733212341196,58,-17.651771829999976,0.06508175418880346,-0.16636418632788866,58,Nové Město na Moravě,49.5581,16.0689,601.0
0-203-0-41502083001,57,-0.005134746206174777,0.7306483972702327,-0.031387375182034064,57,-0.016277672997171984,0.4407122191163779,-0.07017543859649124,57,-0.02939667842445686,0.5723516073636709,-0.05147529529853587,57,-0.07788689120493453,0.19798617226402682,-0.11720464379971084,57,-0.056435374149659844,0.507426364027451,-0.06334841628959277,52,-0.08524909713919074,0.20112450745974197,-0.12217194570135746,52,-0.025833333333333316,0.7776773777014827,-0.025794490606516306,57,-0.08655991666666663,0.5355564625561463,-0.056390977443609026,57,-0.375,0.17206592263878207,-0.1309126016059576,52,-0.25,0.3276394822090333,-0.09394036440271664,52,-0.0,0.9433627193375526,0.00681565927062759,52,0.10874704491725767,0.6022571925356701,0.050115065407647826,52,-0.2758985200845666,0.27241893164457254,-0.10542453457342059,52,-0.5944940476190477,0.017121183925224222,-0.2287902423356486,52,-0.0,0.9747560500692589,-0.0030848112959303664,52,-0.35,0.314341974178431,-0.0984487250019713,52,-0.0,0.7501144251696905,-0.029950506493249835,57,-0.027777777777777776,0.4108570311163825,-0.07693601743580068,57,-1.3137867647058825,0.8042354059301405,-0.022598910131064527,57,-4.568904036030304,0.45720584239505635,-0.06766917293233084,57,Rozstání,49.398026,16.835258,571.0
0-203-0-41503007001,56,-0.011391243868147674,0.24821604621879279,-0.10713904075370638,56,-0.010694311533942055,0.11997996734471295,-0.14285714285714285,56,-0.01767438654535429,0.4358493518698926,-0.07227837943492231,56,-0.0244856103392792,0.27012524777512403,-0.10149661493831075,56,-0.051515151515151174,0.3533912753619718,-0.09482351545107413,46,-0.016485380904761905,0.7247156399752861,-0.03636363636363636,45,-0.07623604465709738,0.46555018277796567,-0.06779162555683249,56,-0.0384431661764706,0.5814501603308164,-0.05064935064935065,56,-0.375,0.211176134251008,-0.12809437998567264,46,-0.375,0.19307845390382927,-0.1348209194945043,45,0.23076923076923078,0.3245821938515977,0.10092284483719663,46,0.056873315363881405,0.8525025119847863,0.01926013135635776,45,-0.37037037037037035,0.1666803477466604,-0.14168014755991065,46,-0.6396617566830334,0.0165052189188854,-0.2483543253846132,45,-0.7241379310344828,0.013532365425401474,-0.2573740257084364,46,-0.7568181818181818,0.01656726098675663,-0.25531605731076795,45,-0.03478523895946763,0.1401249815609812,-0.14122867390383267,56,-0.041666666666666664,0.06879349307829337,-0.17447836764009406,56,-4.346309739866907,0.1829390402910328,-0.12353032121604905,56,-3.549848725805557,0.1233843105382256,-0.14155844155844158,56,Zastávka,49.19298,16.36313,375.0
0-203-0-41503064001,56,-0.0,0.18752332538066152,0.12622464075076598,56,-0.0020154748764581983,0.4286149963228659,-0.07272727272727274,56,0.0066869300911854114,0.07251094234189671,0.17324250570114466,55,-0.00820338810369319,0.36417283766154707,-0.0841750841750842,55,0.06962719298245616,0.33170878149378213,0.12121212121212123,33,-0.027037227480490533,0.7797653555622553,-0.03076923076923077,40,0.08864795918367348,0.049690618308816374,0.18815905905983216,56,-0.0535087549019609,0.47097808036798516,-0.06623376623376624,56,-0.0,1.0,0.0,33,-0.4861111111111111,0.2255613385540135,-0.13350460293936792,40,-0.1359447004608295,0.7801505190805118,-0.03428627406618708,33,-0.375,0.19180082661263564,-0.14395934457075493,40,-0.06340579710144928,0.9012956413936759,-0.01520923541825377,33,-0.6666666666666666,0.06731201782178446,-0.2016702523201939,40,-0.0,0.9005557480543904,0.015760250451281974,33,-0.25,0.341952635920176,-0.10786202485583442,40,-0.0,0.25733166742706304,0.11198534106023811,56,-0.0,0.5995337219996217,-0.05102699687051438,56,0.3888888888888832,0.1600693243675433,0.13454714453653077,56,-0.6357936998014957,0.4452882154147515,-0.07012987012987014,56,Slavkov u Brna,49.1575,16.879167,211.0
0-203-0-41601022101,57,-0.002856286829112928,0.9013871047047689,-0.011278195488721806,57,-0.030644818595209237,0.09573503897062353,-0.15162907268170428,57,-0.03345588235294118,0.5724304932610559,-0.051378446115288225,57,-0.1471463620936104,0.029607922630276874,-0.1979949874686717,57,0.007261904761905074,0.9718097782965445,0.003247807901075932,56,-0.0925545135416667,0.1937869094838024,-0.12053872053872056,55,0.01742424242424257,0.9177383482650368,0.009425108364392608,57,-0.17929366907894737,0.253155311234595,-0.10401002506265665,57,-0.15384615384615385,0.42843810469317234,-0.0730601223963557,56,-0.5609756097560976,0.031018030188556447,-0.20081301148194575,55,0.04957160342717258,0.734295680059994,0.03135259920759689,56,0.02631578947368421,0.8218390314373524,0.02101743217865428,55,-0.17863247863247864,0.35071161535330775,-0.08605020190312852,56,-0.3181818181818182,0.09931651892929479,-0.1531717038439563,55,-0.19722222222222224,0.4694576289041179,-0.06797764658263718,56,-0.34146341463414637,0.2126722300453836,-0.11830029697180386,55,-0.0,0.7605170115183292,-0.028745720940339274,57,-0.05555555555555555,0.0710273163721939,-0.16930770194011918,57,-0.2200000000000086,0.9725421872494373,-0.003133814005339862,57,-9.0377494928,0.1299125664580208,-0.13784461152882208,57,Třešť,49.293889,15.476111,574.0
0-203-0-41601054001,58,0.0017156862745097913,0.882675020705761,0.013313162485353771,58,-0.010119361907106732,0.5505002051232346,-0.053841500302480326,58,-0.024404761904761804,0.7576312901886038,-0.027853478034370445,58,-0.06361826087318835,0.2351039814978566,-0.1070780399274047,58,-0.07188186813186806,0.33645928270214753,-0.08831168831168831,56,-0.05887265937499997,0.42456503566593085,-0.07268170426065164,57,-0.10000000000000006,0.47286883704594984,-0.06480925409395467,58,-0.04410561111111101,0.7627592723287526,-0.02722323049001814,58,-0.2,0.3580507758252739,-0.08474641096520234,56,-0.3333333333333333,0.11640039533414384,-0.14348786178643597,57,0.038926681783824635,0.8430607117117382,0.018277011597818468,56,-0.07106812447434818,0.7461907769981165,-0.02958799110457511,57,-0.2857142857142857,0.24056244649099434,-0.10821464784787375,56,-0.375,0.056486533835737145,-0.17405033446245016,57,-0.14309553608677514,0.4139591317725573,-0.0773052690255385,56,-0.22580645161290322,0.3128193851685478,-0.09436061934342023,57,-0.0,0.9623811080784977,-0.004383072458201489,58,-0.0,0.41374268770716094,-0.07641104746102811,58,0.9000000000000044,0.91452703501453,0.009682299989348197,58,-3.881434748709678,0.4646750373567561,-0.06594071385359951,58,Vysoké Studnice,49.3931,15.7303,568.0
0-203-0-41601087001,58,-0.019260620915032667,0.03459943552191302,-0.190562613430127,58,-0.029256552343152633,0.0172500164918852,-0.21476104053236536,58,-0.051722689075630254,0.036961993122675625,-0.18814277071990318,58,-0.07742707301263363,0.04076269661100884,-0.18451300665456744,58,-0.04494623655913988,0.3797421302557288,-0.08578434235508936,50,-0.04824160281385263,0.3337897691376619,-0.09143686502177069,53,-0.16500000000000004,0.0961438945724331,-0.1503489289380135,58,-0.13798589999999997,0.1954440038028954,-0.11675741076830004,58,-0.375,0.19181198830112767,-0.1277123539850792,50,-0.4536878216123499,0.08708984903214571,-0.16224134083339328,53,-0.034482758620689655,0.9133760234776904,-0.010655827195914588,50,0.1975609756097561,0.27242173887151844,0.10441968195252488,53,-0.1794871794871795,0.4769528768803406,-0.06961544317941329,50,-0.4258241758241758,0.10375343723771925,-0.1546336712966134,53,-0.21212121212121213,0.415153846517461,-0.08161858030459251,50,-0.7,0.016737418170794806,-0.23120829824636524,53,-0.047619047619047616,0.04801011250155174,-0.18490655470981923,58,-0.07317073170731707,0.005446842998506867,-0.2592382685414082,58,-5.995652173913043,0.03459943552191302,-0.190562613430127,58,-8.538444437642422,0.0178884502373191,-0.21355111917725345,58,Třebíč  Podklášteří,49.2236,15.87,463.0
0-203-0-41603036001,56,-0.032438888493255644,0.001640876350533466,-0.29095160926169483,56,-0.020186523307642902,0.007550672720315073,-0.24545454545454548,56,-0.09747474747474746,0.0015631768895865222,-0.29225925694376986,56,-0.052694282900735294,0.019685622877431776,-0.21428571428571433,56,-0.04571078431372551,0.41352867435978724,-0.08156028368794327,48,0.0323919911764705,0.5764204344541329,0.0570048309178744,46,-0.3920807453416149,0.0033905630622773223,-0.2714885431657614,56,-0.14499297289977478,0.10404903112077021,-0.14935064935064937,56,-0.46153846153846156,0.09643422382187267,-0.16614878837845434,48,-0.16,0.4429516792697843,-0.07856509177956617,46,0.2278846153846154,0.2550082614390282,0.11408362765749579,48,0.20833333333333334,0.3338722613114782,0.09917553432008641,46,-0.5821566110397947,0.03588389232100658,-0.2099657423690629,48,-0.375,0.12035999904660416,-0.15899267483662252,46,-0.75,0.015982882313370025,-0.2462241302198119,48,-0.7,0.025916512841028673,-0.23378034965850633,46,-0.1,0.00014261730037793319,-0.3614023494586473,56,-0.09413067552602436,0.0009398671330046022,-0.3173678188200887,56,-11.986249999999998,0.000512745184408458,-0.3210275059494206,56,-7.141261636604631,0.004698427799261484,-0.25974025974025977,56,Hrotovice,49.1105,16.0588,425.0
0-203-0-41701004001,56,-0.0,0.3633480453891237,0.08941987997374412,56,0.0010990589329228204,0.2671263359176186,0.10204749731581714,56,-0.0,0.29238053473565495,0.10442685501261251,56,0.003319870390511356,0.19824425276446445,0.11841271742802921,56,0.07768339768339771,0.3913909170309529,0.12666666666666662,25,-0.006135311111111146,0.9436180468092228,-0.011494252873563218,30,-0.0,0.18859416382520033,0.12943517904349494,56,0.08394381692406694,0.0714846227617339,0.16574593513078578,56,0.13333333333333333,0.8152356063535595,0.03344500310453256,25,-0.5172413793103449,0.36272635573586154,-0.11751183267851475,30,0.5,0.29659240311553436,0.1533333333333333,25,-0.04878048780487805,0.9288962925074962,-0.011520767909658308,30,-0.44093023255813957,0.5630785727268515,-0.08666666666666664,25,-1.2307692307692308,0.01943437927669252,-0.30114942528735633,30,-0.5560975609756098,0.12648168886423072,-0.23143628288675316,25,-0.7777777777777778,0.007541750877131091,-0.36701067418211014,30,-0.0,0.3992978604766293,0.08625603805080535,56,-0.0,0.22877596514037923,0.12172035036446882,56,-0.0,0.35547132141111304,0.09089789451876468,56,0.3553606065,0.23784655587541126,0.10854733790918127,56,Hustopeče,48.9456,16.7258,201.0
0-203-0-41701113001,56,-0.0,0.42240953942390524,0.07923963033470023,56,-0.001945758929681065,0.3508640581353334,-0.08571428571428572,56,-0.0,0.41865331293976005,0.08021193211113713,56,-0.00614693477836478,0.3508640581353334,-0.08571428571428572,56,-0.036805555555555536,0.7385544733402452,-0.04578010689996487,27,0.026188264102564106,0.7013945391814214,0.0453781512605042,35,-0.0,0.2658235396098647,0.11012610898678328,56,-0.044378570291934684,0.4286149963228659,-0.07272727272727274,56,-0.15384615384615385,0.7385544733402452,-0.04578010689996487,27,0.2777777777777778,0.4429243989780749,0.091140051812009,35,0.1724137931034483,0.7227713493184456,0.04871140157800857,27,0.07692307692307693,0.8311983970319752,0.025338163184995804,35,-0.375,0.2778246565952279,-0.14921474325977332,27,0.0625,0.8982562255086414,0.01517715208742381,35,-0.5833333333333334,0.1659110777667483,-0.1945151603146787,27,-0.17073170731707318,0.5486150044671503,-0.07289096637531385,35,-0.0,0.4716971776898349,0.07309124382123695,56,-0.0,0.2965713796945564,-0.1029437872184264,56,-0.0,0.4311903784049568,0.0778115352640742,56,-0.7863600264999999,0.3294016420072561,-0.08961038961038963,56,Lanžhot,48.724722,16.9575,158.0
