station_id,n_years,mean_swe_obs_slope,mean_swe_obs_p,mean_swe_obs_tau,mean_swe_obs_n,mean_swe_mod_slope,mean_swe_mod_p,mean_swe_mod_tau,mean_swe_mod_n,mean_swe_djfm_obs_slope,mean_swe_djfm_obs_p,mean_swe_djfm_obs_tau,mean_swe_djfm_obs_n,mean_swe_djfm_mod_slope,mean_swe_djfm_mod_p,mean_swe_djfm_mod_tau,mean_swe_djfm_mod_n,mean_swe_snow_obs_slope,mean_swe_snow_obs_p,mean_swe_snow_obs_tau,mean_swe_snow_obs_n,mean_swe_snow_mod_slope,mean_swe_snow_mod_p,mean_swe_snow_mod_tau,mean_swe_snow_mod_n,max_swe_obs_slope,max_swe_obs_p,max_swe_obs_tau,max_swe_obs_n,max_swe_mod_slope,max_swe_mod_p,max_swe_mod_tau,max_swe_mod_n,dohy_max_obs_slope,dohy_max_obs_p,dohy_max_obs_tau,dohy_max_obs_n,dohy_max_mod_slope,dohy_max_mod_p,dohy_max_mod_tau,dohy_max_mod_n,dohy_first_snow_obs_slope,dohy_first_snow_obs_p,dohy_first_snow_obs_tau,dohy_first_snow_obs_n,dohy_first_snow_mod_slope,dohy_first_snow_mod_p,dohy_first_snow_mod_tau,dohy_first_snow_mod_n,dohy_last_snow_obs_slope,dohy_last_snow_obs_p,dohy_last_snow_obs_tau,dohy_last_snow_obs_n,dohy_last_snow_mod_slope,dohy_last_snow_mod_p,dohy_last_snow_mod_tau,dohy_last_snow_mod_n,snow_duration_obs_slope,snow_duration_obs_p,snow_duration_obs_tau,snow_duration_obs_n,snow_duration_mod_slope,snow_duration_mod_p,snow_duration_mod_tau,snow_duration_mod_n,n_snow_weeks_obs_slope,n_snow_weeks_obs_p,n_snow_weeks_obs_tau,n_snow_weeks_obs_n,n_snow_weeks_mod_slope,n_snow_weeks_mod_p,n_snow_weeks_mod_tau,n_snow_weeks_mod_n,swe_days_obs_slope,swe_days_obs_p,swe_days_obs_tau,swe_days_obs_n,swe_days_mod_slope,swe_days_mod_p,swe_days_mod_tau,swe_days_mod_n,station_name,latitude,longitude,elevation_m
0-20000-0-11406,46,-0.06890712806861872,0.00024813733433018295,-0.3739130434782609,46,-0.06563995690620784,0.0007245150042672075,-0.3449275362318841,46,-0.1466346153846154,0.0012849683340329394,-0.32866122736836356,46,-0.13446023101938503,0.0045032583403284724,-0.2899952006191443,46,-0.20049579831932773,0.015262121679966255,-0.2634146341463415,41,-0.07962165505555557,0.13230358522840574,-0.16341463414634147,41,-0.46578947368421053,0.0015626606717131964,-0.32317402204753837,46,-0.2835124512820513,0.011471548467280018,-0.25797101449275367,46,-0.15707236842105263,0.5819341029479945,-0.05993911819645902,41,-0.24404761904761904,0.4448883537192271,-0.08312983282607428,41,0.631578947368421,0.0919469102876244,0.18337463123398737,41,0.5,0.07399128787731489,0.19473540823073804,41,-0.4117647058823529,0.14099496326093056,-0.16044238036620553,41,-0.5067567567567568,0.06532234128334946,-0.20098280690136344,41,-0.743421052631579,0.0444350751219202,-0.2243016488454705,41,-0.5833333333333334,0.06679723756379048,-0.20575348058664564,41,-0.09523809523809523,0.0023410791299235028,-0.3225556131259101,46,-0.10810810810810811,0.00394761569131769,-0.30287206357400304,46,-14.213888888888894,0.003437275766684885,-0.29855072463768123,46,-12.287768471548388,0.005865049966898808,-0.2811594202898551,46,Cheb,50.068333,12.391389,483.0
0-20000-0-11414,46,-0.0997543585061519,0.0012438046277887939,-0.3294685990338165,46,-0.11502409543417368,0.000357672456731863,-0.3642512077294686,46,-0.2962162162162162,0.0004762903422728928,-0.35652173913043483,46,-0.3217231948809524,0.00013581656502551404,-0.38937198067632856,46,-0.26005952380952385,0.021107737869854863,-0.24101479915433402,44,-0.32067451666666635,0.0013338250709957434,-0.3313131313131313,45,-0.7249999999999996,0.00387963352813509,-0.2946859903381643,46,-0.6334410325000001,0.0008309990454315719,-0.3410628019323672,46,-0.28239202657807305,0.34672363581867505,-0.09867442042978847,44,-0.375,0.30428343851848394,-0.10622167009578043,45,0.34615384615384615,0.1265620222068233,0.16021330628922645,44,0.5,0.08680831869548243,0.17739594670329514,45,-0.4593406593406594,0.04730652033960028,-0.20829199459763686,44,-0.4775828460038986,0.03454471142028713,-0.21884599572482324,45,-0.6914634146341463,0.048469040654868484,-0.21214364631983046,44,-0.7777777777777778,0.02730071906172725,-0.2323752827976638,45,-0.1111111111111111,0.0058235430021616776,-0.29129793731396936,46,-0.11538461538461539,0.012738895158935884,-0.26067909680343726,46,-26.37727272727273,0.0030413091606300655,-0.30241545893719807,46,-28.7439035,0.0019609371592501706,-0.3159420289855073,46,Karlovy Vary  Olšová Vrata,50.201667,12.914167,603.0
0-20000-0-11423,49,-0.31812457912457914,0.0008243215835672726,-0.3299319727891156,49,-0.11530940516760482,0.002411887812925893,-0.2993197278911564,49,-0.5600096498483595,0.013045943759322777,-0.24489795918367344,49,-0.2243363176169871,0.017356162233818563,-0.23469387755102036,49,-0.3348684210526298,0.09829514977327344,-0.1648936170212766,48,-0.2113667186466165,0.05488105445308272,-0.1914893617021277,48,-1.2307692307692308,0.021845319618858803,-0.22638306070913594,49,-0.40493485614035085,0.06022754268302918,-0.18537414965986393,49,-0.55,0.07112537081000461,-0.18036472749104937,48,-0.55,0.047449264192887336,-0.19795845334660261,48,0.17711598746081506,0.30221638921271476,0.1034810541041877,48,-0.15504807692307693,0.5937116848746408,-0.05338112094128718,48,-0.3279569892473118,0.19119875919113938,-0.13084217103379697,48,-0.4117647058823529,0.11143486853642215,-0.15946739308538904,48,-0.4375,0.16922205555775505,-0.14083585619984312,48,-0.0,0.6236294749134361,-0.05018030952000453,48,-0.1188235294117647,0.006068967543906407,-0.27783169655338374,49,-0.09090909090909091,0.06304601867552806,-0.18742164949609008,49,-60.98750000000001,0.010207754748271396,-0.2534013605442177,49,-26.17785523533334,0.02088173655437837,-0.227891156462585,49,Přimda,49.669444,12.678056,742.76
0-20000-0-11457,49,-0.6041722702313441,0.004212620222905633,-0.282312925170068,49,-0.854611590228141,0.003989066082360044,-0.28401360544217685,49,-1.312409502262444,0.01436383786209096,-0.24149659863945577,49,-1.75451284328057,0.010726914948907545,-0.2517006802721088,49,-1.1493001265022131,0.017356162233818563,-0.23469387755102036,49,-1.5623079975294833,0.013045943759322777,-0.24489795918367344,49,-2.84,0.003287707700929736,-0.2900893499340229,49,-2.4625733706896558,0.02088173655437837,-0.227891156462585,49,-0.7453703703703703,0.02035486958844793,-0.2298188549305175,49,-0.7774725274725275,0.0036540719651610575,-0.28816178297195444,49,0.1,0.4426270588441189,0.07629914411700803,49,0.1318840579710145,0.35152533438865463,0.092547739381975,49,-0.4117647058823529,0.06750968751982207,-0.18119896384161963,49,-0.6546583850931678,0.009203092116464267,-0.2581230522649487,49,-0.3888888888888889,0.17625169389193185,-0.1375346974702942,49,-0.6666666666666666,0.00941875535657789,-0.26543415482931904,49,-0.10380747126436782,0.0016308371369871109,-0.32195125116899787,49,-0.13513513513513514,0.00036692686051494397,-0.3625167518260116,49,-213.08709150326797,0.004953128051511463,-0.2772108843537414,49,-293.906394346197,0.0037763365818667414,-0.28571428571428564,49,Churáňov,49.068333,13.615278,1117.8
0-20000-0-11464,48,-0.21405921251118187,0.0014630300782730258,-0.31737588652482274,48,-0.03914787597945838,0.0012153767378089897,-0.32269503546099293,48,-0.3698866758241758,0.04271631617416754,-0.2021276595744681,48,-0.0835853134683412,0.03148363826777049,-0.2145390070921986,48,-0.22819602272727257,0.1605931701455927,-0.14153561517113786,47,-0.06947225897435898,0.1776401607267456,-0.13598519888991678,47,-0.8176015473887814,0.028120145355666558,-0.21926339899825492,48,-0.19877515476190477,0.04271631617416754,-0.2021276595744681,48,-0.0,0.970730096670938,-0.0037123165684930294,47,-0.08333333333333333,0.8114865756656695,-0.024130057695204692,47,0.36666666666666664,0.14720350193629334,0.14677322849865512,47,0.5,0.09873269962816314,0.16689891849552452,47,-0.6,0.01221807245290469,-0.25467315455533285,47,-0.2777777777777778,0.24770280071516582,-0.11704700500525661,47,-1.105263157894737,0.0015342849727278734,-0.32760121946636017,47,-0.7368421052631579,0.03831777232398831,-0.2139596379218086,47,-0.13043478260869565,0.006468551924074432,-0.27932370622323394,48,-0.08333333333333333,0.007676840895115082,-0.27513449570271353,48,-38.561229314420814,0.016405335978538,-0.2393617021276596,48,-9.322003463531676,0.004707490503989612,-0.2819148936170213,48,Milešovka,50.555,13.93083,830.5
0-20000-0-11487,49,-0.044798711755233485,0.0021502009921824344,-0.3027210884353741,49,-0.019605788521075654,0.006452228081795988,-0.26870748299319724,49,-0.09898826215630377,0.025015890981123317,-0.22108843537414963,49,-0.04976897203288176,0.04741635522881222,-0.19557823129251697,49,-0.12453703703703706,0.1776401607267456,-0.13598519888991678,47,-0.04426569055555558,0.2816493254860488,-0.12010796221322538,39,-0.37403846153846154,0.015790015023150177,-0.2382979586411957,49,-0.1228511340909091,0.13817760190979336,-0.14625850340136054,49,-0.23809523809523808,0.5571819111770786,-0.05934183768729761,47,-0.2857142857142857,0.2655711743171032,-0.12457755877824504,39,0.15,0.51475652144819,0.06604754039155088,47,0.16,0.6027889745833444,0.058266064068219776,39,-1.03125,0.0039751378361803,-0.29114589115330386,47,-0.5,0.11573300601904915,-0.17579481735849875,39,-1.25,0.005730493652296956,-0.2859792472898479,47,-0.6666666666666666,0.024012020916064934,-0.26042883516844667,39,-0.09090909090909091,0.002832046339748332,-0.3052410254999713,49,-0.07229965156794424,0.02002988972577578,-0.2399348953306405,49,-13.54355992844365,0.0031985386146235937,-0.29081632653061223,49,-5.864268690259729,0.01436383786209096,-0.24149659863945577,49,Kocelovice,49.467222,13.838611,519.0
0-20000-0-11502,47,-0.02647020933977457,0.11262855106553847,-0.16003700277520816,47,-0.024677256319375,0.031157408517868343,-0.2173913043478261,47,-0.05476190476190473,0.1991708337467517,-0.12956965755626965,47,-0.060205871040706634,0.06529089161804413,-0.18593894542090658,47,-0.06286764705882353,0.2862311405742879,-0.11026820990895302,45,-0.0902581868055557,0.17059438050440168,-0.14878048780487804,41,-0.17407407407407405,0.31729693002078874,-0.10120775466845773,47,-0.22222431250000002,0.025852508166396598,-0.22479185938945423,47,0.2063894523326572,0.6526268383976295,0.046606091682138286,45,0.0625,0.9016355511987927,0.013455720411449986,41,0.3055555555555556,0.3475857307247847,0.09716619098471234,45,0.5,0.1056454292018769,0.17625577822806912,41,-0.25,0.4279471918640003,-0.08219263769590016,45,-0.16974358974358975,0.5146483793853459,-0.07090485741047513,41,-0.3944444444444445,0.346057541753662,-0.09940956750515251,45,-0.40032679738562094,0.2438877037438656,-0.13073213651041196,41,-0.038461538461538464,0.20940169649197582,-0.13093651897100636,47,-0.05128205128205128,0.05546486196950208,-0.20142353639955177,47,-4.425806451612901,0.35909867312330446,-0.09254975539733547,47,-5.0617013165384614,0.08636818483947302,-0.17298797409805738,47,Ústí nad Labem  Kočkov,50.68333,14.04111,375.39
0-20000-0-11603,48,-0.12050595238095238,0.0028230016762828933,-0.2978723404255319,48,-0.1324300550838471,0.00028748853607818154,-0.3617021276595745,48,-0.291155476683427,0.007270616831876141,-0.26773049645390073,48,-0.30654879395772067,0.0015554069001941675,-0.3156028368794327,48,-0.3333333333333339,0.001658227335627857,-0.31729879740980577,47,-0.28606104608294924,0.024655299443550025,-0.22664199814986127,47,-0.9295089285714285,0.004570462301486604,-0.2834302860573633,48,-0.7081181022727273,0.008081731830720718,-0.2641843971631206,48,-0.34210526315789475,0.29148555558189193,-0.10667944835179477,47,-0.10810810810810811,0.7068548309671953,-0.038033542455857265,47,0.5,0.07216283090102699,0.18207311889706584,47,0.5,0.04257990712659939,0.20558459755679925,47,-0.15384615384615385,0.6865180565752707,-0.040797513410017104,47,-0.15384615384615385,0.6333497447109818,-0.048260115390409385,47,-0.3888888888888889,0.4028830826573143,-0.08586590894542138,47,-0.4772727272727273,0.204212887215087,-0.13078189535266227,47,-0.08333333333333333,0.019700697071067252,-0.23970914314663855,48,-0.14285714285714285,0.0007574125250186624,-0.34558952520112923,48,-31.844147157190648,0.004210446580074747,-0.28546099290780147,48,-35.59760104007839,0.0017564708661458447,-0.31205673758865254,48,Liberec,50.76972,15.02389,397.72
0-20000-0-11628,49,-0.021277525514616848,0.15246096813523968,-0.141156462585034,49,-0.05647548371666994,0.007158301368722786,-0.26530612244897955,49,-0.05719075406575416,0.15246096813523968,-0.141156462585034,49,-0.16529364461408194,0.004694143845272445,-0.2789115646258503,49,0.03354037267080757,0.6269430367974564,0.049028677150786314,47,-0.0699091031249992,0.5135612972130861,-0.06666666666666667,46,-0.07953488372093023,0.6353973637656536,-0.04682847582365278,49,-0.30291662608695646,0.05350245010871612,-0.19047619047619044,49,-0.3157894736842105,0.479901087201831,-0.07156211091887847,47,-0.375,0.3246689954272186,-0.10072668751893706,46,0.42857142857142855,0.17454587349981143,0.1374837836569681,47,0.35294117647058826,0.24390595627221534,0.1195355597850528,46,-0.55,0.08796961663950802,-0.17262272043492585,47,-0.5909090909090909,0.06210289205784891,-0.1907070370085639,46,-0.9459459459459459,0.027937978087698392,-0.22616994541218177,47,-0.8484848484848485,0.03258870453976069,-0.2226146630956468,46,-0.06666666666666667,0.032759562177523106,-0.2184852212505187,49,-0.11428571428571428,0.0016105529494648868,-0.3212080372198105,49,-6.628929765886288,0.1901231103830675,-0.12925170068027209,49,-15.279395355424242,0.01579778847769685,-0.23809523809523805,49,Košetice  Křešín  Kramolín,49.573504,15.08046,532.29
0-20000-0-11636,46,-0.06282983938256154,0.03812342405086146,-0.21159420289855074,46,-0.029925834823327065,0.045740513092205094,-0.20386473429951693,46,-0.15675070028011226,0.08315402284648102,-0.17681159420289855,46,-0.08988162684033613,0.07663649670300383,-0.1806763285024155,46,-0.13540497896213183,0.27324518730467084,-0.11313131313131311,45,-0.019222107754073892,0.8082050403584694,-0.02536997885835095,44,-0.2806451612903227,0.2976234285896211,-0.10633157356035292,46,-0.13360673636363635,0.29327473345770383,-0.10724637681159421,46,-0.3333333333333333,0.2773745821938871,-0.11251971476609006,45,-0.45906432748538006,0.18845342641031426,-0.13771217347818518,44,0.41640866873065013,0.06573146996694237,0.19106046243998598,45,0.18974358974358974,0.5041937155762518,0.07013914103797976,44,-0.9036004645760743,0.0025822640778449973,-0.3117415294092854,45,-0.4444444444444444,0.1596949554502174,-0.1471679992513045,44,-1.3184121621621623,0.0014808722672529084,-0.33479722119459604,45,-0.6199346405228758,0.10432907547981964,-0.17359461385063804,44,-0.09090909090909091,0.01835148378725298,-0.24725687353782416,46,-0.09090909090909091,0.023437834344857692,-0.23851694940025692,46,-15.884615384615385,0.08315402284648102,-0.17681159420289855,46,-8.908769284955554,0.0546013768606291,-0.19613526570048312,46,Kostelní Myslová,49.159167,15.439167,569.0
0-20000-0-11659,49,-0.1564407971791862,0.0006832461491183827,-0.33503401360544216,49,-0.12079311173150879,0.0008243215835672726,-0.3299319727891156,49,-0.40529217117758787,0.0018061757988190401,-0.30782312925170063,49,-0.27675456617363026,0.004447479999753712,-0.28061224489795916,49,-0.3684959349593495,0.038568563276529765,-0.2040816326530612,49,-0.2616663197765214,0.018184736421747075,-0.23299319727891152,49,-0.9107954545454546,0.019946346578233715,-0.22959183673469385,49,-0.40751558030852997,0.022867769391868287,-0.22448979591836732,49,-0.4668803418803419,0.16500619463038468,-0.13754957488406439,49,-0.5263157894736842,0.04102466761146525,-0.201960407171645,49,0.38348416289592757,0.051249242796375646,0.19349768952803,49,0.44,0.05663195975882468,0.1891352609361896,49,-0.6594202898550725,0.02729073101107493,-0.21843130631656987,49,-0.4593406593406594,0.126983014743402,-0.1509601608525475,49,-0.9861111111111112,0.0047729163588349065,-0.2850765836447352,49,-0.875,0.01950988323270011,-0.23547196149372532,49,-0.12,0.002943013467080961,-0.3025383111346034,49,-0.11764705882352941,0.0053278530544749745,-0.28208651837828436,49,-34.25662393162393,0.008347785002393493,-0.260204081632653,49,-26.239292792263598,0.004694143845272445,-0.2789115646258503,49,Přibyslav  Hřiště,49.582785,15.7625,532.5
0-20000-0-11683,48,-0.009998576312153864,0.9362408166816728,-0.007982262425677634,48,-0.031537077502352295,0.6696518028834125,-0.04255319148936171,48,-0.42258403361344543,0.07373754991173524,-0.18038852913968548,47,-0.39540584471945717,0.024655299443550025,-0.22664199814986127,47,-0.5294117647058824,0.03473812940807519,-0.21545893719806766,46,-0.4011206763257576,0.014196547008150755,-0.25024154589371983,46,-0.6629629629629629,0.25147102312185965,-0.11461600909529739,48,-0.43122876161616175,0.12632818231857168,-0.15248226950354613,48,-0.48148148148148145,0.0734599971553593,-0.18314030870020792,46,-0.8717948717948718,0.0075711889759425095,-0.273124287310964,46,0.4634146341463415,0.050981534262632494,0.20029568696017452,46,0.3333333333333333,0.06332600854556243,0.19057259536016605,46,-0.6923076923076923,0.009187760646819575,-0.26699343711718887,46,-0.59375,0.00868007809972583,-0.2694615000636648,46,-1.105263157894737,0.013817174136419582,-0.2570366696164107,46,-0.9210526315789473,0.014253295760529043,-0.2556536407380557,46,-0.1111111111111111,0.015523399102273537,-0.24818598159507016,48,-0.1266025641025641,0.009159707873888088,-0.2667878476112098,48,-49.63318181818182,0.041806455008408586,-0.20310423283113088,48,-44.56262258887497,0.026282623731217834,-0.22163120567375888,48,Svratouch,49.735,16.034167,734.0
0-20000-0-11698,45,-0.02122091642924976,0.0034439693480235985,-0.30217285313028747,45,-0.012361377864915288,0.04597821689839872,-0.20606060606060603,45,-0.06227306547619047,0.011274767725167415,-0.26201345290292505,45,-0.033536594291170646,0.07826928726353054,-0.1818181818181818,45,-0.003277230432402794,0.864649173773313,-0.020853089936476995,33,-0.006025805921052636,0.920812723910616,-0.011764705882352941,35,-0.25,0.027697203358785474,-0.22784883143469484,45,-0.0930206529220779,0.3377263583824164,-0.09898989898989898,45,-0.5760368663594471,0.3135396357750889,-0.12369312192617299,33,0.36666666666666664,0.3131143909080797,0.1197308664674545,35,-0.0,1.0,0.0,33,-0.02857142857142857,0.9433692479382838,-0.008431751159679894,35,-0.9583333333333334,0.06285399217787763,-0.2281385312738065,33,-0.3548387096774194,0.22719772448434472,-0.1433397697145582,35,-0.875,0.025560090257101688,-0.2808525233118708,33,-0.0,0.509384522639764,-0.08085370004320898,35,-0.08,0.0017934683233971592,-0.33990567681660866,45,-0.041666666666666664,0.08668472504691697,-0.1854530876082356,45,-5.978488372093023,0.008499137387041309,-0.27185450666236566,45,-3.594846018917222,0.06590399155304907,-0.18989898989898987,45,Kuchařovice,48.881111,16.085278,334.0
0-20000-0-11710,48,-0.06476553014368142,0.002663172969227803,-0.299645390070922,48,-0.041545421296467384,0.009450624715441704,-0.25886524822695034,48,-0.15089868569378972,0.004707490503989612,-0.2819148936170213,48,-0.09076406607322995,0.02878211947872049,-0.21808510638297873,48,-0.22272727272727275,0.022404292237668995,-0.23034227567067533,47,-0.055559838461538454,0.39941554109433886,-0.08599033816425121,46,-0.48571428571428565,0.01281577731758585,-0.24844730277292768,48,-0.07366661666666663,0.5574652191562292,-0.05851063829787235,48,-0.2,0.6530685183129407,-0.045497064025269984,47,-0.16,0.5698187748483741,-0.05822471817530575,46,0.14285714285714285,0.6267787110371961,0.04925703738572155,47,0.2,0.5506907205482212,0.061106182495218125,46,-0.59375,0.09325434562967445,-0.16960177420640554,47,-0.375,0.16971248786791837,-0.14036812368650645,46,-0.6363636363636364,0.146272010650874,-0.14944588822755991,47,-0.4666666666666667,0.25432203820674226,-0.11890867011072356,46,-0.058823529411764705,0.06502585828075187,-0.19092940620797208,48,-0.07142857142857142,0.04422504453925106,-0.20723820551899494,48,-13.26399521531101,0.019876736209129216,-0.23226950354609932,48,-8.925183654596776,0.05716584219391355,-0.1897163120567376,48,Luká,49.652222,16.953333,510.0
0-20000-0-11766,49,-0.4451752200880352,1.1644822616780858e-06,-0.47959183673469385,49,-0.18220813171279102,5.4815930094129464e-05,-0.39795918367346933,49,-1.221351214574899,1.1020498303622333e-05,-0.4336734693877551,49,-0.4850443216715306,0.0003832279737729951,-0.3503401360544217,49,-1.0457150086755354,1.633152496250631e-05,-0.42517006802721086,49,-0.35023582104458034,0.00522496719329569,-0.2755102040816326,49,-2.264102564102564,1.4513960277028106e-05,-0.42790305870033296,49,-0.7362808888888892,0.0021502009921824344,-0.3027210884353741,49,-0.6521739130434783,0.021812630830351506,-0.22696377921956087,49,-0.5086206896551724,0.07432013505269791,-0.17639579866890515,49,0.3371212121212121,0.048207675411002356,0.19632026969432406,49,0.5,0.004666472742563804,0.280828505155725,49,-0.5190373563218391,0.013637273685214751,-0.24465793636228006,49,-1.075,0.00013829682677476786,-0.37713530231220266,49,-0.9130434782608695,0.01276589689296213,-0.2507219739864448,49,-1.6622807017543861,3.089743249392489e-05,-0.41923759578064074,49,-0.1883445945945946,4.590220687332551e-05,-0.41205977095038976,49,-0.2,1.7928626294026448e-05,-0.4354143036993624,49,-134.4421875,5.113841522212768e-06,-0.4500213082554197,49,-51.1954819430853,0.00033597999211693594,-0.3537414965986394,49,Červená,49.777222,17.541944,748.13
0-20000-0-11782,49,-0.0365086489141111,0.011269420297517747,-0.24999999999999994,49,-0.049345080640899444,0.0015134114996369931,-0.31292517006802717,49,-0.06251019772225126,0.07160638266528661,-0.17779669834665923,49,-0.08969014051924709,0.018184736421747075,-0.23299319727891152,49,0.07672619047619043,0.47915844750825487,0.07687615829905761,41,-0.02158327436363641,0.6857932523617154,-0.04228329809725158,44,-0.1763636363636364,0.18713148050679784,-0.13037950336397336,49,-0.1853859860000001,0.11272802555978148,-0.15646258503401358,49,-0.16228070175438597,0.7024625813461864,-0.04156491641303714,41,-0.05718954248366013,0.9194125918393972,-0.010604507534340378,44,0.2361111111111111,0.2956828237850829,0.11446641524110364,41,0.5,0.034399271526287446,0.2224640790269062,44,-0.375,0.31195441249128353,-0.11002477874039243,41,-0.31126482213438733,0.3954519089423787,-0.08898325055513504,44,-0.7958656330749354,0.07607533060649078,-0.19822663499222587,41,-0.8468292682926829,0.041095399623897064,-0.21942629963229804,44,-0.06666666666666667,0.021740492805531565,-0.23578798097502462,49,-0.09449404761904762,0.006243286801774582,-0.2796379892014565,49,-6.112499999999999,0.11272802555978148,-0.15646258503401358,49,-7.824748177692307,0.019047743270552184,-0.2312925170068027,49,Mošnov,49.691944,18.112778,252.8
0-20000-0-11787,49,-0.9121182706415899,0.040216249731459645,-0.20238095238095236,49,-0.5758655044046237,0.0007275648003932534,-0.3333333333333333,49,-0.9552981744421902,0.22094594612913188,-0.12074829931972789,49,-1.3629023408384933,0.0033815121570193703,-0.28911564625850333,49,-0.6259842009842007,0.40795133408745543,-0.08163265306122447,49,-1.0729444389162925,0.011836152101473396,-0.2482993197278911,49,-1.518582887700536,0.20821243525581667,-0.12414965986394555,49,-1.6380851842105266,0.008781895354445726,-0.25850340136054417,49,-0.375,0.12690767749346704,-0.15121909785390927,49,-0.581020255063766,0.06500277580268349,-0.18259492012400763,49,0.2608695652173913,0.0057646104614931075,0.2746903565267273,49,0.21052631578947367,0.08449023107128018,0.17138470255921295,49,-0.24099883855981416,0.1986781080458363,-0.12762650886104682,49,-0.5263157894736842,0.048307696916585194,-0.1954773277601132,49,-0.5,0.08578132471745918,-0.17536660254893155,49,-0.9722222222222222,0.015336842816045597,-0.24507154069793585,49,-0.1043557168784029,3.690252673254422e-05,-0.42708599045157136,49,-0.14459930313588848,0.0010375343338597655,-0.3318713607330949,49,-242.2698717948718,0.09447540898884033,-0.1649659863945578,49,-181.29501628517696,0.0030246316355358937,-0.2925170068027211,49,Lysá hora,49.546111,18.4475,1322.03
0-203-0-10406025001,49,-0.005801793444650588,0.05820758577544682,-0.19210612146613626,49,-0.013694920484187535,0.026153990206217264,-0.21938775510204078,49,-0.0,0.2185316815031383,-0.12672821639092882,49,-0.03286832201352449,0.08013701487700348,-0.17269248691086994,49,-0.025641025641025685,0.7344352417323868,-0.04388037570854561,30,-0.059029892243867274,0.38335174794389937,-0.10158730158730159,36,-0.08893280632411067,0.1842239521189073,-0.13562954372306063,49,-0.18795041071428564,0.08787272389860555,-0.16836734693877548,49,-0.0,1.0,0.0,30,-0.16985645933014354,0.7436965314990593,-0.0381558510820102,36,0.15,0.6170002117482449,0.06489205361859118,30,0.20294117647058824,0.5307944410757547,0.07324877910343643,36,-0.34782608695652173,0.4015840818220635,-0.1082952183507881,30,-0.4117647058823529,0.3133905112019637,-0.11764720750286477,36,-0.2413793103448276,0.20778052805072833,-0.17038595278869265,30,-0.5284900284900285,0.027414150007278874,-0.26889353339887573,36,-0.0,0.12140366339008678,-0.1651587625943812,49,-0.05,0.028685873473517115,-0.2294978638375621,49,-1.85,0.07932680545264385,-0.17810584338157398,49,-4.65123180247076,0.02088173655437837,-0.227891156462585,49,Dolní Chvatliny,49.983593,15.065951,290.0
0-203-0-10407027001,49,-0.0,0.1857377657324495,-0.13744204140869082,49,-0.002921602532563251,0.17845487224685097,-0.1332206849606686,49,-0.0,0.35718565211555864,-0.097341038871968,48,-0.008301129392728306,0.2510335853677689,-0.11512975442698889,48,-0.036239495798319324,0.7216407095440289,-0.048131095111188946,28,-0.0353805555555556,0.562905829997928,-0.08262108262108263,27,-0.0,0.31212647082445766,-0.10542108962851585,49,-0.05623775,0.33403421874916706,-0.09564561997176206,49,-0.2208672086720867,0.6636980385888592,-0.05835564295726277,28,-0.3181818181818182,0.47771733917573345,-0.09784668972557918,27,-0.5358851674641147,0.2595864721365707,-0.15180096761020448,28,-0.08333333333333333,0.8183645815753142,-0.031610370006836606,27,-0.4638655462184874,0.17256798332968337,-0.18326838676460702,28,-0.6363636363636364,0.2185089642424164,-0.16857211662228838,27,-0.0,0.7894272836000266,-0.03841281530732691,28,-0.2413793103448276,0.26974996774521787,-0.15764091191287125,27,-0.0,0.1498422201863319,-0.15515569963930415,49,-0.0,0.36318314285781816,-0.09774652705428094,49,-0.0,0.17405926576516195,-0.14144388718282,49,-0.9438377319444444,0.157206593919253,-0.14005251495865162,49,Kostomlaty nad Labem,50.181641,14.961299,185.0
0-203-0-10501011001,49,-0.2646193647270228,0.2889698335061083,-0.10472550047835076,49,-0.1138672665797392,0.16784120746850606,-0.13605442176870747,49,-0.7027610294117645,0.31313859926727217,-0.09961693947940682,49,-0.37952310766351904,0.10146994099095781,-0.16156462585034012,49,-1.2582843137254889,0.016600321894936945,-0.24444444444444446,46,-0.520953101145833,0.029750415364024087,-0.21924144310823312,47,-1.234798534798535,0.33416603552050694,-0.09556369651349932,49,-0.6067004713804716,0.14758003246394835,-0.14285714285714282,49,-0.42424242424242425,0.07330513574243445,-0.18403674239079107,46,-0.6176470588235294,0.032572389605287314,-0.21614183883450594,47,0.2857142857142857,0.1666803477466604,0.14168014755991065,46,0.3055555555555556,0.16322117865507513,0.14106802960273512,47,-0.6521739130434783,0.0065547004754577054,-0.27864405982775714,46,-0.7027027027027027,0.0071752025725980335,-0.27256238499611846,47,-0.875,0.010835637149701418,-0.26664884711191295,46,-1.0,0.011706194549135667,-0.2596684009176048,47,-0.04,0.3963641284024535,-0.08577503924427755,49,-0.07142857142857142,0.2834212563129769,-0.10814267861193311,49,-103.829090909091,0.25154932084182646,-0.113239768809924,49,-40.11746498321742,0.1732187085265463,-0.13435374149659862,49,Rokytnice nad Jizerou  Vilémov,50.7319,15.4229,525.0
0-203-0-10501025001,49,-0.23195090536214477,0.001190868784541485,-0.31972789115646255,49,-0.17949330234305705,0.00046586374455986185,-0.34523809523809523,49,-0.6172244672424011,0.0030246316355358937,-0.2925170068027211,49,-0.4915984628130673,0.0009329035184142495,-0.3265306122448979,49,-0.6576948051948053,0.005553041461691772,-0.27659574468085113,48,-0.4220347488144842,0.0035537270187421866,-0.29078014184397166,48,-1.1897272727272725,0.010992222576244434,-0.2509570622596386,49,-0.964582779166667,0.0021502009921824344,-0.3027210884353741,49,-0.5582655826558266,0.0644008969162224,-0.18505455259646222,48,-0.5217785843920145,0.030755605595796036,-0.21590457527253692,48,0.20881782945736435,0.2549205711308564,0.11428862984917475,48,0.3445054945054945,0.08289959331831818,0.17387719593795353,48,-0.59375,0.008490892152682766,-0.26358230981541253,48,-0.8571428571428571,0.0006391177405345247,-0.3419446181389135,48,-0.8108228980322003,0.01667431580675964,-0.2450909705295971,48,-1.1666666666666667,0.0015064840295364638,-0.323138952251146,48,-0.13333333333333333,0.0029817464583273413,-0.3003479597135925,49,-0.2,4.1712085710129406e-05,-0.41455644312224144,49,-82.50330330330323,0.001190868784541485,-0.31972789115646255,49,-62.59782287994565,0.00046586374455986185,-0.34523809523809523,49,Jilemnice,50.6014,15.5125,462.0
0-203-0-10501030001,49,-0.14043369565217395,0.2660907328668597,-0.1098340614772947,49,-0.11633053678812003,0.13817760190979336,-0.14625850340136054,49,-0.40427135704709233,0.2812005826727191,-0.10642835414466541,49,-0.421722368328877,0.049376921827031676,-0.19387755102040813,49,-0.7925133689839572,0.01839499669243656,-0.24057971014492757,46,-0.4246975870012625,0.055670837902870376,-0.1887755102040816,49,-0.568888888888889,0.4635450320423735,-0.07261934077730108,49,-0.6238667999999998,0.11272802555978148,-0.15646258503401358,49,-0.5714285714285714,0.10947703164397955,-0.16376038185362507,46,-0.375,0.19289489880541144,-0.1288955305317777,49,0.15,0.45413245692262283,0.0768500307040777,46,0.0625,0.8225678366802387,0.022241630578389092,49,-0.6666666666666666,0.011404997047729975,-0.25998841385365723,46,-0.48792409430707306,0.08611420574009075,-0.1701608154641511,49,-0.8076923076923077,0.015590939167451674,-0.2537615761250453,46,-0.5,0.21914525685246833,-0.12406294553764627,49,-0.06666666666666667,0.1969586790754494,-0.13082623745510075,49,-0.07142857142857142,0.18280063303687677,-0.13466807939045775,49,-46.96923076923077,0.2307923115364372,-0.11834832980886792,49,-38.09564875947218,0.15246096813523968,-0.141156462585034,49,Roprachtice,50.651199,15.414138,550.0
0-203-0-10501036001,49,-0.14894629548901384,0.0004969155988576255,-0.3435374149659864,49,-0.07429202528137216,0.00046586374455986185,-0.34523809523809523,49,-0.4817261904761905,0.0006414477756297162,-0.33673469387755095,49,-0.2271165827337164,0.0009329035184142495,-0.3265306122448979,49,-0.42692307692307696,0.006107274096558641,-0.27659574468085113,47,-0.2427251716727716,0.014344802199389037,-0.2469935245143386,47,-1.0410688665710186,0.0009616258844150818,-0.32581882998454775,49,-0.5928679822134386,0.0031985386146235937,-0.29081632653061223,49,-0.4444444444444444,0.14466593877042325,-0.14763333020444752,47,-0.5,0.11049002545140721,-0.16133562121234035,47,0.16666666666666666,0.46300111206175354,0.07431555873349627,47,0.5,0.0721868082814808,0.18190351185615844,47,-0.717948717948718,0.0008387382990343106,-0.33845165946390904,47,-0.6923076923076923,0.015825651552927457,-0.24442643080084467,47,-0.8,0.00462041050884114,-0.294832301075592,47,-1.2173913043478262,0.0016513741673625923,-0.32442678421078325,47,-0.1547008547008547,8.439686174559934e-05,-0.39880573472544634,49,-0.16666666666666666,8.436235886239733e-05,-0.39916812074726465,49,-50.6028409090909,0.0003588775360528896,-0.35204081632653056,49,-25.772935594816666,0.00033597999211693594,-0.3537414965986394,49,Nová Paka,50.49,15.5136,450.0
0-203-0-10501063001,49,-0.006858687285103541,0.9313087377906186,-0.008503401360544217,49,-0.10405736387187739,0.06261937462812057,-0.18367346938775506,49,-0.19792313664596284,0.6293010994055783,-0.04761904761904761,49,-0.4140015747836818,0.013045943759322777,-0.24489795918367344,49,-0.290562641723356,0.5013627040281308,-0.06632653061224489,49,-0.34635268673469355,0.06022754268302918,-0.18537414965986393,49,-0.21047619047619026,0.7302304148091379,-0.03404256552017082,49,-0.5890511944444445,0.11669220033917808,-0.15476190476190474,49,-0.26969696969696966,0.5122313251518416,-0.06484679406273168,49,-0.19782608695652176,0.5067543083776491,-0.06567193438218168,49,-0.034482758620689655,0.8359985081974102,-0.020548427206516458,49,0.16666666666666666,0.3932407550702717,0.08458017337591536,49,0.09600614439324116,0.6726198704233037,0.041862914095150035,49,-0.3078947368421052,0.34277373338800166,-0.09401833029517999,49,0.2692307692307692,0.3586016780790936,0.09311323321783549,49,-0.0,0.710054699494447,-0.037450876675330064,49,0.03774928774928775,0.40648296496949077,0.08364857768130284,49,-0.08695652173913043,0.17740893133488,-0.13605046664081907,49,4.462318840579701,0.945022506107728,0.006802721088435374,49,-29.86656007820139,0.09112599322869601,-0.16666666666666666,49,Smržovka,50.7294,15.2511,550.0
0-203-0-10502005001,49,-0.003462889220728939,0.8360065266604292,-0.020495489993949012,49,-0.08946149117920829,0.04741635522881222,-0.19557823129251697,49,-0.0,1.0,0.0,49,-0.3235247488989939,0.026153990206217264,-0.21938775510204078,49,-0.05028230676328498,0.8317868938046931,-0.022210473756044357,44,-0.23181819076506827,0.18836543762357272,-0.13120567375886524,48,0.020192307692307815,0.8697932843650624,0.01627452126416033,49,-0.6033487762605043,0.08471378004781586,-0.17006802721088432,49,0.22556390977443608,0.5171006897852737,0.06808649340127265,44,-0.5714285714285714,0.02338550990992971,-0.22676855062759896,48,0.256578947368421,0.36241095661814837,0.09564428323360877,44,0.5,0.060669664401273374,0.1876398595389152,48,-0.41742081447963797,0.06861600682373191,-0.19067839404671794,44,-0.5909090909090909,0.047355836504745924,-0.19866608188850143,48,-0.5833333333333334,0.1298049934442977,-0.1628429888356018,44,-1.0687645687645686,0.017316580305293955,-0.2420170646429955,48,-0.031754032258064516,0.45139350425321956,-0.0763884742187501,49,-0.09878048780487805,0.014148924285457849,-0.24938809343562174,49,-1.3416666666666652,0.8360065266604292,-0.020495489993949012,49,-29.99688570416667,0.04741635522881222,-0.19557823129251697,49,Železný Brod,50.6408,15.2517,290.0
0-203-0-10502050001,48,-0.045913684314305425,0.0033564624484795267,-0.2925531914893617,48,-0.02421066546528354,0.006190502761392452,-0.273049645390071,48,-0.13399237472766884,0.012822866315211463,-0.24822695035460995,48,-0.06131409120202164,0.02510480811905339,-0.22340425531914895,48,-0.0773809523809523,0.20566499747358635,-0.12771866244832294,47,-0.08539593034188031,0.2810612862169707,-0.1140642303433001,43,-0.33762626262626283,0.018479977688384143,-0.2354514915523551,48,-0.2799706142857143,0.013478283909077125,-0.2464539007092199,48,-0.15625,0.7068156163569217,-0.03806897193951162,47,0.0625,0.8505240462026602,0.020011268776007902,43,0.4594594594594595,0.14464340163105413,0.14777111215716465,47,0.0,0.9582543518640341,0.00555558642001029,43,-0.5,0.04078595635160375,-0.20705806689051443,47,-0.19230769230769232,0.5648015786235003,-0.06104343562895543,43,-0.84,0.015128515868428803,-0.2506786801950878,47,-0.0,0.6812975095900211,-0.04475305982749853,43,-0.1,0.00047675639863177017,-0.36252367743055464,48,-0.06666666666666667,0.023995002932366317,-0.2340180917305824,48,-15.408749999999987,0.002298198978398232,-0.3042128902230476,48,-8.329292680631278,0.004210446580074747,-0.28546099290780147,48,Boseň  Mužský,50.5222,15.0404,382.0
0-203-0-10502072001,49,-0.025684799013414,0.005491593268422339,-0.27474562747631054,49,-0.014393260928525156,0.019946346578233715,-0.22959183673469385,49,-0.08033423163472705,0.010155352475813116,-0.2547042038905785,49,-0.044034407214664395,0.041923252088472064,-0.2006802721088435,49,-0.04793821839080456,0.4360281795346478,-0.08152471900971546,44,-0.026599494806255848,0.726690674333039,-0.03846153846153847,40,-0.32291666666666663,0.013646591579807275,-0.24423792242789244,49,-0.15346308189964153,0.10887077203426464,-0.1581632653061224,49,0.085995085995086,0.7232716241893519,0.03709604967394258,44,0.13333333333333333,0.6578092902505288,0.04890641343993859,40,0.291005291005291,0.4725745815077439,0.07525198648142636,44,0.2,0.5139915222118268,0.07197967228537747,40,-0.24633699633699635,0.31154833013497896,-0.10627142581512083,44,-0.08333333333333333,0.7796779285273725,-0.03088826111996121,40,-0.5833333333333334,0.05465429508545619,-0.20679302404632047,44,-0.2456896551724138,0.32863039829341445,-0.111927352845345,40,-0.06896551724137931,0.005532698317023309,-0.286120864473514,49,-0.04939024390243903,0.03962849053582665,-0.2133986523497726,49,-8.610526315789475,0.0031864651943839806,-0.2918105732822926,49,-4.693742457061784,0.016560883287114768,-0.2363945578231292,49,Bakov nad Jizerou,50.4804,14.9391,220.0
0-203-0-10502101001,49,-0.013523420479302831,0.008589634587035553,-0.2638980379680234,49,-0.013327418359790335,0.015065792926576291,-0.23979591836734693,49,-0.02610369367045064,0.03704193668711939,-0.21006132059823077,49,-0.03144955495767196,0.038568563276529765,-0.2040816326530612,49,-0.01784313725490266,0.7938612170038639,-0.034090909090909095,33,-0.051056583333333405,0.5238310765052258,-0.07664884135472372,34,-0.2,0.02304874720338922,-0.2284950144865038,49,-0.16272320751748248,0.08164733827648102,-0.1717687074829932,49,0.03167641325536062,0.9382258092566237,0.00949671470496983,33,-0.0,1.0,0.0,34,-0.13247863247863248,0.8281745266399742,-0.026616161981944095,33,-0.21428571428571427,0.5530651776455793,-0.07149266086194346,34,-0.3181818181818182,0.428866040204149,-0.09742480291386837,33,-0.2,0.6244668893847569,-0.05914063968474762,34,-0.471969696969697,0.08286408145439496,-0.21889787063241875,33,-0.0,0.35013301222462456,-0.11729934512696884,34,-0.05,0.019377667380791823,-0.2454739357500411,49,-0.035098522167487683,0.0568473720438943,-0.20038795719407912,49,-5.036111111111111,0.006290291124932627,-0.2745945097268297,49,-4.638666856366666,0.013690890476681357,-0.2431972789115646,49,Mladá Boleslav,50.42267,14.91405,221.0
0-203-0-10503013001,48,-0.011370588235294118,0.011582795662280298,-0.255105316985341,48,-0.011837708171564189,0.016405335978538,-0.2393617021276596,48,-0.028826164874551974,0.038388023574802706,-0.21115420673858776,48,-0.03439042837262181,0.02878211947872049,-0.21808510638297873,48,0.01534883720930233,0.7763079079030252,0.0336985069533279,35,-0.03365014275,0.5414236472276195,-0.07226890756302522,35,-0.16043478260869562,0.09863642222378634,-0.16768972643803057,48,-0.15621551470588235,0.12632818231857168,-0.15248226950354613,48,-0.23529411764705882,0.6494090028733929,-0.05391761112532463,35,-0.375,0.4428937039461226,-0.091140051812009,35,-0.25,0.5316330099698869,-0.0745152882199814,35,0.12903225806451613,0.6388704772440774,0.05603007188224214,35,-0.8125,0.07580923977801202,-0.21043800864730036,35,-0.4444444444444444,0.31298412542199194,-0.11993397240898013,35,-0.3333333333333333,0.07260912886756231,-0.22249894229686473,35,-0.5384615384615384,0.0331603434070784,-0.2671160357221714,35,-0.045454545454545456,0.01554100515992713,-0.25617902473774656,48,-0.04,0.04341532025436903,-0.21396225661617035,48,-3.866896551724138,0.010450315536164654,-0.2589485044065814,48,-4.0477438327456134,0.011022662476854012,-0.25354609929078015,48,Brodce,50.3347,14.8661,220.0
0-203-0-10504033001,49,-0.0,0.7074115095300743,-0.03806711162693023,49,-0.0024883192649010413,0.15489082634450016,-0.14048542747095835,49,-0.0,0.9511397602749735,-0.006237343238042664,49,-0.008081317795177102,0.1651423404512532,-0.13707972013832903,49,-0.04206349206349204,0.4975465382786006,-0.0876591176233922,30,-0.0009615125000000252,0.981568217609005,-0.006666666666666665,25,-0.0,0.6943992525898597,-0.03994828417163664,49,-0.052045851388888884,0.25154932084182646,-0.113239768809924,49,0.07692307692307693,0.8723923763758188,0.020737382237384958,30,-0.02811094452773613,0.9441267844987651,-0.010016708449412666,25,-0.025,0.8722982498177871,-0.020833835698468462,30,0.19037356321839083,0.6567304418821553,0.06386780131801735,25,-0.5806451612903226,0.06603126154355,-0.23732781893896115,30,-0.46541353383458645,0.27546798247377474,-0.15999999999999995,25,-0.4375,0.07575604087074422,-0.23915958705791085,30,-0.35,0.14475296683321112,-0.21968613385001398,25,-0.0,0.44730923795015076,-0.08080169164032093,49,-0.0,0.10205072107146786,-0.17734865547591083,49,-0.0,0.726947773697905,-0.035460324053311655,49,-0.6469988930180179,0.15489082634450016,-0.14048542747095835,49,Bašť  Baštěk,50.205,14.4622,230.0
0-203-0-10504037001,49,-0.03222553227267069,0.023910473155058013,-0.22297880415711885,49,-0.030250008189606162,0.040216249731459645,-0.20238095238095236,49,-0.11493960993960994,0.026718938310300474,-0.2188166961214321,49,-0.10296336562005726,0.019946346578233715,-0.22959183673469385,49,-0.1898611111111111,0.02572296211015458,-0.23030303030303026,45,-0.09181660972972973,0.1516400183258093,-0.15171650055370983,43,-0.4845238095238096,0.005644375705537359,-0.2737752069698743,49,-0.2879577203703704,0.009711082737026778,-0.25510204081632654,49,-0.1835016835016835,0.5837143971516747,-0.056737850743472686,45,-0.13157894736842105,0.6908134962333554,-0.04215202729051571,43,-0.08333333333333333,0.6954700693725191,-0.04056828514786782,45,-0.06666666666666667,0.7693792048480925,-0.031163440374175178,43,-0.375,0.05268967579173917,-0.2006088294144213,45,-0.3181818181818182,0.190667301684606,-0.13888966050025725,43,-0.24253285543608122,0.415031398602289,-0.08626898525350443,45,-0.0,0.6139037012430961,-0.054788309364974135,43,-0.05263157894736842,0.06829132224041744,-0.18668503184573107,49,-0.06976744186046512,0.026051581049030277,-0.22864289064244814,49,-10.963301282051281,0.025573990417767718,-0.22033179364490305,49,-9.415817515938596,0.023920924592614523,-0.22278911564625847,49,Mšeno,50.44061,14.63399,340.0
0-203-0-10504048001,49,-0.025330058348586513,0.00025408739594971833,-0.36864866192251444,49,-0.017927020056685443,0.005962624323583947,-0.27137390800279565,49,-0.06880952380952382,0.0026148512983183514,-0.3079658162398991,48,-0.04817462999477369,0.02184141882880349,-0.22872340425531917,48,-0.09722222222222232,0.24130466283912433,-0.14132469702253445,34,-0.03344441153381639,0.5489599522157356,-0.06984126984126984,36,-0.40238095238095256,0.00108483441011886,-0.32969064226558725,49,-0.20532301818181814,0.03937777733535102,-0.2033177555256055,49,-0.5483870967741935,0.2597301038358719,-0.13583605563769258,34,-0.4264705882352941,0.2695593395842967,-0.1292917223225554,36,0.0625,0.8937838611643286,0.016129265368567534,34,-0.0,0.9348087662127695,0.009584860210026594,36,-0.6176470588235294,0.10597005005677777,-0.19499230348678803,34,-0.4593406593406594,0.13020935132968697,-0.17746262611292757,36,-0.7,0.012756416010423897,-0.31218453788501416,34,-0.3416666666666667,0.24130309148107787,-0.14221883656841916,36,-0.08695652173913043,7.840653262004716e-05,-0.4151994368861455,49,-0.06976744186046512,0.0022056209502282695,-0.3200708979811899,49,-7.574358974358974,0.0003102287936857349,-0.3640518956740464,49,-5.329444582668181,0.00628386160285386,-0.26967250419086586,49,Kropáčova Vrutice  Střížovice,50.3255,14.7046,210.0
0-203-0-10601011001,49,-0.28326114941968594,0.013690890476681357,-0.2431972789115646,49,-0.6589100992533884,0.004212620222905633,-0.282312925170068,49,-0.530968137254902,0.07298478950018825,-0.1768707482993197,49,-1.2177643928718949,0.031165051123163333,-0.21258503401360543,49,-0.41558675378119847,0.14758003246394835,-0.14285714285714282,49,-1.0543675746150174,0.04741635522881222,-0.19557823129251697,49,-0.9104761904761903,0.09786458473526231,-0.16354367854304536,49,-1.6444183766233764,0.02984068895151683,-0.21428571428571425,49,-0.3288288288288288,0.3172505592157573,-0.09889205403401691,49,-0.6923076923076923,0.007145450785753928,-0.2659855246432179,49,0.21428571428571427,0.15722717640005823,0.14029336210983892,49,0.2,0.35165670650427605,0.0923089061079949,49,-0.8683298683298684,0.00020179362992064906,-0.36822277500019723,49,-0.7543103448275862,0.002203275335050784,-0.3032925408934339,49,-0.8862179487179487,0.0023233892440391824,-0.3080899368774051,49,-0.7777777777777778,0.02678819685818223,-0.2234622705087288,49,-0.15384615384615385,0.0009536944695203593,-0.3331492195948262,49,-0.1710801393728223,0.001396593470025647,-0.32311486044989984,49,-87.44009009009014,0.016560883287114768,-0.2363945578231292,49,-178.57892380463,0.007932972201033135,-0.26190476190476186,49,Borová Lada,48.99055,13.661958,898.0
0-203-0-10601050001,49,-0.06293342489782003,0.46902510142647214,-0.07142857142857141,49,-0.27237609944485397,0.019047743270552184,-0.2312925170068027,49,-0.14299783549783518,0.458508009913984,-0.07312925170068027,49,-0.7537449698431173,0.026153990206217264,-0.21938775510204078,49,0.07818194217130403,0.6917270352641101,0.039115646258503396,49,-0.5129200056429466,0.13365290217580048,-0.14795918367346936,49,0.21318840579710166,0.563538690226029,0.05704559782154066,49,-0.9222240667166417,0.10511867118116895,-0.15986394557823128,49,-0.11555555555555555,0.7562695117813257,-0.030690637458832833,49,-0.4444444444444444,0.23407764286869204,-0.11774812606127594,49,0.20833333333333334,0.24084442826854469,0.11624084472858617,49,0.2608695652173913,0.14260166622467166,0.14542604608946716,49,-0.4117647058823529,0.06367677814213775,-0.1840003669741211,49,-0.6666666666666666,0.007324208495996025,-0.26547357612836336,49,-0.6914634146341463,0.028956565917588408,-0.22176638128637183,49,-1.1666666666666667,0.0013989139252447603,-0.3234066120763363,49,-0.13157894736842105,0.003642222077741934,-0.29408584883752303,49,-0.2,0.0007028316774576947,-0.34065377884249054,49,-25.17386363636361,0.3700055866071641,-0.08843537414965985,49,-94.59774160299324,0.019047743270552184,-0.2312925170068027,49,Stožec,48.8570531,13.8217247,797.0
0-203-0-10601176001,48,-0.03940043000477784,0.0008054252736845197,-0.3343681038311631,48,-0.14539824894929876,0.00035292524454513227,-0.3563829787234043,48,-0.11399310325091574,0.007071328365516814,-0.2689749388521103,48,-0.3191263866090872,0.003980220818696068,-0.2872340425531915,48,-0.08312500000000002,0.1152497869499255,-0.1627084593778471,45,-0.21693108500000022,0.09330943167837955,-0.1692876965772433,47,-0.25,0.05156932856498797,-0.19440762907132722,48,-0.49353676263219737,0.04847904918294973,-0.19680851063829788,48,-0.15625,0.6316196808188117,-0.04962041217911131,45,-0.1111111111111111,0.8257787492498138,-0.022232536516563282,47,0.2554347826086957,0.4000410184590737,0.08713312792747592,45,0.631578947368421,0.02130005872409376,0.2330563891906687,47,-0.5,0.14220505964766794,-0.15182217341361304,45,-0.5,0.09870433721464224,-0.16705424558218632,47,-0.41800356506238856,0.25899412696317503,-0.11902121975268361,45,-1.1666666666666667,0.005359607561727914,-0.28563039256977274,47,-0.09090909090909091,0.005229443743479812,-0.288615842558409,48,-0.125,0.0005165107447104412,-0.3575418858025701,48,-10.720833333333331,0.0018641712027560953,-0.3105591284661596,48,-27.88852247355819,0.0031692191178517666,-0.2943262411347518,48,Chvalšiny,48.854722,14.208611,592.0
0-203-0-10601188001,49,-0.04279981261279215,0.034691752344972765,-0.20842196696139476,49,-0.051167458250171535,0.0007745417287417526,-0.33163265306122447,49,-0.08246794871794877,0.18432571392181896,-0.13106387725265764,49,-0.1391609683393623,0.004953128051511463,-0.2772108843537414,49,0.03274225774225751,0.7089268917245395,0.03723404255319149,48,-0.10578453473958332,0.18991491804514993,-0.13535353535353534,45,-0.17097902097902107,0.2080659511405648,-0.12457410438366874,49,-0.3526540226222826,0.0033815121570193703,-0.28911564625850333,49,0.2819293478260869,0.39344488592991333,0.0852576833345699,48,-0.12,0.7991950441197135,-0.026315843391692927,45,0.36904761904761907,0.14977752613552103,0.14412902654147539,48,0.5,0.08864060985002013,0.17629260766721871,45,-0.5662020905923345,0.10759546063380157,-0.16081781121123123,48,-0.31426332288401254,0.4337238183395983,-0.08105407249067527,45,-0.8617424242424243,0.06632597393287223,-0.1868113634294987,48,-0.5716666666666668,0.14913689301885988,-0.15214016785777817,45,-0.07596153846153847,0.0336996041999743,-0.21629677702899708,49,-0.09090909090909091,0.0033893578993206747,-0.2988123835054606,49,-8.39611111111111,0.16518422200530591,-0.13696300686034513,49,-12.119348902208333,0.004694143845272445,-0.2789115646258503,49,Přídolí,48.7814842,14.3564461,653.0
0-203-0-10602014001,49,-0.0691814250633764,0.01436383786209096,-0.24149659863945577,49,-0.13750699094301944,2.2256669312337902e-05,-0.4183673469387754,49,-0.11479943226134115,0.1292436949165529,-0.1496598639455782,49,-0.32528548624108944,0.00029422644631176454,-0.3571428571428571,49,-0.10364910437859358,0.3371013389398837,-0.09574468085106384,48,-0.20556820846560825,0.052994507733906474,-0.19518963922294175,47,-0.2997619047619047,0.10887077203426464,-0.1581632653061224,49,-0.6013698700000001,0.0031985386146235937,-0.29081632653061223,49,-0.6073781291172595,0.09815342914263615,-0.16562942441103626,48,-0.15789473684210525,0.6597115954586545,-0.044547798821916354,47,0.5,0.04632245893502615,0.2000051022360558,48,0.6944444444444444,0.002943250807154536,0.3021073902453084,47,-0.6666666666666666,0.07542208871788382,-0.1776201736136873,48,-0.8648648648648649,0.006268989201388362,-0.2763104317314795,47,-1.0634615384615385,0.01347052603661435,-0.2520173750930725,48,-1.5555555555555556,7.122014594594978e-05,-0.4086115424956068,47,-0.08633540372670807,0.005843384992033895,-0.28087314044960776,49,-0.17573529411764705,1.2751201829558671e-05,-0.44232586846469135,49,-17.800929054054045,0.03697860418483746,-0.20578231292517005,49,-32.418104230113656,0.0001832832205406138,-0.369047619047619,49,Malonty,48.6854828,14.5802869,694.0
0-203-0-10602032201,49,-0.04282714904143475,0.0979227879606851,-0.16326530612244894,49,-0.09601342053147312,0.00027522175343187795,-0.35884353741496594,49,-0.08224474789915964,0.30095842498661374,-0.1020408163265306,49,-0.2951059811168154,0.0011208270047992875,-0.3214285714285714,49,0.003640109890109859,0.9716394538265657,0.003546099290780142,48,-0.2305118432728647,0.039079194510918853,-0.20814061054579094,47,-0.31069444444444444,0.16518422200530591,-0.13696300686034513,49,-0.6074944347826098,0.0028593910770416528,-0.2942176870748299,49,-0.028991596638655463,0.9291602113079015,-0.008888920493995721,48,-0.16666666666666666,0.6203528642960612,-0.050116273674655896,47,0.5,0.04257433043771778,0.20357662191884252,48,0.5,0.02766606321668425,0.22315494030587407,47,-0.8125,0.009931342127114672,-0.2577786943258759,48,-0.8421052631578947,0.00218708926470104,-0.3096902154305844,47,-1.1666666666666667,0.0012561855184767946,-0.3279760589518696,48,-1.4,0.00020183593960610427,-0.3824975603601797,47,-0.1,0.00256489709293387,-0.3065281089930581,49,-0.15789473684210525,4.5661899668099935e-05,-0.412803561755974,49,-16.640555555555554,0.08471378004781586,-0.17006802721088432,49,-34.86347486149016,0.00022488109683356384,-0.3639455782312925,49,Soběnov,48.7476228,14.5355644,526.0
0-203-0-10603060001,49,-0.007339597084394916,0.1211707231022761,-0.15664450741656422,49,-0.010634906247049127,0.11866472113402804,-0.15410825680147552,49,-0.02303668553668554,0.17055946679663603,-0.13898922152158247,49,-0.03231894791196478,0.1013598925820296,-0.16197836436606217,49,-0.06818181818181818,0.31337144991256627,-0.12132029804865598,34,-0.019311711126373626,0.7938612170038639,-0.034090909090909095,33,-0.057983193277310906,0.26859606976355366,-0.11222409716214415,49,-0.11279286748148151,0.2112825796275246,-0.12345689080781187,49,-0.5,0.2661047564195992,-0.13392878496315647,34,-0.12,0.7330728138964515,-0.04182539740019786,33,0.34615384615384615,0.3131586185983283,0.1217559199100279,34,0.5,0.270999309960793,0.135110948565512,33,-0.6,0.08270136444760622,-0.209303665210589,34,-0.40588235294117647,0.23885315172874533,-0.1442127833479996,33,-0.5,0.11533369387866038,-0.1964938568759963,34,-0.8187414500683994,0.025572061915229215,-0.2808525233118708,33,-0.0,0.19517601066079493,-0.13630617412335216,49,-0.031754032258064516,0.04309346410720272,-0.2132049668146696,49,-2.254032258064516,0.1583733843625852,-0.14256410225552474,49,-3.483445754421328,0.11866472113402804,-0.15410825680147552,49,Hluboká nad Vltavou,49.0536578,14.4334833,410.0
0-203-0-10702007001,49,-0.01929771908763505,0.05243621965346917,-0.19140792884209723,49,-0.024756856611938383,0.007932972201033135,-0.26190476190476186,49,-0.06142008633692203,0.09963763509804267,-0.16262252513304873,49,-0.07475082272910165,0.025015890981123317,-0.22108843537414963,49,-0.0484057971014492,0.4687798025453149,-0.07308048103607771,47,-0.10121154583333336,0.25986508537931474,-0.11497584541062804,46,-0.12696969696969695,0.20814483550199692,-0.1243613388921074,49,-0.24096487286324786,0.04369118018649863,-0.19897959183673466,49,0.022727272727272728,0.9634218509201393,0.004633928257005615,47,0.1111111111111111,0.776346960636643,0.02902760677073698,46,0.5,0.1445532420453232,0.14790928059516326,47,0.5652173913043478,0.11368535862595729,0.16197988058256232,46,-0.8064516129032258,0.04454853291485583,-0.20315477555689612,47,-0.5806451612903226,0.1203156334327926,-0.15914756301250238,46,-0.875,0.040126279322229216,-0.2118507878215821,47,-0.717948717948718,0.028005333301421086,-0.22995322097114793,46,-0.043961352657004835,0.09364282544839753,-0.1722945096571705,49,-0.06666666666666667,0.015607348683461067,-0.24852513653830172,49,-5.632083333333334,0.08626989843660202,-0.16928967928701044,49,-7.951841264535005,0.010207754748271396,-0.2534013605442177,49,Hranice,48.8188419,14.8469519,479.0
0-203-0-10702020001,48,-0.023258299637367225,0.2861683831998517,-0.10638297872340427,48,-0.022261445523791674,0.2407070615443493,-0.1170212765957447,48,-0.06953767586580088,0.3553008925496006,-0.0921985815602837,48,-0.0728138704116301,0.3741084064656274,-0.08865248226950355,48,-1.691768418476429e-16,0.9926831393356269,-0.0009250693802035154,47,0.017952012244898237,0.6978723071002996,0.03961352657004831,46,-0.09999999999999998,0.5396466128860116,-0.06125171874850036,48,-0.17269315284577574,0.41352867435978724,-0.08156028368794327,48,-0.5172413793103449,0.1551135672469392,-0.1436517759671741,47,-0.034482758620689655,0.902004049437457,-0.012609212260918025,46,0.34615384615384615,0.07813834916963976,0.17852395224469925,47,0.5,0.06464203173720588,0.18969311376322975,46,-0.9024390243902439,0.0027872144336733187,-0.3022724857196722,47,-0.47368421052631576,0.1158917523238054,-0.16093160989560573,46,-1.2727272727272727,0.0003225883633329692,-0.37036895636105666,47,-0.9210526315789473,0.00869406608321111,-0.27460851418988047,46,-0.1,0.010319937293753354,-0.26358821487772127,48,-0.125,0.005358081846437189,-0.285060987858553,48,-14.198333333333332,0.10574379480079392,-0.16134751773049646,48,-11.136633877369226,0.07259251560272857,-0.17907801418439717,48,Nová Bystřice,49.0190528,15.0986103,583.0
0-203-0-10702028001,49,-0.03363627932351335,0.01121900629012165,-0.2510697524258754,49,-0.03116204560591011,0.013045943759322777,-0.24489795918367344,49,-0.10179597420363493,0.008494359217429939,-0.26311204662227333,48,-0.10375946587400793,0.014163129844512635,-0.2446808510638298,48,-0.025604838709677346,0.8396937335618206,-0.02114164904862579,44,-0.03511997395833333,0.7206173444120503,-0.038327526132404185,42,-0.23495887191539366,0.061243524230677346,-0.18539290527852156,49,-0.26312476000000007,0.08787272389860555,-0.16836734693877548,49,-0.55,0.16574432448670606,-0.14520453729514665,44,0.02631578947368421,0.8878770715436941,0.015187174973396238,42,0.424812030075188,0.1953122707675291,0.13573769643955685,44,0.6363636363636364,0.06531236854931911,0.19825238028493128,42,-1.0555984555984557,0.0013410767556886168,-0.3359842213325656,44,-0.4230769230769231,0.12367196495481053,-0.16559904706153084,42,-1.3829268292682926,0.003430095195030725,-0.3135194527233401,44,-1.0769230769230769,0.001995816105898791,-0.33965557683091097,42,-0.1,0.0023832835665394112,-0.3111417197428851,49,-0.1,0.0016702433335588488,-0.3221089328288104,49,-11.237441860465115,0.01207242913921164,-0.24861444901405427,49,-9.721918667966506,0.012428016304859069,-0.24659863945578228,49,Chlum u Třeboně,48.9581153,14.9351097,462.0
0-203-0-10703011001,49,-0.045252772076572564,0.06383457211074449,-0.18290090978244847,49,-0.08025684023007315,0.01579778847769685,-0.23809523809523805,49,-0.12193357994344835,0.07436319627844282,-0.17609529453472944,49,-0.26335389060818065,0.019946346578233715,-0.22959183673469385,49,0.008771929824561372,0.9342220180510983,0.00832562442183164,47,-0.1398295373663101,0.3371013389398837,-0.09574468085106384,48,-0.21695402298850588,0.3473526591286229,-0.09288474422662156,49,-0.32755143181818175,0.2020489766981296,-0.1258503401360544,49,-0.47058823529411764,0.08799633816032697,-0.17246221577870866,47,-0.49324324324324326,0.18829562220433382,-0.1314389284741286,48,0.5652173913043478,0.02027788421018433,0.23513265016202928,47,0.5,0.046357023220141284,0.19982548378739692,48,-0.9629629629629629,0.0003346914933597751,-0.36304800069144005,47,-0.7051282051282051,0.006690120127569282,-0.271475252825225,48,-1.6,9.683280114605418e-05,-0.40104466207902156,47,-1.2173913043478262,0.0006992174271928304,-0.34556651572222447,48,-0.125,0.0018841875926424985,-0.3152122097072561,49,-0.16843971631205673,0.00020002505377739302,-0.37534678249513037,49,-16.428124999999998,0.04459057810940583,-0.19821354408981626,49,-28.433569691878795,0.011836152101473396,-0.2482993197278911,49,Kamenice nad Lipou  Vodná,49.2831,15.0633,557.0
0-203-0-10703017001,49,-0.028654926121587702,0.19601958964785038,-0.12755102040816327,49,-0.03250739367974813,0.04369118018649863,-0.19897959183673466,49,-0.09256761159986965,0.25879642992198304,-0.11144194968139882,49,-0.09164111443124034,0.031165051123163333,-0.21258503401360543,49,0.005098039215686236,0.9342220180510983,0.00832562442183164,47,-0.01246909999999994,0.8472882835192808,-0.019426456984273824,47,-0.22301075268817205,0.2698799964964186,-0.10884353741496598,49,-0.21155583229813665,0.11272802555978148,-0.15646258503401358,49,-0.23529411764705882,0.37355536842071757,-0.09006561653982018,47,-0.3181818181818182,0.40907961817372085,-0.08344945924776226,47,0.20588235294117646,0.4354473587621158,0.0790709990603074,47,0.3055555555555556,0.25136241482718236,0.11638980922066018,47,-0.5,0.0829796452135264,-0.17532535424773227,47,-0.4411764705882353,0.12551648052706355,-0.15506142229020586,47,-0.5833333333333334,0.1289861409476938,-0.15644562040488227,47,-0.875,0.02720903149555651,-0.2278897092682616,47,-0.06857366771159874,0.05654883296843013,-0.19413672579219318,49,-0.09523809523809523,0.009519222588610978,-0.2642126382006386,49,-8.257083333333329,0.2020489766981296,-0.1258503401360544,49,-10.738223043695655,0.04741635522881222,-0.19557823129251697,49,Nová Včelnice,49.2229981,15.0685064,509.0
0-203-0-10703027001,49,-0.020740536059684997,0.11464722720214242,-0.15581111046779014,49,-0.03156674304708278,0.02185512982273589,-0.22619047619047616,49,-0.05499946717817561,0.1599544922173216,-0.13878257380464368,49,-0.10427525548374603,0.03396562427644421,-0.2091836734693877,49,0.08999999999999998,0.35840387760064085,0.09371980676328504,46,-0.05234056507936518,0.48945552096727396,-0.07053140096618357,46,-0.13284313725490196,0.4688819263782761,-0.07167277238512448,49,-0.22203679140786747,0.07298478950018825,-0.1768707482993197,49,-0.029411764705882353,0.8646044117712532,-0.017484465154505885,46,-0.2222222222222222,0.5763178447975592,-0.0571707841974194,46,0.2926829268292683,0.22904801239528005,0.12306253547580108,46,0.21052631578947367,0.48328374257138673,0.07188057896852419,46,-0.4230769230769231,0.1421155305147786,-0.15019443306101707,46,-0.2727272727272727,0.30634946842281197,-0.10470249318509288,46,-0.7,0.0690468055349124,-0.19111709509210487,46,-0.5833333333333334,0.09062791572186232,-0.17710259248477797,46,-0.0625,0.02086948766293231,-0.23668777937144633,49,-0.08333333333333333,0.009755527329177328,-0.26393559373526065,49,-6.976666666666652,0.12279176813006032,-0.15240540313516088,49,-10.345385940329997,0.027336569839868333,-0.21768707482993196,49,Lodhéřov,49.2131911,14.9622222,526.0
0-203-0-10703036001,48,-0.03717779183284567,0.25897136316889624,-0.11263859200678437,48,-0.025568195143823903,0.13079689424365312,-0.15070921985815602,48,-0.0999207482993198,0.3237821809849777,-0.09853537363889188,48,-0.098988266187749,0.1353872547781097,-0.14893617021276595,48,-0.05246305418719208,0.7403534570325994,-0.03381642512077295,46,-0.05073537500000036,0.6400040577687545,-0.047178538390379283,47,-0.1983333333333332,0.46607697173797613,-0.07275956724064311,48,-0.10670177696078435,0.5338348076355437,-0.06205673758865249,48,-0.08333333333333333,0.827564622635726,-0.022286915873570276,46,-0.375,0.24404266148128528,-0.11781121687546033,47,0.2777777777777778,0.3339734753781035,0.09898202089801977,46,0.07407407407407407,0.7901565635433313,0.027002435739193163,47,-0.45454545454545453,0.09737413017088384,-0.16990491452912018,46,-0.375,0.13007557310098708,-0.15334738054045388,47,-0.7,0.08696622697894536,-0.17927628817307653,46,-0.34146341463414637,0.2894475454068052,-0.10967926133482704,47,-0.05263157894736842,0.1717171202594514,-0.14051915287906397,48,-0.07692307692307693,0.054938491203427114,-0.19690031750162396,48,-6.8687499999999995,0.3984474935769744,-0.0842572144932639,48,-6.4803603274152195,0.27821366664165736,-0.10815602836879433,48,Strmilov,49.1630636,15.2067203,582.0
0-203-0-10704050001,49,-0.0,0.849232064851911,-0.018934248642252422,49,-0.005650521823036705,0.40795133408745543,-0.08163265306122447,49,-0.003994719174984826,0.7099373592904028,-0.03715377379798221,49,-0.021353113031204886,0.47967429374558535,-0.06972789115646258,49,0.04389619883040931,0.5601951093846055,0.06410256410256411,40,-0.01578377486679151,0.8222603073928314,-0.024390243902439022,41,-0.0,0.849232064851911,-0.018934248642252422,49,-0.07602046157635467,0.5462502773934574,-0.059523809523809514,49,0.35690653432588915,0.34501083982661596,0.10445050125973145,40,0.5,0.2249939317478088,0.1320297344884709,41,0.28348214285714285,0.4557467118049755,0.08226248261185996,40,0.5720823798627002,0.11063671964848283,0.17359465090150802,41,-0.15707236842105263,0.6918200275749424,-0.04381501508271511,40,-0.0,0.9910340616208853,-0.0012247509951618743,41,-0.0,0.83255296360415,-0.024052652764144342,40,-0.0,0.6034310249312484,-0.058041218414923344,41,-0.0,0.7934718166155962,-0.027153068616775196,49,-0.0,0.5893884098629792,-0.05568878249879844,49,-0.0,0.944888790718075,-0.006885181324455427,49,-1.7075955325284125,0.43787582308260076,-0.07653061224489795,49,Planá nad Lužnicí,49.3533,14.6969,404.0
0-203-0-10704094001,49,-0.0492713963963964,0.021358778499715337,-0.22713740889262204,49,-0.03497746536055604,0.007536716898565068,-0.2636054421768707,49,-0.13643200549450551,0.056748463698027655,-0.18816533012776843,49,-0.11053744003449326,0.010726914948907545,-0.2517006802721088,49,-0.09312500000000007,0.31751408410767445,-0.10083256244218318,47,-0.11435518865546221,0.18814950810376052,-0.13429951690821257,46,-0.4085166561910748,0.04934314301299786,-0.19420811826986636,49,-0.2971028432539683,0.01436383786209096,-0.24149659863945577,49,-0.19230769230769232,0.4142849201788261,-0.08256061655051943,47,-0.4722222222222222,0.13457461804070278,-0.15302708296146209,46,0.45454545454545453,0.0913744151760962,0.17108545423450344,47,0.5,0.09175477475312323,0.17290193319455818,46,-0.9,0.01625089597802369,-0.24293064803237457,47,-0.4722222222222222,0.14210360791018442,-0.15019443306101707,46,-1.1666666666666667,0.011803394131268454,-0.2581688595966055,47,-1.05,0.006774219837321334,-0.2825517010272148,46,-0.09090909090909091,0.012178762890634855,-0.25584640139960085,49,-0.09600614439324116,0.005150982762255698,-0.28437770673186163,49,-16.204897660818713,0.01948799854712336,-0.23054021651648157,49,-11.75516632573889,0.009711082737026778,-0.25510204081632654,49,Jistebnice,49.484444,14.529167,580.0
0-203-0-10704104001,49,-0.03527816557102802,0.0016351822266810782,-0.3123727160258335,49,-0.031667966631474614,0.0021502009921824344,-0.3027210884353741,49,-0.106875,0.003442294114411238,-0.29012150885687,49,-0.10038090852475078,0.008781895354445726,-0.25850340136054417,49,-0.07948717948717944,0.3850495934739234,-0.09191583610188261,43,-0.10908797057109554,0.1266258979673079,-0.16585365853658535,41,-0.42202380952380947,0.01011986844994088,-0.25536320681322733,49,-0.3088064659398496,0.009711082737026778,-0.25510204081632654,49,-0.15789473684210525,0.6226935680388502,-0.05222251234809673,43,-0.24099883855981416,0.44494581025711444,-0.08302814491911117,41,0.6153846153846154,0.036283688415923866,0.22209968989757778,43,0.6708333333333334,0.04312323061235099,0.2203197227850864,41,-0.7586206896551724,0.011623793403666574,-0.26807829319310417,43,-0.4444444444444444,0.14414707478052308,-0.15892468040278906,41,-1.1666666666666667,0.001434635397790064,-0.3472841527263995,43,-1.0,0.009979707449053715,-0.2884366448610739,41,-0.09090909090909091,0.0013258774243229473,-0.32861598318167445,49,-0.09600614439324116,0.0016119216328513378,-0.32405651298213933,49,-10.688725490196077,0.0014521855351553139,-0.3157959786672125,49,-10.268347647448257,0.0009329035184142495,-0.3265306122448979,49,Milevsko,49.452778,14.368611,453.0
0-203-0-10704117001,48,-0.012317156372793996,0.113299042522057,-0.16088622275719594,48,-0.016087922118586576,0.018953582561057947,-0.2340425531914894,48,-0.034694351347577146,0.1447617824495704,-0.14816075881029908,48,-0.05124203354333448,0.02184141882880349,-0.22872340425531917,48,-0.0039153439153437565,0.9207968011058236,-0.01178452848424882,35,-0.07031539671052632,0.3205941287508963,-0.11942959001782533,34,-0.027248677248677283,0.4796701828472919,-0.07187499145253692,48,-0.1884505175675676,0.05952919919221802,-0.18794326241134754,48,-0.22857142857142856,0.40997799589274575,-0.09772567016465089,35,-0.1111111111111111,0.733019148929478,-0.04114516495592775,34,0.2926829268292683,0.4428015889545702,0.09129492032100767,35,0.6590909090909091,0.09673649579088937,0.20017945041344168,34,-0.9047619047619048,0.005363956759471536,-0.3302453681426134,35,-0.4411764705882353,0.22963173511652857,-0.1449025374534847,34,-1.0,0.03006627275989895,-0.2628554265530753,35,-0.7,0.023230097084882592,-0.2848240475209024,34,-0.03774928774928775,0.1041744699845344,-0.17067876739142077,48,-0.05555555555555555,0.027224204830030324,-0.2325467999874373,48,-4.421454545454544,0.13749486273284342,-0.1509580042365507,48,-5.394014653721792,0.02288564164323596,-0.2269503546099291,48,Bernartice,49.3662453,14.3893392,485.0
0-203-0-10705023001,49,-0.0,0.9862368902558143,-0.0017079574994957514,49,-0.003267573890653736,0.6539861675936419,-0.044217687074829926,49,-0.0,0.9931152008334354,0.0008558156603447493,49,-0.0035490398096491224,0.8159600392959004,-0.022968951461051667,49,0.0750631313131314,0.4126168961640925,0.08566897020188538,44,-0.04398958750000004,0.6967369144407922,-0.04409672830725463,38,0.02620137299771168,0.7692930933113862,0.029085209217893433,49,-0.03721940500000005,0.863125657367583,-0.017006802721088433,49,-0.603030303030303,0.17836168191169854,-0.14126555411024963,44,0.15,0.811140995633493,0.02710424726161493,38,-0.20294117647058824,0.6931101093517612,-0.04142373391202808,44,0.631578947368421,0.13451564713800138,0.169758180217483,38,-1.2,0.0012954145937100112,-0.33686516281586837,44,-0.34782608695652173,0.4208658359279852,-0.09136389376829779,38,-0.0,0.5040283561210716,-0.07287352718888462,44,-0.35,0.30485199594766355,-0.12028943889000396,38,-0.0,0.5180142344867219,-0.06678482764861768,49,-0.0,0.5024340427832299,-0.06912908912798639,49,0.2722222222222227,0.8766217093866916,0.01537161749546176,49,-1.4783896534184953,0.5694177970575878,-0.05612244897959183,49,Kovářov  Vepice,49.525278,14.301389,527.0
0-203-0-10801005002,49,-1.2837577017076853,0.00033597999211693594,-0.3537414965986394,49,-0.9013366710364554,0.0035739677378969644,-0.2874149659863945,49,-2.6746861288221586,0.0015134114996369931,-0.31292517006802717,49,-1.7152151415411767,0.011836152101473396,-0.2482993197278911,49,-2.346336956521741,0.0015134114996369931,-0.31292517006802717,49,-1.5594645627875556,0.018184736421747075,-0.23299319727891152,49,-3.798701298701298,0.0006832461491183827,-0.33503401360544216,49,-2.436826340909091,0.02088173655437837,-0.227891156462585,49,-0.625,0.018511321839260138,-0.23404119487576625,49,-0.8,0.0038606727786013825,-0.28645162402256596,49,0.24025974025974026,0.10662972607075975,0.16045267192768525,49,0.2,0.22388755766330237,0.12077407885508457,49,-0.7630312750601443,0.0009258176021862862,-0.3287748353042633,49,-0.862987987987988,0.00016920575256294427,-0.37329642758504905,49,-0.875,0.001781919553804318,-0.31610966022334375,49,-1.0,0.0010907122382449077,-0.33101672161458373,49,-0.16666666666666666,5.007639825661454e-06,-0.46272098750898044,49,-0.1644144144144144,7.336275440862191e-05,-0.4012286503641436,49,-457.06435185185194,0.00022488109683356384,-0.3639455782312925,49,-308.51909241583076,0.0028593910770416528,-0.2942176870748299,49,Filipova Huť,49.0298283,13.5197133,1110.0
0-203-0-10801028001,47,-0.6403559249786872,0.031157408517868343,-0.2173913043478261,47,-1.0488635248366005,0.0018785918186690592,-0.31359851988899173,47,-1.2099264705882353,0.07674421490615628,-0.17853839037927846,47,-1.9405505111181547,0.010510773520114154,-0.2580943570767808,47,-0.819559929234852,0.24416167276256662,-0.11748381128584647,47,-1.7120779477310917,0.015091735508472934,-0.24514338575393155,47,-1.7874999999999996,0.06393034417545564,-0.18712384901440765,47,-3.1499127391304347,0.012948125711310482,-0.2506938020351526,47,-0.6285714285714286,0.057511596924103736,-0.19256113888804272,47,-0.75,0.0017563171528519566,-0.31691791978360473,47,0.23809523809523808,0.06498933574439017,0.18786039466694773,47,0.2,0.19240336033139216,0.13265467647605092,47,-0.6666666666666666,0.0029544740794061287,-0.3009780128706599,47,-0.9,0.00011665610004411536,-0.39015668335085535,47,-0.9333333333333333,0.00210700809060691,-0.3177665449385374,47,-1.0,0.0005185093872128548,-0.3588522157807577,47,-0.1956521739130435,0.00019892102500334652,-0.3851187196836618,47,-0.21428571428571427,7.317575580083479e-05,-0.4090526413843937,47,-186.39999999999995,0.027099660581305203,-0.2229417206290472,47,-330.83187438933345,0.0021255714721171905,-0.30989824236817765,47,Prášily,49.1069,13.3786,883.0
0-203-0-10801069001,49,-0.07067329409720713,0.006452228081795988,-0.26870748299319724,49,-0.0530253546643126,0.0011208270047992875,-0.3214285714285714,49,-0.18256297134238314,0.02185512982273589,-0.22619047619047616,49,-0.149888750463343,0.0027024317147997566,-0.2959183673469387,49,-0.1470405982905983,0.18836543762357272,-0.13120567375886524,48,-0.16149239999999995,0.12120233059252396,-0.16608594657375145,42,-0.41194805194805195,0.057893333239593,-0.1872341103609395,49,-0.41585567499999987,0.011269420297517747,-0.24999999999999994,49,0.1380952380952381,0.7692385869970607,0.02932037441972724,48,-0.24390243902439024,0.4223268158678939,-0.08639932441924891,42,0.719375,0.023913632368319653,0.22618211720646886,48,0.5,0.04726237219951991,0.21328801707093847,42,-0.40588235294117647,0.2820262390544661,-0.1076039004938803,48,-0.5,0.21242149451940684,-0.13419049318576545,42,-1.1920289855072466,0.013866935946265323,-0.250523457363248,48,-0.9655172413793104,0.016228470711384023,-0.2631774939165679,42,-0.12097560975609756,0.002217216169954893,-0.3116439277193305,49,-0.11696306429548564,0.0010775476375911093,-0.3334440078112707,49,-24.219446275543838,0.005510214550181902,-0.2738095238095238,49,-17.6728927645,0.0007275648003932534,-0.3333333333333333,49,Čachrov,49.264136,13.301694,729.0
0-203-0-10801117001,49,-0.054131660930037594,0.0007987123828526003,-0.33092304142033696,49,-0.035264397274682356,0.001605752374836877,-0.3112244897959183,49,-0.15077686202686208,0.005364168375106553,-0.2747767156266551,49,-0.09973389693076051,0.004953128051511463,-0.2772108843537414,49,-0.14190476190476195,0.11262855106553847,-0.16003700277520816,47,-0.07339676447576819,0.3183779916403924,-0.10303030303030301,45,-0.47445887445887447,0.005644375705537359,-0.2737752069698743,49,-0.2714970907407408,0.015065792926576291,-0.23979591836734693,49,-0.4444444444444444,0.13239224091049343,-0.15248920920901396,47,-0.28174603174603174,0.4395293590099989,-0.08000025637040396,45,0.15,0.6268270646230865,0.04921111006814917,47,0.5,0.051450030699396715,0.2021362168297639,45,-0.9565217391304348,0.0029625064690971033,-0.30013924297360434,47,-0.4646825396825397,0.18326220590857323,-0.13779192323414796,45,-0.875,0.042005575251362975,-0.20974624999060557,47,-1.0913194444444443,0.0021104853421827973,-0.32763422318201035,45,-0.1,0.0011978212749301342,-0.33143419920423134,49,-0.12310606060606061,0.00046428875431442585,-0.35809110530644833,49,-17.416105971404544,0.0012268704131941494,-0.3190132147368287,49,-12.175225002839856,0.001605752374836877,-0.3112244897959183,49,Chanovice,49.4031031,13.7176939,533.0
0-203-0-10801119001,49,-0.007855285716136532,0.3074274105927892,-0.10191213989640638,49,-0.026963628753738714,0.008347785002393493,-0.260204081632653,49,-0.009651951058201061,0.4505098187069726,-0.07577270397101664,49,-0.08641878269409756,0.02088173655437837,-0.227891156462585,49,-0.022028985507246347,0.8560119521653429,-0.020242914979757085,39,-0.04873914285714288,0.591994772788868,-0.05897435897435897,40,-0.0525625,0.5563641288919083,-0.05883233509211183,49,-0.25192996874999996,0.07027013060567645,-0.17857142857142855,49,-0.08333333333333333,0.8181371926060499,-0.025745470169678503,39,-0.28174603174603174,0.44870581919600594,-0.08360171835451684,40,0.2777777777777778,0.34514936620587344,0.10576390289236934,39,0.4342857142857143,0.15496858746717768,0.15721858353209536,40,-0.5,0.1677257805839465,-0.15436784457304278,39,-0.39962121212121215,0.248564105156593,-0.12733184795534103,40,-0.358974358974359,0.20843660179229662,-0.14542322994286555,39,-1.0,0.009045873102840966,-0.29492091618092037,40,-0.028991596638655463,0.17333722403321639,-0.14133218062744143,49,-0.09090909090909091,0.006811608300264373,-0.2784191070151301,49,-2.5734375000000003,0.32835913917018955,-0.09763666137609278,49,-8.57879160325,0.008347785002393493,-0.260204081632653,49,Horažďovická Lhota  Smrkovec,49.3398103,13.5981892,483.0
0-203-0-10802009001,49,-0.04911020823279729,0.04741635522881222,-0.19557823129251697,49,-0.1566754958065525,0.0019147851483005012,-0.3061224489795918,49,-0.09816384310134312,0.27743506997023704,-0.10714285714285712,49,-0.44551975373932,0.00612324306930166,-0.2704081632653061,49,-0.02708211233211238,0.8034651090029022,-0.024822695035460994,48,-0.29005935879263983,0.06449935297415164,-0.1843971631205674,48,-0.26126644736842103,0.14758003246394835,-0.14285714285714282,49,-0.6254602918604653,0.041923252088472064,-0.2006802721088435,49,-0.14835164835164835,0.7354946130939335,-0.033777897877183743,48,-0.43487394957983194,0.2941990580609968,-0.10479590243207551,48,0.5,0.032112657670255736,0.21470190912613832,48,0.5,0.0052344187802671124,0.27986139909729435,48,-0.4444444444444444,0.08615341563397555,-0.1717859796566178,48,-0.6363636363636364,0.009925485845323259,-0.25800875121622135,48,-0.8862179487179487,0.0429683299715096,-0.2061422800333574,48,-1.3634823848238482,0.0001782441422620827,-0.38337512147060093,48,-0.12903225806451613,0.0009077317451561248,-0.3372032869297307,49,-0.2,4.056422655388408e-05,-0.41562065009012855,49,-18.158823529411766,0.031165051123163333,-0.21258503401360543,49,-53.127702596144445,0.0010546110577946645,-0.32312925170068024,49,Vimperk,49.0657822,13.7824278,637.0
0-203-0-10802017001,49,-0.06972848230201167,0.00522496719329569,-0.2755102040816326,49,-0.2055742070434454,0.0022776037391177045,-0.30102040816326525,49,-0.18495014245014246,0.018607487718785808,-0.2322416203284113,49,-0.7133787221641918,0.001264935430635814,-0.3180272108843537,49,-0.23911396574440053,0.011302916433318485,-0.2527716434797917,48,-0.6179315373015875,0.001865723382576469,-0.31028368794326244,48,-0.48482758620689653,0.018607487718785808,-0.2322416203284113,49,-0.9029595235294119,0.012428016304859069,-0.24659863945578228,49,0.3722943722943723,0.4445739438078601,0.07637667465388555,48,-0.7124060150375939,0.032158020790232965,-0.21412758288346256,48,0.28696646341463417,0.1794107811930541,0.1344025022183901,48,0.3333333333333333,0.14712473521216435,0.1454740307875906,48,-0.6496163682864451,0.14242601418689696,-0.14660187209863618,48,-0.6363636363636364,0.005834099547775775,-0.2765441963129154,48,-0.8891129032258065,0.06882849778630255,-0.18534184286413155,48,-1.124516129032258,0.0069216793041830945,-0.2746485789768825,48,-0.0967741935483871,0.013131490784284909,-0.2528412475815436,49,-0.14907407407407408,0.0026285769873680216,-0.30295571856695414,49,-24.08969230769231,0.004447479999753712,-0.28061224489795916,49,-68.44925827067647,0.002553382832104987,-0.29761904761904756,49,Vacov  Peckov,49.1352075,13.7263994,738.0
0-203-0-10802038001,47,-0.0007093894468356436,0.7336737104296043,-0.034679648860792896,47,-0.025553080071617537,0.09694421496667392,-0.16743755781683628,47,-0.0,0.931810671955052,-0.008850943948189447,46,-0.07576227858547008,0.1322119840360336,-0.1536231884057971,46,0.15960526315789483,0.12275606835939484,0.17717717717717718,37,-0.06174715894736841,0.5696595221156575,-0.06342780026990553,39,0.016666666666666607,0.7615003861841374,0.030989412919572086,47,-0.20057039999999998,0.363944324948244,-0.09158186864014801,47,-0.4722222222222222,0.26603321402506463,-0.1281094248396694,37,-0.2222222222222222,0.6112747916454061,-0.05687236379006839,39,-0.0,0.9686793989004616,-0.004528365081221005,37,0.5882352941176471,0.07726342692159015,0.19769916936547585,39,-0.375,0.33957597845401977,-0.10985731525796785,37,-0.4722222222222222,0.31514658987281285,-0.1124670538991219,39,-0.0,0.8640074011222534,-0.020279799441887153,37,-0.5833333333333334,0.12523423107206258,-0.17570402319639408,39,-0.0,0.5151912571497876,-0.06922127985355127,47,-0.05263157894736842,0.11178270547424551,-0.16677004683175284,47,-0.0,0.9633271847126247,-0.004686439035242284,47,-7.7729058741025625,0.08305733734367333,-0.1748381128584644,47,Volyně  Nihošovice,49.1854894,13.8612525,448.0
0-203-0-10802073001,49,-0.03981780190708763,0.0014209245213183067,-0.3154315516602263,49,-0.018019644044093525,0.008347785002393493,-0.260204081632653,49,-0.12177533251062667,0.012038401750271637,-0.24904235716032205,49,-0.05722623138662321,0.019946346578233715,-0.22959183673469385,49,-0.0440860215053763,0.6080873086069315,-0.05426356589147286,43,-0.015646032155172414,0.7735493007734082,-0.03303303303303304,37,-0.36904761904761907,0.03929977736709314,-0.2040134556098998,49,-0.13216311742081455,0.10146994099095781,-0.16156462585034012,49,-0.3333333333333333,0.2715975295239551,-0.11679759661940221,43,-0.10263157894736842,0.6659493890851058,-0.04966152607551972,37,0.42857142857142855,0.18016910566563693,0.14246144171051509,43,0.5348837209302325,0.13224274794502694,0.17385133941145176,37,-0.6,0.08990018196400344,-0.17990074881703802,43,-0.09166666666666667,0.7043538324038064,-0.04370792141588721,37,-0.875,0.03025155062350521,-0.2354102773978398,43,-0.5833333333333334,0.06261957476040275,-0.2217622669662317,37,-0.1,0.0007303387187064185,-0.3466180742283709,49,-0.08,0.004914098679287576,-0.2914429364867204,49,-12.794999999999998,0.0016001682271123397,-0.31202148083146714,49,-6.200540534749166,0.007932972201033135,-0.26190476190476186,49,Sedlice,49.3756828,13.9416925,511.0
0-203-0-10804001001,48,-0.04475603055481104,0.0400513983475038,-0.2048780689257259,48,-0.03399735358909711,0.009450624715441704,-0.25886524822695034,48,-0.11590797811059908,0.06073076020738364,-0.18713970797977564,48,-0.10786941474266395,0.007666565003702945,-0.26595744680851063,48,-0.13445714285714275,0.25986508537931474,-0.11497584541062804,46,-0.10230644475859793,0.13441646438945734,-0.15644820295983083,44,-0.4837662337662338,0.04947332760168911,-0.19618304120896493,48,-0.2829120500000001,0.034399820846781344,-0.21099290780141847,48,-0.5806451612903226,0.13453966189434005,-0.15317586965967292,46,-0.569047619047619,0.11685505588230623,-0.16428250569888855,44,0.30434782608695654,0.30630607402997434,0.10480449271555037,46,0.20294117647058824,0.5171722328836048,0.06808649340127265,44,-1.1666666666666667,0.0002127495591247383,-0.37924630723222674,46,-0.5527777777777778,0.06710614732741019,-0.1916360278020584,44,-1.435897435897436,0.0023690165386914676,-0.3167680316411525,46,-0.7927350427350428,0.056027494685255495,-0.2051189563639421,44,-0.09090909090909091,0.015603910921411153,-0.2502472799813226,48,-0.10128205128205128,0.005584210278618289,-0.2856649087597854,48,-15.225000000000005,0.026883207519411704,-0.22084259377708118,48,-11.997605753406972,0.00851691262350678,-0.2624113475177305,48,Radošice  Mladý Smolivec,49.5023517,13.7266981,552.0
0-203-0-10804016002,49,-0.05624690873853182,0.0013384204362838436,-0.3171365870746059,49,-0.0218147336677113,0.0037763365818667414,-0.28571428571428564,49,-0.16929203912970156,0.0030066115512017043,-0.2937686899132692,49,-0.060010248304421226,0.017356162233818563,-0.23469387755102036,49,-0.19942129629629646,0.07031997951804038,-0.19396051103368175,42,0.051354249598639386,0.47876736206145687,0.08253968253968255,36,-0.6160256410256411,0.002270157705298806,-0.3017912683451895,49,-0.13476563315508022,0.10887077203426464,-0.1581632653061224,49,-0.5172413793103449,0.07541640480311242,-0.1910316777753435,42,-0.2,0.4536416104969614,-0.08751019354237224,36,0.2962962962962963,0.250440205742407,0.12361619006001597,42,0.36877828054298645,0.24673617434852435,0.13545924239123128,36,-0.8125,0.0147402387087076,-0.26162808384814246,42,-0.16666666666666666,0.5398030238617078,-0.07159924926194092,36,-1.1666666666666667,0.006289402869517574,-0.3003735716559055,42,-0.7866161616161615,0.04252463664953521,-0.2431659590063534,36,-0.1111111111111111,0.0012057059544250451,-0.3311268888004548,49,-0.09338662790697674,0.002291051531157607,-0.315425210336181,49,-19.328409090909087,0.0011865145881647713,-0.3205466579033652,49,-7.6169302305775,0.0021502009921824344,-0.3027210884353741,49,Závišín,49.487222,13.923056,501.0
0-203-0-10805038001,49,-0.012392551377627832,0.23474532728030273,-0.11932023498884228,49,-0.010057420931015113,0.09112599322869601,-0.16666666666666666,49,-0.027874373433583958,0.27361157804216907,-0.11028219331407114,49,-0.03962878306112399,0.09447540898884033,-0.1649659863945578,49,0.032909356725146215,0.7044502507370825,0.043576270751127646,37,-0.04274456315789481,0.5214354670100881,-0.07152496626180838,39,-0.132996632996633,0.33129731028394327,-0.09767725810110087,49,-0.16976329673913038,0.10511867118116895,-0.15986394557823128,49,0.15833333333333333,0.7239231891332474,0.040632157698152496,37,0.1794871794871795,0.5860846174237477,0.06089332178558703,39,0.5,0.2833449959865849,0.12349453610291862,37,0.5,0.22613833006087325,0.1355947472979094,39,-0.8032258064516129,0.04128517461292304,-0.23458673140015152,37,0.0967741935483871,0.8845574312068385,0.01622721391001527,39,-0.8574999999999999,0.04016581914730716,-0.2419887570912305,37,-0.0,0.5963885334791472,-0.061816264990810256,39,-0.04083333333333333,0.10837649134527538,-0.16605957145061695,49,-0.02667140825035562,0.14406615125299843,-0.15181165782100295,49,-4.059313725490193,0.18164157920024104,-0.1341862600304233,49,-3.2030359278749954,0.09447540898884033,-0.1649659863945578,49,Nečín  Bělohrad,49.7067,14.2017,465.0
0-203-0-10805047001,49,-0.041794494971901804,0.038568563276529765,-0.2040816326530612,49,-0.045794733356653954,0.001605752374836877,-0.3112244897959183,49,-0.11013431013431015,0.11468316254900472,-0.15567844879157242,49,-0.14742813213199188,0.0022776037391177045,-0.30102040816326525,49,-0.022037037037037147,0.8589108283955398,-0.01773049645390071,48,-0.1638705812244898,0.05000661165382334,-0.2,46,-0.19375,0.36520176571215435,-0.08970624448960722,49,-0.39691674880382766,0.005510214550181902,-0.2738095238095238,49,-0.027205882352941177,0.9079713014708614,-0.011581430782737753,48,-0.3157894736842105,0.3940338990014881,-0.0871673257375417,46,0.6,0.027454869706233693,0.22064196655732032,48,0.6666666666666666,0.02479666900052944,0.22965213313200675,46,-0.6923076923076923,0.015590001754807835,-0.2419944149338352,48,-0.5333333333333333,0.07652203272596723,-0.18137866867628236,46,-1.1920289855072466,0.01022414429406066,-0.2619030434947386,48,-1.3125,0.0017778701863866595,-0.3258424089347618,46,-0.10762548262548263,0.004166264579907501,-0.29062741340696874,49,-0.1282051282051282,0.0004097285036403243,-0.3590503316065068,49,-13.965338164251204,0.03049052125492931,-0.21352617839718402,49,-15.658491636723031,0.0009329035184142495,-0.3265306122448979,49,Střezimíř,49.5381,14.6181,588.0
0-203-0-10805107001,46,-0.02022332506203474,0.022106311445075626,-0.23606528857346956,46,-0.025931435512900874,0.0015148120666912189,-0.32367149758454106,46,-0.06218487394957983,0.05208667092917329,-0.2015312484283888,46,-0.0830073795394737,0.0030413091606300655,-0.30241545893719807,46,0.01103896103896103,0.8916361244635197,0.015898271284170915,36,-0.02238679918981474,0.7555624499286655,-0.03743315508021391,34,-0.26,0.049315998707068744,-0.2029631243619054,46,-0.2696340583333333,0.016600321894936945,-0.24444444444444446,46,-0.08928571428571427,0.8062848569526202,-0.02861688831150765,36,0.037037037037037035,0.8703983173665163,0.019678122370226314,34,0.23026315789473684,0.5762848123550336,0.0654439582126515,36,0.5,0.2596252988991792,0.1360801457817959,34,-0.472953216374269,0.19562915646097812,-0.15091347095621446,36,-0.4,0.3350395988314254,-0.11627981400588278,34,-0.6270053475935828,0.05657036998780535,-0.2289636778130957,36,-0.7,0.031194537947365198,-0.2702740403703433,34,-0.07692307692307693,0.009493090233983715,-0.27666820275376847,46,-0.08333333333333333,0.0015364414837845002,-0.3406930918415085,46,-6.756521739130435,0.016283957024260207,-0.2478195768011942,46,-8.099425390518519,0.002089905695106129,-0.31400966183574885,46,Voznice,49.819169,14.212691,385.0
0-203-0-10901012001,49,-0.04095108695652173,0.035444805865717015,-0.2074829931972789,49,-0.09173607126720656,0.002553382832104987,-0.29761904761904756,49,-0.10503522162069957,0.0979227879606851,-0.16326530612244894,49,-0.27938609817265625,0.0033815121570193703,-0.28911564625850333,49,-0.07964808180325421,0.4034498704728189,-0.08333333333333334,48,-0.23854684658225128,0.035444805865717015,-0.2074829931972789,49,-0.2522727272727273,0.19009018486733076,-0.12936174897664912,49,-0.44259547023809503,0.017356162233818563,-0.23469387755102036,49,-0.2,0.4992621197526341,-0.06755579575436749,48,-0.45079365079365075,0.08009213224022471,-0.17298718420187317,49,0.5,0.03829809520236627,0.20738929150254892,48,0.5,0.0701102843988207,0.17964393928698885,49,-0.6799431009957326,0.035127835177527926,-0.21057359810531381,48,-0.6923076923076923,0.02729073101107493,-0.21843130631656987,49,-1.0121951219512195,0.0021994438728993146,-0.3135320039451758,48,-1.0,0.0037447058806625425,-0.29255243180172147,49,-0.10300618921308577,0.002214382035612415,-0.3116439277193305,49,-0.14814814814814814,0.00013480956439751462,-0.3868599662463963,49,-14.019444444444446,0.024457791274353567,-0.22203319745683278,49,-30.9654876953334,0.0011208270047992875,-0.3214285714285714,49,Nížkov,49.5325,15.8067,531.0
0-203-0-10901046001,49,-0.022949479313256416,0.18435832271640407,-0.13095238095238093,49,-0.03938020334653762,0.041923252088472064,-0.2006802721088435,49,-0.06884642202371666,0.27743506997023704,-0.10714285714285712,49,-0.13314437105905697,0.040216249731459645,-0.20238095238095236,49,-0.08107142857142802,0.2407070615443493,-0.1170212765957447,48,-0.09406126041666668,0.25525865328062625,-0.11347517730496455,48,-0.1414285714285717,0.2850971400045642,-0.10553195311252954,49,-0.22903457860040577,0.15246096813523968,-0.141156462585034,49,-0.22539682539682537,0.4183598766152986,-0.08114269143771166,48,-0.3649193548387097,0.2741984941318111,-0.10928503192807425,48,0.38461538461538464,0.07529131287270116,0.17841561052446153,48,0.18974358974358974,0.36433822327332266,0.0909919613674754,48,-0.3669871794871795,0.18232595522657258,-0.13345280235321794,48,-0.5,0.051532427431699605,-0.19475416700958498,48,-0.7777777777777778,0.03367617117625922,-0.217042011082649,48,-0.6363636363636364,0.03415955248262257,-0.21746011361237094,48,-0.05334281650071124,0.08573414053307005,-0.17569105537498347,49,-0.1,0.014553981879914232,-0.24839346763230574,49,-8.023076923076928,0.15999588528613096,-0.13866441067227486,49,-14.223729892749999,0.032539538474492646,-0.21088435374149658,49,Polná,49.4864,15.7061,490.0
0-203-0-10901060001,49,-0.039676383373862395,0.0979227879606851,-0.16326530612244894,49,-0.046411378820495064,0.019047743270552184,-0.2312925170068027,49,-0.1183394328624592,0.12076504955313506,-0.1530612244897959,49,-0.16158391512741788,0.026153990206217264,-0.21938775510204078,49,-0.12534599817208514,0.13817760190979336,-0.14625850340136054,49,-0.11409940855655129,0.18435832271640407,-0.13095238095238093,49,-0.23178053830227746,0.22751804363501182,-0.11904761904761903,49,-0.23517515833333338,0.13365290217580048,-0.14795918367346936,49,-0.2857142857142857,0.2849419769211837,-0.10589336496873658,49,-0.19615384615384618,0.5576779318436094,-0.057971204088906464,49,0.4117647058823529,0.08932475329167644,0.16845065651476265,49,0.45454545454545453,0.04925308739231494,0.1950419912258736,49,-0.46153846153846156,0.08003976969595122,-0.17328339535066806,49,-0.4641025641025641,0.03611942547748792,-0.20760588010451955,49,-0.8510716925351072,0.028692680063667018,-0.22054733638377114,49,-0.9170480549199085,0.0033885574190277387,-0.298264605989824,49,-0.058823529411764705,0.08451815299208378,-0.17584720736430462,49,-0.1,0.0029537420284828607,-0.3028154878405959,49,-11.839999999999996,0.14758003246394835,-0.14285714285714282,49,-14.212442337041304,0.023920924592614523,-0.22278911564625847,49,Štoky,49.501462,15.590799,530.0
0-203-0-10901104001,49,-0.04248056987926251,0.01579778847769685,-0.23809523809523805,49,-0.018767807033173302,0.012428016304859069,-0.24659863945578228,49,-0.11905341446923608,0.040216249731459645,-0.20238095238095236,49,-0.05129707435984848,0.032539538474492646,-0.21088435374149658,49,-0.10455882352941197,0.2958031868571639,-0.10550672115296242,47,-0.07149361804511284,0.2631830057197957,-0.12660028449502136,38,-0.3506410256410257,0.05901323237885002,-0.1866216420700011,49,-0.18052894777265743,0.028565003169583072,-0.2159863945578231,49,-0.6923076923076923,0.10057681772891956,-0.1662035604188434,47,-0.23076923076923078,0.6506989679611391,-0.05139219024466751,38,0.39473684210526316,0.1549745953036052,0.14418829240408995,47,0.037037037037037035,0.8998992253207736,0.014296104619175761,38,-0.9565217391304348,0.002178934435798654,-0.31055729192567477,47,-0.55,0.1995476890183503,-0.1456112056932246,38,-1.4,0.0004907061290276819,-0.3586544322645058,47,-0.4827586206896552,0.03767829994725038,-0.24373800486305444,38,-0.09523809523809523,0.0026525697104995776,-0.3055079388110092,49,-0.07407407407407407,0.007310171931045503,-0.27907891587453837,49,-15.166666666666668,0.010726914948907545,-0.2517006802721088,49,-6.257848855000006,0.009236066001532288,-0.2568027210884353,49,Habry,49.751989,15.486748,470.0
0-203-0-10901110001,49,-0.052478518821603926,0.009213498582809497,-0.25746034757131986,49,-0.04363147489101117,0.0037763365818667414,-0.28571428571428564,49,-0.1525793650793651,0.012989713182963089,-0.24594587992738817,49,-0.121983161128949,0.010207754748271396,-0.2534013605442177,49,-0.11177248677248688,0.2819025817283859,-0.1111111111111111,45,-0.03628996836734696,0.5635630692255738,-0.058937198067632854,46,-0.4290209790209791,0.030437027144059603,-0.21407344844061818,49,-0.3071339111111112,0.06022754268302918,-0.18537414965986393,49,-0.17424242424242425,0.5440131957040089,-0.06288084197919512,45,-0.3548387096774194,0.29753678682476226,-0.10653784256810651,46,0.2,0.44517492060996866,0.07926976633148354,45,0.6153846153846154,0.0213274390275969,0.23615561811193356,46,-0.7586206896551724,0.019309326389834524,-0.24276661217243004,45,-0.46153846153846156,0.09181304453373873,-0.1725652202495049,46,-0.9767441860465116,0.01624061749931224,-0.25303086349078946,45,-1.2352941176470589,0.0011591104467788937,-0.3392346358181458,46,-0.1,0.0021839973157152864,-0.314679309573677,49,-0.13636363636363635,0.00018319019374330584,-0.37982517216479805,49,-18.900462962962965,0.006435107346345818,-0.2693955954719771,49,-14.999237335517648,0.0022776037391177045,-0.30102040816326525,49,Světlá nad Sázavou,49.6728,15.4075,410.0
0-203-0-10901114001,49,-0.029168056839081084,0.0979227879606851,-0.16326530612244894,49,-0.056086486619009196,0.00612324306930166,-0.2704081632653061,49,-0.08742851307189542,0.08164733827648102,-0.1717687074829932,49,-0.18288672855096716,0.008781895354445726,-0.25850340136054417,49,-0.12387620192307697,0.2005881122535933,-0.12765957446808512,48,-0.03311561587301594,0.7691302888844245,-0.02995169082125604,46,-0.2218253968253968,0.2307345414758426,-0.11855063479380847,49,-0.3295366825396825,0.055670837902870376,-0.1887755102040816,49,-0.04163162321278385,0.858837245840069,-0.01782556682148372,48,-0.2222222222222222,0.5013165818766877,-0.0687987403053691,46,0.5,0.15478370578297396,0.14260453457186975,48,0.5,0.04458604508982695,0.20612954192017957,46,-0.5,0.08444432562021364,-0.1730631422087277,48,-0.5,0.051009284936126414,-0.20009999010156734,46,-0.9459459459459459,0.02351820552005947,-0.23076876513475203,48,-1.1666666666666667,0.0018865887449746304,-0.3245212006353911,46,-0.05714285714285714,0.03918170634661033,-0.21217147383468116,49,-0.14907407407407408,0.00032543771106732815,-0.3663378292218176,49,-10.75098684210526,0.06261937462812057,-0.18367346938775506,49,-19.907572494407496,0.005510214550181902,-0.2738095238095238,49,Humpolec,49.54701,15.352715,515.0
0-203-0-10901127001,49,0.009272996159729575,0.28483450193493254,0.10589336496873658,49,-0.013488614262707749,0.27743506997023704,-0.10714285714285712,49,0.03133323504840532,0.21722674644654405,0.12238163942929915,49,-0.051853544097549026,0.2410775796814698,-0.11564625850340135,49,0.041071428571428564,0.6562998511125285,0.046511627906976744,44,0.04569687483901517,0.5973291145933957,0.05454545454545454,45,0.23541666666666672,0.12256916320550673,0.15305922597026658,49,-0.09939287362637367,0.5013627040281308,-0.06632653061224489,49,-0.375,0.29732926276595273,-0.10928457316417434,44,-0.22875816993464052,0.5440003383511545,-0.06288084197919512,45,0.09838709677419355,0.7769277393159278,0.029724259486690708,44,0.39767441860465114,0.22487530913611187,0.12588994680045568,45,-0.7303703703703703,0.06408715393170826,-0.19416579503926118,44,-0.6733333333333333,0.03894560714743779,-0.21388882716797297,45,-0.18421052631578946,0.49545798501435834,-0.07330757995292841,44,-0.943939393939394,0.011709530874759039,-0.2654242119066649,45,-0.0,0.35164783699685365,0.09597157523092788,49,-0.05,0.17044049642040893,-0.13993900607439994,49,3.5583333333333336,0.26217162834661367,0.11101723746722382,49,-3.6612393595862853,0.3700055866071641,-0.08843537414965985,49,Ledeč nad Sázavou,49.698597,15.284048,408.0
0-203-0-10901141001,49,-0.04202673446827229,0.011836152101473396,-0.2482993197278911,49,-0.04881693447225928,0.0007275648003932534,-0.3333333333333333,49,-0.11216383041510919,0.023920924592614523,-0.22278911564625847,49,-0.1365949307128025,0.003989066082360044,-0.28401360544217685,49,-0.09999999999999996,0.30871581817643956,-0.1026827012025902,47,-0.10093865633640567,0.21051997317658577,-0.12929292929292927,45,-0.3302173913043478,0.08945174001993053,-0.1677310861319927,49,-0.34573827485380115,0.022867769391868287,-0.22448979591836732,49,-0.2857142857142857,0.4356533797454646,-0.07870373744159564,47,-0.33771929824561403,0.45707624828117777,-0.0770013688661415,45,0.5,0.09683185680917021,0.168060583440283,47,0.3003220611916264,0.2604890418037761,0.11645606939995513,45,-1.0,0.00045790719109533776,-0.3545262322910843,47,-0.45079365079365075,0.10228364143624334,-0.16894303719995551,45,-1.4,0.000289629715872757,-0.3733917881807894,47,-1.05,0.014896499038681805,-0.25680804938831064,45,-0.1111111111111111,0.000761077932844874,-0.34645721676802366,49,-0.13043478260869565,0.00028476099822021304,-0.368562814646531,49,-15.265185185185185,0.007158301368722786,-0.26530612244897955,49,-16.59227715446732,0.0004091157992424639,-0.34863945578231287,49,Řendějov  Nový Samechov,49.76873,15.08814,444.0
0-203-0-10902055001,49,-0.02963435688740905,0.06261937462812057,-0.18367346938775506,49,-0.055203712716958744,0.00612324306930166,-0.2704081632653061,49,-0.09050635026737966,0.10511867118116895,-0.15986394557823128,49,-0.16647682815110185,0.010207754748271396,-0.2534013605442177,49,0.04271749755620723,0.5511221358083999,0.0601295097132285,47,-0.03727322272727296,0.776192703173005,-0.028677150786308978,47,-0.033148558758314906,0.8025705839842714,-0.024712454885981883,49,-0.32155591333333344,0.09447540898884033,-0.1649659863945578,49,-0.04878048780487805,0.8905388502476291,-0.01394067095822308,47,-0.1111111111111111,0.8114865756656695,-0.024130057695204692,47,0.4117647058823529,0.10841251858385147,0.16248951437596423,47,0.5,0.050660102169480074,0.19814262117465264,47,-1.0,0.0010932193813621995,-0.3300889721355929,47,-0.6363636363636364,0.04080290523076826,-0.20686536506478465,47,-1.206896551724138,0.001925401088803284,-0.3201511905644536,47,-0.9545454545454546,0.004065883175613691,-0.2971266874229779,47,-0.11483516483516484,0.002326458565012861,-0.3107338646756398,49,-0.16666666666666666,0.00011331377899850214,-0.3907161093065678,49,-9.986666666666665,0.06506927321353467,-0.18212772553291387,49,-21.420462118261106,0.0033815121570193703,-0.28911564625850333,49,Pacov,49.46355,15.02348,494.0
0-203-0-10902100001,49,-0.019695174773205988,0.043675542175484,-0.19914900829299928,49,-0.030822928387673615,0.018184736421747075,-0.23299319727891152,49,-0.06666666666666667,0.05830112914127074,-0.18908139265841417,48,-0.09775999385135137,0.009450624715441704,-0.25886524822695034,48,-0.07677276234567895,0.2572506732081348,-0.11851858487646934,44,-0.06868367999999994,0.3683846310645289,-0.09639953542392567,42,-0.16122994652406414,0.15986134243466443,-0.13913888395152163,49,-0.2274924285714286,0.08787272389860555,-0.16836734693877548,49,-0.1547008547008547,0.7157454813726548,-0.03809525942457943,44,-0.2857142857142857,0.4811133223352264,-0.07558144644501892,42,0.29911924119241196,0.3571270282036022,0.09665537912806552,44,0.42857142857142855,0.18586441470878523,0.14244212944795093,42,-0.375,0.20590417816872275,-0.13276837792316692,44,-0.358974358974359,0.19694436729482045,-0.1388579886009225,42,-0.3684210526315789,0.21381985165745732,-0.13417096586101265,44,-0.875,0.026477208418282952,-0.24337922975749576,42,-0.05555555555555555,0.049139922653283236,-0.20280227343623386,49,-0.09449404761904762,0.0045461466057955206,-0.2900222014662874,49,-6.24,0.0473998872186025,-0.1957447517409822,49,-9.072784451048381,0.013690890476681357,-0.2431972789115646,49,Dolní Kralovice  Střítež,49.66272,15.159775,420.0
0-203-0-10903055001,46,-0.07329747116237798,0.0008895239934125588,-0.3391304347826087,46,-0.06995722550980393,0.006213513118626779,-0.27922705314009666,46,-0.20544217687074828,0.0017246539308030542,-0.3198067632850242,46,-0.2149414339120879,0.0069668797284088676,-0.2753623188405797,46,-0.24147157190635474,0.041274986632398876,-0.2159468438538206,43,-0.14089019600366307,0.27468354061041533,-0.11416490486257927,44,-0.5285714285714287,0.0029417977382524634,-0.30411711423986765,46,-0.40119263157894747,0.05954303745373005,-0.1922705314009662,46,-0.2,0.5648015786235003,-0.06104343562895543,43,-0.2963759213759214,0.4300688052219759,-0.0826273040869111,44,0.5,0.11873902479694896,0.16574135139324697,43,0.5,0.04090656875387794,0.2148979947977668,44,-1.054054054054054,0.0018133802191088622,-0.3305606350677285,43,-0.6794871794871795,0.04964962696430139,-0.20594665501492848,44,-1.4,0.004583402264307859,-0.30638723220477204,43,-1.1666666666666667,0.0056344390862346425,-0.2943981911229592,44,-0.14285714285714285,0.0005022277984798264,-0.3645284526185889,46,-0.15,0.0011507690532962496,-0.3399276592898555,46,-24.81111111111111,0.0010524108507284594,-0.33446113138074646,46,-23.644624139828117,0.007801299072638847,-0.2714975845410628,46,Načeradec,49.6044,14.9086,502.0
0-203-0-10903058001,49,-0.015193722556235977,0.16188163035514835,-0.1390619929916557,49,-0.015260496733501333,0.05791195179909559,-0.18707482993197277,49,-0.03139324277255312,0.40681018906277266,-0.08262217589346511,49,-0.05306018551779611,0.07298478950018825,-0.1768707482993197,49,0.04365079365079356,0.6613332062963584,0.04759000275655947,41,0.02920501581196594,0.761945571785528,0.03333333333333333,40,-0.0,0.8696393299789605,-0.016373713866373044,49,-0.16870025493421054,0.13365290217580048,-0.14795918367346936,49,-0.07614942528735633,0.8927697967390154,-0.014652025573960796,41,0.04483430799220273,0.9257179878814237,0.010282810326482495,40,0.35294117647058826,0.3452513734806564,0.10281587063304032,41,0.2608695652173913,0.4280776234993018,0.0874038877751012,40,-1.0,0.011849690508764171,-0.2738394493094211,41,-0.3234524847428073,0.4416434171823399,-0.08505267633703521,40,-1.05,0.034935776520761255,-0.23781355456006284,41,-0.2413793103448276,0.43202102427725364,-0.08897342234205394,40,-0.0625,0.06918525453491295,-0.18675310075419943,49,-0.058823529411764705,0.03852486133197766,-0.21236731188216074,49,-5.032575757575758,0.14930327131807566,-0.1434161820068569,49,-4.8352239790625,0.049376921827031676,-0.19387755102040813,49,Veliš,49.6664,14.8233,451.0
0-203-0-10903081001,49,-0.008058251505730498,0.5010975296636953,-0.0666103424803343,49,-0.013382369406525658,0.15246096813523968,-0.141156462585034,49,-0.014554621848739496,0.5176886428482386,-0.06407588892114802,49,-0.039924908979088305,0.19601958964785038,-0.12755102040816327,49,-0.030279931093884598,0.5522775774215201,-0.06551071890655981,40,-0.03391727738095237,0.470224382087596,-0.07641196013289035,43,-0.01456140350877205,0.8427157537720907,-0.019683760187929233,49,-0.10730755277777781,0.39825385079837217,-0.08333333333333333,49,-0.25357142857142856,0.6662551646381009,-0.04765019428805917,40,0.037037037037037035,0.916627453029873,0.011104984494878888,43,0.26608751608751613,0.44149856204420523,0.08527388003008082,40,0.44,0.15150551435924442,0.15222306790828194,43,-0.6666666666666666,0.06909345756616425,-0.2002569044090519,40,-0.4444444444444444,0.24514879131411016,-0.12347174499765377,43,-0.7,0.08254655154365532,-0.19721766622155612,40,-0.8235294117647058,0.05287400613422196,-0.2107670536742869,43,-0.0,0.39352671857573807,-0.08802420459487496,49,-0.044466403162055336,0.17307026831381234,-0.13937512477659897,49,-3.058522727272721,0.4582295555955729,-0.0734421724783173,49,-4.645972125884946,0.1574638016062906,-0.13945578231292516,49,Postupice,49.7306,14.7833,421.0
0-203-0-10903144001,49,-0.013079777365491648,0.45774962358057725,-0.07382303331655797,49,-0.021435438577765607,0.12076504955313506,-0.1530612244897959,49,-0.017392062594268468,0.6162526319893978,-0.049917564602301845,49,-0.06763851426162558,0.12076504955313506,-0.1530612244897959,49,-0.024999999999999762,0.7287289355673625,-0.037187687858276496,42,-0.009200196358974318,0.8756254287519057,-0.016161616161616158,45,-0.00945723684210525,0.829090807262221,-0.021469488324379775,49,-0.16537624629629627,0.31735845608931246,-0.09863945578231292,49,0.21052631578947367,0.6567641419677004,0.0476744508345504,42,-0.3405797101449275,0.37850098703064494,-0.09118583155200967,45,0.1,0.7614451384921072,0.032653333223400444,42,0.5,0.13691259538315742,0.154002737732283,45,-0.6363636363636364,0.07188951858910846,-0.19358761839587407,42,-0.375,0.2402636878429537,-0.12170485544360346,45,-0.3333333333333333,0.43979122686769445,-0.08475746688261333,42,-0.5563157894736843,0.17860704883653233,-0.14209217882360392,45,-0.026709401709401708,0.3953001947236564,-0.08679761136260249,49,-0.06666666666666667,0.039019575932117856,-0.21060000810336377,49,-4.106666666666664,0.46827492003317106,-0.07210621858826592,49,-6.865170385851849,0.11272802555978148,-0.15646258503401358,49,Votice,49.6433,14.6333,450.0
0-203-0-10903164001,49,-0.02476530612244898,0.005116117787089695,-0.27884984364044474,49,-0.03294624906488974,0.0006832461491183827,-0.33503401360544216,49,-0.0729735644257703,0.017895461665179597,-0.23776951935732804,49,-0.09545806662348733,0.00522496719329569,-0.2755102040816326,49,-0.17202380952380944,0.01797803428264247,-0.261094597322568,40,-0.1283482616666666,0.09202895630606611,-0.18292682926829268,41,-0.3869444444444444,0.008803946624250422,-0.26226542285884874,49,-0.36515050645161296,0.0035739677378969644,-0.2874149659863945,49,-0.375,0.3694655556227968,-0.09903588174304302,40,-0.2,0.5666871656375752,-0.062309206648657155,41,0.30662393162393164,0.40126262209880303,0.09278473782222021,40,0.5,0.07216221648682969,0.19608078722084238,41,-0.6619047619047619,0.05749805074499269,-0.20937739572096567,40,-0.5582655826558266,0.14414707478052308,-0.15892468040278906,41,-0.6270053475935828,0.039985181942612386,-0.23368256024104023,40,-1.1666666666666667,0.0019417655787934114,-0.34800280049840066,41,-0.0625,0.021852789959498336,-0.2372432923827782,49,-0.10840188014101057,0.0005331308658068446,-0.35748605539551254,49,-8.399999999999999,0.0033935078962742072,-0.29214152635265594,49,-10.87056486703704,0.0006020380730370308,-0.3384353741496598,49,Maršovice  Zahrádka,49.7325,14.5886,358.0
0-203-0-10904008001,49,-0.027870006977149843,0.0003256892317911536,-0.3598430617888456,49,-0.013745138794090134,0.0010867868570064684,-0.3224160223606882,49,-0.08194139194139195,0.002177224608093521,-0.30976891354286856,49,-0.04588375754791667,0.0023429849926161848,-0.30029777280560144,49,-0.06041666666666666,0.2698557603253636,-0.12867359102582496,36,0.006386798701298689,0.9871708054619569,0.00403225806451613,32,-0.4,0.0009983943359312263,-0.32964061369956943,49,-0.20948196136363634,0.0036726188583150834,-0.28668654231016344,49,-0.19615384615384618,0.702812514719039,-0.04458621336730913,36,-0.15894736842105261,0.6849529494177173,-0.05065921133212451,32,0.212406015037594,0.6237559076296807,0.05732513147225459,36,0.17647058823529413,0.7579041158153561,0.03842282591122605,32,-0.48684210526315785,0.14120201137993246,-0.17170132986904588,36,-0.21008403361344535,0.5812879126234934,-0.06868700885027841,32,-0.3888888888888889,0.12273452979328305,-0.18690043841345666,36,-0.0,0.2193328140394054,-0.16455004517127905,32,-0.07692307692307693,0.00024030023245448238,-0.38784271218902083,49,-0.04257246376811594,0.0007989357936522499,-0.3587729981341321,49,-8.425,0.0002754065934844718,-0.3643396256679452,49,-3.7277510468557686,0.0009616258844150818,-0.32581882998454775,49,Mníšek pod Brdy,49.8694,14.2625,367.0
0-203-0-11001016001,49,-0.038470558959369704,0.00876017897798636,-0.25916538298569947,49,-0.17042908097913373,0.0005298887195231011,-0.3418367346938775,49,-0.1207314744079453,0.017646467075844767,-0.23534930659480607,49,-0.540135651582304,0.00031445505171012983,-0.35544217687074825,49,-0.12435064935064935,0.18991491804514993,-0.13535353535353534,45,-0.3355863680555557,0.060115852679057606,-0.18963922294172064,47,-0.3869524697110904,0.029787973036917475,-0.21483446221182984,49,-0.9989980540293041,0.0030246316355358937,-0.2925170068027211,49,-0.375,0.18973118439293968,-0.1359037552453572,45,-0.55,0.08134267679308671,-0.1763350370034189,47,0.15833333333333333,0.5311914268090694,0.0647774606564749,45,0.4117647058823529,0.10250656721240411,0.1651980872979398,47,-0.75,0.01224537826423929,-0.25937303197016087,45,-0.9545454545454546,0.0007124275285744043,-0.3423018821027154,47,-0.875,0.024533999634167716,-0.23994948963429275,45,-1.4,0.0010278504807635597,-0.3378354414734263,47,-0.09090909090909091,0.0057800972766839835,-0.2840583900594156,49,-0.2,4.117967406248638e-05,-0.41449785474725304,49,-12.926117647058824,0.005495082111949153,-0.2745107017151159,49,-53.974475899876424,0.0004091157992424639,-0.34863945578231287,49,Tachov,49.798357,12.623135,487.0
0-203-0-11001044001,48,-0.03104668298920841,0.06578335626394327,-0.18359203579058556,48,-0.06662206557921568,0.0019811873480864617,-0.3085106382978724,48,-0.09187379016647307,0.11562367358212926,-0.1571239741809357,48,-0.20983198009243553,0.0031692191178517666,-0.2943262411347518,48,-0.14078571428571438,0.05508338593888599,-0.20557491289198607,42,-0.2256080179924242,0.04308836118824769,-0.2114164904862579,44,-0.3208695652173913,0.05830775621064481,-0.18908139265841417,48,-0.5317920125,0.00497542194935164,-0.2801418439716312,48,-0.1111111111111111,0.7368422011164445,-0.03608857278781184,42,-0.375,0.22089985382222344,-0.12824634315848718,44,0.15,0.5438030787917478,0.06523032899645875,42,0.5,0.059824165046205365,0.19745400944730254,44,-0.25,0.29788460898039093,-0.11208561005740399,42,-0.6666666666666666,0.009053858936825733,-0.27330569813362904,44,-0.358974358974359,0.300326336173368,-0.11439466518208742,42,-1.1666666666666667,0.007458391275687011,-0.28808604810870664,44,-0.06896551724137931,0.03966867046306649,-0.2125566072637845,48,-0.13574938574938575,0.000695258975581334,-0.35136910274038374,48,-10.791666666666666,0.047449264192887336,-0.19795845334660261,48,-23.202942963500004,0.0013757331259096552,-0.3191489361702128,48,Planá,49.870952,12.735097,505.0
0-203-0-11001058001,49,-0.048601463021105865,0.025015890981123317,-0.22108843537414963,49,-0.18728919955878032,0.0006832461491183827,-0.33503401360544216,49,-0.13011366218562248,0.041923252088472064,-0.2006802721088435,49,-0.5106740759599518,0.0013432349531798974,-0.3163265306122448,49,0.007458161532864393,0.9221130986855427,0.009756098520272663,48,-0.23796759629629632,0.15519461307974539,-0.14338575393154487,47,-0.17421652421652417,0.19892301919561906,-0.1269708888969414,49,-0.9071980312500001,0.0035739677378969644,-0.2874149659863945,49,-0.08333333333333333,0.844908134633595,-0.019590577080875256,48,-0.5263157894736842,0.08975782297195634,-0.17129636972582582,47,0.44,0.08458360385174936,0.172445057583517,48,0.34615384615384615,0.12773735403879238,0.15434883371156288,47,-0.5830055074744296,0.005389210640721959,-0.2783472797899548,48,-0.7586206896551724,0.007594731417857898,-0.2701968496194605,47,-1.0,0.004440047871680551,-0.29050076515868684,48,-1.2727272727272727,0.005781352475405585,-0.28430846815796146,47,-0.13423423423423425,0.00046813399737604067,-0.3570977854864394,49,-0.2,4.517360648591757e-06,-0.4634680654346922,49,-17.404545454545456,0.010992222576244434,-0.2509570622596386,49,-60.110222108139496,0.00024061263411356552,-0.36224489795918363,49,Tři Sekery,49.943647,12.616463,672.0
0-203-0-11001107001,48,-0.011629231809682936,0.07548305269957716,-0.18004634035570166,48,-0.028047852142109655,0.002103177356189933,-0.3067375886524823,48,-0.033542709911212276,0.09843949328787237,-0.16737976364726034,48,-0.08639121051006902,0.00497542194935164,-0.2801418439716312,48,0.05652173913043481,0.41007245492364597,0.097561010114806,35,-0.06027340614035087,0.3981145969399529,-0.10160427807486631,34,-0.048913043478260775,0.48592859672319455,-0.07066887458078959,48,-0.27888058010416666,0.014163129844512635,-0.2446808510638298,48,-0.4444444444444444,0.21113858204401803,-0.1485245288788295,35,-0.375,0.18684979530226864,-0.15921389917728562,34,-0.14285714285714285,0.6597601099821482,-0.052100840336134456,35,0.0967741935483871,0.812488324049303,0.0285459524820367,34,-0.7307692307692307,0.011451193952304971,-0.29991671188461827,35,-0.6363636363636364,0.01695024979588537,-0.2880161546914942,34,-0.5833333333333334,0.03735488969090622,-0.2546309956621398,35,-0.6666666666666666,0.028174725460653454,-0.27138451261180163,34,-0.058823529411764705,0.01083328568415957,-0.2679407783307057,48,-0.09449404761904762,0.0014679105124416468,-0.3330968428223053,48,-4.64863636363636,0.07548305269957716,-0.18004634035570166,48,-9.860791784375,0.0017564708661458447,-0.31205673758865254,48,Staré Sedlo  Darmyšl,49.639765,12.878357,448.0
0-203-0-11001177001,48,-0.024148335168891647,0.004052380361447416,-0.28827062542571635,48,-0.03201264751446535,0.0010069597560998073,-0.3280141843971631,48,-0.07139431859700401,0.006437485947068377,-0.27396135981333325,48,-0.09967653799431458,0.0012153767378089897,-0.32269503546099293,48,-0.19224941724941724,0.0008242270916717097,-0.368658359336915,40,-0.08170987159090905,0.22899558629157624,-0.1289198606271777,42,-0.37751436781609193,0.0036094856286829112,-0.2926303672847941,48,-0.2966333653846154,0.0052570693965358125,-0.2783687943262412,48,-0.375,0.20813492384852583,-0.13881793940751366,40,-0.15789473684210525,0.6256800191532614,-0.05238663791779139,42,0.042328042328042326,0.8887581843262682,0.015444130559980606,40,0.047619047619047616,0.8708190970722589,0.01748262435007692,42,-0.6666666666666666,0.013924585546423712,-0.2713840395815854,40,-0.4411764705882353,0.1185570063622731,-0.16753952215559656,42,-0.6363636363636364,0.002301856148692552,-0.35159325605791836,40,-0.5833333333333334,0.1189840796721185,-0.1721940749583,42,-0.06742424242424241,0.0043808208267018,-0.29933262931174687,48,-0.1043557168784029,0.0005478943694954936,-0.3577609261955205,48,-8.209259259259259,0.0023404728373218405,-0.3053649328782638,48,-10.5574680828,0.0006018405506789794,-0.34219858156028377,48,Úlice,49.759189,13.143405,428.0
0-203-0-11001186001,48,-0.004747430887248522,0.09485389686622343,-0.1691892746056091,48,-0.016921818622145868,0.004707490503989612,-0.2819148936170213,48,-0.016589159632637893,0.13515681320160972,-0.15179660565226963,48,-0.05258239275244826,0.005863968433900613,-0.27482269503546103,48,0.02375000000000007,0.8380056022326544,0.029556650246305414,29,-0.15811613031633914,0.006870847362093056,-0.2974358974358975,40,-0.04833333333333322,0.37650005539455655,-0.08965361334586822,48,-0.23720678166666664,0.011022662476854012,-0.25354609929078015,48,-0.375,0.35737040242968265,-0.12174373330944387,29,-0.25,0.4627673475102362,-0.08102935778976247,40,-0.06349206349206349,0.9555401469615349,-0.009852216748768471,29,0.32379032258064516,0.4013479306459705,0.09266478335988364,40,-0.5,0.1333107568156869,-0.19753146633673954,29,-0.7105263157894737,0.0391100875253269,-0.22765390998076124,40,-0.25,0.14863865218471176,-0.20039583873543929,29,-0.875,0.0017797497509990643,-0.35786638812909255,40,-0.0,0.060191539874601706,-0.20340477142912744,48,-0.05195681511470985,0.028098230825062936,-0.22996937550751026,48,-1.876388888888889,0.05826314032921386,-0.19189677704896385,48,-5.82561187880324,0.003980220818696068,-0.2872340425531915,48,Plzeň  Radčice,49.765499,13.323199,320.0
0-203-0-11002037001,47,-0.005887021475256771,0.0909289427320727,-0.17189056670136177,47,-0.019783833433803737,0.004344359432088415,-0.2876965772432933,47,-0.01614329942503317,0.14370713917874023,-0.14902876132070464,47,-0.05913771566758578,0.012948125711310482,-0.2506938020351526,47,0.05357142857142854,0.29255394306386684,0.12655971479500894,34,-0.09193106666666666,0.13592202165385744,-0.1764705882352941,35,-0.06666666666666667,0.403055241549759,-0.08513165016299885,47,-0.2510757105263157,0.027099660581305203,-0.2229417206290472,47,-0.21951219512195122,0.5431118099821257,-0.0733457288344799,34,-0.3902439024390244,0.2555408254542131,-0.13525173380890027,35,-0.05555555555555555,0.8703983173665163,-0.019678122370226314,34,0.3181818181818182,0.33395179033591393,0.11476895413364097,35,-0.5,0.21833409944436555,-0.14848037788443494,34,-0.7027027027027027,0.012927802626088713,-0.2946132121062205,35,-0.25,0.08803238121981946,-0.21719379872630823,34,-1.1290322580645162,5.1435682983158254e-05,-0.4975007565834654,35,-0.0,0.08049274321173339,-0.18920444619003268,47,-0.07894736842105263,0.006726381493779193,-0.2885262493837201,47,-2.0300000000000002,0.08247033420700033,-0.17664484871668218,47,-6.988879579230773,0.004872728969893078,-0.2839962997224792,47,Horšovský Týn,49.528213,12.943746,374.0
0-203-0-11002055001,47,-0.025183823529411765,0.014806403377652993,-0.24861748505899925,47,-0.03287777608163264,0.002878746834200521,-0.30064754856614245,47,-0.06140109890109865,0.03521939270911209,-0.21463890781409659,47,-0.08843364379078676,0.008959930608480066,-0.2636447733580019,47,-0.11120833333333346,0.294221312975563,-0.12231933961714225,36,-0.07039550029914526,0.48002672231040755,-0.08108108108108109,37,-0.3290322580645161,0.06063178735318395,-0.19147967025385054,47,-0.2956096285714286,0.048649861809807717,-0.1988899167437558,47,-0.11405405405405405,0.7128538680399352,-0.04309724077418513,36,-0.375,0.2549474241796029,-0.13112376424766162,37,0.22431077694235588,0.41349451045940067,0.09569487529386911,36,0.3333333333333333,0.3328774614289517,0.11161501896211126,37,-0.375,0.11403430216984903,-0.1844199468963826,36,-0.8235294117647058,0.009960402652669339,-0.2964642617235571,37,-0.743421052631579,0.051435695210636706,-0.23410551569030869,36,-1.1126315789473686,0.0027862876722167932,-0.3541164979467987,37,-0.06666666666666667,0.009701293119316796,-0.27549041771793786,47,-0.10526315789473684,0.003446339113868942,-0.30732989547381334,47,-8.990625,0.012364697068661522,-0.25530622700513406,47,-11.277077195999997,0.0027110007880112386,-0.3024976873265495,47,Kdyně,49.393642,13.045733,475.0
0-203-0-11002086001,49,-0.03816724172033899,0.00011203498271137739,-0.38192793282103077,49,-0.03211560940982132,0.0018061757988190401,-0.30782312925170063,49,-0.12101747424115845,0.0007246895005569285,-0.334186941218402,49,-0.10887882196063493,0.004694143845272445,-0.2789115646258503,49,-0.04399999999999995,0.5511375407029835,-0.06387921022067364,42,-0.12756134074074074,0.12120233059252396,-0.16608594657375145,42,-0.36285266457680254,0.010425365463484791,-0.2537405201277461,49,-0.2970780731060606,0.023920924592614523,-0.22278911564625847,49,-0.08333333333333333,0.8198508653681968,-0.024533128803178535,42,-0.15789473684210525,0.5655116681456678,-0.06184431425083103,42,0.6666666666666666,0.06376106815015399,0.19930191759087693,42,0.6363636363636364,0.06854147276792659,0.19591999934040266,42,-0.6923076923076923,0.03742059692198524,-0.2233860295407954,42,-0.375,0.15553370814103099,-0.15268158599067178,42,-1.1666666666666667,0.002210425287646956,-0.33993301551472777,42,-0.9545454545454546,0.0029380781617073834,-0.33022064364287845,42,-0.11324786324786325,8.547577900974323e-05,-0.4040768407025625,49,-0.09523809523809523,0.0016549598482197884,-0.323012465972026,49,-13.002083333333333,0.00023950107431782285,-0.3631725432628552,49,-10.935982126533336,0.0015134114996369931,-0.31292517006802717,49,Chudenice,49.465405,13.176262,490.0
0-203-0-11002097001,49,-0.015240907190635452,0.01964682401428931,-0.23237486970037066,49,-0.02219608740960556,0.0021502009921824344,-0.3027210884353741,49,-0.04676527422563227,0.02564420100356055,-0.22282484824807497,49,-0.061935607492527175,0.0031985386146235937,-0.29081632653061223,49,-0.022569444444444392,0.6191308593862379,-0.057142921751318965,37,0.004501331517857148,0.9565498931849237,0.006349206349206349,36,-0.20000000000000007,0.047819087692968505,-0.19734634081049618,49,-0.22738937699999998,0.02088173655437837,-0.227891156462585,49,-0.452991452991453,0.2548660575973768,-0.13132258735540916,37,-0.04163162321278385,0.8593186185789113,-0.020783911166378902,36,-0.19090909090909092,0.6282966765631431,-0.055765279047856095,37,0.7767857142857142,0.07638928248967182,0.20767197121724287,36,-0.7278846153846154,0.03747504887163107,-0.23963998293538158,37,-0.4593406593406594,0.17738709609828485,-0.15751834837627002,36,-0.4666666666666667,0.028103399132475497,-0.2638929445138465,37,-0.9772727272727273,0.004198263701963088,-0.3464934632250947,36,-0.043478260869565216,0.01545185137937823,-0.25400283550053604,49,-0.09090909090909091,0.0001936194906003403,-0.38706805117874665,49,-5.199999999999999,0.020572277352930404,-0.23065357436925676,49,-7.769051115023027,0.0018061757988190401,-0.30782312925170063,49,Dnešice,49.601994,13.269301,378.0
0-203-0-11003009001,48,-0.01544176811040622,0.18133368668669303,-0.13466054463872648,48,-0.030645227613877557,0.02288564164323596,-0.2269503546099291,48,-0.0227890114379085,0.4123198375626943,-0.08259180071175225,48,-0.10501311079296327,0.023972964329212754,-0.22517730496453903,48,-0.09102564102564105,0.3153591310736501,-0.11201079622132254,39,-0.05964607899159661,0.500364536607681,-0.07317073170731707,41,-0.11277890466531437,0.4225553171675416,-0.0807963267832359,48,-0.3043074015625,0.04847904918294973,-0.19680851063829788,48,-0.2857142857142857,0.41745382579896007,-0.09078665796676105,39,-0.1434634974533107,0.6858429507073684,-0.04406394455701728,41,0.3333333333333333,0.31505206742158975,0.11262038328715604,39,0.2,0.597452371994028,0.05749262357619539,41,-0.8333333333333334,0.01403430498143647,-0.27469654049942593,39,-0.513157894736842,0.08986132989358914,-0.18425872862155077,41,-1.105263157894737,0.0031192802421689536,-0.33910215700436014,39,-0.7,0.05601794644967123,-0.2142194453298185,41,-0.045454545454545456,0.10061766959144022,-0.17136454102903273,48,-0.08333333333333333,0.008044618838173409,-0.27434516620174626,48,-4.929166666666669,0.18722336472434942,-0.13286507071021014,48,-10.758129797894718,0.027507891169898508,-0.2198581560283688,48,Nýrsko,49.290206,13.135924,457.0
0-203-0-11003028001,48,-0.007597936361086546,0.27024675841998935,-0.11022261412554696,48,-0.03037320383851973,0.003980220818696068,-0.2872340425531915,48,-0.008861921009098422,0.5874402306613957,-0.05434363674976945,48,-0.0985478794092262,0.005863968433900613,-0.27482269503546103,48,-0.009375,0.9228994696481333,-0.010803513603897131,39,-0.008190585714285806,0.9249591937612601,-0.009966777408637873,43,-0.10984126984126982,0.4286617171015281,-0.07928825689720462,48,-0.36291439047619045,0.015625516871063866,-0.24113475177304966,48,-0.043478260869565216,0.9324844387539508,-0.00948517322040787,39,-0.10810810810810811,0.7297297620305545,-0.03666687037206792,43,0.21428571428571427,0.513514842262049,0.07302246259506871,39,0.6363636363636364,0.09398477597085926,0.17748222017059245,43,-0.06896551724137931,0.855942434661328,-0.020325371186588292,39,-0.08333333333333333,0.8016223202301135,-0.026651962787709333,43,-0.3181818181818182,0.23122822256304287,-0.13846615215446773,39,-0.7,0.07943949776605723,-0.1898375782766847,43,-0.0,0.5231366825743156,-0.06701812273617547,48,-0.1,0.0006772128030741767,-0.35118048156625264,48,-2.6886363636363635,0.24774620591207197,-0.11555596642194439,48,-10.6167996900641,0.0033564624484795267,-0.2925531914893617,48,Strážov,49.30562,13.246905,477.0
0-203-0-11003072001,48,-0.011720942353611645,0.0348442385146794,-0.21208989922475902,48,-0.0184243913543332,0.005863968433900613,-0.27482269503546103,48,-0.041720085470085475,0.037052111945244784,-0.21007044963641333,48,-0.06439684056223544,0.006190502761392452,-0.273049645390071,48,0.013333333333333372,0.7628429834484349,0.03416370972092908,38,0.004635361346765628,0.9632278573873886,0.007575757575757577,33,-0.15941176470588236,0.10894042373788185,-0.1614459511725747,48,-0.22162883032738093,0.026282623731217834,-0.22163120567375888,48,-0.34210526315789475,0.3389479858852107,-0.10880683924019315,38,-0.0521680216802168,0.8523805160406098,-0.02285751604412472,33,-0.07142857142857142,0.8306844710395328,-0.024285937320856685,38,0.8367647058823529,0.06285399217787763,0.2281385312738065,33,-0.3939393939393939,0.2224446328137316,-0.13857270118371168,38,-0.375,0.2578448422525812,-0.13865203469255952,33,-0.23333333333333334,0.06587832282551226,-0.220862517842595,38,-0.9772727272727273,0.003924487940415083,-0.36625782617257663,33,-0.043478260869565216,0.00759823435200519,-0.2837097796143288,48,-0.07692307692307693,0.0005036630220949103,-0.36901374102355744,48,-4.006470588235294,0.0348442385146794,-0.21208989922475902,48,-6.0901485360624985,0.004707490503989612,-0.2819148936170213,48,Lužany,49.54908,13.317522,358.0
0-203-0-11003082001,48,-0.025048527410211213,0.012763846021428646,-0.2493346173929578,48,-0.031748697382936245,0.0006857061490441187,-0.33865248226950356,48,-0.07503802910052909,0.04722743346332873,-0.19902275377688777,48,-0.10271248963009386,0.0019811873480864617,-0.3085106382978724,48,-0.036666666666666715,0.5084443119664204,-0.07101299806633944,42,-0.06592583137408567,0.3688897105296235,-0.09756097560975609,41,-0.2403418803418804,0.1195615110483921,-0.15604363738021473,48,-0.3110652730263157,0.007270616831876141,-0.26773049645390073,48,-0.2571428571428571,0.4349581601775726,-0.084064207543053,42,-0.1451048951048951,0.6052049717740031,-0.05637322632599218,41,0.30434782608695654,0.35118705456854016,0.1001751481017045,42,0.7886904761904762,0.024624801931478466,0.24479969198342932,41,-0.5609756097560976,0.13182906925312562,-0.16200565231071282,42,-0.45079365079365075,0.2249939317478088,-0.1320297344884709,41,-0.7368421052631579,0.009743217911746111,-0.28918023383937735,42,-1.1666666666666667,0.0013214426706265835,-0.3611092393868139,41,-0.07692307692307693,0.0032072570717400837,-0.30928323237187466,48,-0.1111111111111111,0.0003177762856043687,-0.37513285308955807,48,-8.965243902439024,0.009398076602420825,-0.26025327559366224,48,-10.547944126840907,0.0003776684879346496,-0.3546099290780142,48,Netunice,49.61559,13.432035,464.0
0-203-0-11005011001,49,-0.0412119047619048,0.0022099834793217017,-0.30225652577084977,49,-0.03753656242564767,0.001264935430635814,-0.3180272108843537,49,-0.12737839366515835,0.0026859845895983946,-0.29718460491226073,49,-0.10348099672755362,0.007158301368722786,-0.26530612244897955,49,-0.086875,0.2974940702262119,-0.10893708556536041,44,-0.10471460042735031,0.16395240082559248,-0.14728682170542634,43,-0.3543333333333334,0.019924893468563656,-0.22998329795115754,49,-0.2767729491071429,0.027336569839868333,-0.21768707482993196,49,-0.35133239831697055,0.3842492407348782,-0.09119876479532726,44,-0.19230769230769232,0.6006460187072314,-0.05558685771113306,43,0.35294117647058826,0.2700761685300309,0.11565066480480585,44,0.5,0.08406868410909062,0.18353908040191777,43,-0.7416666666666667,0.03446080467951161,-0.22175219214866443,44,-0.72,0.035377534868899586,-0.2230860102076371,43,-1.0,0.001941817640314304,-0.3325855609992339,44,-1.1666666666666667,0.0006416615552138026,-0.3724595598723129,43,-0.09090909090909091,0.0008499963790773128,-0.34296433596367215,49,-0.1043557168784029,0.0009111929914402748,-0.3399050064657613,49,-14.386821705426357,0.0013015547512009206,-0.31758220876768156,49,-13.170878059707533,0.000877055929426023,-0.3282312925170067,49,Žinkovy,49.486555,13.491503,475.0
0-203-0-11005023001,48,-0.0390475605531926,0.004324403247212221,-0.2849536480908495,48,-0.02199819637762746,0.013478283909077125,-0.2464539007092199,48,-0.11935563186813186,0.01213895175388794,-0.25111557894576464,48,-0.07624696662655969,0.017219139837294017,-0.2375886524822695,48,-0.1922202797202798,0.1238043780439378,-0.16502036487110194,42,-0.035103264374999985,0.500364536607681,-0.07317073170731707,41,-0.4404545454545455,0.01560638904511441,-0.24156343611461473,48,-0.22588675135135128,0.04271631617416754,-0.2021276595744681,48,-0.5263157894736842,0.1210712038139706,-0.16666768547073335,42,-0.375,0.39319211851064306,-0.09290981315855361,41,-0.08333333333333333,0.8030690674102898,-0.026838098637153085,42,-0.11813953488372092,0.6209849817403484,-0.05392221648573165,41,-1.0588235294117647,0.007411213602484415,-0.2878805476312667,42,-0.6417112299465241,0.13220595525413506,-0.16381467056902874,41,-0.9333333333333333,0.03798981212591815,-0.22921898206725377,42,-0.4117647058823529,0.15841358626257773,-0.15918381144856,41,-0.08333333333333333,0.009536498334061146,-0.26982539187519367,48,-0.06896551724137931,0.011843424697385032,-0.26232688039451013,48,-12.177878787878775,0.006882795791718871,-0.26998266389280473,48,-6.765140096632216,0.018068141202559927,-0.23581560283687944,48,Životice,49.470036,13.681495,484.0
0-203-0-11005040001,48,-0.016773128657057226,0.04019702141352895,-0.2072344567724674,48,-0.029633181364241232,0.002103177356189933,-0.3067375886524823,48,-0.0531070650482415,0.02950999336955987,-0.21984872805426975,48,-0.08400440447471563,0.0065333195336266655,-0.2712765957446809,48,-0.09823232323232324,0.1731696689763711,-0.15873015873015875,36,-0.09261478353030303,0.1999372522493834,-0.14714714714714713,37,-0.2039285714285714,0.060984686201594265,-0.18956157010606436,48,-0.26075874999999993,0.023972964329212754,-0.22517730496453903,48,-0.26190476190476186,0.5307181290869638,-0.07336607105863298,36,-0.375,0.27736413193536924,-0.1252847672471145,37,-0.3333333333333333,0.16033346161669548,-0.16440799258300257,36,0.5,0.09386771929112937,0.19335700402093609,37,-0.2857142857142857,0.19546324361088763,-0.1513956238490232,36,-0.55,0.11343267006053243,-0.18209226227690564,37,-0.0,0.8258939952297807,-0.026653343325007284,36,-1.3229166666666665,0.00033606863606762047,-0.4253511427096163,37,-0.043961352657004835,0.039420166774418286,-0.2179688485805356,48,-0.1,0.0023923418707353663,-0.31635295406464364,48,-5.95,0.019893675546333266,-0.23527380824443106,48,-10.289335735514708,0.0014630300782730258,-0.31737588652482274,48,Seč,49.587397,13.506002,398.0
0-203-0-11005050001,48,-0.01607435118073417,0.03869956030640529,-0.208274975707897,48,-0.022128873304315268,0.006190502761392452,-0.273049645390071,48,-0.04775910364145662,0.05860441886618493,-0.19101610798157864,48,-0.07416119683919878,0.01487849937946628,-0.24290780141843976,48,0.046470731707317095,0.5857969329334616,0.06359308513668366,36,-0.09682570240384614,0.13587424025509032,-0.16410256410256413,40,-0.14230769230769225,0.18710661642250181,-0.13322891914325694,48,-0.23631251728110597,0.03754374860807659,-0.20744680851063832,48,-0.375,0.2940121823380418,-0.12271013722499775,36,-0.15894736842105261,0.5917263351022891,-0.059356074020638555,40,-0.0,0.9673821747932067,-0.004788582308242793,36,0.6363636363636364,0.042521306706978394,0.22422978307036553,40,-0.5381578947368422,0.06786872435879762,-0.21337687825783652,36,-0.375,0.2732999624852579,-0.1208230213361693,40,-0.5060975609756098,0.09680402357249179,-0.19999863398708434,36,-1.0,0.0011855564882141871,-0.3719001756701938,40,-0.05555555555555555,0.020005504733819107,-0.24463956659436975,48,-0.08333333333333333,0.0035042931629937083,-0.30493977525315225,48,-4.929166666666667,0.0378605965022644,-0.20926785605331907,48,-7.553169288219866,0.006893116958245997,-0.26950354609929084,48,Spálené Poříčí,49.615175,13.604538,420.0
0-203-0-11005051001,48,-0.021138745416865938,0.00496454136044465,-0.28554706825468024,48,-0.026665544438430236,0.0008869576440031217,-0.33156028368794327,48,-0.06694117647058824,0.00653102318561413,-0.2764532125777796,48,-0.07943015692910227,0.002103177356189933,-0.3067375886524823,48,-0.0780487804878049,0.2932530962050729,-0.12447439221544217,35,-0.13458122732142858,0.057648988271815936,-0.21479374110953062,38,-0.2679285714285714,0.026457983556026955,-0.22616142331301242,48,-0.28080354666666674,0.00851691262350678,-0.2624113475177305,48,-0.2972972972972973,0.267519461806632,-0.13209528366269427,35,-0.2,0.44300498581608483,-0.08701889910307951,38,-0.0,0.9546771178098099,-0.006751114949037703,35,0.2619047619047619,0.4581012941136148,0.08416582044396215,38,-0.34782608695652173,0.16825985281103373,-0.1632998947103051,35,-0.45714285714285713,0.13779001064332924,-0.16845217913529906,38,-0.4666666666666667,0.07861848774805698,-0.21481807926760343,35,-0.7954545454545454,0.01447524875340883,-0.28804810805140235,38,-0.0625,0.004370213091199183,-0.3016079375886152,48,-0.07142857142857142,0.007940925083032215,-0.277897552606676,48,-7.327564102564101,0.002494143146470098,-0.3073723218792418,48,-8.92754247804,0.000832060800731321,-0.33333333333333337,48,Nezvěstice,49.635765,13.528521,371.0
0-203-0-11101013001,49,-0.032362450474695395,0.17295245944163984,-0.13492864246016434,49,-0.03377527451786615,0.10887077203426464,-0.1581632653061224,49,-0.07871591371591372,0.216952715865396,-0.12269910206234753,49,-0.12079229787142859,0.06022754268302918,-0.18537414965986393,49,-0.12545460491889066,0.3570405459944477,-0.09999999999999999,41,-0.030578094963369877,0.656751954734841,-0.044326241134751775,48,-0.285,0.2512672910778334,-0.11372557013433215,49,-0.12318023680124221,0.41778814873842385,-0.07993197278911564,49,-0.6181818181818182,0.16363912494525956,-0.15140426426426154,41,0.18974358974358974,0.6439012353291732,0.0461812451395587,48,0.5,0.14721524659577975,0.1577989030070044,41,0.5,0.06061536332877175,0.18797553039674353,48,-1.0,0.010084293104958139,-0.2801236340201861,41,-0.5454545454545454,0.047385028716859935,-0.19848846354106614,48,-1.5555555555555556,0.0003045223739302495,-0.40167293697136713,41,-1.1666666666666667,0.005427971842843577,-0.2829375989806,48,-0.08,0.04974748116878753,-0.20090865331969154,49,-0.08571428571428572,0.025902981625857475,-0.22668322437782235,49,-10.814798850574714,0.13341223251674145,-0.14859230245613037,49,-11.80952927762383,0.09447540898884033,-0.1649659863945578,49,Strašice,49.742781,13.753217,526.0
0-203-0-11101025001,48,-0.037250668124392615,0.0008043990958411311,-0.3346651879447049,48,-0.04816831151715184,0.0003776684879346496,-0.3546099290780142,48,-0.11624421296296296,0.0014575346264008044,-0.31822335368504684,48,-0.1418523285297986,0.0006857061490441187,-0.33865248226950356,48,-0.07285714285714283,0.3683846310645289,-0.09639953542392567,42,-0.1557226048529412,0.017917366413148263,-0.24444444444444444,45,-0.42341269841269846,0.0035476107206784623,-0.2912970847264472,48,-0.38916570199275363,0.0016531283098073152,-0.3138297872340426,48,-0.0,0.9654073191782269,0.004664761889057207,42,-0.34210526315789475,0.32791331226106635,-0.1011122862674005,45,0.3548387096774194,0.31319113727877246,0.10864671327121925,42,0.6708333333333334,0.03210391969294309,0.22199835616012362,45,-0.5,0.14632463398019563,-0.15608685867009772,42,-0.6923076923076923,0.0169601011675798,-0.24721492109655957,45,-0.875,0.01619022160438854,-0.26709022647585756,42,-1.3504962779156329,4.733248704564715e-05,-0.4339322290919636,45,-0.1111111111111111,0.00014746059563697564,-0.39298091374844735,48,-0.14285714285714285,4.1436629937734436e-05,-0.4232648962035361,48,-12.602916666666665,0.0004170335737059011,-0.3524193093210818,48,-15.485598889231882,0.00018922991689593053,-0.37234042553191493,48,Holoubkov  Medový Újezd,49.77498,13.71137,433.0
0-203-0-11101047001,48,-0.0633666239508954,3.5789976135717164e-05,-0.4124168919933444,48,-0.05000024541188712,0.000832060800731321,-0.33333333333333337,48,-0.20145153061224472,0.00017005633033486217,-0.3751663340068488,48,-0.17012784100887907,0.0019811873480864617,-0.3085106382978724,48,-0.2542098053461689,0.00492704983978555,-0.29386892177589846,44,-0.11548628158482137,0.15893748954289688,-0.14545454545454545,45,-0.7,8.23152417133661e-05,-0.39290469495279906,48,-0.37025470606060606,0.01487849937946628,-0.24290780141843976,48,-0.26746031746031745,0.3213909589349667,-0.10403490820341749,44,-0.24390243902439024,0.30878090730212715,-0.10547754138445634,45,0.5,0.06858767638853998,0.19088113561812683,44,0.4342857142857143,0.18978772822406287,0.1357655714218811,45,-0.6571428571428571,0.020516883049830337,-0.24271415358093856,44,-0.5263157894736842,0.06875381994528086,-0.18845071854082,45,-1.1666666666666667,0.0012460003492296707,-0.3450192950281431,44,-0.9130434782608695,0.008971902212009351,-0.27692112237202154,45,-0.14285714285714285,5.487903247757843e-05,-0.4161947784661307,48,-0.13513513513513514,0.0001184614396863959,-0.39546543867903744,48,-20.057916666666664,3.312011189278161e-05,-0.41419072808793944,48,-16.52932657724194,0.0007315983310494874,-0.33687943262411346,48,Úněšov  Číhaná,49.894104,13.128163,573.0
0-203-0-11101055001,48,-0.03116384685295863,0.009695000627075664,-0.2580931517635768,48,-0.03994405708218565,0.015625516871063866,-0.24113475177304966,48,-0.1282133045525903,0.005108071958063965,-0.2796274116779364,48,-0.175734427088043,0.0033564624484795267,-0.2925531914893617,48,-0.09166666666666666,0.24832629500680026,-0.11931249779553259,45,-0.08778145555555551,0.3201182320001086,-0.10520487264673312,43,-0.33470839260312946,0.01762573626355824,-0.23701752037463183,48,-0.34107333624031,0.030106846447090937,-0.21631205673758866,48,-0.17615384615384616,0.5702998374883131,-0.05882401346440834,45,-0.0967741935483871,0.737599326488382,-0.035575588935125156,43,0.0502828409805154,0.8601148475040853,0.018311756258961902,45,0.1,0.6754123789954631,0.04441993797951555,43,-0.4365079365079365,0.1317474370069045,-0.1563471919941143,45,-0.375,0.2715449758147299,-0.11692831585071056,43,-0.4666666666666667,0.12336350624828861,-0.16453719027739977,45,-0.5384615384615384,0.21091203420580662,-0.13590932048734028,43,-0.0754985754985755,0.00680825684081248,-0.2824211456959964,48,-0.09600614439324116,0.005876116583264902,-0.28464102190106794,48,-9.199166666666667,0.013813214545051583,-0.2456762991014116,48,-11.38715996844186,0.018953582561057947,-0.2340425531914894,48,Horní Bělá  Vrtbo,49.884347,13.248312,513.0
0-203-0-11101060001,48,-0.02106432234432235,0.004632680876638019,-0.28680748689827856,48,-0.020878273506280923,0.0016531283098073152,-0.3138297872340426,48,-0.06688172043010752,0.010238853215845242,-0.2608720109113855,48,-0.06503297212729078,0.0028230016762828933,-0.2978723404255319,48,-0.11318452380952375,0.13759278303924388,-0.17315335088660397,36,-0.11964238225806449,0.07586833499439008,-0.21008403361344538,35,-0.33484848484848484,0.008861323348400816,-0.26533847182160997,48,-0.25915800655270654,0.003980220818696068,-0.2872340425531915,48,-0.3405797101449275,0.34716454764134097,-0.10978551553497608,36,-0.08333333333333333,0.7118120514245293,-0.04388224716874508,35,-0.15504807692307693,0.5219384145580527,-0.07478143811802718,36,0.3333333333333333,0.4345707927772048,0.09274926275647884,35,-0.55,0.08119431873413561,-0.2034978724373877,36,-0.46153846153846156,0.22173053853537017,-0.14514897140431063,35,-0.4375,0.031135848365178905,-0.2617066580608021,36,-0.84,0.004925214469012675,-0.3451421063615348,35,-0.06666666666666667,0.0025551602678993,-0.3179966095441298,48,-0.08888888888888889,0.0015830449135013703,-0.33153930461744113,48,-7.286956521739132,0.0029352417713919008,-0.30128357456506866,48,-7.384641242499999,0.0010069597560998073,-0.3280141843971631,48,Hromnice,49.848142,13.445309,336.0
0-203-0-11102023001,49,-0.04503833179409296,0.003876526050017277,-0.2852279891077033,49,-0.04513393986024026,0.001605752374836877,-0.3112244897959183,49,-0.13334447415329764,0.008115164533928975,-0.26183485526402306,49,-0.14788027319962788,0.001605752374836877,-0.3112244897959183,49,-0.14129642287537025,0.05275765250271969,-0.19999999999999998,45,-0.032743325578703714,0.6562998511125285,-0.046511627906976744,44,-0.4114420062695925,0.008543536953488093,-0.26012909073461576,49,-0.35035975148026316,0.008347785002393493,-0.260204081632653,49,-0.12903225806451613,0.550356134357563,-0.062088323016166694,45,0.07417582417582418,0.7925039197065072,0.027571719589284987,44,0.22953216374269003,0.31349451537077144,0.10441018577393943,45,0.6,0.028846701437157393,0.22930143032589975,44,-0.3073463268365817,0.17071246864642053,-0.14184462685868174,45,-0.3649193548387097,0.2834727213160626,-0.11252755377104338,44,-0.3888888888888889,0.2668465187636776,-0.11757636362810493,45,-0.875,0.02148513065501566,-0.24769744956934803,44,-0.1,0.00432444367681379,-0.29125766802930336,49,-0.14760348583877997,0.00015668951902344358,-0.38616080157239474,49,-14.19110310421286,0.002937071596217759,-0.2937422574392765,49,-14.576905826802374,0.0007745417287417526,-0.33163265306122447,49,Žlutice,50.09822,13.160412,569.0
0-203-0-11102028001,49,-0.0892065611626819,1.0561998095583788e-05,-0.4350791117433922,49,-0.09245306965147204,0.00022488109683356384,-0.3639455782312925,49,-0.2792372977297428,2.8880038082237723e-05,-0.4136478983812742,49,-0.29714438345238103,0.0003588775360528896,-0.35204081632653056,49,-0.3323360938578331,0.00021754733856944804,-0.3818181818181818,45,-0.15938982500000046,0.07353743425566607,-0.1826086956521739,46,-0.9011627906976745,7.946366545910359e-06,-0.44198209637493435,49,-0.5753983,0.0027024317147997566,-0.2959183673469387,49,-0.2768199233716475,0.3229217417958812,-0.10248711613933228,45,-0.2857142857142857,0.39933100312126246,-0.08615698626275223,46,0.5,0.05631137944222931,0.1980731772954973,45,0.5,0.03716958075761311,0.21349063330945445,46,-0.5527777777777778,0.018342522657383776,-0.24454846524335727,45,-0.6363636363636364,0.04775370091739248,-0.2027173355793744,46,-1.1666666666666667,0.0070042932143610645,-0.28341630916298327,45,-1.2173913043478262,0.005582011631634425,-0.2875961098801149,46,-0.15894736842105261,5.925514051974764e-06,-0.45962576795817744,49,-0.1875,4.986954075837787e-05,-0.40920656754372736,49,-29.173737373737378,7.66605409170652e-06,-0.4418905264086508,49,-29.949382057065602,0.00012960552084704125,-0.3775510204081632,49,Verušičky,50.140984,13.172377,582.0
0-203-0-11102036001,49,-0.10908649398704903,0.002411887812925893,-0.2993197278911564,49,-0.07222092170818217,0.001605752374836877,-0.3112244897959183,49,-0.3426120448179273,0.0035739677378969644,-0.2874149659863945,49,-0.21551172580036218,0.0027024317147997566,-0.2959183673469387,49,-0.2521543560606059,0.07546824715704693,-0.1773049645390071,48,-0.10343434563492071,0.21571190240565197,-0.12488436632747459,47,-0.7215762273901809,0.010980336821071933,-0.25138531694360877,49,-0.43690692928039715,0.01579778847769685,-0.23809523809523805,49,-0.375,0.2780997433840844,-0.1084448300267478,48,-0.20588235294117646,0.39869520689295723,-0.08538328107533967,47,0.5,0.021275243034141078,0.23073773636377523,48,0.5,0.06656041570532828,0.1856158284246515,47,-0.375,0.18527587371860677,-0.13250397664122449,48,-0.55,0.031095978297748194,-0.21820020501915197,47,-0.8108228980322003,0.05428749203230656,-0.19551747095554808,48,-0.9545454545454546,0.044674801139011476,-0.2072018689040613,47,-0.14285714285714285,0.00042329100881271424,-0.3573575747934631,49,-0.16666666666666666,0.00020461163434117797,-0.3759930530643585,49,-38.24722222222222,0.0015134114996369931,-0.31292517006802717,49,-24.568873384802018,0.001703254511656436,-0.3095238095238095,49,Bezvěrov,49.993664,13.054363,699.0
0-203-0-11102044001,48,-0.018836601307189525,0.01535864294767743,-0.24418445427822402,48,-0.043667060238975805,0.002232021541191026,-0.30496453900709225,48,-0.06367748853927535,0.040807014098645095,-0.20718900473093307,48,-0.15245674390950673,0.002663172969227803,-0.299645390070922,48,-0.07931034482758623,0.22629697844092989,-0.13522678258346058,39,-0.13877800302059057,0.13441646438945734,-0.15644820295983083,44,-0.2260611205432937,0.03392162655962712,-0.21385590039898897,48,-0.3600135257142856,0.00851691262350678,-0.2624113475177305,48,-0.15384615384615385,0.6719199169834429,-0.047361472499901025,39,-0.3333333333333333,0.3520074401533265,-0.09745784584610027,44,0.3111111111111111,0.3453612597341412,0.10533425763799703,39,0.4117647058823529,0.11449455480174774,0.16543031753570991,44,-0.45714285714285713,0.2504029933669286,-0.12837849559765724,39,-0.4117647058823529,0.22094710682304874,-0.12811027272955286,44,-0.6666666666666666,0.009090245738573694,-0.30297554997015863,39,-0.84,0.04288557692819392,-0.21798145845487688,44,-0.06666666666666667,0.005361662871604093,-0.2928500842231884,48,-0.1111111111111111,0.0011127150757029008,-0.3352254300709696,48,-6.299999999999994,0.010276411715624456,-0.2585482457063549,48,-13.619969425875002,0.002103177356189933,-0.3067375886524823,48,Manětín,49.992466,13.22757,436.0
0-203-0-11102069001,48,-0.013859350757847,0.005306590135566754,-0.28428120474329344,48,-0.025942332052863618,0.00035292524454513227,-0.3563829787234043,48,-0.044406387463343105,0.009671453052264066,-0.26463256628158627,48,-0.08600280514726519,0.0016531283098073152,-0.3138297872340426,48,-0.043678160919540195,0.3497506313188903,-0.11853475804217377,31,-0.08996459667467946,0.18192622259449343,-0.15555555555555559,36,-0.24205163043478262,0.006972216953155022,-0.27514032999270527,48,-0.319785108664955,0.002232021541191026,-0.30496453900709225,48,0.05263157894736842,0.945768358289008,0.00863003440504918,31,-0.034482758620689655,0.9240140289676839,-0.011137660996301922,36,-0.08333333333333333,0.8516491709514632,-0.023706951608434754,31,0.5,0.19073250316238344,0.15311180047019057,36,-0.2571428571428571,0.43424505629430343,-0.09903127373514262,31,-0.5662020905923345,0.14871570770747913,-0.1685216756122117,36,-0.3888888888888889,0.21708895076623158,-0.16139279229159528,31,-1.046276595744681,0.0020179652998928463,-0.3738008768269133,36,-0.0625,0.00306730358814775,-0.3149843969927139,48,-0.10960960960960961,0.00015284750698953473,-0.39664460208806307,48,-4.787222222222223,0.003376197380175419,-0.29890660434423466,48,-9.479221909995832,0.00018922991689593053,-0.37234042553191493,48,Plasy,49.933074,13.382176,330.0
0-203-0-11102088001,48,-0.0,0.812917674077831,-0.024578929397031886,48,-0.010289374410347739,0.04271631617416754,-0.2021276595744681,48,-0.0,0.9274731141811651,-0.009453434383473801,48,-0.033214935560816505,0.046489568641976974,-0.19858156028368795,48,0.01842105263157893,0.8958668197336087,0.021538461538461538,26,-0.023637983333333293,0.7874429024058983,-0.03655913978494624,31,-0.0,1.0,0.0,48,-0.13622926106060604,0.11774828157079921,-0.15602836879432627,48,0.0,0.9648125273125532,0.006182446677351862,26,0.047619047619047616,0.7985747290404038,0.03246821699610525,31,0.0,0.9648125273125532,0.006182446677351862,26,0.38461538461538464,0.47495853988950676,0.09081213751352624,31,-0.375,0.36591960793471723,-0.1265438126053287,26,-0.19230769230769232,0.6100751603899945,-0.0645856133055278,31,-0.3888888888888889,0.05957072759164119,-0.27552092575186576,26,-0.4666666666666667,0.060519884164679724,-0.24812811320936612,31,-0.0,0.486743431866968,-0.0753959876391442,48,-0.025015634771732333,0.06486979255705759,-0.19637916108805,48,-0.0,0.8412819941192845,-0.020797555643642367,48,-3.4321721644583336,0.03920532129660884,-0.20567375886524825,48,Liblín,49.916487,13.5451,299.0
0-203-0-11102119001,48,-0.020481744483023256,0.005937259618758663,-0.2765222736727871,48,-0.021087058391468336,0.001293262760494569,-0.3209219858156029,48,-0.06597744360902255,0.005234573683283131,-0.28214828345021814,48,-0.07239433249536023,0.0023680620215125758,-0.30319148936170215,48,-0.05512820512820514,0.34565946134317327,-0.10683771523543786,38,-0.08674879111111108,0.21853657565963125,-0.14795008912655974,34,-0.3126984126984128,0.003105035661170175,-0.29804867213371466,48,-0.300541925,0.0035537270187421866,-0.29078014184397166,48,-0.2,0.4734819602354242,-0.08131274178484478,38,0.037037037037037035,0.8238634038138513,0.02693067648304957,34,0.36666666666666664,0.2795013353752378,0.12259472075004432,38,0.7142857142857143,0.11232145834941401,0.19210549224575363,34,-0.21951219512195122,0.4208413421884968,-0.09136389376829779,38,-0.15384615384615385,0.6671243998336875,-0.05187868624877847,34,-0.4,0.12016352553309519,-0.18332086315991636,38,-0.875,0.016843713629348094,-0.2962353487904996,34,-0.08333333333333333,0.0012685444225830802,-0.3380923036845871,48,-0.09090909090909091,0.0015889411775719161,-0.3327886985400458,48,-7.46875,0.00438183779102996,-0.286495539674074,48,-7.475788303133995,0.0010069597560998073,-0.3280141843971631,48,Slabce  Modřejovice,49.992453,13.690636,389.0
0-203-0-11102153001,48,-0.015062879647397748,0.30077175943477863,-0.10451824776350531,48,-0.013850523358010073,0.09829514977327344,-0.1648936170212766,48,-0.029885840655071428,0.45846497553949916,-0.07509470477147356,48,-0.04723294066725045,0.13079689424365312,-0.15070921985815602,48,-0.16909090909090907,0.06396243604375287,-0.21587301587301588,36,-0.04278357499999989,0.6062399309779682,-0.05832147937411096,38,-0.24180107526881717,0.20836413862287473,-0.127335585858561,48,-0.13437333664596274,0.16022644561987787,-0.1400709219858156,48,0.07692307692307693,0.8062025821808554,0.02870846258816073,36,0.4117647058823529,0.34555775904662933,0.10699044971690104,38,0.2,0.6235839752171604,0.057509161260159564,36,0.5,0.20402623544445264,0.14408047228542673,38,-0.55,0.12040638911803868,-0.18124029263954844,36,-0.34782608695652173,0.3787282004642747,-0.09978640061050119,38,-0.5317307692307692,0.08361413147547309,-0.20844250013389534,36,-0.6774193548387096,0.0760944811593397,-0.2071064835408937,38,-0.0,0.36323325845145427,-0.09504948874665795,48,-0.047619047619047616,0.07360358467496513,-0.18708891660223995,48,-5.425677419354838,0.24618440463159086,-0.11713251904530766,48,-4.0113792502,0.08465733875389952,-0.1719858156028369,48,Karlova Ves,49.990212,13.861277,405.0
0-203-0-11103001001,48,-0.01390941603914294,0.04040883916151583,-0.20647950177938063,48,-0.030925067675872074,0.0004619739444112864,-0.349290780141844,48,-0.043657762700221786,0.07117070153547594,-0.1828450422825033,48,-0.10954613179121417,0.00032970463256779345,-0.35815602836879434,48,0.00857142857142854,0.9198813436608976,0.011387903240309694,38,-0.10463839436507935,0.19192149639323952,-0.1435897435897436,40,-0.18,0.08542506421137333,-0.1734999865248613,48,-0.3596703385897436,0.0014630300782730258,-0.31737588652482274,48,-0.021739130434782608,0.939847726273078,-0.008565365040777918,38,0.09307359307359307,0.7178961290611066,0.039820240903987336,40,0.037037037037037035,0.8800117316414027,0.017155325543010913,38,0.47413793103448276,0.3756824274046201,0.09781282687987718,40,-0.2222222222222222,0.3204689924739227,-0.11269660703513576,38,-0.45079365079365075,0.11297290800304499,-0.1748077755502024,40,-0.0,0.4846174351958211,-0.08218930552725134,38,-0.9333333333333333,0.010870375096346016,-0.28896369621871687,40,-0.04939024390243903,0.02508089430522251,-0.23479952722668015,48,-0.10912698412698413,8.133859863357984e-05,-0.408206122587857,48,-4.778030303030302,0.02968260827418554,-0.21904781927899508,48,-10.889294795166432,0.0003776684879346496,-0.3546099290780142,48,Oráčov,50.10814,13.54839,401.0
0-203-0-11103045001,48,-0.0343730285671775,0.010734127333688627,-0.25477164175100875,48,-0.029447306896066124,0.0005635849536179961,-0.3439716312056738,48,-0.09760899604025738,0.0827211872795985,-0.17403334971521575,48,-0.08787569607629551,0.0031692191178517666,-0.2943262411347518,48,-0.0600099206349206,0.37338741663569686,-0.09312174526008306,44,-0.06774045231481482,0.251936817477049,-0.12439024390243902,41,-0.214520202020202,0.08141840101456482,-0.17422284168231617,48,-0.27138382459514165,0.0014630300782730258,-0.31737588652482274,48,-0.10555555555555556,0.6708775385987436,-0.04453893164422959,44,0.13333333333333333,0.677607339532538,0.04526015047487723,41,0.5,0.058424830826188434,0.1988338093004563,44,0.6944444444444444,0.09849946116423608,0.18026025514843216,41,-0.767948717948718,0.02671958449833573,-0.2321152822455264,44,-0.21244358478401032,0.5440647906175686,-0.06601486724423546,41,-1.0769230769230769,0.009048872340020673,-0.279303281029788,44,-0.875,0.009512046543342804,-0.2918156556173249,41,-0.0919661733615222,0.0048651144976116206,-0.2904115265903272,48,-0.1111111111111111,0.0002618243496827228,-0.3799963131252727,48,-11.789452214452215,0.009437474091906444,-0.25932545347598346,48,-10.307604164474855,0.0004937731450874472,-0.34751773049645396,48,Nové Strašecí,50.1456,13.8942,482.0
0-203-0-11103049001,48,-0.011687641402714933,0.10091898125503987,-0.16727800793576433,48,-0.012977781827655297,0.009950875259092303,-0.2570921985815603,48,-0.03042735042735043,0.16650584423219728,-0.14150491391445932,48,-0.04234975997078167,0.02288564164323596,-0.2269503546099291,48,-0.07241379310344827,0.38633259888632054,-0.10252100840336134,35,-0.0035186747126436657,0.940913137581158,-0.008912655971479503,34,-0.1515873015873015,0.23317737424567186,-0.12157363418282326,48,-0.19008525000000004,0.02288564164323596,-0.2269503546099291,48,-0.375,0.26784153648559184,-0.1314241771179788,35,-0.2857142857142857,0.5432300588913199,-0.07321440244652554,34,-0.25,0.5505595848729861,-0.07100716024967263,35,0.71875,0.1460292495801583,0.17547176692915786,34,-1.0,0.006667293341479424,-0.32154927721307497,35,-0.5609756097560976,0.15894409544271138,-0.1696431276199982,34,-0.4827586206896552,0.03522863283140117,-0.259989876740635,35,-0.875,0.004862146848639812,-0.35548526403556646,34,-0.037037037037037035,0.07912769738773187,-0.18546472203782416,48,-0.05064102564102564,0.004864752275260752,-0.29883602892110295,48,-4.1999999999999975,0.08046700162772374,-0.17824705763647017,48,-4.163267763877845,0.009450624715441704,-0.25886524822695034,48,Zbečno,50.0614,13.935,262.0
0-203-0-111040030,49,-0.04449522801443134,0.010453972212055435,-0.252873769447725,49,-0.0489178401624772,0.0002573722270563233,-0.3605442176870748,49,-0.12330357142857143,0.03166597260672695,-0.21309809942584257,49,-0.12700041179017857,0.0019147851483005012,-0.3061224489795918,49,0.04830555555555556,0.7082206725586717,0.03913273947493529,44,-0.0855659106902357,0.1966113838119633,-0.1333333333333333,45,-0.3338541666666667,0.0556102387836259,-0.1892589309961358,49,-0.33205370019305014,0.005809442526578983,-0.27210884353741494,49,0.10531135531135531,0.8160225299523672,0.02435153944446046,44,-0.2319327731092437,0.5506361252486651,-0.061709732150881956,45,0.5,0.07830575366560442,0.18471504109586367,44,0.5652173913043478,0.05383104528938573,0.20010469706263062,45,-0.7061538461538461,0.04851997801300657,-0.2066779910405372,44,-0.43305144467935164,0.22129849662279222,-0.126582684130386,45,-1.1666666666666667,0.01072733104652605,-0.27370156003543517,44,-0.9333333333333333,0.029374357414176218,-0.22964097388645446,45,-0.125,0.0002702895342679192,-0.37164707312358314,49,-0.14285714285714285,0.00010046124036912616,-0.3953114251473866,49,-16.14236732259988,0.004563779677866906,-0.28011942810875934,49,-16.61502008085275,0.00012082475879322783,-0.37925170068027203,49,Podlesí,49.6897,13.9806,510.0
0-203-0-11105036001,47,-0.0,0.4276253958779582,-0.08279493525925982,47,-0.011475058069778422,0.02134736675878443,-0.23219241443108238,47,-0.0,0.49228717879090567,-0.0722260906932543,47,-0.041110899149319716,0.029060879825845185,-0.2202684178456584,47,-0.09062499999999989,0.39171805890327704,-0.11047187981895011,30,-0.013286701388888877,0.9436180468092228,-0.011494252873563218,30,-0.0,0.6677224924721705,-0.04478371072638839,47,-0.14862577272727265,0.08305733734367333,-0.1748381128584644,47,-0.0,0.971522279623253,-0.00461363776965222,30,-0.1,0.8025873486341526,-0.032370482988963674,30,0.0967741935483871,0.7889297198920173,0.03456230372897493,30,0.12,0.8583338127365037,0.0230681888482611,30,-0.5714285714285714,0.12476865775515952,-0.19838642409504548,30,-0.34782608695652173,0.32615799675180435,-0.1270221402089478,30,-0.4375,0.2134372843888388,-0.16603865582972024,30,-0.0,0.2823302933868156,-0.14647144540112475,30,-0.0,0.47224021842253905,-0.07783348075016634,47,-0.04,0.015036479712203699,-0.26334939328450463,47,-0.0,0.395738530771942,-0.08863928363050169,47,-3.6637913619999996,0.02134736675878443,-0.23219241443108238,47,Liteň,49.9033,14.1506,320.0
0-203-0-11202007001,49,-0.009117701031780494,0.07584343345805127,-0.1777538016065382,49,-0.008304800910340136,0.016160884087378494,-0.2375480864508932,49,-0.026669316375198725,0.09078578703294063,-0.16983537096952003,49,-0.019901517734397956,0.03182263084606979,-0.2120052814561735,49,-0.021333333333333235,0.6291685967356248,-0.0571909369638518,35,-0.05553134999999999,0.3409548565860992,-0.13390313390313394,27,-0.09714285714285714,0.2638428430842604,-0.1120531555794679,49,-0.1223392820261438,0.0771768197407975,-0.17454250079725128,49,0.12903225806451613,0.820196939335018,0.026958805562662315,35,-0.2857142857142857,0.5044295534497205,-0.09156021379992973,27,0.2,0.5892225103062214,0.06413559201585818,35,0.16,0.7384082059866879,0.04591222869531487,27,-0.375,0.2498226436741492,-0.13659436878681427,35,-0.5517241379310345,0.14439979221307134,-0.1997148965050927,27,-0.4375,0.020930227215806074,-0.28600170864187424,35,-0.5,0.024708121449393047,-0.3241157583078402,27,-0.025978407557354925,0.0896114350413001,-0.17824036752018985,49,-0.0,0.020801073962616223,-0.248835990429097,49,-3.011999999999999,0.07302887766539833,-0.17948798503684588,49,-2.2860326859999995,0.022338191597120402,-0.22562811078669068,49,Praha  Suchdol,50.1436,14.3906,268.0
0-203-0-11202034001,49,-0.008697032928723524,0.018977927895021455,-0.2363189856730096,49,-0.01928117802595032,0.0003470758124624473,-0.3530412909754238,49,-0.02430059523809524,0.0475443671378397,-0.2009589381235619,49,-0.05982980141995632,0.0010867868570064684,-0.3224160223606882,49,0.018148148148148108,0.7540454342405944,0.03653694559992561,36,-0.07066529460784314,0.17732914743926997,-0.16221033868092694,34,-0.13367647058823534,0.08070017680014056,-0.17616457730987423,49,-0.21503421558704455,0.003109369368611378,-0.29179075374595265,49,0.31126482213438733,0.2877423224442013,0.12440333788202983,36,-0.02857142857142857,0.940882871053659,-0.008944601077375597,34,0.05827702702702703,0.8700599828688614,0.019169720420053188,36,0.5581395348837209,0.22384706261473475,0.1468233151856219,34,-0.2023486901535682,0.513082394232721,-0.07643350862967278,36,-0.55,0.09978950668259193,-0.19821460174547156,34,-0.23333333333333334,0.1562072075572171,-0.1742330131092924,36,-1.0,0.004401149055877777,-0.35721534006989425,34,-0.047619047619047616,0.0047576099042107205,-0.2973476731160875,49,-0.06818181818181818,0.0010070628446202626,-0.3458653261769412,49,-3.0501251564455574,0.012034011633320789,-0.25306285818433893,49,-5.540146736347222,0.0002029730546508436,-0.3666525214708618,49,Koleč,50.1991,14.2377,238.0
0-203-0-11301046001,49,-0.10259993532296638,0.0019147851483005012,-0.3061224489795918,49,-0.2551596489771629,0.004447479999753712,-0.28061224489795916,49,-0.30316837767495664,0.0026259750268252057,-0.2968949651817419,49,-0.6982696476396517,0.018184736421747075,-0.23299319727891152,49,-0.304701754385965,0.0400513983475038,-0.2048780689257259,48,-0.6030140060266531,0.025015890981123317,-0.22108843537414963,49,-0.6682105263157894,0.006439056121071428,-0.2693955954719771,49,-0.8769823511904764,0.0455216644673679,-0.19727891156462585,49,-0.08333333333333333,0.7421684395264472,-0.03293306345748631,48,-0.35133239831697055,0.2659367103357829,-0.11021052894437457,49,0.5,0.0753220828029468,0.17825566821483715,48,0.2132034632034632,0.2270456171429912,0.12007302660701852,49,-0.7349012775842044,0.010442100288438215,-0.25645846360418517,48,-0.5591954022988506,0.03320024829695414,-0.21066191938180356,49,-1.124516129032258,0.0006702463861350561,-0.3479395469102028,48,-0.8108228980322003,0.035631410954778495,-0.21164100074663267,49,-0.14285714285714285,0.0005812229558048472,-0.3501682493307217,49,-0.16172624237140365,0.0005567325741424061,-0.3487559716518174,49,-35.25028604118994,0.001703254511656436,-0.3095238095238095,49,-88.54499522916666,0.0027024317147997566,-0.2959183673469387,49,Luby,50.256881,12.400238,524.0
0-203-0-11301161001,49,0.04201376917379065,0.5235597190501162,0.0629251700680272,49,-0.18103022598569596,0.2929739556947437,-0.10374149659863945,49,0.15090277777777783,0.4904540419291169,0.06802721088435373,49,-0.6330593938456822,0.25519636375357213,-0.11224489795918366,49,0.1641361531986532,0.458508009913984,0.07312925170068027,49,-0.46994797610828715,0.43787582308260076,-0.07653061224489795,49,0.17797619047619054,0.7760539435860142,0.028073162896840927,49,-0.8320712121212119,0.14758003246394835,-0.14285714285714282,49,-0.08333333333333333,0.7431754456307981,-0.03242339703136584,49,-0.2963759213759214,0.32145843965240173,-0.09799766592716952,49,0.10555555555555556,0.5232611819779946,0.06335765055342575,49,0.10555555555555556,0.5288036962721617,0.06263660454931028,49,-0.0,0.9312696716495582,0.008554473299380421,49,-0.375,0.06877576676123269,-0.1805771043327421,49,-0.0,0.8760902011720161,-0.01581168111246263,49,-0.4540673211781206,0.046833781639683617,-0.20310423283113088,49,-0.0,0.7886407420499294,0.02704776885683486,49,-0.047619047619047616,0.15745281218910478,-0.14377185048087565,49,12.204838709677418,0.5930442023122553,0.052721088435374146,49,-67.22894689186515,0.22094594612913188,-0.12074829931972789,49,Nejdek,50.335684,12.715486,609.0
0-203-0-11302052001,48,-0.032549001039809865,0.0025826823311668376,-0.30093235732958873,48,-0.1806828197167939,0.0011418434632866738,-0.32446808510638303,48,-0.10726726726726722,0.006497998474785641,-0.2724871175794467,48,-0.6130141590220879,0.0013757331259096552,-0.3191489361702128,48,-0.0012500000000001065,0.9740636125002075,-0.003484320557491289,42,-0.36617499624999983,0.055285618853413744,-0.19333950046253473,47,-0.3126984126984128,0.012806328103608409,-0.24866824305916224,48,-0.6676696568627452,0.02878211947872049,-0.21808510638297873,48,0.42857142857142855,0.29298432054117274,0.11305430413049744,42,-0.375,0.1805527262886958,-0.13524793047575998,47,0.2777777777777778,0.39779563538233276,0.09085652967363898,42,0.36363636363636365,0.10428069903865302,0.1649626465398255,47,-0.2222222222222222,0.4162208140064051,-0.08731106319631898,42,-0.55,0.040769009162373415,-0.20725130824558313,47,-0.3684210526315789,0.38356226996930387,-0.0957956749797872,42,-0.8076923076923077,0.03205225809422253,-0.22092017911719738,47,-0.11764705882352941,0.0006355216665183058,-0.3523505498884175,48,-0.14285714285714285,0.003589990296519199,-0.2989804180484257,48,-11.52780487804878,0.0011047963825013079,-0.32578812725651646,48,-58.304948084174995,0.0016531283098073152,-0.3138297872340426,48,Šemnice  Radošov,50.277061,12.994221,351.0
0-203-0-11303060001,47,-0.01814755792919287,0.13257683299767717,-0.15178159885163017,47,-0.036885623894555686,0.0015572032251835468,-0.3191489361702128,47,-0.05542328042328044,0.1727328654631719,-0.13919769629718928,46,-0.13458395713541657,0.0016166019138036546,-0.32173913043478264,46,-0.04649122807017542,0.5367525471383339,-0.06620209059233449,42,-0.1244748166666667,0.12394673344282209,-0.1627906976744186,43,-0.18333333333333332,0.30427602488670547,-0.10384821595277081,47,-0.4025672727272727,0.0014618742550905918,-0.32099907493061985,47,-0.08333333333333333,0.6882704047134942,-0.043174332590202785,42,-0.15384615384615385,0.6375702250607738,-0.05000027778009262,43,-0.0,0.9913511518757205,-0.0011641475092842531,42,0.2857142857142857,0.3515295723699997,0.09877937765412788,43,-0.2777777777777778,0.29796034270883376,-0.11195428533737295,42,-0.6363636363636364,0.04227044382228271,-0.21543669920065045,43,-0.0,0.6468718630275736,-0.05066945919381399,42,-0.9333333333333333,0.03281651048553109,-0.23130107284872564,43,-0.03333333333333333,0.17395146795659022,-0.1427479841875904,47,-0.125,0.0005336393527184796,-0.3626772173642357,47,-5.6000000000000005,0.14733965650740735,-0.14622861352779004,47,-12.146730531764705,0.0010609220710921336,-0.330249768732655,47,Velečín  Pastuchovice,50.07036,13.38189,470.0
0-203-0-11303115902,47,0.0026988636363636364,0.6259927619998462,0.049676253773568206,47,-0.006315100344632496,0.31751408410767445,-0.10083256244218318,47,0.013686868686868683,0.48990481730833035,0.07056515034830728,47,-0.031028090839705886,0.2593343739938734,-0.11378353376503239,47,-0.05624999999999999,0.4532179794263096,-0.08372723043020276,39,-0.11170879722222227,0.03683298304601661,-0.24705882352941178,35,0.09333333333333324,0.4343361937441288,0.07982121509586748,47,-0.11770223684210528,0.2832966676073182,-0.1082331174838113,47,-0.08333333333333333,0.8181633569727957,-0.025710513642803412,39,-0.3225806451612903,0.3938960037409842,-0.10126672423556556,35,-0.0,0.9806900611134916,0.002708207799527066,39,-0.4,0.31992994743957215,-0.11814451160815981,35,-0.12903225806451613,0.6896620903791951,-0.04465510264276382,39,-0.2619047619047619,0.36326212049630535,-0.10783522225064926,35,-0.0,0.9514997507895344,0.006987500897217009,39,-0.0,0.7516641741746297,0.038956667903746585,35,-0.0,0.4820177031260462,0.07391478498737283,47,-0.0,0.5883386295467581,-0.05790834571318493,47,1.2870967741935484,0.5378184319998924,0.0627982830722466,47,-1.6336752294871792,0.35433384416965663,-0.09343200740055506,47,Chomutov,50.46225,13.39711,362.0
0-203-0-11401,46,-0.18625850340136063,0.004922821451832105,-0.28695652173913044,46,-0.16053119411507194,0.00041302143834504967,-0.3603864734299517,46,-0.4401866515837104,0.0069668797284088676,-0.2753623188405797,46,-0.47828151025210097,0.00013581656502551404,-0.38937198067632856,46,-0.3397594975490195,0.07826928726353054,-0.1818181818181818,45,-0.396329790327381,0.0001071519635723423,-0.39999999999999997,45,-0.6533333333333334,0.07981420237420722,-0.17891691152505032,46,-0.8093046521739131,0.00013581656502551404,-0.38937198067632856,46,-0.5086206896551724,0.07649098769859042,-0.18366502991306086,45,-0.31126482213438733,0.347539572213731,-0.09726488698881032,45,0.13333333333333333,0.5971887194194139,0.05476718494962156,45,0.15,0.5836423249678386,0.056853524361496106,45,-0.15504807692307693,0.6315870284066335,-0.04967086507692263,45,-0.375,0.15583231642344622,-0.14728518311716465,45,-0.0,0.8213021888224126,-0.023829527275720526,45,-0.3888888888888889,0.376927809966358,-0.09309769211613018,45,-0.034482758620689655,0.3261477213944378,-0.1034930249488104,46,-0.07692307692307693,0.08346932077907951,-0.18126824693055515,46,-28.991666666666635,0.04178524799403438,-0.20772946859903382,46,-30.9703101498,0.0010182008971523228,-0.33526570048309184,46,Aš,50.220602,12.179572,675.0
0-203-0-11401004201,49,-0.19953790726817042,0.009711082737026778,-0.25510204081632654,49,-0.13457448983508835,0.004694143845272445,-0.2789115646258503,49,-0.6411518429487179,0.006620594344350112,-0.2679711003789361,49,-0.4591592658420369,0.0007745417287417526,-0.33163265306122447,49,-0.5765476190476194,0.04175775901426754,-0.2054604569820847,47,-0.33579813514601287,0.01487849937946628,-0.24290780141843976,48,-0.9456428571428572,0.08945174001993053,-0.1677310861319927,49,-0.7025110085365853,0.010207754748271396,-0.2534013605442177,49,-0.23809523809523808,0.4743336192970672,-0.07232286468139397,47,-0.32575757575757575,0.28203891854746255,-0.1076039004938803,48,0.34285714285714286,0.12778011849801002,0.15420478437200474,47,0.25,0.3644772810098579,0.0907479056001882,48,-0.8064516129032258,0.005920037712394515,-0.278683345250611,47,-0.5638211382113821,0.016351567853200067,-0.2406451520900302,48,-1.05,0.010273576014277872,-0.2642786159200379,47,-0.6614583333333333,0.09374009059684658,-0.170805227737533,48,-0.10582306830907054,0.043810452441073906,-0.20384273170157285,49,-0.10582306830907054,0.02554486265535267,-0.22581591964309805,49,-58.83,0.032539538474492646,-0.21088435374149658,49,-38.93489801089582,0.006452228081795988,-0.26870748299319724,49,Boleboř,50.537395,13.415082,600.0
0-203-0-11401043001,48,-0.026092508798391152,0.0030916647604866164,-0.29804867213371466,48,-0.024313176906397737,0.006893116958245997,-0.26950354609929084,48,-0.08151041666666667,0.0033522365061759425,-0.29899481044845766,47,-0.08098922357142861,0.006107274096558641,-0.27659574468085113,47,-0.11388888888888893,0.029436098486757545,-0.24307905608768546,39,-0.052897706929347865,0.3885903677420194,-0.09487179487179487,40,-0.3500000000000001,0.00018780948066796438,-0.37735437730656757,48,-0.23054882983273597,0.02878211947872049,-0.21808510638297873,48,-0.32432432432432434,0.4980420853298825,-0.07572699824673791,39,-0.08928571428571427,0.8247695119370578,-0.024405954102443846,40,-0.0,0.9517392945782024,-0.0067843604389853035,39,0.155,0.5677601771898013,0.06326821893276864,40,-0.2,0.3968752345793407,-0.09491632310853658,39,-0.15707236842105263,0.499018189279851,-0.07464663103990628,40,-0.0,0.6179707725633522,-0.05721476723118834,39,-0.25,0.42563659923526664,-0.0903635535043606,40,-0.07894736842105263,0.0022628507194214545,-0.31917243496906433,48,-0.06818181818181818,0.008334423054479283,-0.2751709127071161,48,-8.39999999999999,0.0010407519167237743,-0.330367202847009,48,-7.588476240118204,0.008972928081339603,-0.26063829787234044,48,Měrunice  Žichov,50.47908,13.79031,367.0
0-203-0-11401047001,48,-0.01347621115443696,0.45515344790097145,-0.07466693214956406,48,-0.013072482285361271,0.3025348728413989,-0.10283687943262412,48,-0.04322268907563026,0.397937570171218,-0.08478547806638716,48,-0.04388695316822115,0.25897136316889624,-0.11263859200678437,48,-0.05965909090909094,0.5173866732216856,-0.06772490564369676,44,-0.04339378300213671,0.40019137260551985,-0.08686868686868686,45,-0.021111111111111067,0.8658354665958906,-0.016911573126817295,48,-0.06023084249999999,0.5815935713032607,-0.0549645390070922,48,0.3445054945054945,0.3786392588966636,0.09240679103452418,44,-0.10668563300142248,0.7319694859592001,-0.03547918934065902,45,0.2,0.6058459125480602,0.05411177894536787,44,0.20294117647058824,0.6385792244015639,0.04863244349440516,45,-0.5199146514935988,0.19884822002878355,-0.13460566595973447,44,-0.28174603174603174,0.3041908426750862,-0.10643756802197708,45,-0.35,0.3933782440728758,-0.0914431737109742,44,-0.22227822580645162,0.35838116461217384,-0.09803550936323843,45,-0.0,0.4311396919846566,-0.08132600625744799,48,-0.0,0.413403431013751,-0.08512989932955058,48,-3.1858062330623316,0.4659595001380008,-0.07288914805076492,48,-2.812996972329648,0.38373888935842804,-0.08687943262411349,48,Lukov,50.527833,13.883763,502.0
0-203-0-11401056001,46,-0.07679471544715444,0.007373507465341152,-0.2734299516908213,46,-0.21062657011390348,0.004640600117358503,-0.2888888888888889,46,-0.27648018648018646,0.004119671225092944,-0.2927536231884058,46,-0.6737958555161946,0.0036523692372137737,-0.2966183574879227,46,-0.23963675213675212,0.0887321935348452,-0.17575757575757575,45,-0.448833780919081,0.05000661165382334,-0.2,46,-0.503225806451613,0.028717773788856774,-0.22340435979614393,46,-0.767417499999997,0.07353743425566607,-0.1826086956521739,46,-0.3333333333333333,0.14212868477230386,-0.15213106930450432,45,-0.4117647058823529,0.15824236586935392,-0.14424034778820316,46,0.3981900452488688,0.17371230039970997,0.14104662518185337,45,0.5,0.07040716649966615,0.1854390781432112,46,-0.5923295454545454,0.007970021493653565,-0.27583500880952744,45,-0.6060606060606061,0.0030264542627892288,-0.303887075700655,46,-1.0,0.009535742000164528,-0.2742511170691474,45,-1.105263157894737,0.007502272690961407,-0.28030221526162674,46,-0.13636363636363635,0.001449981392491719,-0.3334819438326171,46,-0.15789473684210525,0.0019319447672766722,-0.3246892774690164,46,-24.233333333333338,0.004640600117358503,-0.2888888888888889,46,-66.27285361586206,0.004373109365965473,-0.2908212560386474,46,Hrob  Křižanov,50.654,13.71953,360.0
0-203-0-11401094001,48,-0.05602564960495633,0.014163129844512635,-0.2446808510638298,48,-0.01295275981184406,0.03920532129660884,-0.20567375886524825,48,-0.1748789682539684,0.030106846447090937,-0.21631205673758866,48,-0.03157941377069534,0.07843629714681094,-0.17553191489361705,48,-0.16646616541353398,0.13497084646224738,-0.150786308973173,47,-0.08379311111111101,0.07586833499439008,-0.21008403361344538,35,-0.39322222222222225,0.06447825396751662,-0.18456085348846057,48,-0.13371886612903228,0.11774828157079921,-0.15602836879432627,48,-0.06666666666666667,0.8400480396274415,-0.020436778651711472,47,-0.15384615384615385,0.6290070976971254,-0.05738447706682048,35,0.21052631578947367,0.45196967921282794,0.07603172953685006,47,0.0625,0.8423145624611732,0.02362890232163196,35,-0.375,0.1687821676379656,-0.1393416726253055,47,-0.13636363636363635,0.6493429745088255,-0.05400891959230163,35,-0.42424242424242425,0.3203887362027755,-0.10255036917071772,47,-0.0,0.8410425066485244,-0.024607647839237513,35,-0.1,0.009133821105087085,-0.2672916966863299,48,-0.028991596638655463,0.11984347153898893,-0.16426338366343746,48,-17.314903846153843,0.02510480811905339,-0.22340425531914895,48,-3.526248562812495,0.04847904918294973,-0.19680851063829788,48,Telnice  Varvažov,50.725083,13.964611,340.0
0-203-0-11401097301,49,-0.12095074543268794,0.001190868784541485,-0.31972789115646255,49,-0.022047410975413045,0.02185512982273589,-0.22619047619047616,49,-0.3342269736842106,0.0030246316355358937,-0.2925170068027211,49,-0.05762309141477057,0.0650892237333971,-0.18197278911564624,49,-0.3393601190476192,0.04551235110111235,-0.19955656064194086,48,-0.07433339380730378,0.359917824728639,-0.10510510510510511,37,-0.6413199426111909,0.019469910472722132,-0.2309336301414169,49,-0.1744870083333333,0.13817760190979336,-0.14625850340136054,49,-0.375,0.24059556923515724,-0.11733375052074353,48,-0.4444444444444444,0.16147767559114323,-0.16126715832758387,37,0.3333333333333333,0.28605416420532415,0.10666704592794866,48,0.03787878787878788,0.9062362787436135,0.013585095243663017,37,-0.55,0.019357651843307642,-0.23430125352769451,48,-0.28174603174603174,0.24967527297899406,-0.13233097668726496,37,-0.7777777777777778,0.017136298627269123,-0.24406135584070535,48,-0.3146464646464646,0.33697156991205945,-0.11332917368244838,37,-0.125,0.0007817668584704277,-0.3408295706464167,49,-0.04083333333333333,0.09315053243259803,-0.17411544552652303,49,-36.34873737373738,0.002411887812925893,-0.2993197278911564,49,-5.937784587777778,0.041923252088472064,-0.2006802721088435,49,Dubí,50.68056,13.80214,402.0
0-203-0-11403005001,49,-0.06395368612106128,0.0410346851265608,-0.2017881594582856,49,-0.04739505591095161,0.0455216644673679,-0.19727891156462585,49,-0.1787660256410257,0.06137846923532921,-0.18475962279513916,49,-0.12824285587806972,0.09112599322869601,-0.16666666666666666,49,-0.1974450386215088,0.08315402284648102,-0.17681159420289855,46,-0.1881870230291005,0.09631356460160362,-0.17171717171717168,45,-0.3736111111111111,0.1786486356048297,-0.13287923881622438,49,-0.3738360333333334,0.10887077203426464,-0.1581632653061224,49,0.0625,0.8795513506196032,0.015511480471865612,46,-0.21008403361344535,0.45707624828117777,-0.0770013688661415,45,0.38461538461538464,0.12727921474122958,0.1561602441544463,46,0.3950428396572827,0.12200897097108135,0.16040815801993547,45,-0.8125,0.009448133285910886,-0.26589287966722963,46,-0.2777777777777778,0.2401586017734929,-0.12195348666382083,45,-1.1666666666666667,0.007803860278814773,-0.2777359591493591,46,-0.5754504504504505,0.07087213590869272,-0.19073759349514435,45,-0.1,0.012526173297279663,-0.2543756743694561,49,-0.06666666666666667,0.07514046831930239,-0.18215552503181615,49,-18.57424390243903,0.06890637878048887,-0.17965106179619522,49,-14.755711120208332,0.08787272389860555,-0.16836734693877548,49,Křižany,50.738722,14.907056,395.0
0-203-0-11403025001,48,-0.017565334137707764,0.22674987940706726,-0.12056737588652483,48,-0.034992976821753924,0.005553041461691772,-0.27659574468085113,48,-0.056427258403361505,0.24790814217320123,-0.11524822695035462,48,-0.11104824219063973,0.0065333195336266655,-0.2712765957446809,48,-0.018117007672634296,0.7691632382292762,-0.0303030303030303,45,-0.1312308539602683,0.03539881529953022,-0.2198731501057082,44,-0.09083333333333343,0.40341272102308545,-0.0834073087880543,48,-0.30837919999999985,0.011596079208976073,-0.2517730496453901,48,-0.0,0.9843876840969145,0.0020242956455148405,45,-0.1858974358974359,0.5988539686900896,-0.05508486939127407,44,-0.025,0.906514125695242,-0.012170485544360347,45,0.14285714285714285,0.6416116964372458,0.04883271201384902,44,-0.375,0.09812141252975254,-0.17148834284700157,45,-0.16869095816464236,0.537192054688218,-0.06458451765704731,44,-0.30434782608695654,0.3662471501979161,-0.09557235897864229,45,-0.0,0.7605960963374384,-0.03265827632534793,44,-0.03774928774928775,0.14102835615349651,-0.15349669960533005,48,-0.07142857142857142,0.016807329095514884,-0.24758673853628804,48,-5.689145299145299,0.23365460237574054,-0.11879432624113476,48,-11.739095823433333,0.0065333195336266655,-0.2712765957446809,48,Mimoň,50.65975,14.72494,278.0
0-203-0-11403041001,49,-0.12524591998613555,0.019009198332814118,-0.23188481635562586,49,-0.030945867221368786,0.3700055866071641,-0.08843537414965985,49,-0.2883899393090569,0.060144956359423435,-0.18584886016737662,49,-0.08688090110561457,0.5235597190501162,-0.0629251700680272,49,-0.4810416666666666,0.001993405530846309,-0.3191919191919192,45,-0.1289340548214284,0.45446981266527,-0.07632850241545895,46,-0.7077961019490254,0.05781266236611659,-0.18771440386580224,49,-0.03144261111111109,0.9176153329240851,-0.010204081632653059,49,-0.375,0.18315035113591382,-0.13807284487791913,45,-0.20588235294117646,0.6090746201577786,-0.052300395442525016,46,0.6,0.023154552743894538,0.23577674088338693,45,0.4117647058823529,0.08136101680262219,0.178555802404271,46,-0.8333333333333334,0.003538463357750987,-0.30254196892367574,45,-0.08333333333333333,0.7474170102448385,-0.0329940069660066,46,-1.3774193548387097,0.00030139118494639455,-0.38228943591456915,45,-0.3333333333333333,0.30854574827866965,-0.10673429549108207,46,-0.1,0.08332618879300605,-0.17552613827963942,49,-0.039230769230769236,0.3364253998235873,-0.09746115676185356,49,-29.32222222222223,0.04734500208525526,-0.1960790726536542,49,-7.722663299000002,0.6539861675936419,-0.044217687074829926,49,Mařenice,50.80967,14.676,395.0
0-203-0-11405014001,48,-0.10068625699566063,0.015625516871063866,-0.24113475177304966,48,-0.11284717682008845,0.04456926421584258,-0.20035460992907803,48,-0.32775507077831145,0.004707490503989612,-0.2819148936170213,48,-0.3999415594719573,0.03291408914427807,-0.21276595744680854,48,-0.31843434343434346,0.04460830984694475,-0.20259019426456987,47,-0.23913380265151574,0.22962344982753635,-0.12118408880666051,47,-0.6712632895559725,0.016007079822169052,-0.2403547908176265,48,-0.5056324090909095,0.10196534264904372,-0.16312056737588654,48,-0.23809523809523808,0.32635305087680966,-0.09925826933601774,47,-0.4418604651162791,0.1804304838398122,-0.13562589468863068,47,0.5,0.028340716530611675,0.22191425106203116,47,0.42857142857142855,0.020722771340102922,0.23497241463523985,47,-0.5384615384615384,0.07666981678766313,-0.1790359437556208,47,-0.3548387096774194,0.20549973346562111,-0.12819433881528106,47,-0.9545454545454546,0.030765836523931826,-0.22174163299092337,47,-0.7777777777777778,0.04670706392654223,-0.2057030912928308,47,-0.1111111111111111,0.007219707861041645,-0.27514032999270527,48,-0.13333333333333333,0.009502413741432684,-0.2640162070350878,48,-31.464908456843943,0.014163129844512635,-0.2446808510638298,48,-37.030440716198555,0.046489568641976974,-0.19858156028368795,48,Chřibská  Horní Chřibská,50.85289,14.52456,440.0
0-203-0-11413,47,-0.22438588235294132,0.015091735508472934,-0.24514338575393155,47,-0.11591197966032604,0.0008719765519366493,-0.3358001850138761,47,-0.3413553113553116,0.09330943167837955,-0.1692876965772433,47,-0.29539634942129633,0.0038684675395494615,-0.2913968547641073,47,-0.12456565656565649,0.5508455521061248,-0.060869565217391314,46,-0.1592291564814814,0.13703789501267608,-0.15353535353535352,45,-0.36086956521739133,0.31751408410767445,-0.10083256244218318,47,-0.561775052631579,0.010510773520114154,-0.2580943570767808,47,-0.3939393939393939,0.12265521771336543,-0.15794640379965022,46,-0.5806451612903226,0.048080164944130095,-0.20466153303895504,45,-0.0,0.9546683136398485,-0.005833854960005083,46,0.09761904761904762,0.7840972093908574,0.028368925371736343,45,-0.45714285714285713,0.1696742113855504,-0.14050446963772564,46,-0.3826219512195122,0.10218509948305972,-0.16945889500265834,45,-0.20588235294117646,0.5237378545590158,-0.06676490074017698,46,-0.2858333333333334,0.4677946367219137,-0.07646603200123489,45,-0.07692307692307693,0.07410489123317761,-0.18475185051300544,47,-0.09523809523809523,0.04182031949300819,-0.2105679818348783,47,-25.13333333333332,0.15519461307974539,-0.14338575393154487,47,-23.642880918999992,0.015091735508472934,-0.24514338575393155,47,Mariánské Lázně  vodárna,49.990619,12.695966,696.0
0-203-0-11453,49,-0.33069787045252885,0.005510214550181902,-0.2738095238095238,49,-1.0415772938845123,0.00522496719329569,-0.2755102040816326,49,-0.6708053670186024,0.007932972201033135,-0.26190476190476186,49,-2.097467903997445,0.027336569839868333,-0.21768707482993196,49,-0.5518154761904761,0.031165051123163333,-0.21258503401360543,49,-1.7679262224823036,0.02185512982273589,-0.22619047619047616,49,-1.4325,0.03395235155956814,-0.20936177794905053,49,-3.075115232558141,0.01579778847769685,-0.23809523809523805,49,-0.7357549857549857,0.038491615434043475,-0.20495489993949015,49,-1.0533428165007113,1.5038594337088322e-05,-0.42796388900928006,49,0.13333333333333333,0.39317036770636626,0.08472575037413017,49,0.2795138888888889,0.06361761600732707,0.18431815713659244,49,-0.5923295454545454,0.009203092116464267,-0.2581230522649487,49,-0.8064516129032258,0.0007465126517213076,-0.33404896757558494,49,-0.875,0.022892096398590602,-0.22946978094669573,49,-1.0147058823529411,0.0009553768141920125,-0.3331492195948262,49,-0.10263157894736842,0.009740869941038524,-0.2636924471210185,49,-0.15384615384615385,0.0009542550298089414,-0.3334476067747437,49,-74.97661169415287,0.013045943759322777,-0.24489795918367344,49,-287.12452484239697,0.00612324306930166,-0.2704081632653061,49,Hojsova Stráž,49.212473,13.197146,866.0
0-203-0-11455,46,-0.026176470588235294,0.006327722138667696,-0.28029943798741624,46,-0.026113707982711364,0.006213513118626779,-0.27922705314009666,46,-0.0833976833976834,0.00419623880532305,-0.29392510511180453,46,-0.08488357170669451,0.006768741146915488,-0.27646209125691756,46,-0.04111062717770034,0.5952357405413213,-0.06195395123465646,36,-0.057304306335978814,0.4620178214954651,-0.08571428571428572,36,-0.3,0.023997664333272797,-0.2325500974873212,46,-0.24587161538461544,0.03014295837227056,-0.221256038647343,46,-0.15384615384615385,0.5577979428496583,-0.0686363464181467,36,-0.043478260869565216,0.8379553363134038,-0.02398143596120643,36,0.5,0.12366043339973122,0.17979367036887386,36,0.9230769230769231,0.010839952263317281,0.2975346580440656,36,-1.0298573975044563,0.003105414267716714,-0.3458194776340846,36,-0.30952380952380953,0.41361015223837205,-0.09554188578709098,36,-1.4,0.00029517360777200967,-0.4416942325792755,36,-1.12,0.0014608539266722064,-0.38447171433981936,36,-0.08,0.0012506189573412128,-0.34806721191759904,46,-0.09090909090909091,0.0008782937496629307,-0.3565732445970116,46,-8.174193548387098,0.004454269435886575,-0.29197858123689185,46,-8.502135990864863,0.006213513118626779,-0.27922705314009666,46,Klatovy,49.39042,13.303016,421.0
0-203-0-11483,49,-0.04099016563146997,0.05037388383249274,-0.193109332654027,49,-0.038550367971107335,0.0007275648003932534,-0.3333333333333333,49,-0.11437042124542116,0.06893387847458328,-0.17949810215858897,49,-0.12520573192889212,0.0015134114996369931,-0.31292517006802717,49,0.004166666666666628,0.978051879041377,0.002775208140610546,47,-0.08532140918209895,0.21051997317658577,-0.12929292929292927,45,-0.2543424317617867,0.21766013529735706,-0.12175403714149723,49,-0.2703625833333335,0.026153990206217264,-0.21938775510204078,49,-0.2619047619047619,0.37354196310894583,-0.09006561653982018,47,-0.4775828460038986,0.1677390700814546,-0.14264052841433372,45,0.28125,0.21550594734909645,0.12546603862400774,47,0.2,0.4750116234559496,0.07399945205337455,45,-1.0,0.0016532336533878155,-0.31818305030144006,47,-0.7586206896551724,0.03539858247659553,-0.21772221670426392,45,-1.2352941176470589,0.005214086808928033,-0.2864355230560879,47,-0.6887096774193548,0.10211307886289553,-0.1741282158336027,45,-0.09600614439324116,0.009282780562525567,-0.26473189880753617,49,-0.125,0.0015294102814061993,-0.32432569091030683,49,-14.229569892473116,0.04279178205663646,-0.199914947901746,49,-12.727553780000004,0.0004091157992424639,-0.34863945578231287,49,Rožmitál pod Třemšínem,49.605,13.8664,524.0
0-203-0-11497,49,-0.02112807489227944,0.0483799596411312,-0.19481073646595673,49,-0.044549132549383696,0.012428016304859069,-0.24659863945578228,49,-0.05019020636667696,0.1549317183091485,-0.14036581448420465,49,-0.15359993423879553,0.032539538474492646,-0.21088435374149658,49,0.013690476190476131,0.8219760687515327,0.02324406562540673,45,-0.1859251309523806,0.07373754991173524,-0.18038852913968548,47,-0.16833333333333333,0.2081786371571711,-0.12425536414862348,49,-0.47790082638888876,0.019946346578233715,-0.22959183673469385,49,-0.4444444444444444,0.35254639285354994,-0.09630065678178878,45,-0.0,1.0,0.0,47,0.7142857142857143,0.026328571209470974,0.23010788515227426,45,0.5,0.06658330557780714,0.18544324277280502,47,-0.6521739130434783,0.08506627918391124,-0.17813801680530594,45,-0.6363636363636364,0.06132208360994143,-0.18915210762826112,47,-1.1094497607655502,0.014119593176185653,-0.25915433898796786,45,-1.0,0.022413699909607773,-0.2357158875605835,47,-0.07142857142857142,0.008927390657857364,-0.26820575923583456,49,-0.08759590792838876,0.007564828492126745,-0.2722905743185854,49,-7.16041666666667,0.06893387847458328,-0.17949810215858897,49,-14.757207133375001,0.011836152101473396,-0.2482993197278911,49,Husinec,49.0522,13.9883,483.0
0-203-0-11501049001,49,-0.0678374070558456,0.004953128051511463,-0.2772108843537414,49,-0.06347896792718472,0.0006832461491183827,-0.33503401360544216,49,-0.1877973637371615,0.011269420297517747,-0.24999999999999994,49,-0.17255448778443538,0.002553382832104987,-0.29761904761904756,49,-0.1335403726708075,0.1945841222158281,-0.13236714975845412,46,-0.27032998039215694,0.005534300848803168,-0.28309178743961355,46,-0.4527777777777777,0.026153990206217264,-0.21938775510204078,49,-0.579433814345238,0.0013432349531798974,-0.3163265306122448,49,0.11538461538461539,0.7118367512492778,0.037827636782754075,46,0.2962962962962963,0.4486773310299753,0.07748206732225928,46,0.5,0.08309877596458361,0.17715425265262535,46,0.5,0.06340506934352574,0.19001563578035374,46,-0.5,0.06474609083435402,-0.18913818391377038,46,-0.1,0.7618250632057154,-0.031022960943731224,46,-0.7777777777777778,0.028294359507710032,-0.22808933433872391,46,-0.5,0.3009148625822208,-0.10741001634482734,46,-0.1324561403508772,0.0011984071564560789,-0.32883012590193167,49,-0.1,0.007623789740774706,-0.2712949930168445,49,-21.22191489361702,0.004447479999753712,-0.28061224489795916,49,-19.438920172916667,0.0009329035184142495,-0.3265306122448979,49,Šluknov,51.002722,14.45525,352.0
0-203-0-11502020001,49,-0.06176986877982537,0.3885437838475907,-0.08525177071898009,49,-0.0056170041867104545,0.7826750010530144,-0.027210884353741496,49,-0.04370123049219711,0.7693931176834079,-0.028985602044453232,49,0.008937728337216507,0.7432490950432566,0.03231292517006802,49,-0.12045315904139448,0.6247595829870547,-0.050505050505050504,45,-0.03413947123015881,0.7157732989832886,-0.03805496828752642,44,0.07193627450980394,0.8226110834463866,0.022165460386934822,49,0.02409694347319348,0.863125657367583,0.017006802721088433,49,-0.058823529411764705,0.7765285816949715,-0.029457036623432936,45,0.35294117647058826,0.3520074401533265,0.09745784584610027,44,0.5,0.09050376239025734,0.17519043483645425,45,0.17394957983193277,0.485078432750345,0.07321005386726241,44,-0.6546583850931678,0.03373111513577215,-0.21974753965035013,45,-0.0125,0.9757899591458498,-0.0031762877536252775,44,-1.0294117647058822,0.01861802893087756,-0.24695592885887865,45,-0.0,0.8076834963897264,0.025923973848327477,44,-0.0732142857142857,0.18012167181750272,-0.1353600803858711,49,-0.0,0.7548895092832775,0.03185546341059284,49,-11.260999999999978,0.5461210117770652,-0.05967623950328606,49,0.1469769733055608,0.945022506107728,0.006802721088435374,49,Petrovice  Krásný Les,50.767361,13.937667,631.0
0-203-0-11503029001,49,-0.24445866435152147,0.03697860418483746,-0.20578231292517005,49,-0.27817844490627597,0.009711082737026778,-0.25510204081632654,49,-0.6388546798029555,0.04456926421584258,-0.20035460992907803,48,-0.7308377487214053,0.034399820846781344,-0.21099290780141847,48,-0.5373284313725489,0.08149866143206108,-0.17375886524822698,48,-0.44877023199023225,0.08636818483947302,-0.17298797409805738,47,-0.7174999999999996,0.31318654751401465,-0.09953212299789056,49,-0.7374617019230771,0.1574638016062906,-0.13945578231292516,49,-0.375,0.2230294237687408,-0.12226958415889518,48,-0.55,0.15774238625473613,-0.14292418788698164,47,0.3094017094017094,0.152248487403323,0.14343156584775218,48,0.3548387096774194,0.08787163602853153,0.1731069365906693,47,-0.45714285714285713,0.14477078195737403,-0.146038847330161,48,-0.6666666666666666,0.015427356530389347,-0.2454704343364615,47,-0.5185185185185185,0.12905041599471037,-0.15546815294787877,48,-0.9032258064516129,0.04382066516292511,-0.20805077369025324,47,-0.1043557168784029,0.05467828939074386,-0.193957562741954,49,-0.14285714285714285,0.01183095954953461,-0.2539000237851272,49,-53.19102564102564,0.08164733827648102,-0.1717687074829932,49,-71.34685908583329,0.02185512982273589,-0.22619047619047616,49,Český Jiřetín  Fláje,50.68706,13.58558,740.0
0-203-0-11528,49,-0.03932624824906837,0.056772995252784786,-0.18800512121823773,49,-0.04802536328887183,0.0013432349531798974,-0.3163265306122448,49,-0.13310485810485811,0.06634387525651742,-0.1811995059705187,49,-0.1672183229249105,0.001703254511656436,-0.3095238095238095,49,0.07746913580246921,0.46018093544712035,0.07539875216097752,46,-0.16270749884169886,0.03737052665262424,-0.209990749306198,47,-0.2656862745098039,0.28891009487478125,-0.10490451855854994,49,-0.4124620681818183,0.001703254511656436,-0.3095238095238095,49,-0.27586206896551724,0.45434843548415715,-0.07655071104400225,46,-0.2,0.6531230688988827,-0.04541249691865504,47,0.5348837209302325,0.03888663844793404,0.21196339688018467,46,0.4482758620689655,0.10642441762630547,0.1633419290136933,47,-0.9565217391304348,0.006543426979018685,-0.2789163061651232,46,-0.75,0.03991634244681267,-0.20769643190554163,47,-1.575,0.0011535450889300159,-0.3392346358181458,46,-1.1666666666666667,0.00712450184805298,-0.27862696895386463,47,-0.11596638655462185,0.0032226134693602165,-0.29920860967208895,49,-0.1111111111111111,0.0011474866323768318,-0.331675074082829,49,-12.979166666666664,0.05037388383249274,-0.193109332654027,49,-15.237007510484375,0.0018061757988190401,-0.30782312925170063,49,Nadějkov  Větrov,49.5169,14.4653,616.0
0-203-0-11535,46,-0.005772005772005772,0.28324952717896235,-0.1106862141444069,46,-0.010489069296296297,0.11823027183770683,-0.1594202898550725,46,-0.012857142857142853,0.43004337552872207,-0.08162537196663601,46,-0.032913703966666666,0.12741570029636012,-0.15555555555555556,46,-0.01447811447811448,0.8587914029963251,-0.021409464361527526,34,-0.06676024999999997,0.2618993766068385,-0.13277310924369748,35,-0.0,0.7975826589347541,-0.026526292275873227,46,-0.18291089655172413,0.1095724848709253,-0.1632850241545894,46,-0.15789473684210525,0.6670326098305703,-0.051972077298717605,34,-0.0,0.9773339837635047,-0.0033698506953327894,35,0.2,0.6035961630567797,0.06272492087776263,34,0.1111111111111111,0.7545928202275309,0.037131132219707375,35,-0.75,0.14614752914328802,-0.17515701911176149,34,0.02631578947368421,0.9546862551743795,0.006739701390665579,35,-0.25925925925925924,0.16833419558197305,-0.17374228628896557,34,-0.0,0.5223531429375015,-0.0794089297573237,35,-0.0,0.5430914744343971,-0.06582619306508174,46,-0.0,0.16151252086978984,-0.15184827865229822,46,-1.3333333333333333,0.44737073255675996,-0.07847890877641017,46,-2.95054655,0.15280574649473797,-0.1458937198067633,46,Bechyně,49.299444,14.469444,409.0
0-203-0-11542,49,-0.01223652817770465,0.043675542175484,-0.19914900829299928,49,-0.015408573443919044,0.009236066001532288,-0.2568027210884353,49,-0.03194684412426101,0.13138140982797705,-0.14899969580253156,49,-0.04169756618081324,0.023920924592614523,-0.22278911564625847,49,-0.0566983695652174,0.3166512544503416,-0.10470651913563768,44,0.004903380000000013,0.951769869819974,0.006747638326585695,39,-0.1404545454545455,0.1548703788780685,-0.14060534676506933,49,-0.1941704748084291,0.02984068895151683,-0.21428571428571425,49,-0.452991452991453,0.22085259355909925,-0.12838284808606887,44,0.5,0.2404072761893994,0.13143740033993764,39,0.3003220611916264,0.3952906471693748,0.0892679976847015,44,0.5,0.2503336405955977,0.1285525682140171,39,-0.3449656750572082,0.2657468907139041,-0.11664958287774417,44,-0.23809523809523808,0.4531518554921705,-0.08384060520174555,39,-0.2692307692307692,0.3334316197080558,-0.1042985427163876,44,-0.5384615384615384,0.17724563476180855,-0.15467548002640638,39,-0.03333333333333333,0.13442478356603138,-0.15449146112569892,49,-0.06666666666666667,0.0032630922399295905,-0.3054612081312606,49,-4.271611253196932,0.041039694102754244,-0.2017881594582856,49,-5.571617114590625,0.009711082737026778,-0.25510204081632654,49,České Budějovice  ul. S.K.Neumanna,48.9644,14.4672,388.0
0-203-0-11549,49,-0.03331258534866305,0.038568563276529765,-0.2040816326530612,49,-0.1526466285905977,6.823316084108936e-05,-0.3928571428571428,49,-0.088255291005291,0.13365290217580048,-0.14795918367346936,49,-0.47092012058733024,0.00012960552084704125,-0.3775510204081632,49,-0.01602564102564106,0.8495940753186882,-0.018707482993197275,49,-0.3726096410177251,0.019876736209129216,-0.23226950354609932,48,-0.2245819397993311,0.2081786371571711,-0.12425536414862348,49,-0.811815937142857,0.001703254511656436,-0.3095238095238095,49,-0.15384615384615385,0.4957375497925517,-0.06743541001331417,49,-0.7626436781609196,0.029393217821610883,-0.21787566628926175,48,0.5,0.0513357931048958,0.19283388760759684,49,0.5,0.02279950619725529,0.22837198147131077,48,-0.8125,0.014334845237023863,-0.24232223044494472,49,-1.0,0.00014649125903331257,-0.38040545724838615,48,-1.2211956521739131,0.003566310744966668,-0.294035422733979,49,-1.6401960784313725,7.068725293462214e-06,-0.46021996512901364,48,-0.09090909090909091,0.005611518275258199,-0.2837153217576232,49,-0.2,4.023711138227707e-07,-0.5141129526874452,49,-11.913526570048322,0.03047405844036807,-0.21370813512248812,49,-50.85589150510418,6.823316084108936e-05,-0.3928571428571428,49,Vyšší Brod,48.6177092,14.3141131,559.0
0-203-0-11551,48,-0.08034122516001474,0.0008054252736845197,-0.3343681038311631,48,-0.10858386034780695,0.001865723382576469,-0.31028368794326244,48,-0.17720630559916278,0.009426209340926297,-0.25955647842467505,48,-0.246815429790174,0.007270616831876141,-0.26773049645390073,48,-0.153702817650186,0.05772638234102172,-0.19595959595959594,45,-0.2704668736842106,0.03414334292157685,-0.21369102682701205,47,-0.5,0.01380572387451217,-0.24589458106282028,48,-0.5246870160714285,0.03291408914427807,-0.21276595744680854,48,0.155,0.6456030306963865,0.04759508923302514,45,-0.10526315789473684,0.7691087236873343,-0.029698532547944235,47,0.5,0.08506627918391124,0.17813801680530594,45,0.6666666666666666,0.013266158405806196,0.2503483777432868,47,-0.375,0.22871833200335956,-0.124684008254316,45,-0.25,0.44101515832640503,-0.07788616196457812,47,-0.6292929292929292,0.130574652618307,-0.1596390728165882,45,-0.5833333333333334,0.1407278888037049,-0.1523726602169117,47,-0.0967741935483871,0.007429702316227392,-0.2769915227099977,48,-0.08957219251336898,0.011552739781572797,-0.2616230149313083,48,-16.231764705882355,0.002437924909530546,-0.3024390541284525,48,-22.187181207602567,0.006190502761392452,-0.273049645390071,48,Varnsdorf,50.90556,14.60222,367.0
0-203-0-11552,46,-0.07844919786096254,0.0019609371592501706,-0.3159420289855073,46,-0.03651096815927876,0.0028593470591734473,-0.30434782608695654,46,-0.20729166666666665,0.002524907160409521,-0.30821256038647343,46,-0.09781225158008656,0.004640600117358503,-0.2888888888888889,46,-0.325606884057971,0.003143304764094316,-0.3086680761099366,44,-0.16063713916666664,0.04308836118824769,-0.2114164904862579,44,-0.6090909090909091,0.0017230031969157798,-0.3201162038637387,46,-0.3319687222222222,0.010867434676607253,-0.2599033816425121,46,0.02452153110047847,0.9033412951840594,0.012752571097814502,44,0.03367003367003367,0.96772544876333,0.004232806602731048,44,0.4772727272727273,0.18175990391860364,0.1398308223009265,44,0.4594594594594595,0.156691633266176,0.14830541759189175,44,-0.375,0.14215997181425302,-0.15434110745885837,44,-0.34782608695652173,0.16877524627883334,-0.14437497464964058,44,-0.6363636363636364,0.1304524241864365,-0.16157004812801148,44,-0.5317307692307692,0.19729719224334197,-0.1378675097734442,44,-0.09090909090909091,0.008723662541677847,-0.2774785476670735,46,-0.07692307692307693,0.014589203501375415,-0.2584435046754909,46,-22.026666666666667,0.0018393122492437596,-0.3178743961352657,46,-10.637999856633332,0.0030413091606300655,-0.30241545893719807,46,Jablonné v Podještědí,50.77206,14.77375,320.0
0-203-0-11557,46,-0.03648807854137447,0.0848005104700486,-0.17610081440913766,46,-0.028338630520060772,0.09753432244412781,-0.16908212560386474,46,-0.11263027295285363,0.056931255460030625,-0.19476826480815762,46,-0.09700057826086964,0.07663649670300383,-0.1806763285024155,46,-0.32575757575757563,0.013127016780085226,-0.26245847176079734,43,-0.16653408625274121,0.09315836980180932,-0.17547568710359407,44,-0.40789473684210525,0.06479412373137959,-0.18877092495771555,46,-0.2747201363636363,0.15831697957750634,-0.14396135265700485,46,-0.21951219512195122,0.5648015786235003,-0.06104343562895543,43,-0.4444444444444444,0.20243036586833418,-0.13347487583270254,44,-0.08333333333333333,0.6830311759428144,-0.04338196445863511,43,0.2,0.491509084224084,0.07203405997320456,44,-0.5263157894736842,0.0898180403898218,-0.18030276216487068,43,-0.5508620689655173,0.04197535490385571,-0.21326406996115574,44,-0.0,0.7443129962219857,-0.035488648794432406,43,-0.45913978494623653,0.2117026604983907,-0.1336743329442176,44,-0.0,0.4232969544352714,-0.08471246291424722,46,-0.045454545454545456,0.1491841607486911,-0.15317009307634172,46,-10.66969696969697,0.15003845318484973,-0.1470732076384007,46,-8.219314531399998,0.17575369921786266,-0.13816425120772946,46,Stráž pod Ralskem,50.70361,14.80739,310.0
0-203-0-11558,45,-0.058864282027174,2.4766212509417232e-05,-0.4360146648693463,45,-0.04878929735593645,0.0001473223986667088,-0.3919191919191919,45,-0.1602276690028238,0.00045683623102681,-0.36345645931099296,45,-0.13072187295169907,0.001993405530846309,-0.3191919191919192,45,-0.22907595693779903,0.0006686965284018482,-0.37435897435897436,40,-0.08125239055555558,0.35875026265037524,-0.10384068278805123,38,-0.5714285714285714,4.891242490419788e-05,-0.4202545113128816,45,-0.36571564173387094,0.0013338250709957434,-0.3313131313131313,45,-0.1,0.6918862383425719,-0.043758369919945056,40,0.20689655172413793,0.5131134068518758,0.07423316368674196,38,0.18065268065268064,0.552241587495037,0.06559519440123629,40,0.20930232558139536,0.5713909566217064,0.06428630467285593,38,-0.5508620689655173,0.08889004542936127,-0.1874199233571896,40,-0.3181818181818182,0.42093929892419535,-0.09123328055817251,38,-0.875,0.01787993434438267,-0.2706693307861518,40,-0.4883720930232558,0.1752991339747333,-0.1581669066139942,38,-0.0975609756097561,0.00018881667499113245,-0.4045982092225524,45,-0.10344827586206896,0.0001988006795677246,-0.4005089589728076,45,-15.609900284900284,2.2704328617333775e-05,-0.4380379347759326,45,-12.618693728819519,0.00027367441065652854,-0.3757575757575757,45,Doksy,50.56811,14.66731,284.0
0-203-0-11578,46,-0.021608643457382955,0.06744157169885212,-0.18738084859497256,46,-0.02090228631666667,0.01346651450642645,-0.2521739130434783,46,-0.04549450549450549,0.20363579591201764,-0.13080237992564367,46,-0.049417756588235294,0.053410186591290994,-0.19719673642101812,46,-0.029861111111111092,0.7917722129874467,-0.029871977240398292,38,0.014783333333333459,0.8560119521653429,0.020242914979757085,39,-0.22916666666666666,0.1815075032519009,-0.1370285685340849,46,-0.17078630357142854,0.08315402284648102,-0.17681159420289855,46,-0.34782608695652173,0.5714518144435433,-0.06419426983014062,38,-0.0,0.9517487085375825,-0.0067751237288627645,39,0.21428571428571427,0.5294513454640417,0.07137804200648265,38,0.09523809523809523,0.7714429793076489,0.03254273935149826,39,-0.55,0.12493649384530063,-0.17416242249581768,38,-0.2619047619047619,0.5291135338317555,-0.0705092685949129,39,-0.4117647058823529,0.2999391523288315,-0.12038273948406465,38,-0.2413793103448276,0.3348238132460115,-0.11121015123409343,39,-0.05,0.06514014081663852,-0.19640218372349444,46,-0.06666666666666667,0.009316852413995115,-0.2769432426704055,46,-5.306451612903226,0.10517540052317802,-0.16602137362559746,46,-5.162179400000003,0.022499698619426977,-0.23285024154589373,46,Vavřinec  Žíšov,49.902888,15.067741,415.0
0-203-0-11583,48,-0.08173677090826434,0.04551235110111235,-0.19955656064194086,48,-0.08146170847395987,0.026282623731217834,-0.22163120567375888,48,-0.23590106074481063,0.06843674232140748,-0.18181819969599056,48,-0.2682424955120321,0.046489568641976974,-0.19858156028368795,48,-0.054423076923076824,0.6597738265121738,-0.045477519701882727,45,-0.20965678316326525,0.16397742206778765,-0.1420289855072464,46,-0.33072916666666663,0.30238205139736296,-0.10320350048648855,48,-0.3433458888888892,0.20691218248031706,-0.12588652482269505,48,-0.2330316742081448,0.4933697616734719,-0.07092231342934087,45,-0.6842105263157895,0.10950885063844538,-0.16360146829668681,46,0.44413793103448274,0.07635002294681564,0.18441853063575014,45,0.38461538461538464,0.13687685514391762,0.1527272762093696,46,-0.6521739130434783,0.04087474124753125,-0.2114317052382677,45,-0.725,0.020312253877261842,-0.2376351541480705,46,-1.0687645687645686,0.0069462497276179475,-0.2846159602781565,45,-1.105263157894737,0.007612788189123392,-0.2780209792438967,46,-0.1449579831932773,0.001974887934209103,-0.3157040763801306,48,-0.1371473354231975,0.0035380070168281362,-0.2977860508052997,48,-28.034841628959278,0.041806455008408586,-0.20310423283113088,48,-28.513205870744848,0.02288564164323596,-0.2269503546099291,48,Černovice  Dobešov,49.3575,14.9625,580.0
0-203-0-11602,48,-0.7753894573555599,0.011022662476854012,-0.25354609929078015,48,-0.6621988870553066,0.0001145950797486211,-0.3847517730496454,48,-0.7735855137509553,0.16558381540756062,-0.13829787234042556,48,-1.23414302322593,0.000832060800731321,-0.33333333333333337,48,-0.539579540149393,0.31951233651960764,-0.09929078014184398,48,-1.0271010645622898,0.0014630300782730258,-0.31737588652482274,48,-0.7524193548387097,0.4289049890861514,-0.07893570620947883,48,-1.4981967105263134,0.0033564624484795267,-0.2925531914893617,48,-0.5830055074744296,0.09110111033909793,-0.16934288480409532,48,-0.7700845665961945,0.014147872895906535,-0.24511583958688848,48,0.11538461538461539,0.45504649100511796,0.07493455642027384,48,0.20512820512820512,0.23694611109502683,0.118486945700317,48,-0.32971014492753625,0.13053325264261037,-0.15178958651843522,48,-0.6666666666666666,0.0018020222413907224,-0.3126986311339193,48,-0.3888888888888889,0.08727885610125741,-0.17677003280891074,48,-0.8235294117647058,0.010450315536164654,-0.26160445599601384,48,-0.05263157894736842,0.17405926576516195,-0.13980039445453374,48,-0.09523809523809523,0.04532243344579181,-0.20543439767744587,48,-95.67634408602152,0.21999193355152702,-0.1223404255319149,48,-125.262978040852,0.004707490503989612,-0.2819148936170213,48,Bedřichov,50.81511,15.13708,777.0
0-203-0-11604,47,-0.11929923273657289,0.004872728969893078,-0.2839962997224792,47,-0.06666988358956914,0.0009940944110039577,-0.33209990749306206,47,-0.28054263565891474,0.031157408517868343,-0.2173913043478261,47,-0.18023948656666677,0.00645698397595965,-0.27474560592044406,47,-0.23599999999999993,0.1095724848709253,-0.1632850241545894,46,-0.22626588888888882,0.0036523692372137737,-0.2966183574879227,46,-0.5800000000000001,0.06523810955282819,-0.18628391593162574,47,-0.4986326956521737,0.005774715801229282,-0.2784458834412581,47,-0.375,0.24396237938006282,-0.11941888278332449,46,-0.043478260869565216,0.8945131054599325,-0.01357254541288241,46,0.36363636363636365,0.09932734875356863,0.16885168270838669,46,0.4482758620689655,0.10737797625710944,0.16480948001357212,46,-0.5,0.15273213809222078,-0.14617645983905153,46,-0.3333333333333333,0.22538221413292348,-0.1240918437749249,46,-0.7777777777777778,0.06644148380506859,-0.19134202911667528,46,-0.6363636363636364,0.102387876117446,-0.17026281700711945,46,-0.1,0.01213174387920417,-0.26057082679906224,47,-0.1,0.016979288461517205,-0.24774867432841224,47,-29.343243243243233,0.025852508166396598,-0.22479185938945423,47,-20.06045701625,0.004872728969893078,-0.2839962997224792,47,Nové Město pod Smrkem,50.92358,15.23381,473.0
0-203-0-11608,46,-0.06002845582677516,0.013110004805195717,-0.25326247520738604,46,-0.057916602235370526,0.002524907160409521,-0.30821256038647343,46,-0.1666666666666666,0.02192472706360893,-0.23415602795061163,46,-0.17199212385758514,0.010291764709355463,-0.26183574879227056,46,-0.18096405228758156,0.06861600682373191,-0.19067839404671794,44,-0.2638646710921717,0.008750224261221795,-0.2707070707070707,45,-0.4444444444444444,0.018339183844141186,-0.24175042124429105,46,-0.5754964687499999,0.0036523692372137737,-0.2966183574879227,46,-0.20714285714285713,0.5370948466455192,-0.06472193167975374,44,0.03367003367003367,0.9376045035679053,0.008105407249067527,45,0.3495475113122172,0.1687897840906588,0.14437497464964058,44,0.4482758620689655,0.07492984560402115,0.18439801491628624,45,-0.24404761904761904,0.6344363706088136,-0.04981469527643718,44,-0.2619047619047619,0.42803566075005384,-0.08202557931649014,45,-0.3333333333333333,0.4170007078460721,-0.08650878322306235,44,-0.5960144927536233,0.14637088245519345,-0.15325641657044345,45,-0.06666666666666667,0.06434620503106667,-0.19543983208790616,46,-0.08571428571428572,0.022244688571189455,-0.2407717061715384,46,-18.339999999999996,0.02736459927245579,-0.2253385966774958,46,-18.059704035333333,0.00387963352813509,-0.2946859903381643,46,Hejnice,50.88456,15.18317,396.0
0-203-0-11635,48,-0.042383312020460355,0.010206749609841371,-0.2563193156689818,48,-0.026599276237558853,0.02878211947872049,-0.21808510638297873,48,-0.125860933154663,0.03216709569581926,-0.21393716258534184,48,-0.09411318777977964,0.05952919919221802,-0.18794326241134754,48,-0.07206837606837604,0.4068953498581934,-0.08668076109936575,44,-0.03765948412698418,0.5704597396138011,-0.05858585858585858,45,-0.35714285714285715,0.09289812872523302,-0.16807551399457335,48,-0.2297735714285714,0.08791432890143647,-0.17021276595744683,48,-0.48684210526315785,0.2364791714231511,-0.12413878699231452,44,-0.21269727403156385,0.5120185571761374,-0.06798650278549766,45,0.3495475113122172,0.20227635551386058,0.13390199652705226,44,0.1318840579710145,0.681032826308569,0.04264014327112208,45,-0.8385281385281386,0.012824076654422633,-0.26059380519718117,44,-0.2768199233716475,0.35250027832086095,-0.09639877260630265,45,-1.1666666666666667,0.0037954314869357944,-0.3100798621955786,44,-0.5,0.12544569980854417,-0.16223089455987802,45,-0.08695652173913043,0.0074608151212295385,-0.278091570823134,48,-0.07692307692307693,0.0115616214003352,-0.2616230149313083,48,-13.795833333333327,0.013470928327547703,-0.2466726791816925,48,-9.067205909003029,0.02878211947872049,-0.21808510638297873,48,Jindřichův Hradec  Děbolín,49.1556,14.9575,524.0
0-203-0-11644,49,-0.6183658413198055,0.004953128051511463,-0.2772108843537414,49,-0.3149474742996903,0.018184736421747075,-0.23299319727891152,49,-1.8686417748917747,0.0013432349531798974,-0.3163265306122448,49,-0.9578190147717693,0.012428016304859069,-0.24659863945578228,49,-1.5323814507860558,0.0020293628599215474,-0.304421768707483,49,-0.8595048836530428,0.00522496719329569,-0.2755102040816326,49,-2.6666666666666665,0.0009312650792098023,-0.3270873570860907,49,-1.2068787792207791,0.023920924592614523,-0.22278911564625847,49,-0.15625,0.5460812156554772,-0.05977851248235129,49,-0.6666666666666666,0.004683884496012887,-0.2796258079582547,49,0.2,0.37437068069984936,0.08807318589350535,49,0.1297335203366059,0.4956306983530887,0.06760943716723519,49,-0.40476190476190477,0.03241491746901615,-0.2125170311734241,49,-0.2857142857142857,0.13781628704429114,-0.1475182898314799,49,-0.5,0.05864823163303232,-0.1923718464668096,49,-0.45161290322580644,0.16334774046259926,-0.14136257872665248,49,-0.0625,0.09779880457242451,-0.16846885547145551,49,-0.05263157894736842,0.24953367417658412,-0.11656661085678247,49,-199.59264705882356,0.006452228081795988,-0.26870748299319724,49,-100.59919180980395,0.03396562427644421,-0.2091836734693877,49,Benecko,50.6713,15.5499,780.0
0-203-0-11649,46,-0.024666666666666667,0.01815826531375274,-0.2431780936232738,46,-0.019148245005949662,0.021405150233598746,-0.2347826086956522,46,-0.07678571428571428,0.006661907956082018,-0.279175228796523,46,-0.047124472924679486,0.0065805074022153185,-0.27729468599033824,46,-0.022321428571428572,0.7872931892354373,-0.031932773109243695,35,-0.021799562873357214,0.6047415849512238,-0.060317460317460325,36,-0.28148148148148144,0.013269721848256392,-0.25514951940881214,46,-0.22125293375,0.022499698619426977,-0.23285024154589373,46,-0.20588235294117646,0.6390963458898078,-0.055743959006990765,35,-0.28078817733990147,0.6333748728407931,-0.05577733510227171,36,-0.16666666666666666,0.6492548787466317,-0.054100693523560096,35,-0.05115089514066496,0.9023882614870856,-0.014342743312012724,36,-0.2,0.4346635046126911,-0.09259272380481216,35,-0.2,0.5763320418396267,-0.06533916397694686,36,-0.0,0.710092285235989,-0.045367549968935945,35,-0.0,0.824881426577762,-0.026985632920840726,36,-0.06666666666666667,0.01285020338506771,-0.2676118248972428,46,-0.04,0.02424676086979809,-0.24380953107916337,46,-7.809375000000001,0.006108996403661402,-0.28224284761898044,46,-4.8681012144333335,0.007801299072638847,-0.2714975845410628,46,Hradec Králové  Nový Hradec Králové,50.177649,15.838452,278.0
0-203-0-11656,45,-0.05691864152684081,0.0036624666404086897,-0.30045558112806464,45,-0.05822292137417943,0.010977848943493797,-0.2626262626262626,45,-0.18443056892303755,0.0034398399617514086,-0.3024788510346509,45,-0.20139031444401578,0.02207570243334554,-0.23636363636363633,45,-0.1581772486772487,0.11042181121494433,-0.17575372441787088,40,-0.18682536881270906,0.06590399155304907,-0.18989898989898987,45,-0.43771929824561406,0.01927071504130082,-0.24351397139195738,45,-0.25410194487179494,0.11302637403552611,-0.16363636363636364,45,-0.2403846153846154,0.5522955691506477,-0.06551071890655981,40,-0.15587044534412955,0.7173536772342746,-0.037430493271846436,45,0.28348214285714285,0.4013479306459705,0.09266478335988364,40,0.5,0.05034442823794048,0.2026351812266882,45,-0.5086206896551724,0.16907084767111702,-0.1516714523156168,40,-0.59375,0.04919414620879195,-0.2037519159277847,45,-0.6,0.1980184780063461,-0.14517989455748864,40,-0.875,0.018962927360912613,-0.2478834360499368,45,-0.08695652173913043,0.01967562077796332,-0.24928454829795108,45,-0.08452380952380953,0.010111266994109807,-0.275435089128352,45,-14.76840909090909,0.006338310951446648,-0.282246151968788,45,-16.29731079394444,0.017917366413148263,-0.24444444444444444,45,Havlíčkův Brod,49.61188,15.579696,452.0
0-203-0-11674,46,-0.25418286015414004,0.22193779234843314,-0.12463768115942031,46,-0.2745173229958622,0.15280574649473797,-0.1458937198067633,46,-1.044871794871795,0.04372512420394175,-0.20579710144927538,46,-0.8552635449346377,0.02608018585529056,-0.2270531400966184,46,-0.7062091503267972,0.1297794452772196,-0.15466410699687697,46,-0.7666067888888897,0.03314403547163078,-0.2173913043478261,46,-1.5294117647058822,0.05941362731344039,-0.1932061599502567,46,-1.0661043636363636,0.05226178033042936,-0.19806763285024157,46,-0.6363636363636364,0.0510300997020137,-0.19990486573521643,46,-0.6060606060606061,0.02477511029292545,-0.22987563891058244,46,0.2,0.4262379464310173,0.08151460544542805,46,0.1794871794871795,0.5634231430757023,0.05916630368584611,46,-0.7407407407407407,0.008692091150913158,-0.26893520756895023,46,-0.6,0.021837762576034644,-0.23552938886442615,46,-0.875,0.05990650477551921,-0.1961993056826939,46,-0.6666666666666666,0.05726439288583424,-0.1985851562448331,46,-0.1111111111111111,0.0274567653454225,-0.2303587812440064,46,-0.1111111111111111,0.044803690650743376,-0.20982875246373964,46,-110.25,0.059520197734632345,-0.19245656969451358,46,-93.30039128000001,0.039918724554866274,-0.2096618357487923,46,Deštné v Orlic. horách,50.306667,16.351959,656.0
0-203-0-11675,46,-0.12784863945578231,0.014196547008150755,-0.25024154589371983,46,-0.2099612975777778,0.001418955842132339,-0.32560386473429953,46,-0.39537037037037037,0.005220477824653346,-0.285024154589372,46,-0.730494530957353,0.0003093213845291629,-0.36811594202898557,46,-0.40662768817204314,0.008799994172313795,-0.2739291763245471,44,-0.6711956833333332,0.000511212034036511,-0.35458937198067636,46,-0.8625,0.010558707616726185,-0.2615019772126251,46,-1.141673925925926,0.00021386668518327918,-0.3777777777777778,46,-0.375,0.2570883453538072,-0.11889703794676283,44,-0.8125,0.013797516432663559,-0.2520615576678162,46,0.38461538461538464,0.23258469356733402,0.1250002805417373,44,0.34615384615384615,0.21471707927687433,0.12693852084511764,46,-0.8452380952380952,0.015573833184577253,-0.25412449423962064,44,-0.8,0.005047982884186807,-0.28752231587409677,46,-1.037037037037037,0.03846985614427678,-0.22059739721880897,44,-1.0,0.010883376304047537,-0.26583298947152945,46,-0.13793103448275862,0.0038786067080500528,-0.30154189850501845,46,-0.15,0.0030770235848017542,-0.3111906626892388,46,-33.98,0.008020601194266994,-0.2706621872445347,46,-59.92600888999999,0.000588327854413935,-0.35072463768115947,46,Úpice,50.506419,16.011618,413.0
0-203-0-11685,49,-0.21252074119165698,0.00012960552084704125,-0.3775510204081632,49,-0.21308591295567136,0.00022488109683356384,-0.3639455782312925,49,-0.5347962962962962,0.0005648915764034476,-0.34013605442176864,49,-0.5189543589339827,0.0006832461491183827,-0.33503401360544216,49,-0.4355952380952381,0.018068141202559927,-0.23581560283687944,48,-0.34235106676037874,0.031165051123163333,-0.21258503401360543,49,-1.0975694444444444,0.0036675551555618254,-0.2871757688474446,49,-0.6849664142857144,0.00612324306930166,-0.2704081632653061,49,-0.08333333333333333,0.8310565670541243,-0.021314420833642475,48,-0.6711711711711712,0.015408872386428442,-0.23945516630899685,49,0.34285714285714286,0.1017578235322067,0.16414236168250462,48,0.4,0.016876761328993652,0.23726538895644272,49,-1.25,0.0003282714315907928,-0.35943288100466697,48,-0.6923076923076923,0.006600440395057794,-0.2691187334688216,49,-1.75,0.0006705948233199876,-0.34418940211775023,48,-1.1666666666666667,0.0007920223154041146,-0.3383819298502423,49,-0.16666666666666666,0.00013460134007403085,-0.3868599662463963,49,-0.16279069767441862,2.3699811947353534e-05,-0.4294523574117042,49,-50.756340579710155,0.0004969155988576255,-0.3435374149659864,49,-50.37525998271923,0.0005298887195231011,-0.3418367346938775,49,Nedvězí,49.6344,16.3097,722.0
0-203-0-11687,48,-0.09355725028098699,0.0004445519185859478,-0.3512689313643199,48,-0.11194640811591704,0.0002177977179317567,-0.3687943262411348,48,-0.25626486589721886,0.002804886304946479,-0.2992015408715493,48,-0.2983953220704193,0.002103177356189933,-0.3067375886524823,48,-0.11847826086956513,0.3001663937035294,-0.10963455149501661,43,-0.11270154128787874,0.42033662205299704,-0.08527131782945736,43,-0.6369047619047619,0.0034388801572805723,-0.2928372399327837,48,-0.4388339027777778,0.02083890429574066,-0.23049645390070925,48,-0.5806451612903226,0.06537460375726911,-0.19566573914318838,43,-0.59375,0.04672806955198851,-0.21076013645257857,43,-0.1,0.7139091396523083,-0.039063692147467965,43,0.1111111111111111,0.5789004258780571,0.05902095942940629,43,-0.7380952380952381,0.038212365114272194,-0.21963424746110818,43,-0.7333333333333333,0.028670190556123774,-0.23222351235643013,43,-0.875,0.07255367302540074,-0.1939325283505988,43,-1.0,0.01395242206032493,-0.26615528843752595,43,-0.13636363636363635,0.0003860966485930177,-0.3656603004046266,48,-0.16666666666666666,6.377034513722584e-05,-0.40970430894499815,48,-26.92452107279695,0.0012483721977158148,-0.3228117014816409,48,-29.888647476632485,0.0005635849536179961,-0.3439716312056738,48,Velké Meziříčí,49.3528,16.0086,452.0
0-203-0-11701,49,-0.014885657820440427,0.03870630513973849,-0.20650585901669177,49,-0.007966498857325036,0.12282886099820421,-0.15227564116771292,49,-0.0446031746031746,0.06572230355636607,-0.18663830979029042,48,-0.026558257384303726,0.09648687188421888,-0.16585367484463526,48,-0.10695045695045674,0.25810030490696556,-0.12492077962004701,40,0.04727863490259736,0.6640096326736773,0.05645161290322581,32,-0.2985294117647057,0.08668561485396072,-0.17145691375685115,49,-0.13662675929487184,0.18150869679386394,-0.13185879542455586,49,-0.15384615384615385,0.7707647133116091,-0.03215450705942955,40,0.7849807445442876,0.22367241309050812,0.15166904964957653,32,0.8235294117647058,0.022340206887994787,0.25225413247968326,40,0.7189743589743589,0.11932835255230076,0.19433357647537913,32,-0.8125,0.05023070693596461,-0.21593901685613237,40,0.05450581395348837,0.8967157206632606,0.016194464706281598,32,-1.1958333333333333,0.018873959509058777,-0.26759787321588613,40,-0.22604166666666667,0.5903768710773376,-0.06856692312436886,32,-0.054804804804804805,0.03296665637406556,-0.22127171202328969,49,-0.030303030303030304,0.046321576093228255,-0.2094808625908326,49,-4.525,0.0447152794696226,-0.20089901005853267,49,-2.509528195086216,0.1549317183091485,-0.14036581448420465,49,Javorník,50.3956,17.0075,284.0
0-203-0-11703,49,-0.4182440897763785,0.001190868784541485,-0.31972789115646255,49,-0.1982758501281751,0.0004366298985050674,-0.346938775510204,49,-1.014670531674207,0.0020293628599215474,-0.304421768707483,49,-0.5077310041931384,0.002553382832104987,-0.29761904761904756,49,-0.802049169435216,0.008781895354445726,-0.25850340136054417,49,-0.5154991961767406,0.0015134114996369931,-0.31292517006802717,49,-1.4935000000000005,0.007923697172958351,-0.2623513176628019,49,-0.8344559755434782,0.004953128051511463,-0.2772108843537414,49,-0.375,0.1703605169716289,-0.13572443281160698,49,-0.6131713554987213,0.014342090973241801,-0.24211502884190347,49,0.291005291005291,0.05888139193538142,0.18758527141321643,49,0.38461538461538464,0.0523018453006931,0.19255852357756859,49,-0.5384615384615384,0.01809015251381862,-0.23479704250612177,49,-0.6136363636363636,0.03612403795118479,-0.20760588010451955,49,-0.8385939741750359,0.013572296777520986,-0.25023810519935374,49,-0.9333333333333333,0.0047897172988865845,-0.2850765836447352,49,-0.14634146341463414,0.0004371273351191202,-0.35664125175887934,49,-0.16064516129032258,0.00021978985984370017,-0.3735658645346421,49,-126.06862745098039,0.0009329035184142495,-0.3265306122448979,49,-62.83611381789041,0.0007745417287417526,-0.33163265306122447,49,Staré Město pod Sněžníkem  Kunčice,50.1925131,16.943146,649.0
0-203-0-11705,48,-0.13379484272341416,0.001416494734953189,-0.31868647870596567,48,-0.16848437046083817,0.00014720192725410435,-0.37905049138564717,48,-0.27039141414141415,0.0033355021413886414,-0.2964338202208438,47,-0.35643843055277774,0.00022720115922989395,-0.37205001669728854,47,-0.2851190476190476,0.041044421976367804,-0.21353065539112048,44,-0.28257744415584407,0.0175180489193538,-0.25138427464008856,43,-0.5742424242424242,0.026843053635518994,-0.22143282002459663,48,-0.5999588896627566,0.007071328365516814,-0.2689749388521103,48,-0.5153774464119292,0.10335264456921418,-0.17064182850013584,44,-0.40476190476190477,0.1514606704342668,-0.15239305463674382,43,0.2608695652173913,0.36784223150312656,0.09443035933603412,44,0.2,0.4260506927086922,0.08477634989877098,43,-0.6666666666666666,0.002556944718117771,-0.31736771112058443,44,-0.7317073170731707,0.0039848629466207,-0.30589846733652964,43,-0.9333333333333333,0.0009550201872770211,-0.35519443873537304,44,-1.0,0.002743220448752135,-0.32435300622428814,43,-0.14285714285714285,0.00039153224862157314,-0.36392318701551274,48,-0.17444219066937122,0.00031015923268990056,-0.36946549288790015,48,-31.324999999999996,0.001701439139564681,-0.3133602422930526,48,-39.25741249062501,0.00044594684310045026,-0.3506438971834441,48,Šumperk,49.9742,16.9675,328.0
0-203-0-11726,47,-0.0,0.51496110609709,-0.06766554681113367,47,-0.005982114125816994,0.2632073936610332,-0.11291070158474927,47,-0.0,0.46667325954505756,-0.07593759644909337,47,-0.01556247696666666,0.2669863323746735,-0.11224533261362755,47,-0.04169871794871792,0.7114000430418246,-0.048387096774193554,32,0.049219908333333305,0.6368807026355434,0.062365591397849474,31,-0.0,0.859709832337159,-0.018375645679787944,47,-0.056101619047619046,0.557248234908291,-0.0592318434542947,47,-0.881578947368421,0.0425748747576001,-0.2527817494159609,32,-0.2857142857142857,0.4442359336315851,-0.09698298385268762,31,-0.18,0.6379064572609396,-0.05876468514526443,32,-0.3333333333333333,0.47525646365922425,-0.09041985862773891,31,-0.8235294117647058,0.05768635069978996,-0.23660371745333936,32,-1.0714285714285714,0.06142599885114647,-0.23732594613885244,31,-0.8117647058823529,0.10599754842494577,-0.20703505862357052,32,-0.6363636363636364,0.045982531737879646,-0.26434686195915114,31,-0.0,0.53596556636222,-0.06632593053487568,47,-0.0,0.09132414032747722,-0.1821857708703282,47,-0.0,0.6024009798355126,-0.0541871996656917,47,-1.5244748314,0.31307425555460366,-0.10180473093706902,47,Mikulov,48.801911,16.6401,224.0
0-203-0-11748,47,-0.004379084967320257,0.2999040924565116,-0.10482415359785051,47,-0.009999560488404979,0.1499349745618806,-0.14523589269195192,47,-0.014956709956709956,0.3398627715882425,-0.09670047413254543,47,-0.023984814281947257,0.20241791524435526,-0.12858464384828863,47,-0.041690009337068075,0.5301439440219473,-0.07207207207207207,37,-0.05001116666666654,0.6239185944721397,-0.055476529160739696,38,-0.07142857142857142,0.5694273096417899,-0.05764835957901747,47,-0.10680166666666668,0.37371616741902136,-0.089731729879741,47,-0.45079365079365075,0.34627427187444704,-0.10827079910776224,37,0.09090909090909091,0.8209308036009118,0.02565936015698602,38,0.0625,0.8443922907315895,0.022607545559941662,37,0.7222222222222222,0.04689458022355077,0.22555461274048516,38,-0.375,0.4479514085347024,-0.08734979382889366,37,-0.3333333333333333,0.4136075869467071,-0.09285799563856968,38,-0.0,0.46744244025561765,-0.08636085405650831,37,-0.5833333333333334,0.14329972446558223,-0.17185036610243462,38,-0.0,0.3622085455738441,-0.09690979179497178,47,-0.03333333333333333,0.1972920584837654,-0.13609378621956744,47,-1.6916666666666667,0.25149544040610194,-0.11595592212151606,47,-3.7348454891481486,0.166132451288185,-0.1396854764107308,47,Přerov,49.464444,17.458889,210.0
0-203-0-11762,46,-0.03230769230769231,0.0476671695653764,-0.20291501220906358,46,-0.03869602449965485,0.021405150233598746,-0.2347826086956522,46,-0.08213942307692308,0.08445608711308705,-0.17713367261704774,46,-0.09507430615702481,0.04783360344647506,-0.20193236714975848,46,-0.03500000000000014,0.7436949019604717,-0.03706352022675759,38,-0.018343130630630654,0.7439586744340132,-0.03643724696356276,39,-0.24838709677419363,0.18146829205241655,-0.1371627130287969,46,-0.2392265937500001,0.16397742206778765,-0.1420289855072464,46,-0.5,0.24711808690735337,-0.131524162496417,38,0.2702702702702703,0.654295546396098,0.050135915593584456,39,0.5,0.12493649384530063,0.17416242249581768,38,0.72,0.02439555388298344,0.2518633253560172,39,-0.725,0.06827092810560811,-0.20655291612184654,38,-0.5172413793103449,0.13039354329198163,-0.16914811607107508,39,-0.9459459459459459,0.05622957068224099,-0.22184854130012693,38,-1.037037037037037,0.04032725719824711,-0.23283207052481053,39,-0.07692307692307693,0.023195191221255344,-0.24052554864551312,46,-0.1,0.009476669875460267,-0.27430702276994345,46,-8.400000000000002,0.07033154147292699,-0.1854390781432112,46,-10.7016412951875,0.03161296666048054,-0.21932367149758458,46,Krnov,50.078,17.6922,360.0
0-203-0-11765,49,-0.03354563492063492,0.0035632393165736334,-0.2881509850301527,49,-0.03185741536553319,0.019946346578233715,-0.22959183673469385,49,-0.09438966647056901,0.008326894690601385,-0.2608704184000791,49,-0.08347551164789183,0.0455216644673679,-0.19727891156462585,49,-0.062423103212576866,0.4664747105510829,-0.07610993657505284,44,-0.03397222752878927,0.6562998511125285,-0.046511627906976744,44,-0.3500000000000001,0.021789759571217704,-0.22715834743293492,49,-0.21911082154882155,0.17872396023116055,-0.13265306122448978,49,-0.17424242424242425,0.7384279979886696,-0.035050851771716074,44,0.1111111111111111,0.8793819507824929,0.01589830700311825,44,0.4226475279106858,0.17840613132638106,0.14111503136733192,44,0.7301587301587302,0.010777308140716636,0.26751833538021635,44,-0.38446969696969696,0.24470022686962545,-0.12175769722230229,44,-0.3484719864176571,0.26149890030215817,-0.11752264688413526,44,-1.0769230769230769,0.007754253073512647,-0.2855359003869179,44,-1.1951219512195121,0.0018101047745963472,-0.33476644992381904,44,-0.08695652173913043,0.0028573295590748893,-0.3064895385583273,49,-0.09375,0.006642783107094726,-0.2783974844841771,49,-10.958748674443267,0.0026918985070738324,-0.29693005702408715,49,-10.251748377807019,0.02088173655437837,-0.227891156462585,49,Bělotín,49.5869,17.8042,306.0
0-203-0-11767,47,-0.07840408163265306,0.004100151792205504,-0.2895467160037003,47,-0.05375477262388592,0.008959930608480066,-0.2636447733580019,47,-0.19264705882352934,0.011673128087746067,-0.25439407955596677,47,-0.1321131830882352,0.03737052665262424,-0.209990749306198,47,-0.17979166666666663,0.03460238829099268,-0.21818181818181817,45,-0.07971713157894743,0.42886847205388146,-0.08478513356562137,42,-0.3888888888888889,0.06393034417545564,-0.18712384901440765,47,-0.25667982608695644,0.14481240328335768,-0.14708603145235896,47,-0.3951219512195122,0.23260649832905778,-0.12348203437640526,45,-0.2,0.5223959787254362,-0.06876498911030257,42,0.6896551724137931,0.00846347865926307,0.27323940867942964,45,0.5,0.06848727456462367,0.196149817600457,42,-0.6923076923076923,0.06731629392282004,-0.1891757362658185,45,-0.6666666666666666,0.07546216951663595,-0.19080890023276273,42,-1.1666666666666667,0.01237023644979352,-0.2630809957170998,45,-1.09375,0.03143705782152807,-0.23478675360298495,42,-0.07142857142857142,0.08731824720329108,-0.17856003285956512,47,-0.08,0.05735756545944473,-0.1979340507376978,47,-14.466666666666665,0.034919299766478944,-0.21286443741387157,47,-9.478150898999994,0.06801306708832311,-0.18408880666049957,47,Vítkov,49.778037,17.757308,490.0
0-203-0-11769,46,-0.07635054021608643,0.001050952155540984,-0.3347850647558332,46,-0.08022719941071421,0.0010888104911408463,-0.33333333333333337,46,-0.201141826923077,0.002217795281541743,-0.312985818572313,46,-0.19171413030612247,0.0065805074022153185,-0.27729468599033824,46,-0.12172619047619045,0.2952843939618178,-0.11080334110440367,43,-0.03954425574324326,0.6831625260195227,-0.04318936877076412,43,-0.5621621621621622,0.012061640632794227,-0.25728458485838207,46,-0.342585815625,0.07663649670300383,-0.1806763285024155,46,-0.021739130434782608,0.9249236587309416,-0.010011222567377333,43,-0.4,0.2167345383039756,-0.13103881703957088,43,0.5,0.016960885776823344,0.25404376744197543,43,0.44,0.060902865002680474,0.19911209328450474,43,-0.6190476190476191,0.03621553300690591,-0.22284541003682057,43,-0.375,0.1801054270817527,-0.14262106242356515,43,-1.2727272727272727,0.0014580937214547828,-0.34483845924898004,43,-0.9545454545454546,0.014047469059837765,-0.26492022243024727,43,-0.11764705882352941,0.0006445133305484781,-0.3606570097292288,46,-0.13043478260869565,0.00046112119802246197,-0.3680349649825889,46,-18.80789473684211,0.006028716640288242,-0.2806001987837908,46,-17.597075384,0.005534300848803168,-0.28309178743961355,46,Valašské Meziříčí,49.4636,17.9742,334.0
0-203-0-11780,45,-0.26583333333333337,6.486883283859105e-06,-0.4658919240570653,45,-0.4771597741650835,4.272004005836614e-06,-0.4747474747474747,45,-0.24623793436293437,0.0013791874191086489,-0.3304699765003479,45,-0.38737645953787925,0.0021288031240870716,-0.3171717171717171,45,-0.125,0.2496255741612159,-0.12188367521484404,43,-0.2072955033333333,0.1457541464430843,-0.1539313399778516,43,-0.5896853146853147,0.008492839146953549,-0.27212980243585655,45,-0.5178432799999999,0.06307807631541888,-0.1919191919191919,45,-0.23809523809523808,0.36240555982253453,-0.09666720370817905,43,-0.375,0.3098773110008892,-0.10777837654819963,43,0.5,0.04016876995720704,0.2179004822276416,43,0.5652173913043478,0.023102048782646187,0.2411124506284466,43,-0.5208333333333334,0.05405744594494359,-0.20455963637696967,43,-0.32432432432432434,0.18015318707007066,-0.14246144171051509,43,-1.1290322580645162,0.005213155567288477,-0.30219976170715085,43,-0.9333333333333333,0.008055228711868229,-0.2873008217898335,43,-0.125,0.0003413218788758186,-0.38182331664717695,45,-0.14285714285714285,0.00025880569234923645,-0.38685828702740144,45,-22.75,0.0014757720044236429,-0.32844875340248636,45,-32.55460467227619,0.004027471475667716,-0.29696969696969694,45,Štítná nad Vláří - Popov,49.0728,17.9711,315.0
0-203-0-11781,49,-0.017584541062801988,0.07017977963018046,-0.1790287185098582,49,-0.012058027094371777,0.08787272389860555,-0.16836734693877548,49,-0.06472663139329807,0.07131836352155545,-0.1788654730120526,49,-0.04009989071125117,0.1292436949165529,-0.1496598639455782,49,-0.07575757575757582,0.3737017931065527,-0.09413067552602436,43,0.04449714279448622,0.6081993049051112,0.05641025641025641,40,-0.2760121457489878,0.08001732878321904,-0.17328339535066806,49,-0.096584753125,0.3343336949105431,-0.09523809523809522,49,0.2,0.6601775356608148,0.04664093487849134,43,0.1715686274509804,0.6917537741537796,0.043871880797863284,40,0.5,0.11865819664583326,0.16611296923958374,43,0.5616784630940344,0.086660376144858,0.1890685015094458,40,-0.42424242424242425,0.13991453000430876,-0.1566675370442902,43,-0.22569444444444442,0.5368188645590917,-0.06807976670681705,40,-0.6363636363636364,0.17085604891272266,-0.14891150531335487,43,-0.5,0.1480299979496034,-0.1647042437119295,40,-0.04083333333333333,0.10393987589142638,-0.1672519975502828,49,-0.05555555555555555,0.0482049827299607,-0.20341089761352474,49,-5.683333333333339,0.08616869867333538,-0.16972357067602797,49,-3.9036784798532036,0.07578466511734651,-0.17517006802721086,49,Bohumín  Záblatí,49.882,18.3692,237.0
0-203-0-11784,49,-0.06907516629840342,0.003977350907747662,-0.2847409142013935,49,-0.09327703945861099,0.0005648915764034476,-0.34013605442176864,49,-0.13132190992767923,0.020326863833180404,-0.2298188549305175,49,-0.19867313123260072,0.0037763365818667414,-0.28571428571428564,49,0.014360712387028258,0.9298408381292232,0.009095503940376545,45,-0.06116003888888884,0.6061992398238221,-0.05141843971631206,48,-0.2688259109311741,0.1123715318008686,-0.15781026354065292,49,-0.30473861190476187,0.18435832271640407,-0.13095238095238093,49,0.1464285714285714,0.6596720773427882,0.045616100580847314,45,-0.08333333333333333,0.8102965584795117,-0.02401078771351048,48,0.7916666666666666,0.0021870813734454083,0.31793284355636237,45,0.7247474747474747,0.006510702256782926,0.2724871175794467,48,-0.375,0.15881783586320242,-0.1458973304832155,45,-0.43212121212121213,0.135294641611103,-0.14933386429912812,48,-1.1666666666666667,0.001579874224423328,-0.333082854015488,45,-1.1666666666666667,0.003168989151136556,-0.30058632022485154,48,-0.1111111111111111,0.0006902558236060746,-0.3467849564933283,49,-0.13333333333333333,0.00019572757631998214,-0.37841088870293604,49,-11.27,0.029138918670310116,-0.2157792129700255,49,-18.23741617985,0.006452228081795988,-0.26870748299319724,49,Lučina,49.7308,18.4425,300.0
0-203-0-11785,46,-0.09561904761904765,0.00260382643292058,-0.307394912656293,46,-0.20192884330360142,9.966319571051226e-05,-0.3971014492753624,46,-0.21802631578947368,0.015762069785894672,-0.2463768115942029,46,-0.5429007037228796,0.0004762903422728928,-0.35652173913043483,46,-0.1791666666666667,0.08483774479657041,-0.17593042170894754,46,-0.40666218825910927,0.005865049966898808,-0.2811594202898551,46,-0.5875,0.013823023820376637,-0.2513291738699251,46,-0.7270741891891892,0.008724166909612025,-0.2676328502415459,46,0.34615384615384615,0.5012653940469809,0.06886569773270614,46,-0.5806451612903226,0.10947703164397955,-0.16376038185362507,46,0.9310344827586207,0.0009464957870843874,0.33883894383235974,46,0.45454545454545453,0.03892754139457172,0.21154980937027756,46,-0.8235294117647058,0.013438718309673964,-0.2529080453479062,46,-0.8888888888888888,0.004362578778928632,-0.2916678990410719,46,-1.6666666666666667,0.0007465390952162377,-0.35088114566959144,46,-1.4411764705882353,0.0002525083014272417,-0.38208153591628613,46,-0.1111111111111111,0.0011100449738242178,-0.3452643695274135,46,-0.16666666666666666,0.00010449428340009567,-0.4067774371106139,46,-21.42000000000001,0.005220477824653346,-0.285024154589372,46,-47.778358167399986,0.00026714399130244444,-0.37198067632850246,46,Frenštát pod Radhoštěm,49.541055,18.240568,436.0
0-203-0-11788,47,-0.1032707509881423,0.007408864897198261,-0.27024528576021956,47,-0.1265491613031111,0.002878746834200521,-0.30064754856614245,47,-0.24069124423963129,0.015473555460623832,-0.24433135424896565,47,-0.291231091904762,0.012295993838544189,-0.2525439407955597,47,-0.14627724498692252,0.30898160641140704,-0.10505050505050503,45,-0.19063462988373714,0.21051997317658577,-0.12929292929292927,45,-0.7031250000000001,0.025241621473156207,-0.22582140316949853,47,-0.44382010344827594,0.13024795654876775,-0.15263644773358004,47,-0.36141304347826086,0.22873318830977363,-0.124684008254316,45,-0.34782608695652173,0.2731074481879451,-0.11347570148694537,45,0.6076923076923078,0.010356185944049686,0.2654520874069615,45,0.5,0.03451011825915465,0.21929216539434215,45,-0.33771929824561403,0.22873318830977363,-0.124684008254316,45,-0.6515151515151515,0.029075086060088958,-0.22628343464426834,45,-0.8536585365853658,0.025854947392670972,-0.23518707354732868,45,-1.0853365384615383,0.00566652077791691,-0.29109003770288283,45,-0.14285714285714285,0.0010799512029697398,-0.3385751110770747,47,-0.15384615384615385,0.0010949229731063506,-0.33912526723113245,47,-25.06756756756757,0.01261460191256225,-0.25173533468075243,47,-32.38824426,0.009969153139351126,-0.2599444958371878,47,Vsetín,49.3442,17.9961,387.0
0-203-0-11789,49,-0.14931621571705606,0.0030246316355358937,-0.2925170068027211,49,-0.41294409021829204,0.0004366298985050674,-0.346938775510204,49,-0.2738401610644251,0.026153990206217264,-0.21938775510204078,49,-0.8365423447738093,0.0018061757988190401,-0.30782312925170063,49,-0.16352872670807453,0.18435832271640407,-0.13095238095238093,49,-0.6432100772633746,0.010726914948907545,-0.2517006802721088,49,-0.5107279693486586,0.10884448316718337,-0.1582979296687943,49,-1.0641568862433863,0.01579778847769685,-0.23809523809523805,49,-0.45714285714285713,0.07289957595619227,-0.177475436382213,49,-0.7829153605015674,0.006089133395926043,-0.27203225092029737,49,0.2613871635610766,0.12907293342451356,0.150429328472288,49,0.27402402402402404,0.09426314045538518,0.16609978658600807,49,-0.4593406593406594,0.053384157763757614,-0.19145550896473015,49,-0.6467532467532467,0.053413726835966784,-0.19129123994352412,49,-0.8235294117647058,0.007000648913296563,-0.27431316257394067,49,-0.8891129032258065,0.010182797378963881,-0.25960030972578885,49,-0.11764705882352941,0.011464072883123044,-0.25603634984455176,49,-0.17647058823529413,0.0011914555546582437,-0.32602533184831317,49,-28.747816349384095,0.0455216644673679,-0.19727891156462585,49,-82.89696300870834,0.010726914948907545,-0.2517006802721088,49,Huslenky  Kychová,49.3,18.1261,450.0
0-203-0-11790,49,-0.015879992476501188,0.15733007350353,-0.13981290397912735,49,-0.013148476871861471,0.09112599322869601,-0.16666666666666666,49,-0.06802730714101951,0.06012589998987937,-0.18600790928520403,49,-0.054476320098717945,0.07578466511734651,-0.17517006802721086,49,-0.06020585317460314,0.40543055097660485,-0.08625153338458658,45,-0.02741227947868666,0.8048287916706961,-0.026829268292682926,41,-0.22523809523809524,0.11645669512881603,-0.15569141404872366,49,-0.16273908181818172,0.26246726798831144,-0.11054421768707481,49,-0.375,0.36292837972197,-0.09398687405055764,45,0.08391608391608392,0.9016396693007047,0.013455720411449986,41,0.762531328320802,0.01365974968015615,0.25558019643156726,45,0.7142857142857143,0.025336225114440964,0.24372544803721297,41,-0.18833727344365642,0.4109853801429203,-0.08528028654224416,45,-0.1835016835016835,0.4721252191487202,-0.07823984265983461,41,-0.7,0.06963184927970965,-0.19322018290221124,45,-0.9231884057971014,0.027218843537676708,-0.24750258853912946,41,-0.047619047619047616,0.09450126120158443,-0.17229219690157918,49,-0.0625,0.04444588901675835,-0.20719097082564802,49,-4.643333333333333,0.17304833085152216,-0.13481307186725797,49,-4.287338516708334,0.12076504955313506,-0.1530612244897959,49,Ostrava  Poruba,49.825331,18.15942,240.0
0-203-0-11792,49,-0.06150920358467528,0.01776198484986242,-0.23394302414034107,49,-0.2854055777708939,0.001605752374836877,-0.3112244897959183,49,-0.13682091346153846,0.07576290690510895,-0.1753192124288797,49,-0.6729382324830087,0.010726914948907545,-0.2517006802721088,49,-0.016833333333333388,0.8572350913490248,-0.018357487922705317,46,-0.48211811829163775,0.08471378004781586,-0.17006802721088432,49,-0.16376811594202906,0.5403566486169274,-0.06060650773348489,49,-0.7988837045454545,0.0979227879606851,-0.16326530612244894,49,-0.0,0.9697824839179259,-0.0038741033661129644,46,-0.8648648648648649,0.00443077759956437,-0.28181298741679894,49,0.16,0.4542134784414079,0.07677487173186318,46,0.3055555555555556,0.045377251821046294,0.19863479632965914,49,-0.55,0.08307115253496353,-0.17732633064623304,46,-0.9069264069264069,0.0017473216071108237,-0.30986144094725365,49,-0.6363636363636364,0.13752703550689363,-0.15601482211218443,46,-1.1666666666666667,0.0005475463525721059,-0.35033334727909526,49,-0.09090909090909091,0.020728261974000343,-0.237129773742176,49,-0.16666666666666666,0.00033179790353635863,-0.3620910992124667,49,-15.076376811594196,0.06634387525651742,-0.1811995059705187,49,-69.85512136516665,0.00679702983424391,-0.2670068027210884,49,Jablunkov  Návsí,49.5875,18.7503,380.0
0-203-0-11793,47,-0.37829537612146313,0.02033413135336185,-0.2340425531914894,47,-0.384484326534817,0.022404292237668995,-0.23034227567067533,47,-1.0288425925925926,0.014344802199389037,-0.2469935245143386,47,-1.032487445888889,0.023506420882733324,-0.2284921369102683,47,-0.8409502262443436,0.019363106694780544,-0.2358926919518964,47,-0.7544889825066137,0.048649861809807717,-0.1988899167437558,47,-1.5555555555555556,0.038985867999294536,-0.2091100643733462,47,-1.385268342105263,0.05078327783867064,-0.19703977798334876,47,-0.25,0.414245641964916,-0.0826375244540618,47,-0.375,0.10442659146156372,-0.16434653739740382,47,0.21052631578947367,0.23655073107732116,0.12000186916211357,47,0.3333333333333333,0.07812999161894055,0.17852395224469925,47,-0.375,0.17744565542406676,-0.1366185753905862,47,-0.4444444444444444,0.08785382108749876,-0.1731069365906693,47,-0.5833333333333334,0.10102170918066519,-0.16984794682804077,47,-0.7,0.024346612681937028,-0.23397959720528289,47,-0.10344827586206896,0.015005695968925524,-0.25240666792012006,47,-0.12,0.008941462056002415,-0.2701967028818701,47,-110.59999999999998,0.01668901136314995,-0.24144310823311751,47,-113.4943460430769,0.025852508166396598,-0.22479185938945423,47,Bílá  Salajka,49.4132897,18.4206592,725.0
0-203-0-11794,49,-0.2258101772853326,0.007536716898565068,-0.2636054421768707,49,-0.6125121274139829,0.0011208270047992875,-0.3214285714285714,49,-0.6003481342505732,0.012428016304859069,-0.24659863945578228,49,-1.570773008761147,0.001703254511656436,-0.3095238095238095,49,-0.2824431818181816,0.0979227879606851,-0.16326530612244894,49,-1.1446310904891188,0.007158301368722786,-0.26530612244897955,49,-0.8032258064516132,0.11272802555978148,-0.15646258503401358,49,-1.9691132843023258,0.00679702983424391,-0.2670068027210884,49,-0.6666666666666666,0.005640812935637328,-0.27400970397815,49,-0.603030303030303,0.012384616012054091,-0.24786650714183817,49,0.4035567715458276,0.018991418828949638,0.23248168945717235,49,0.38235294117647056,0.01856083685879984,0.23323623567297874,49,-0.8547979797979799,0.012697199889740546,-0.24690575864282369,49,-0.7424633936261843,0.014342090973241801,-0.24211502884190347,49,-1.1666666666666667,0.0028897234592958434,-0.3025383111346034,49,-1.1666666666666667,0.0008018745827184647,-0.3394893581345927,49,-0.2191310975609756,2.0011420849470238e-05,-0.4301467756909544,49,-0.23076923076923078,5.479096565761959e-06,-0.46013135864519394,49,-72.61527777777778,0.005809442526578983,-0.27210884353741494,49,-212.19879221099066,0.0005648915764034476,-0.34013605442176864,49,Horní Bečva,49.4311,18.2983,565.0
0-203-0-11798,49,0.010296284600235975,0.004196120720995539,0.2925377926558063,49,0.0010578070491244597,0.9313087377906186,0.008503401360544217,49,0.026748807631160575,0.004790438974771568,0.2893541048810476,49,-0.03004388059071967,0.5462502773934574,-0.059523809523809514,49,-0.19111111111111112,0.06434078660876581,-0.23077112206451275,32,-0.04143193103448268,0.6563174885033158,-0.045410628019323676,46,0.2714987714987715,0.005359429265804676,0.2851374381614384,49,0.09577178285714294,0.5811748261750433,0.05442176870748299,49,-1.0,0.10835303275681928,-0.19979828537479916,32,-0.6666666666666666,0.046727960428426835,-0.2033904267209306,46,0.5,0.30663473731906477,0.12766121255695378,32,0.1,0.8349198690885913,0.021349063330945446,46,-1.7692307692307692,0.002174425129925587,-0.3814330902609802,32,-0.4,0.2637267409610141,-0.11439716848000889,46,-2.2336363636363634,0.00363423568654873,-0.37184177224847165,32,-0.0,0.8489698301199105,-0.020001900270792877,46,0.035098522167487683,0.007970680350504739,0.2780353372005439,49,-0.0,0.6011035599559537,0.053943574323849004,49,3.5,0.003648517683338926,0.29716530521251294,49,1.035765234480604,0.7563221245530038,0.03061224489795918,49,Mořkov,49.5414,18.057778,345.0
0-203-0-20101025001,48,-0.06509870022959871,0.006893116958245997,-0.26950354609929084,48,-0.14068426046178029,0.001072441611803012,-0.3262411347517731,48,-0.1969518849206348,0.01219581067389302,-0.25,48,-0.38092231708995095,0.0006018405506789794,-0.34219858156028377,48,-0.26944444444444454,0.010572633582129377,-0.2609956805572299,46,-0.3881884972635261,0.005553041461691772,-0.27659574468085113,48,-0.5261363636363636,0.016405335978538,-0.2393617021276596,48,-0.6956861086956545,0.00497542194935164,-0.2801418439716312,48,-0.5714285714285714,0.08641735807471829,-0.17573022588440432,46,-0.55,0.0711328148507113,-0.18036472749104937,48,0.35294117647058826,0.16367496765864475,0.14299942422151168,46,0.5,0.02077170582804116,0.23173236867928834,48,-0.7317073170731707,0.010544790486490672,-0.26201123178887586,46,-0.8753869969040248,0.0015496249448734235,-0.3167279842516373,48,-1.1666666666666667,0.006442432482215801,-0.283098193191239,46,-1.3125,0.0007453977073338918,-0.3440688541800648,48,-0.1,0.002585637823382282,-0.31010017420301106,48,-0.16064516129032258,0.0003919707575638895,-0.3656149674438744,48,-20.943741765480897,0.003980220818696068,-0.2872340425531915,48,-41.3740248855035,0.000832060800731321,-0.33333333333333337,48,Budišov nad Budišovkou,49.797195,17.618216,530.0
0-203-0-20101069001,46,-0.01394927536231884,0.25967990812685837,-0.11531056473716796,46,-0.06342009837877594,0.010867434676607253,-0.2599033816425121,46,-0.04189102564102564,0.17220632468026975,-0.14014971899370812,46,-0.17924984902686203,0.007373507465341152,-0.2734299516908213,46,0.04293154761904758,0.5441664130858954,0.06585365853658537,41,-0.06894836722783387,0.34173604424974735,-0.09936575052854123,44,-0.11818181818181825,0.5194643785143023,-0.0659880139320132,46,-0.2522671860465116,0.15831697957750634,-0.14396135265700485,46,0.21052631578947367,0.6776585403916815,0.04520471854902578,41,-0.2857142857142857,0.42410896469412895,-0.08382020660164828,44,0.45141065830721006,0.17754809507845803,0.14687981519005758,41,0.5,0.07317752116248111,0.18840259324288228,44,0.0625,0.9462631639262333,0.007326012786980398,41,-0.16333333333333333,0.6200521813251035,-0.05198974839849071,44,-0.2413793103448276,0.4631442935594067,-0.0816425730486899,41,-0.6363636363636364,0.13053164818006233,-0.16139062547618732,44,-0.034482758620689655,0.1659947558519671,-0.14755604476635595,46,-0.14285714285714285,0.001768796512743449,-0.32683937936934676,46,-4.083333333333333,0.2930871495071433,-0.1075585939985348,46,-17.215115133999994,0.012105284208027155,-0.2560386473429952,46,Nový Jičín,49.6,18.031111,291.0
0-203-0-20101096001,48,-0.03000316501725051,0.019405570255058263,-0.2332594464392464,48,-0.03010187692721416,0.008972928081339603,-0.26063829787234044,48,-0.07728836726998499,0.026867143554909607,-0.2210388111358926,48,-0.07174507324290236,0.02083890429574066,-0.23049645390070925,48,-0.08333333333333333,0.35840387760064085,-0.09371980676328504,46,-0.04503402875234523,0.5306040024712064,-0.06553911205073995,44,-0.22071428571428564,0.16280545550662573,-0.13949390254233868,48,-0.17349254230769232,0.17670115564968858,-0.13475177304964542,48,-0.10526315789473684,0.7981874459977303,-0.026137512686452924,46,-0.21269727403156385,0.43002160405790535,-0.08271515876785496,44,0.5,0.14468815363128865,0.1492979995417065,46,0.5,0.04094102167359158,0.21466828014654413,44,-0.55,0.1013318255109611,-0.16763636722294165,46,-0.3073463268365817,0.4788562978019991,-0.07415270879594588,44,-0.8484848484848485,0.0532959095247003,-0.20270477278394097,46,-0.875,0.05115205155191426,-0.20877904231102237,44,-0.06350806451612903,0.022239497632296972,-0.23761440173853082,48,-0.08695652173913043,0.01230313690519385,-0.2582674187663793,48,-8.520833333333332,0.03672825296294076,-0.208425741114916,48,-7.832557708186846,0.015625516871063866,-0.24113475177304966,48,Fulnek  Kostelec,49.7235,17.93251,340.0
0-203-0-20101115001,48,-0.06871605258605779,0.010474579063320147,-0.25531914893617025,48,-0.05201661285085632,0.01219581067389302,-0.25,48,-0.21405959898606958,0.016405335978538,-0.2393617021276596,48,-0.15892314799318907,0.014163129844512635,-0.2446808510638298,48,-0.10967261904761887,0.2976234285896211,-0.10633157356035292,46,-0.08934565299488084,0.30898160641140704,-0.10505050505050503,45,-0.3783333333333332,0.06578335626394327,-0.18359203579058556,48,-0.25898450225806446,0.09127163081974574,-0.16843971631205673,48,-0.42857142857142855,0.14460406685333357,-0.14958931298855033,46,-0.028991596638655463,0.9376045035679053,-0.008105407249067527,45,0.5,0.011720499781212954,0.2588876753633775,46,0.6026315789473684,0.015600781678581312,0.25140681614742905,45,-0.45454545454545453,0.1320732698497332,-0.1542203653450743,46,-0.6631205673758864,0.057678518253001736,-0.19635667761493952,45,-0.9130434782608695,0.03034356446933262,-0.22546866833628523,46,-1.1666666666666667,0.008113414970718163,-0.27811710027750636,45,-0.11538461538461539,0.0009000076150588406,-0.3430283241474012,48,-0.1145104895104895,0.002309881230819597,-0.31318321001150856,48,-21.200000000000003,0.007666565003702945,-0.26595744680851063,48,-14.691192749154444,0.015625516871063866,-0.24113475177304966,48,Skřipov,49.8178,17.9139,485.0
0-203-0-20101117001,47,0.0044722222222222255,0.5002061891594187,0.06935025789675109,47,-0.03525384606382979,0.06265920423080588,-0.18778908418131363,47,0.010722610722610722,0.4713339309247859,0.07406415551218504,47,-0.10714352390538033,0.03572586452318819,-0.21184088806660503,47,0.07685185185185182,0.3559586988465745,0.1092436974789916,35,-0.012586336858344996,0.928402039942499,-0.00975609756097561,41,0.11351351351351349,0.4433688712595446,0.07885029322507316,47,-0.24137518055555557,0.1776401607267456,-0.13598519888991678,47,0.38461538461538464,0.42609263334627023,0.09467621366623018,35,-0.17424242424242425,0.6531087575378371,-0.048959938396685866,41,0.2702702702702703,0.5796010294197115,0.06565665869795771,35,0.5,0.13504294156110055,0.1628918823565293,41,-0.18518518518518517,0.5697754983130507,-0.06751114949037704,35,-0.41742081447963797,0.23816859826659098,-0.12828366074723532,41,-0.0,0.6562560337906194,0.05443835079673334,35,-0.7368421052631579,0.0692707552098152,-0.20222237324367803,41,-0.0,0.5023225871330375,0.07142590020564106,47,-0.07407407407407407,0.0271737417751559,-0.23242253996717202,47,0.17500000000000027,0.5732008950303691,0.05795021550276461,47,-8.568577730192306,0.07674421490615628,-0.17853839037927846,47,Bílovec,49.7617,17.9917,290.0
0-203-0-20101139001,46,-0.03,0.04515773747029402,-0.20851441405707477,46,-0.03321055944033333,0.00387963352813509,-0.2946859903381643,46,-0.07662037037037038,0.029638846808774415,-0.22638707811910974,46,-0.09815793021735827,0.0030413091606300655,-0.30241545893719807,46,-0.07965686274509802,0.46948232711401844,-0.09090909090909091,33,-0.053176813689236074,0.5489599522157356,-0.06984126984126984,36,-0.325,0.057651313206180076,-0.19769312004407297,46,-0.3258025666666666,0.022499698619426977,-0.23285024154589373,46,0.022727272727272728,0.9752725161422712,0.00379507324599999,33,-0.0,0.9891294094650424,-0.0015910944280431315,36,0.5,0.09702917013324805,0.20400835537258638,33,0.5789473684210527,0.03457806996919273,0.24780817159913307,36,-0.6666666666666666,0.0255854774771339,-0.2737662375285678,33,-0.396969696969697,0.2941317066270901,-0.12251427095932113,36,-1.0853365384615383,0.020375272616219978,-0.2897013001060415,33,-0.875,0.05880574578573328,-0.22558778976232485,36,-0.08888888888888889,0.011440006534231715,-0.2708484690453622,46,-0.12,0.0005435258621642904,-0.36855063171258456,46,-10.088235294117647,0.026894931982162508,-0.2303587812440064,46,-11.164842417272729,0.0023714690913001772,-0.3101449275362319,46,Příbor,49.6403,18.1342,307.0
0-203-0-20101147002,49,-0.05585834590246351,0.010992222576244434,-0.2509570622596386,49,-0.04179916545436675,0.003989066082360044,-0.28401360544217685,49,-0.1074812243738075,0.056748463698027655,-0.18816533012776843,49,-0.09435566916025029,0.022867769391868287,-0.22448979591836732,49,-0.1061447811447811,0.23681370734572993,-0.11933395004625348,47,-0.05738526154970763,0.4301631731067491,-0.08245243128964058,44,-0.3872727272727273,0.04645275062668024,-0.1965121402778865,49,-0.253456205,0.08164733827648102,-0.1717687074829932,49,-0.4,0.16597806198237897,-0.14020523811868912,47,0.1577777777777778,0.8003290686576185,0.02649717833853041,44,0.8048780487804879,0.003963944319138646,0.29196104690018526,47,0.7161172161172161,0.005218112212655076,0.2936230027929883,44,-0.9,0.00232237771535503,-0.3081222751849214,47,-0.35133239831697055,0.31161439240361244,-0.10615806959532395,44,-1.6153846153846154,0.0005797646410530361,-0.35478250671003786,47,-1.0829059829059828,0.01433017969141959,-0.26279711541250944,44,-0.10960960960960961,0.002612123098872784,-0.3071927380126695,49,-0.1225,0.0015278762400872037,-0.32179632641739836,49,-14.057456140350876,0.013039190266387394,-0.2451064717452299,49,-11.209971122942305,0.007932972201033135,-0.26190476190476186,49,Hukvaldy  Rychaltice,49.6428,18.2208,292.0
0-203-0-20101153101,48,-0.03133342425895617,0.021796255017417384,-0.22933414874508962,48,-0.026166988540832655,0.009950875259092303,-0.2570921985815603,48,-0.08013583638583639,0.0328542199286437,-0.21333409185589733,48,-0.06587032345525452,0.018953582561057947,-0.2340425531914894,48,0.06980392156862739,0.5441664130858954,0.06585365853658537,41,0.027422726388888936,0.7797653555622553,0.03076923076923077,40,-0.2,0.2004339642791486,-0.1280004551135384,48,-0.21594839843205574,0.10574379480079392,-0.16134751773049646,48,-0.08928571428571427,0.8573260205602176,-0.019583975358674347,41,0.3003220611916264,0.4771124792479231,0.07845699722500811,40,0.9302884615384616,0.005142197368884621,0.3049629977953067,41,0.8348416289592759,0.0046178704871304,0.31294587059455076,40,-0.3826219512195122,0.18493801626058748,-0.14425470990407005,41,-0.2698412698412699,0.48439459510866534,-0.07712107744861872,40,-1.1531007751937985,0.0005695342158136046,-0.38508995969827314,41,-1.1666666666666667,0.012871712567472318,-0.28172166680771243,40,-0.09338662790697674,0.004328345684656697,-0.2946648680913049,48,-0.10300618921308577,0.0020412916949789964,-0.32007659211928485,48,-8.895833333333336,0.027454869706233693,-0.22044522825109392,48,-6.9636503313999984,0.012822866315211463,-0.24822695035460995,48,Klimkovice,49.7844,18.1347,240.0
0-203-0-20201004001,49,-0.27710828877005345,0.010726914948907545,-0.2517006802721088,49,-0.3105712556017666,0.00014900154617060406,-0.37414965986394555,49,-0.7187641875746713,0.010207754748271396,-0.2534013605442177,49,-0.838501605133108,6.344864018365027e-05,-0.3945578231292517,49,-0.5505058396611875,0.02185512982273589,-0.22619047619047616,49,-0.66556526892094,0.00024061263411356552,-0.36224489795918363,49,-1.532563025210084,0.0073285744395547026,-0.2652463843228377,49,-1.2411322588235296,0.0004366298985050674,-0.346938775510204,49,-0.15625,0.6601276889078951,-0.043496995499886566,49,-0.7189743589743589,0.015040770010071501,-0.24040999342752387,49,0.27576013513513514,0.09598486586608186,0.1651724224465366,49,0.4650406504065041,0.0065990979639673104,0.2691187334688216,49,-0.2857142857142857,0.18702221061268465,-0.13071481339914193,49,-0.8421052631578947,0.0008448885009860414,-0.33091575670666573,49,-0.7,0.07007583926612025,-0.1836745420712411,49,-1.4,0.0006506207146367643,-0.3442309897312157,49,-0.1145104895104895,0.0024760607845187494,-0.3075492742368621,49,-0.18421052631578946,1.928250545342333e-05,-0.4315992612366004,49,-72.76159874608152,0.007932972201033135,-0.26190476190476186,49,-94.00079371153848,9.77275496281518e-05,-0.3843537414965986,49,Vidly,50.1056,17.2717,774.0
0-203-0-20201038001,48,-0.13520526787790216,0.02288564164323596,-0.2269503546099291,48,-0.1397498520340855,0.0023680620215125758,-0.30319148936170215,48,-0.3390419199594732,0.03920532129660884,-0.20567375886524825,48,-0.3704276178267521,0.0037614835067129224,-0.28900709219858156,48,-0.35750712250712235,0.08791432890143647,-0.17021276595744683,48,-0.3579089393939396,0.00945253497532505,-0.26179463459759483,47,-0.8745967741935483,0.029431664140619294,-0.21729492158789113,48,-0.6247441488095237,0.016405335978538,-0.2393617021276596,48,-0.49324324324324326,0.19128063079073354,-0.1306089405969668,48,-0.5454545454545454,0.12332647549347064,-0.15577232392915624,47,0.212406015037594,0.2131023611368814,0.12489092736712308,48,0.6363636363636364,0.002538723250076568,0.30605127871577803,47,-0.15384615384615385,0.6438663075757163,-0.04622238656877776,48,-0.6666666666666666,0.03407803317559547,-0.21448615897627277,47,-0.19210526315789472,0.4973751621580792,-0.06950340955316933,48,-1.2444444444444445,0.00623958289195313,-0.28242672205678737,47,-0.09090909090909091,0.023908371439020665,-0.23170130385074816,48,-0.149468085106383,0.002440320614778758,-0.3086158532735664,48,-42.83248081841433,0.02510480811905339,-0.22340425531914895,48,-42.57745466119445,0.003980220818696068,-0.2872340425531915,48,Heřmanovice,50.1985,17.3816,665.0
0-203-0-20201071001,47,-0.017613636363636356,0.19282781153415463,-0.13142065266421635,47,-0.021889663170375936,0.13024795654876775,-0.15263644773358004,47,-0.04038461538461539,0.3886019209381091,-0.08707743468987286,47,-0.06349776410905175,0.1499349745618806,-0.14523589269195192,47,-0.0014285714285713982,0.983299910001138,-0.002216066822088073,43,0.023876468750000046,0.6678633757456784,0.045404208194905864,43,-0.2421052631578947,0.18969391112176726,-0.13240746416644913,47,-0.15120377777777774,0.34488523938086724,-0.09528214616096209,47,-0.5714285714285714,0.2411202641141399,-0.12409974203693211,43,-0.08333333333333333,0.9083203085940393,-0.01222229012402264,43,0.5,0.19060248701412108,0.13904475788024073,43,0.5,0.10917522766705764,0.17019078364541468,43,-0.6923076923076923,0.04337846939696553,-0.21396908936605222,43,-0.5,0.12904618342658644,-0.1609326939308825,43,-0.5185185185185185,0.361051235309064,-0.09866742670469061,43,-0.875,0.06323428112518847,-0.20027250845037115,43,-0.02857142857142857,0.23675981274870894,-0.1239820078112429,47,-0.05128205128205128,0.09090253727182158,-0.17680779804830937,47,-4.814634146341463,0.2592943084311353,-0.11388893770960311,47,-6.01732742304878,0.1499349745618806,-0.14523589269195192,47,Lichnov,50.0127428,17.6374406,379.0
0-203-0-20202005001,49,-0.010060215946844,0.9176153329240851,-0.010204081632653059,49,-0.2502442183771453,0.000877055929426023,-0.3282312925170067,49,0.006934523809524006,0.9587525869865159,0.005102040816326529,49,-0.8324883637757874,0.00014900154617060406,-0.37414965986394555,49,-0.05256446039340766,0.863125657367583,-0.017006802721088433,49,-0.6404565819816053,0.00033597999211693594,-0.3537414965986394,49,-0.33355263157894743,0.4903895688476154,-0.06814319939293556,49,-1.2297115416666666,0.0004969155988576255,-0.3435374149659864,49,-0.3669871794871795,0.2272876842060183,-0.11965969310295634,49,-0.7894088669950738,0.009003868710615402,-0.2577626775073576,49,-0.08333333333333333,0.8091962383326983,-0.02393193862059127,49,0.44,0.04271463012561127,0.2007711186195971,49,0.05756578947368421,0.8225678366802387,0.022222514433406178,49,-0.8918128654970761,0.0019118029267260576,-0.3066443972682101,49,-0.0,0.603576056862287,0.05246808287939912,49,-1.2352941176470589,0.002775960261067522,-0.30121459374760384,49,-0.0,0.8828225623432256,0.014994610172852063,49,-0.12195121951219512,0.007931923532795268,-0.27052245370612704,49,-5.02480383609416,0.8766975149490891,-0.01530612244897959,49,-74.35390733050001,0.0005648915764034476,-0.34013605442176864,49,Malá Morávka  Karlov,50.025278,17.259444,775.0
0-203-0-20202070001,47,-0.02931839402427639,0.2593343739938734,-0.11378353376503239,47,-0.038590828236363645,0.03414334292157685,-0.21369102682701205,47,-0.08581730769230768,0.30871581817643956,-0.1026827012025902,47,-0.12429738056943057,0.024655299443550025,-0.22664199814986127,47,-0.10403225806451612,0.37856786483479443,-0.08985507246376812,46,-0.07111815636363637,0.5232194150975122,-0.06755260243632337,43,-0.22682926829268293,0.4801104586794457,-0.07123034227567068,47,-0.23944652173913053,0.1211879347220433,-0.1563367252543941,47,-0.4117647058823529,0.2290201706082986,-0.12318230439512225,46,-0.0,0.9499034004565579,0.006677880080180395,43,0.6,0.024779421508679116,0.22987563891058244,46,0.5,0.12897628087641866,0.16129191914107927,43,-0.19148936170212766,0.48929971690674556,-0.07080557654207814,46,-0.2,0.4700784582620995,-0.076667092596142,43,-0.8076923076923077,0.07107894237349868,-0.18808101878693428,46,-0.7,0.18935242647586625,-0.14176354411593478,43,-0.03571428571428571,0.27564036723022545,-0.11372069131201976,47,-0.08823529411764706,0.025239099388218847,-0.23175704786402582,47,-5.218181818181815,0.509061064936092,-0.06663582388608154,47,-10.06361613764706,0.05078327783867064,-0.19703977798334876,47,Melč,49.849444,17.756944,478.0
0-203-0-20203023001,45,-0.031259908218606566,0.11983577623222431,-0.16068723627998566,45,-0.02353145154936847,0.03809307765023878,-0.2141414141414141,45,-0.06486371471665608,0.2443625182042417,-0.12026277432275656,45,-0.07065095709634081,0.05275765250271969,-0.19999999999999998,45,0.0003086419753086244,0.9749507797827005,0.003325944394290967,43,0.046243194545454606,0.5696595221156575,0.06342780026990553,39,-0.1693181818181818,0.4001011733133877,-0.08704471275713814,45,-0.17585987013888887,0.24044374685974867,-0.1212121212121212,45,-0.375,0.2088624589538769,-0.13370724602209233,43,-0.0,0.9806910035444174,0.002708207799527066,39,0.5,0.06084625014814822,0.19955853351601,43,0.5,0.0658171280949685,0.2061040158928223,39,-0.5,0.09603921429340663,-0.17647102300007117,43,-0.375,0.2553200323813356,-0.1272857665777721,39,-0.8536585365853658,0.025907722373505537,-0.24113214166134833,43,-1.037037037037037,0.04736265777148081,-0.22713606526400215,39,-0.08759590792838876,0.011597546584098221,-0.27030760786098373,45,-0.10526315789473684,0.003643055519641657,-0.3113155221948806,45,-10.834057971014492,0.11983577623222431,-0.16068723627998566,45,-7.659908192639394,0.04187880189270326,-0.21010101010101007,45,Děhylov,49.8701994,18.1648678,292.0
0-203-0-20301001001,47,-0.8108606811145511,5.6774922865545826e-05,-0.4061054579093432,47,-0.4753754039998889,0.0054585742488444545,-0.28029602220166516,47,-2.098194444444444,0.00014138188293757456,-0.38390379278445885,47,-1.2322296050411523,0.004872728969893078,-0.2839962997224792,47,-1.8680952380952387,6.136793824146973e-05,-0.40425531914893625,47,-0.9352055355119828,0.008490381786284898,-0.2654949121184089,47,-3.0794117647058825,0.0003362431512306546,-0.3617021276595745,47,-1.5866632291666667,0.010510773520114154,-0.2580943570767808,47,-0.6923076923076923,0.0170564591263995,-0.24175118533136358,47,-0.3939393939393939,0.09319007643298949,-0.16991760646172258,47,0.28125,0.07066986282049345,0.1832586684103595,47,0.21052631578947367,0.17157381993070953,0.13860681011748002,47,-0.6363636363636364,0.020758495160369195,-0.23453197860671327,47,-0.6923076923076923,0.018390237135907733,-0.2386274582549875,47,-0.9545454545454546,0.007691477837200091,-0.27699393535314243,47,-0.9130434782608695,0.010971986553513497,-0.2636193334428921,47,-0.14814814814814814,0.0011259859206820438,-0.33613732117068584,47,-0.17073170731707318,0.0017064094843277804,-0.3233209488367567,47,-258.08125,9.011104065103965e-05,-0.39500462534690106,47,-146.83827453294103,0.004601680822221539,-0.28584643848288627,47,Bílá  Hlavatá,49.421292,18.37984,770.0
0-203-0-20301008002,49,-0.30173275858111487,0.008781895354445726,-0.25850340136054417,49,-0.5567176585364417,0.0005648915764034476,-0.34013605442176864,49,-0.5579722222222221,0.05791195179909559,-0.18707482993197277,49,-1.1948826538339445,0.0035739677378969644,-0.2874149659863945,49,-0.2705050526843171,0.3257741856512204,-0.09693877551020406,49,-0.916648286595859,0.019047743270552184,-0.2312925170068027,49,-0.6180555555555555,0.2929380896664081,-0.10382982483652099,49,-1.5707467829457364,0.011836152101473396,-0.2482993197278911,49,-0.5,0.09254186931320335,-0.1670279813953297,49,-0.5190373563218391,0.04732305158361472,-0.19641511244201137,49,0.38461538461538464,0.06885138191939173,0.18011229763049733,49,0.20833333333333334,0.18692383854307737,0.13093979603274664,49,-0.5527777777777778,0.02849022171046352,-0.21709687177250653,49,-0.7586206896551724,0.010183408828283114,-0.2542676925091321,49,-0.9130434782608695,0.01072432010815242,-0.25739005847633173,49,-1.0606060606060606,0.005963700340374523,-0.27683884627669947,49,-0.15789473684210525,0.0006163219522054907,-0.34535887685746375,49,-0.18019480519480519,0.0005786032867330213,-0.346793061637068,49,-64.21722222222222,0.07027013060567645,-0.17857142857142855,49,-137.57599092052564,0.0028593910770416528,-0.2942176870748299,49,Staré Hamry  Samčanka,49.468936,18.43389,527.0
0-203-0-20301050204,48,-0.06360830516417094,0.009450624715441704,-0.25886524822695034,48,-0.4581175299582281,0.004707490503989612,-0.2819148936170213,48,-0.19124225179275492,0.01219581067389302,-0.25,48,-1.3741201782819203,0.002511655349768612,-0.30141843971631205,48,-0.22307692307692298,0.02134736675878443,-0.23219241443108238,47,-1.0077172198717959,0.007666565003702945,-0.26595744680851063,48,-0.5901913875598086,0.013463574550997793,-0.2468920413230254,48,-1.6370484662162164,0.009950875259092303,-0.2570921985815603,48,-0.2857142857142857,0.5328101847062443,-0.0630507025427537,47,-0.581020255063766,0.06837123153440128,-0.1823041289359129,48,0.5,0.022329005099584104,0.23163151489431225,47,0.20256410256410257,0.21961517659245455,0.12332838579096717,48,-0.16666666666666666,0.6596579206304004,-0.04463098806117481,47,-0.5263157894736842,0.10948288878988148,-0.16028653975261573,48,-0.8484848484848485,0.16228751313729917,-0.14349344563597197,47,-0.875,0.017189415363750016,-0.24360259348802202,48,-0.07692307692307693,0.0234838663222264,-0.23369972296896596,48,-0.08,0.02716443199116167,-0.22750149672529665,48,-20.751869918699192,0.016405335978538,-0.2393617021276596,48,-124.94497902742448,0.011022662476854012,-0.25354609929078015,48,Raškovice,49.622266,18.468383,397.0
0-203-0-20404050001,47,-0.01895424836601303,0.2516682796797536,-0.11563367252543942,47,-0.021626890007726097,0.055285618853413744,-0.19333950046253473,47,-0.04836309523809523,0.33559890824863325,-0.0971322849213691,47,-0.059730739165079365,0.07082789497935073,-0.18223866790009255,47,-0.11569184491978615,0.15677646426199338,-0.14799154334038056,44,-0.04901818059523812,0.5601951093846055,-0.06410256410256411,40,-0.21764705882352958,0.1991330447887445,-0.12968979634661917,47,-0.21585045263157893,0.1256543310625318,-0.15448658649398708,47,-1.0,0.024052569883635248,-0.23660640597680463,44,-0.0,0.9535212090282643,0.00643921544433232,40,0.5,0.04408800493364743,0.21091753957470208,44,0.38461538461538464,0.2731696304737755,0.12113562993456528,40,-0.725,0.06271386726622837,-0.1947091037256282,44,-0.21825396825396826,0.552241587495037,-0.06559519440123629,40,-1.037037037037037,0.03233764780767798,-0.22804082183915148,44,-0.3592105263157894,0.3369004151636541,-0.10852030620406519,40,-0.047619047619047616,0.15255849538592553,-0.14930394120708726,47,-0.07142857142857142,0.042060974446905555,-0.21287828440093168,47,-6.947500000000001,0.13497084646224738,-0.150786308973173,47,-6.656869817043479,0.055285618853413744,-0.19333950046253473,47,Černá Voda,50.3054197,17.142758,330.0
0-203-0-20404063001,46,-0.07836101578586137,0.41547450965799326,-0.08313195751082136,46,-0.3864960359532157,0.0030413091606300655,-0.30241545893719807,46,-0.23676470588235285,0.2889260395513582,-0.10826487489781388,46,-0.9493194507258065,0.005865049966898808,-0.2811594202898551,46,-0.47580917874396156,0.06867267043906167,-0.19027484143763213,44,-0.812887127746032,0.010867434676607253,-0.2599033816425121,46,-0.5,0.4100514678507804,-0.08413930433880745,46,-1.454303636363637,0.00825119472302296,-0.26956521739130435,46,-0.36141304347826086,0.3520074401533265,-0.09745784584610027,44,-0.55,0.06899449691312841,-0.18613776566238732,46,0.2962962962962963,0.12652317664314752,0.16038420053118566,44,0.2777777777777778,0.12719958290399994,0.15646524492189837,46,0.2,0.6489569728944968,0.04764431630437916,44,-0.7037037037037037,0.0005088414766453977,-0.3559677615197627,46,-0.0,0.7918016014599452,-0.02817776384636872,44,-0.9333333333333333,0.0014341793565374548,-0.3345128023774395,46,-0.0,0.9771939880396505,-0.0030018391899283487,46,-0.09090909090909091,0.04248945674420518,-0.21335178709295766,46,-22.47777777777778,0.3633589315678788,-0.09279846419812618,46,-117.80121601937492,0.007373507465341152,-0.2734299516908213,46,Bělá pod Pradědem  Filipovice,50.1464278,17.2064242,588.0
0-203-0-20404085001,48,-0.16265600684718337,0.09829514977327344,-0.1648936170212766,48,-0.31531876856670327,0.034399820846781344,-0.21099290780141847,48,-0.36883594556243543,0.09829514977327344,-0.1648936170212766,48,-0.9967624013641456,0.01219581067389302,-0.25,48,-0.37152777777777796,0.0897848182211109,-0.17113783533765034,47,-0.8446953718696248,0.013478283909077125,-0.2464539007092199,48,-0.3744852941176471,0.4937187390935134,-0.06829268964190864,48,-1.3138058861892583,0.01219581067389302,-0.25,48,-0.44,0.18341531287603086,-0.1347598192628231,47,-0.5857771260997068,0.03287263783678738,-0.21333409185589733,48,0.3333333333333333,0.0931074412425037,0.1703946806990465,47,0.3279569892473118,0.13060424578303637,0.1515173179826116,48,-0.15384615384615385,0.44627557661695083,-0.07728283332251835,47,-0.5527777777777778,0.010692768769446631,-0.25614139163213806,48,-0.5,0.09156425748862315,-0.17505022162972755,47,-0.9545454545454546,0.004785499634295134,-0.288444139011214,48,-0.05555555555555555,0.09417737206413353,-0.172734577846627,48,-0.09090909090909091,0.08636755615120355,-0.17558756097642778,48,-56.33333333333333,0.06449935297415164,-0.1843971631205674,48,-92.72677115528744,0.03754374860807659,-0.20744680851063832,48,Ostružná  Ramzová,50.197223,17.065201,740.0
0-203-0-20404091001,47,-0.01898014266435319,0.4912849599523016,-0.0697033547911154,47,-0.0056922140518334725,0.4915888079967865,-0.06938020351526365,47,-0.041445287792536374,0.49686957208812854,-0.06893507785386911,47,-0.01845185405219783,0.4575987009352612,-0.07493061979648476,47,-0.11673373160857113,0.2809150389539814,-0.11707317073170731,41,0.05475725816993465,0.45586907472071714,0.08205128205128207,40,-0.12105263157894741,0.5945307961192352,-0.05392911057391957,47,-0.06474832962962963,0.613997925107735,-0.050878815911193344,47,-0.5857771260997068,0.19627279798471953,-0.14084636444361556,41,-0.11,0.788612072253312,-0.029620391043928673,40,0.7142857142857143,0.004788359408918113,0.30779132001535014,41,0.4817073170731707,0.09098907876505463,0.18673724788563728,40,-0.7089947089947091,0.22075876619366597,-0.13317065734713,41,-0.1451048951048951,0.7886774764102755,-0.029544049702958344,40,-1.2613636363636362,0.0511878163508955,-0.21617907787382562,41,-0.20294117647058824,0.5344974071438381,-0.07018913330451071,40,-0.04,0.31501869216185274,-0.10447176108474923,47,-0.023809523809523808,0.30892881530692595,-0.10698192563961856,47,-7.000000000000114,0.40882984287445134,-0.08368310261470277,47,-1.7132509045806452,0.4801104586794457,-0.07123034227567068,47,Mikulovice,50.3006,17.3231,321.0
0-203-0-20407027001,46,-0.048260869565217385,0.181873268216746,-0.13623188405797104,46,-0.12954558398557148,0.000511212034036511,-0.35458937198067636,46,-0.06825174825174822,0.5445221382754664,-0.06186564279875079,46,-0.32603594090909094,0.002226612231688448,-0.3120772946859904,46,-0.013161730945821936,0.9376223821739398,-0.008080808080808079,45,-0.26796701652585764,0.0438881101996406,-0.20808080808080806,45,-0.08695652173913043,0.6908045841601838,-0.04067808534418612,46,-0.6408601818181817,0.01346651450642645,-0.2521739130434783,46,0.1709090909090909,0.6525543088209985,0.04670110929694324,45,-0.13208369659982563,0.6526268383976295,-0.046606091682138286,45,0.20881782945736435,0.2994618864718638,0.10772557988637506,45,0.28348214285714285,0.1766971056206773,0.14039013131870792,45,-0.596875,0.08154194015031233,-0.1803453112917525,45,-0.5634920634920635,0.03801934954294106,-0.21501191128369945,45,-0.7,0.06664390068225029,-0.19292606352587324,45,-0.8510716925351072,0.008714052613423008,-0.27781317777614173,45,-0.075,0.0635304716993815,-0.19471640735403198,46,-0.15151515151515152,0.0003770866867606105,-0.372114435894983,46,-9.450000000000005,0.4659724913518163,-0.07439613526570048,46,-38.11906964082609,0.000588327854413935,-0.35072463768115947,46,Mníšek  Fojtka,50.82725,15.05856,395.0
0-203-0-20408003001,49,-0.06171169810986923,0.010461607067898754,-0.25265846607156833,49,-0.07315555045180858,0.012428016304859069,-0.24659863945578228,49,-0.1841396449884301,0.026718938310300474,-0.2188166961214321,49,-0.23070189796436202,0.013690890476681357,-0.2431972789115646,49,-0.14117647058823543,0.181873268216746,-0.13623188405797104,46,-0.2680423833751041,0.04271631617416754,-0.2021276595744681,48,-0.5620813397129187,0.018607487718785808,-0.2322416203284113,49,-0.5002423360323887,0.04369118018649863,-0.19897959183673466,49,0.09523809523809523,0.7047693448415419,0.03881647878353717,46,-0.08333333333333333,0.8310434165594288,-0.021333409185589732,48,0.4594594594594595,0.0734255820282382,0.18331854748565435,46,0.5,0.030720385934431195,0.21629011946403173,48,-0.46153846153846156,0.14467614217448638,-0.1492979995417065,46,-0.2857142857142857,0.319384871935799,-0.09955590953275208,48,-0.6363636363636364,0.0967031173080988,-0.17262084950685302,46,-0.6801730920535012,0.10489834955741982,-0.16474157274958218,48,-0.09090909090909091,0.008196721400407607,-0.2690209472188164,49,-0.09090909090909091,0.024350503981842887,-0.228390949402238,49,-16.961111111111112,0.012125686181331516,-0.2475542546357791,49,-20.944417473517042,0.010726914948907545,-0.2517006802721088,49,Rumburk,50.95156,14.57086,390.0
0-203-0-40103004001,48,-0.05424353641621309,0.037478433902561094,-0.20800073955949988,48,-0.059243122304753634,0.04456926421584258,-0.20035460992907803,48,-0.18935904071773638,0.040859843712806335,-0.2044451713619016,48,-0.22726612332264956,0.026282623731217834,-0.22163120567375888,48,-0.3084821428571428,0.0767127415986151,-0.18508728130036964,44,-0.2505510863636363,0.05702769184455046,-0.19420289855072465,46,-0.5545955882352942,0.07249466543441158,-0.17955619397871359,48,-0.45748973074074084,0.09829514977327344,-0.1648936170212766,48,-0.0,0.98385556785205,-0.002120901506868076,44,-0.18181818181818182,0.5827259426848341,-0.056283894236128895,46,0.3592375366568915,0.1508128578151909,0.15058400698763338,44,0.37142857142857144,0.3154513564190162,0.10266373920199354,46,-0.19615384615384618,0.5710045993817805,-0.05938524219230613,44,-0.5,0.09363750443502625,-0.17167927462942234,46,-0.7777777777777778,0.09375268880224547,-0.1793192271202919,44,-0.84,0.0549222479092641,-0.20057100780728146,46,-0.07019704433497537,0.0874647185358842,-0.17625987292024603,48,-0.06666666666666667,0.08482908697041192,-0.1767523780363415,48,-15.681521739130435,0.06440792898677848,-0.18488954627511103,48,-16.644054959511273,0.05488105445308272,-0.1914893617021277,48,Nemanice  Nemaničky,49.431422,12.716909,529.0
0-203-0-40202009001,49,-0.032986131277388205,0.013660573763965483,-0.24382006425628308,49,-0.04131596031240773,0.005510214550181902,-0.2738095238095238,49,-0.09393382352941176,0.023243598806969638,-0.22507951867066908,49,-0.12709139998448915,0.006452228081795988,-0.26870748299319724,49,0.016666666666666653,0.7376916224517485,0.03545706915340917,43,-0.14692441666666664,0.1291440320672913,-0.16057585825027684,43,-0.28558352402745996,0.11453941024756402,-0.15621113965109484,49,-0.37851430889423077,0.025015890981123317,-0.22108843537414963,49,-0.23076923076923078,0.4636925558296384,-0.07773489146415223,43,-0.375,0.11635856889470626,-0.16657476742318336,43,0.5,0.11883331162585577,0.16537221652207926,43,0.6,0.0898415096747269,0.18030276216487068,43,-0.6363636363636364,0.08413664088501074,-0.1831303068868663,43,-0.5806451612903226,0.04554072033177028,-0.2122234012443931,43,-1.09375,0.005298822982155433,-0.30605286255049796,43,-1.2352941176470589,0.0012377790968610429,-0.3518687620033157,43,-0.08333333333333333,0.005071796974130333,-0.28894837188702344,49,-0.125,0.0005274361014375872,-0.35619434898036806,49,-11.316176470588236,0.015383424632389507,-0.23986519257900354,49,-13.732951746243007,0.004953128051511463,-0.2772108843537414,49,Všeruby,49.343587,12.983841,445.0
0-203-0-41001078001,49,-0.13110998822605965,0.004694143845272445,-0.2789115646258503,49,-0.1882976293696042,0.0005648915764034476,-0.34013605442176864,49,-0.3659990014524328,0.005809442526578983,-0.27210884353741494,49,-0.5010183705546666,0.0010546110577946645,-0.32312925170068024,49,-0.3595328282828284,0.010206749609841371,-0.2563193156689818,48,-0.4382044032385073,0.003989066082360044,-0.28401360544217685,49,-0.7417874396135266,0.0161635195321538,-0.2375480864508932,49,-0.7746802481481478,0.010207754748271396,-0.2534013605442177,49,-0.3068181818181818,0.35056064329143843,-0.09337528555254075,48,-0.6417112299465241,0.019460868914173667,-0.23113109373469137,49,0.079002079002079,0.7220865931017078,0.035619231056136826,48,0.5,0.020345532682483996,0.23001637869274696,49,-0.5384615384615384,0.03664406191917153,-0.20935663338025937,48,-0.6666666666666666,0.01467547597906625,-0.24157241814896085,49,-0.5153568202348691,0.1287146965031961,-0.15635570432414955,48,-1.105263157894737,0.0028372523694045765,-0.3018272207598396,49,-0.14285714285714285,0.0017934840196162658,-0.3176782785690434,49,-0.16666666666666666,0.0002882787413635704,-0.36656697245905157,49,-38.52072368421053,0.0031985386146235937,-0.29081632653061223,49,-57.64038697518167,0.0010546110577946645,-0.32312925170068024,49,Velké Losiny,50.038056,17.051365,411.0
0-203-0-41002099001,45,-0.00847986529049652,0.08152242228569913,-0.18299522804503257,45,-0.04943324361147279,0.009807814769873096,-0.2666666666666666,45,-0.04195210247841825,0.0412390600383306,-0.21515277045151107,45,-0.16711277516341083,0.004027471475667716,-0.29696969696969694,45,-0.16666666666666607,0.07042326539854987,-0.21805261562892753,34,-0.09073037691964267,0.47223701926578654,-0.07804878048780488,41,-0.2768199233716475,0.04465089208130391,-0.21124533094844908,45,-0.34456127261904756,0.06307807631541888,-0.1919191919191919,45,-0.1,0.8704359795573848,-0.01964288846126295,34,-0.17307692307692307,0.6941774956065973,-0.04276122024907844,41,0.3055555555555556,0.3980108887353042,0.1017858765719989,34,0.20761494252873564,0.45150757639981776,0.0820583166758456,41,-0.42857142857142855,0.3350395988314254,-0.11627981400588278,34,-0.46944444444444444,0.14104515248458172,-0.160245397627268,41,-0.6086956521739131,0.053621954080913956,-0.24590433672850098,34,-0.5754504504504505,0.13615030632417882,-0.16611989289465307,41,-0.0,0.14918786749712085,-0.15904855449750882,45,-0.09090909090909091,0.0034324440401161636,-0.3130811428051808,45,-2.7319444444444443,0.08862055200656367,-0.1790493131931675,45,-15.936435350913797,0.008750224261221795,-0.2707070707070707,45,Moravská Třebová  Bezděčí  Unerázka,49.7,16.7567,315.0
0-203-0-41003075001,45,-0.029576885699334678,0.00490053640314163,-0.2930234726471554,45,-0.059486454485646045,0.007795733610233876,-0.27474747474747474,45,-0.09829122674710908,0.005321418738169922,-0.2910135472600626,45,-0.173050658436845,0.009807814769873096,-0.2666666666666666,45,0.013333333333333357,0.9320887277782844,0.010092518287738553,35,-0.1783503430716432,0.11584128145600416,-0.17073170731707316,41,-0.33610465116279065,0.04444853669597569,-0.2095188138331412,45,-0.27473725479302835,0.06590399155304907,-0.18989898989898987,45,0.15,0.6699825865291464,0.050547760429991845,35,-0.5217785843920145,0.15355499002067982,-0.15554337638555807,41,0.6363636363636364,0.12148251062619805,0.1838121752810217,35,0.6576576576576576,0.018279951988940345,0.2573560332273556,41,0.0625,0.8982562255086414,0.01517715208742381,35,-0.603030303030303,0.03099970849976524,-0.23471952797950382,41,-0.3888888888888889,0.2647011277525648,-0.13610264990680782,35,-1.3536324786324787,0.0006757544247906193,-0.3795437877493089,41,-0.08514492753623187,0.004241605637020839,-0.30910063244712804,45,-0.13574938574938575,0.0009236831885922536,-0.3525424781981403,45,-8.991666666666667,0.0044684597076362735,-0.29623933350657605,45,-19.5210952335275,0.008750224261221795,-0.2707070707070707,45,Šternberk,49.725,17.2986,278.0
0-203-0-41003091001,45,-0.013327061320982294,0.00285283970826704,-0.3115074590389402,45,-0.04021436515621499,0.0005537232729650734,-0.35674587677254677,45,-0.038997432306255825,0.0034524634297743773,-0.30535928550527697,45,-0.12613230232757144,0.0012866182452860558,-0.33282789963344533,45,-0.03796744535134622,0.509200908053861,-0.08467741935483872,32,-0.10241086250000009,0.32713606972313525,-0.11596638655462185,35,-0.240958605664488,0.009579668463497648,-0.2705196354811849,45,-0.3959646022727273,0.004416230912005187,-0.29408796073884164,45,-0.2208672086720867,0.4852850016167518,-0.08713384349125416,32,-0.21951219512195122,0.6290070976971254,-0.05738447706682048,35,0.07886904761904762,0.820353705137051,0.02828288599717346,32,0.42857142857142855,0.1357641186188472,0.17706677435327775,35,-0.178125,0.5164490578943448,-0.0808082457062099,32,-0.5909090909090909,0.18167736902833964,-0.15865120130238605,35,-0.0,0.47828796582893063,-0.09236063260158836,32,-1.2352941176470589,0.02305099826997197,-0.2766891631912628,35,-0.038461538461538464,0.014568430282081051,-0.26982501220664634,45,-0.13333333333333333,0.0005819874877689683,-0.3703217494622011,45,-4.652083333333334,0.00285283970826704,-0.3115074590389402,45,-13.239353141083335,0.0005148869391120618,-0.35876709987040817,45,Olomouc  Klášterní Hradisko,49.608795,17.264465,215.0
0-203-0-41101014001,48,-0.10573793933237802,0.21337973435301583,-0.12411347517730498,48,-0.5739946247034455,0.0033564624484795267,-0.2925531914893617,48,-0.322735042735043,0.18973115397419005,-0.1322849213691027,47,-1.5807959166986065,0.0013719496209897326,-0.32284921369102687,47,-0.33024132730015116,0.20241791524435526,-0.12858464384828863,47,-1.2158400066000064,0.0052570693965358125,-0.2783687943262412,48,-0.42857142857142855,0.4937187390935134,-0.06829268964190864,48,-2.0629883631578947,0.005553041461691772,-0.27659574468085113,48,-0.25,0.33547695206648376,-0.09740297458207348,47,-0.6666666666666666,0.010440071981221394,-0.25645846360418517,48,0.3181818181818182,0.07506103369608595,0.18038357674724823,47,0.34789915966386553,0.04831931577217746,0.19821934239466243,48,-0.4411764705882353,0.17166999555908147,-0.13834821509724954,47,-0.8,0.011257783350555104,-0.25412820944777825,48,-0.5185185185185185,0.05744240330211678,-0.1973440820610545,47,-1.0769230769230769,0.0037392551867149047,-0.2956882559756266,48,-0.10990338164251207,0.02390090051141896,-0.23148240790783392,48,-0.2,0.00019476378836201627,-0.3790638345317012,48,-33.77499999999999,0.18836543762357272,-0.13120567375886524,48,-185.19807514655125,0.001865723382576469,-0.31028368794326244,48,Velké Karlovice,49.359444,18.286944,518.0
0-203-0-41101034002,46,-0.1144475721323012,0.022499698619426977,-0.23285024154589373,46,-0.2033063422401966,0.005865049966898808,-0.2811594202898551,46,-0.3442857142857143,0.01839499669243656,-0.24057971014492757,46,-0.6012689171241259,0.0065805074022153185,-0.27729468599033824,46,-0.22425213675213662,0.14767765780086373,-0.14949494949494946,45,-0.4759933939393939,0.022499698619426977,-0.23285024154589373,46,-0.6558139534883721,0.1073674676805722,-0.16480948001357212,46,-0.7109403235294119,0.05702769184455046,-0.19420289855072465,46,-0.6975051975051976,0.024425830673638,-0.23279399923420666,45,-0.4722222222222222,0.15273213809222078,-0.14617645983905153,46,0.38461538461538464,0.09422940238506777,0.1735177906913448,45,0.5,0.017881431284357093,0.2426029923971073,46,-0.7108262108262109,0.01224537826423929,-0.25937303197016087,45,-0.7307692307692307,0.0060196688652365766,-0.2811455835525642,46,-1.05,0.003751453046892452,-0.3069471439848757,45,-1.25,0.0006933019817035562,-0.3539331833919848,46,-0.16666666666666666,0.00040025573276708163,-0.37126746940895156,46,-0.16666666666666666,0.001194533176402735,-0.33841507466871057,46,-36.63333333333333,0.02422630918393689,-0.2300628591578545,46,-64.58569276526316,0.00825119472302296,-0.26956521739130435,46,Zděchov,49.2639,18.0772,491.0
0-203-0-41101084001,46,-0.11431381063063523,0.010572633582129377,-0.2609956805572299,46,-0.0937597693275661,0.03314403547163078,-0.2173913043478261,46,-0.3583333333333334,0.005534300848803168,-0.28309178743961355,46,-0.2918634026765189,0.012105284208027155,-0.2560386473429952,46,-0.37539822184983473,0.005466452684930851,-0.2868686868686869,45,-0.2961532725,0.019354409645999295,-0.2386473429951691,46,-0.6454545454545454,0.03314403547163078,-0.2173913043478261,46,-0.4363299999999981,0.0865773180725649,-0.1748792270531401,46,-0.3669871794871795,0.115110607102432,-0.1633705514696287,45,-0.55,0.0864926339915558,-0.17538833796157477,46,0.2613871635610766,0.23633052325397874,0.12278159458276443,45,0.15,0.5444018336419697,0.06204592188746245,46,-0.4760348583877996,0.14481281275207583,-0.15103997747880557,45,-0.5806451612903226,0.05448577387871018,-0.19708970085377944,46,-0.8117647058823529,0.11889033731320837,-0.16403873850595638,45,-0.7777777777777778,0.08549514779489548,-0.17926284503705742,46,-0.1111111111111111,0.02538268555110236,-0.23441644336826437,46,-0.11764705882352941,0.01942274163057302,-0.2442597421811447,46,-34.348275862068945,0.014570069805354639,-0.24939587253246415,46,-26.075417808461523,0.045740513092205094,-0.20386473429951693,46,Valašská Bystřice,49.416432,18.106298,458.0
0-203-0-41402044002,47,-0.020678861788617886,0.06939704663724987,-0.1832485156867242,47,-0.03408503663979591,0.018432847282768162,-0.23774283071230345,47,-0.04261363636363637,0.08804978059829316,-0.17214254503904394,47,-0.09566928968269232,0.03737052665262424,-0.209990749306198,47,-0.03750000000000009,0.6527010078008294,-0.047619047619047616,43,-0.02835944472920694,0.7456139970722526,-0.034330011074197114,43,-0.13846153846153852,0.2671204798748943,-0.1120370850639185,47,-0.24810713636363638,0.07082789497935073,-0.18223866790009255,47,-0.4,0.3461179716587386,-0.09994486045391,43,-0.24390243902439024,0.5162705453408669,-0.068927703561805,43,-0.043478260869565216,0.916627453029873,-0.011104984494878888,43,0.20689655172413793,0.29986624605626955,0.11024669780209854,43,-0.6923076923076923,0.0444328214287213,-0.21321570230167466,43,-0.3157894736842105,0.30980659961334456,-0.10789873211506681,43,-0.3684210526315789,0.22192092586931567,-0.13319087469468524,43,-0.45161290322580644,0.1159853282960717,-0.17179870765405436,43,-0.058823529411764705,0.051962416211051035,-0.20423822167563543,47,-0.08108108108108109,0.007586413342084536,-0.27950324218203765,47,-5.220833333333333,0.0782720732437781,-0.17769553036288407,47,-10.047703589000003,0.02134736675878443,-0.23219241443108238,47,Jemnice,49.025,15.59,502.0
0-203-0-41402053001,46,-0.03993464052287581,0.0003699938255583027,-0.36381267152657015,46,-0.02652494675027852,0.002524907160409521,-0.30821256038647343,46,-0.11436100131752304,0.00044133027458165584,-0.3594976430041118,46,-0.062924912625,0.004922821451832105,-0.28695652173913044,46,-0.15000000000000013,0.09952107658752077,-0.1866098759445648,38,0.00890266521739132,0.9298740267428874,0.009957325746799433,38,-0.43902439024390244,0.002841897242244031,-0.306127653108062,46,-0.21429324390243903,0.03014295837227056,-0.221256038647343,46,-0.22857142857142856,0.5800614240493513,-0.0627228803837436,38,-0.25,0.4734819602354242,-0.08131274178484478,38,-0.14285714285714285,0.7723236616470911,-0.03290468754598421,38,0.34285714285714286,0.28509226309354097,0.12125584301248785,38,-0.55,0.155295096509187,-0.1611989442401309,38,-0.40476190476190477,0.23220087493317965,-0.13552123630807464,38,-0.3888888888888889,0.12742645344664894,-0.17918153146105495,38,-0.5,0.18425502708409414,-0.15450016649766712,38,-0.1,0.00017789961593090534,-0.39998334131561236,46,-0.10526315789473684,0.0012259321148806203,-0.34205537330595615,46,-12.761538461538464,0.00027615954180535123,-0.37191392314684457,46,-8.296065339655172,0.0023714690913001772,-0.3101449275362319,46,Vranov nad Dyjí,48.9056,15.8186,354.0
0-203-0-41402059001,46,-0.022256516177488823,0.0464982796542525,-0.20438500686582434,46,-0.014794412305113629,0.03473812940807519,-0.21545893719806766,46,-0.06674242424242424,0.06050720764768717,-0.19270586361634867,46,-0.03680050093995098,0.05702769184455046,-0.19420289855072465,46,-0.06710526315789471,0.41765834588777717,-0.09041835357624832,39,0.06796401581196618,0.48002672231040755,0.08108108108108109,37,-0.23103448275862065,0.11997169448454872,-0.15977167349756302,46,-0.13087556666666664,0.21485414169376604,-0.12657004830917876,46,-0.375,0.35154559943067076,-0.1040541490633643,39,-0.3898809523809524,0.2953350811291766,-0.1203008878975136,37,-0.0,0.9710322644298107,-0.004070616263391182,39,-0.2768199233716475,0.5044778722367551,-0.07698220638075709,37,-0.6842105263157895,0.09980970825244656,-0.18415813036784048,39,-0.55,0.11647694272003187,-0.1804513318462704,37,-0.525,0.09553555506213281,-0.19173520061738064,39,-0.0,0.8951427150019172,-0.015612502802249349,37,-0.05,0.037115203031585366,-0.2224397153234783,46,-0.0625,0.013928752756379278,-0.26265887637297053,46,-6.8999999999999995,0.029224431774921865,-0.22385024561495045,46,-4.775364116541667,0.03161296666048054,-0.21932367149758458,46,Lukov,48.8566,15.9077,403.0
0-203-0-41501010001,49,-0.09787614042272427,0.004953128051511463,-0.2772108843537414,49,-0.1740603004209313,0.0006020380730370308,-0.3384353741496598,49,-0.3006492447717011,0.003989066082360044,-0.28401360544217685,49,-0.5252424649212586,0.0003832279737729951,-0.3503401360544217,49,-0.23753108003108006,0.038359243990053464,-0.20665190502032096,48,-0.3690719717712844,0.02288564164323596,-0.2269503546099291,48,-0.6388888888888888,0.015065792926576291,-0.23979591836734693,49,-0.6871214134453782,0.006452228081795988,-0.26870748299319724,49,-0.4907407407407407,0.06698770893675843,-0.18343903993910468,48,-0.6363636363636364,0.011003672013976952,-0.25422312612827763,48,0.5,0.059381643861167475,0.18912054715592924,48,0.4117647058823529,0.04350438989706382,0.2025926686428409,48,-0.8409090909090909,0.016360052614494563,-0.2404298096289236,48,-0.8,0.001367705669946533,-0.3208602027867069,48,-1.1666666666666667,0.0051478983641715746,-0.2839621509172343,48,-1.2352941176470589,0.00045825045671982477,-0.35722195222360453,48,-0.13333333333333333,0.0006000185387560963,-0.34912653973228525,49,-0.17712418300653596,5.4397974332936944e-05,-0.4089759021915599,49,-30.03194444444444,0.002411887812925893,-0.2993197278911564,49,-53.02975433580529,0.0003832279737729951,-0.3503401360544217,49,Polička,49.716111,16.269167,552.0
0-203-0-41501037001,48,-0.09874413632119514,0.0014630300782730258,-0.31737588652482274,48,-0.11399121236036452,0.007270616831876141,-0.26773049645390073,48,-0.2673805932629463,0.002511655349768612,-0.30141843971631205,48,-0.33223728343837533,0.003980220818696068,-0.2872340425531915,48,-0.2958333333333334,0.019354409645999295,-0.2386473429951691,46,-0.21935720920634913,0.09694421496667392,-0.16743755781683628,47,-0.8091666666666668,0.0015540713698992507,-0.31588299923986524,48,-0.4765039677187947,0.03754374860807659,-0.20744680851063832,48,-0.7857142857142857,0.021370166983814425,-0.2354661111859816,46,-0.5172413793103449,0.08463424495473336,-0.17431664820643672,47,0.3333333333333333,0.18170349509699546,0.13676145606072626,46,0.23404255319148937,0.22937524457188097,0.12186236325765022,47,-0.868421052631579,0.004774173989084266,-0.288340893922654,46,-0.8571428571428571,0.0010921593074365544,-0.3303961745958796,47,-1.2564102564102564,0.0008566888148977934,-0.34763126302766384,46,-0.9767441860465116,0.0010127445861224656,-0.3401482783486495,47,-0.125,0.0018858867564625476,-0.31915701067746055,48,-0.14285714285714285,0.0006281866247372556,-0.3500955029475286,48,-29.01588693957115,0.0010069597560998073,-0.3280141843971631,48,-30.615036576006943,0.00851691262350678,-0.2624113475177305,48,Vír,49.5642,16.3139,473.0
0-203-0-41501047001,46,-0.07642105263157899,0.0019609371592501706,-0.3159420289855073,46,-0.10854793192669683,0.012105284208027155,-0.2560386473429952,46,-0.21060246679316888,0.003437275766684885,-0.29855072463768123,46,-0.2945923462523719,0.017477472206595967,-0.24251207729468602,46,-0.27812500000000007,0.00400217013087061,-0.30454042081949056,43,-0.20333310691808165,0.10440460666453813,-0.16767676767676765,45,-0.6421052631578947,0.003437275766684885,-0.29855072463768123,46,-0.3136408125000001,0.12741570029636012,-0.15555555555555556,46,-0.6842105263157895,0.029450456258288783,-0.2309836774934809,43,-0.5217785843920145,0.08680831869548243,-0.17739594670329514,45,0.4117647058823529,0.157614166750372,0.1498338874528906,43,0.079002079002079,0.6384291682622572,0.04883135002389841,45,-0.725,0.00629371408700569,-0.2896788490755885,43,-0.5508620689655173,0.037148092429318734,-0.21569689375817777,45,-1.25,0.0011756137378476728,-0.35084720601047137,43,-0.5060975609756098,0.06853477053563019,-0.19374223971907853,45,-0.14285714285714285,0.00039429186506719904,-0.3731961445658845,46,-0.15384615384615385,0.0009301835903998292,-0.3469572257708178,46,-25.118604651162787,0.0009518502421471031,-0.33719806763285026,46,-32.81459614562502,0.009221221037069429,-0.26570048309178745,46,Štěpánov nad Svratkou,49.5041,16.3341,365.0
0-203-0-41501048001,49,-0.04802539402228036,0.07027013060567645,-0.17857142857142855,49,-0.08685116758500874,0.012428016304859069,-0.24659863945578228,49,-0.15655753968253966,0.04741635522881222,-0.19557823129251697,49,-0.32303628410946394,0.002553382832104987,-0.29761904761904756,49,-0.16173611111111114,0.11272802555978148,-0.15646258503401358,49,-0.20322389477190908,0.08791432890143647,-0.17021276595744683,48,-0.30285714285714294,0.10321744697771183,-0.16105703356726123,49,-0.4876828389328064,0.031165051123163333,-0.21258503401360543,49,-0.49324324324324326,0.10319182597878948,-0.1611947480289914,49,-0.4444444444444444,0.11763224223617007,-0.15658462142777574,48,0.20833333333333334,0.36517799122993333,0.08978334484289381,49,0.2613871635610766,0.16533865010779902,0.13916417620908003,48,-0.44093023255813957,0.07713284915209596,-0.1748408642642499,49,-0.5508620689655173,0.02392475311222432,-0.22598007865144903,48,-0.7693236714975846,0.05943403831070461,-0.19012180594678563,49,-0.7368421052631579,0.008382141592932548,-0.2709356215642083,48,-0.05555555555555555,0.09605070002001997,-0.16942841523682312,49,-0.09090909090909091,0.010740503213352912,-0.26015295118650816,49,-11.688461538461537,0.10511867118116895,-0.15986394557823128,49,-23.704130391571212,0.018184736421747075,-0.23299319727891152,49,Olešnice,49.5586,16.4166,543.0
0-203-0-41501076001,48,-0.21354478458049891,0.002103177356189933,-0.3067375886524823,48,-0.15557931872677977,0.002103177356189933,-0.3067375886524823,48,-0.6271734823120569,0.0011418434632866738,-0.32446808510638303,48,-0.4283875891854156,0.001293262760494569,-0.3209219858156029,48,-0.6509603174603174,0.0036549222283726018,-0.2900222014662874,48,-0.36393284311974766,0.0065333195336266655,-0.2712765957446809,48,-1.0596702317290552,0.00828911447010311,-0.26364870243919725,48,-0.6108656745614034,0.011022662476854012,-0.25354609929078015,48,-0.375,0.16268359701382595,-0.13986804868383285,48,-0.6619047619047619,0.010448186351222704,-0.25622938051817845,48,0.2608695652173913,0.20983365381815444,0.1258394990248483,48,0.3333333333333333,0.09996038569595445,0.164812668831268,48,-0.6666666666666666,0.00343036422524361,-0.2936254977246461,48,-0.6666666666666666,0.0028041631604435488,-0.29973822568109537,48,-0.9827586206896552,0.00996116146225418,-0.26293509531371106,48,-0.875,0.016830895670492438,-0.243942997143538,48,-0.12121212121212122,0.009657926656011727,-0.26496053358647553,48,-0.14285714285714285,0.0015313569280265365,-0.3241956408218425,48,-60.019696969696966,0.002103177356189933,-0.3067375886524823,48,-45.360071789025,0.002511655349768612,-0.30141843971631205,48,Nové Město na Moravě,49.5581,16.0689,601.0
0-203-0-41502083001,47,-0.06764214046822743,0.007824666421350608,-0.2683942906522728,47,-0.05513974948217688,0.01363066917897742,-0.24884366327474564,47,-0.19496323529411763,0.010787959554006197,-0.25728832000459256,47,-0.17431347147321433,0.015091735508472934,-0.24514338575393155,47,-0.20475806451612882,0.04187880189270326,-0.21010101010101007,45,-0.09858517274305575,0.3786379026593538,-0.0909090909090909,45,-0.55,0.019803696793388365,-0.2357321020993074,47,-0.3740144545454543,0.052994507733906474,-0.19518963922294175,47,-0.6363636363636364,0.10429402737230092,-0.1681872004181512,45,-0.375,0.29055943542200846,-0.10953436989924312,45,0.2,0.46299759828056575,0.0760268343014122,45,0.3495475113122172,0.15007571827653557,0.14962268005535254,45,-0.5857771260997068,0.02979134003414473,-0.22538361443307386,45,-0.7586206896551724,0.007756485689905956,-0.2764279031046606,45,-0.7,0.10130876603844773,-0.1726565145961607,45,-0.875,0.02034613183589145,-0.24595345712908415,45,-0.1111111111111111,0.008557311430778708,-0.2737042534415105,47,-0.12903225806451613,0.0028386959120874646,-0.309466174041656,47,-22.611627906976743,0.007824666421350608,-0.2683942906522728,47,-18.111341799599995,0.015872712881874605,-0.24329324699352456,47,Rozstání,49.398026,16.835258,571.0
0-203-0-41503007001,46,-0.03465974625144176,0.0021476850929702308,-0.3141074795552786,46,-0.024011201944027775,0.009221221037069429,-0.26570048309178745,46,-0.10232558139534885,0.00869810081865862,-0.2684119868251724,46,-0.0628595823640873,0.032362992371784395,-0.2184630511330887,46,-0.1195454545454546,0.08563547171882478,-0.18692761994597146,41,-0.04457357391304353,0.5696595221156575,-0.06342780026990553,39,-0.3625,0.01787116325844929,-0.2426029923971073,46,-0.18274500000000005,0.13714696068472781,-0.15169082125603867,46,-0.375,0.26592322634509624,-0.12125034852102556,41,-0.32432432432432434,0.4105485971255327,-0.09207906518392024,39,0.1611111111111111,0.6858429507073684,0.04406394455701728,41,0.07407407407407407,0.8275915547975039,0.0243408208650229,39,-0.38446969696969696,0.17043252129464403,-0.1493278121098919,41,-0.7674418604651163,0.018295595101606006,-0.26387106107087716,39,-0.6363636363636364,0.037031181901618485,-0.23147072577530914,41,-0.7777777777777778,0.02322923667074972,-0.2612617246293527,39,-0.07894736842105263,0.002049879033070432,-0.3269463558457591,46,-0.08695652173913043,0.004681509945063596,-0.3004139647380169,46,-11.442307692307692,0.001412877197944093,-0.326551767364921,46,-6.70381179405,0.008724166909612025,-0.2676328502415459,46,Zastávka,49.19298,16.36313,375.0
0-203-0-41503064001,46,-0.009836889301175015,0.09010315511304214,-0.17584589323653532,46,-0.029277799400096758,0.0028593470591734473,-0.30434782608695654,46,-0.0204110676528676,0.2462814757363354,-0.12141999835561534,45,-0.07738371819494048,0.005146096923012704,-0.28888888888888886,45,0.06962719298245616,0.33170878149378213,0.12121212121212123,33,-0.07505818618661261,0.3983926125572388,-0.09841269841269842,36,-0.08965517241379312,0.3966787145015813,-0.08805646673561139,46,-0.33731279999999975,0.006213513118626779,-0.27922705314009666,46,-0.0,1.0,0.0,33,-0.15894736842105261,0.6928114658698545,-0.04606832271294967,36,-0.1359447004608295,0.7801505190805118,-0.03428627406618708,33,-0.08333333333333333,0.8062496091671634,-0.028662565736127295,36,-0.06340579710144928,0.9012956413936759,-0.01520923541825377,33,-0.8125,0.1079307492214915,-0.1875996011532168,36,-0.0,0.9005557480543904,0.015760250451281974,33,-0.5492307692307692,0.12808663151456506,-0.18252974767306454,36,-0.03333333333333333,0.09011020325821041,-0.1825594524861636,46,-0.08333333333333333,0.00482860496101093,-0.30161699926640667,46,-3.3000000000000007,0.1139708962523943,-0.16399111391721835,46,-7.552072184999996,0.002687376515748667,-0.306280193236715,46,Slavkov u Brna,49.1575,16.879167,211.0
0-203-0-41601022101,47,-0.021853146853146876,0.33559890824863325,-0.0971322849213691,47,-0.06354289230039216,0.019363106694780544,-0.2358926919518964,47,-0.047,0.5149805199608668,-0.06567992599444959,47,-0.18012516194331987,0.025852508166396598,-0.22479185938945423,47,0.0349206349206348,0.7475045194015163,0.03286612273683636,46,-0.09809614600000004,0.2519415029621829,-0.11690821256038648,46,0.047619047619047616,0.8760929776234725,0.015755356073819095,47,-0.24016884615384598,0.1499349745618806,-0.14523589269195192,47,-0.21951219512195122,0.34834951041520956,-0.09611763736218801,46,-0.5666666666666667,0.07975115859293228,-0.17926432333089135,46,0.28125,0.25963715723076053,0.11553534187980175,46,0.24324324324324326,0.28865209173071327,0.10889862592009489,46,-0.6923076923076923,0.021904951077667965,-0.23461114213696738,46,-0.3111111111111111,0.2291454382873903,-0.12282404196584536,46,-0.9032258064516129,0.010519377508190573,-0.2675067981646728,46,-0.5,0.12856270516412882,-0.15822362690265632,46,-0.05263157894736842,0.07776366615373183,-0.1843511690604159,47,-0.125,0.0028929592976520064,-0.3095814571593945,47,-5.677777777777781,0.41964698792349375,-0.0814437847496552,47,-18.047472562488373,0.025852508166396598,-0.22479185938945423,47,Třešť,49.293889,15.476111,574.0
0-203-0-41601028001,49,0.01644162210338681,0.5123985413849135,0.06462585034013604,49,-0.04002875062421546,0.12494830897273519,-0.15136054421768705,49,0.024565012408472073,0.8449726626091453,0.019503546099290784,48,-0.20966719950722396,0.030106846447090937,-0.21631205673758866,48,0.09649999999999999,0.3886551215753815,0.08699677007349534,47,-0.1518926725,0.1574638016062906,-0.13945578231292516,49,0.3701587301587302,0.1403805570361341,0.14584286726432555,49,-0.2863525950000001,0.13365290217580048,-0.14795918367346936,49,-0.29545454545454547,0.3935024786387057,-0.08643215994098309,47,-0.19230769230769232,0.5635096996604854,-0.05709429232278572,49,0.3055555555555556,0.1926156518663118,0.1320333396809755,47,0.5519713261648745,0.008748496754971804,0.2598324764521338,49,-0.4444444444444444,0.0721868082814808,-0.18190351185615844,47,-0.4641025641025641,0.08612199047658772,-0.17001469193744603,49,-0.6176470588235294,0.09577337542117369,-0.1719506394426294,47,-0.9333333333333333,0.01358868454331208,-0.25023810519935374,49,-0.0,0.9516417093561174,0.006157373991708155,49,-0.04819976771196283,0.10235813896524158,-0.16759547918619958,49,7.325524475524478,0.3700055866071641,0.08843537414965985,49,-11.923402588522729,0.19601958964785038,-0.12755102040816327,49,Šimanov,49.4614,15.4486,630.0
0-203-0-41601054001,48,-0.02265917619795171,0.294275350674689,-0.1046099290780142,48,-0.02523170871525987,0.1824641932155865,-0.13297872340425532,48,-0.1205656012404962,0.14990629359963098,-0.14361702127659576,48,-0.11438587248215187,0.07843629714681094,-0.17553191489361705,48,-0.16712332301341581,0.09829514977327344,-0.1648936170212766,48,-0.10541255163299657,0.22674987940706726,-0.12056737588652483,48,-0.3346407382992749,0.061952445045150586,-0.18633547707969578,48,-0.187827205,0.2407070615443493,-0.1170212765957447,48,-0.4365079365079365,0.12185150250429434,-0.1548052507297328,48,-0.2768199233716475,0.3193466194066633,-0.09964475909040273,48,0.0971675845790716,0.7021928909453514,0.038307809512132564,48,0.09600614439324116,0.7421487785392898,0.0329625337662536,48,-0.4117647058823529,0.13063466854935155,-0.1513817319885815,48,-0.43305144467935164,0.07833412529675361,-0.1761576991062477,48,-0.6363636363636364,0.1120721412902833,-0.16247802767087374,48,-0.5317307692307692,0.16112942926803708,-0.14324197444801293,48,-0.03774928774928775,0.27559369555810476,-0.11220821133850732,48,-0.04083333333333333,0.16742853563747961,-0.14301105605757813,48,-6.4163448275862045,0.3461249206426167,-0.09397163120567377,48,-7.391040830368414,0.17670115564968858,-0.13475177304964542,48,Vysoké Studnice,49.3931,15.7303,568.0
0-203-0-41601087001,48,-0.033418803418803364,0.011596079208976073,-0.2517730496453901,48,-0.04344510788240975,0.005863968433900613,-0.27482269503546103,48,-0.08277167277167277,0.02184141882880349,-0.22872340425531917,48,-0.1171972310785222,0.035942482215172086,-0.2092198581560284,48,-0.10048611111111108,0.18132549495823969,-0.14521052123155326,41,-0.07996469033129697,0.23268028519055994,-0.12473572938689217,44,-0.23598039215686273,0.053720214417195676,-0.19280367421457,48,-0.21660731944444445,0.10196534264904372,-0.16312056737588654,48,-0.44281045751633985,0.22934614444518675,-0.13072715904718266,41,-0.5638211382113821,0.105518632949475,-0.16949190581930482,44,-0.2727272727272727,0.5002022937146835,-0.07343990759502879,41,0.2,0.44790094331373875,0.07966102675390016,44,-0.31126482213438733,0.39319211851064306,-0.09290981315855361,41,-0.5582655826558266,0.126549073979727,-0.16021330628922645,44,-0.0,0.9819814549867893,-0.0025202432454547244,41,-0.7927350427350428,0.05133589454610843,-0.20808194840395364,44,-0.05,0.07636219560416198,-0.18351467198630328,48,-0.1,0.005719413010936698,-0.2848798784647972,48,-8.849898785425099,0.02510480811905339,-0.22340425531914895,48,-11.869085604760002,0.014163129844512635,-0.2446808510638298,48,Třebíč  Podklášteří,49.2236,15.87,463.0
0-203-0-41603036001,46,-0.05692818636888717,0.0006370520660701015,-0.3514093789047143,46,-0.02598538895937556,0.005534300848803168,-0.28309178743961355,46,-0.15454545454545465,0.0005538214889689502,-0.3553139275592111,46,-0.065853783959276,0.02035726377370805,-0.23671497584541065,46,-0.09920634920634915,0.28524458155149335,-0.12091038406827881,38,0.052233383704453476,0.5649729521933644,0.06606606606606608,37,-0.54,0.0038013416048164215,-0.29845858890227017,46,-0.18708526315789473,0.07054162471553325,-0.1845410628019324,46,-0.4146341463414634,0.23227471368990604,-0.13532777263155463,38,-0.2768199233716475,0.3735349093318575,-0.10256515255977793,37,0.2926829268292683,0.3265690716352544,0.11134974553011294,38,0.30092592592592593,0.4247816212022375,0.09193735194376275,37,-0.7727272727272727,0.03154449211085459,-0.24358999073679832,38,-0.8094758064516129,0.026136951326994697,-0.2560252577743435,37,-1.0,0.02083792729854946,-0.2676471385024771,38,-1.0332244008714597,0.011160152485342113,-0.2991439237007616,37,-0.125,0.00015933172949018153,-0.3989390386949012,46,-0.1111111111111111,0.0007146869211624173,-0.3604334849460424,46,-17.325,0.0003609254754822827,-0.3670275735227016,46,-8.43682043325,0.005220477824653346,-0.285024154589372,46,Hrotovice,49.1105,16.0588,425.0
0-203-0-41701004001,46,-0.000989010989010989,0.10014771191530471,-0.17520104162270045,46,-0.005002291206693944,0.12275588281482848,-0.15748792270531403,46,-0.0,0.19420417732443085,-0.1395876143982615,46,-0.010157267776223783,0.2366035303976659,-0.12077294685990339,46,0.07768339768339771,0.3913909170309529,0.12666666666666662,25,-0.006135311111111146,0.9436180468092228,-0.011494252873563218,30,-0.0,0.2631836580319976,-0.11935247900657216,46,-0.04398230769230761,0.4776350663093746,-0.07246376811594203,46,0.13333333333333333,0.8152356063535595,0.03344500310453256,25,-0.5172413793103449,0.36272635573586154,-0.11751183267851475,30,0.5,0.29659240311553436,0.1533333333333333,25,-0.04878048780487805,0.9288962925074962,-0.011520767909658308,30,-0.44093023255813957,0.5630785727268515,-0.08666666666666664,25,-1.2307692307692308,0.01943437927669252,-0.30114942528735633,30,-0.5560975609756098,0.12648168886423072,-0.23143628288675316,25,-0.7777777777777778,0.007541750877131091,-0.36701067418211014,30,-0.0,0.15390932002201738,-0.15927131269220732,46,-0.0,0.16927652504591117,-0.15178258745181528,46,-0.3199999999999997,0.10423061407135874,-0.17312765651473946,46,-1.466869857653846,0.12741570029636012,-0.15555555555555556,46,Hustopeče,48.9456,16.7258,201.0
0-203-0-41701113001,46,-0.0005132653061224485,0.0888543009040555,-0.18211460693788406,46,-0.0125415700828585,0.03639724782312215,-0.2135265700483092,46,-0.0,0.10675159516998761,-0.17342703607056734,46,-0.030761585416666664,0.06214974569428721,-0.19033816425120773,46,-0.036805555555555536,0.7385544733402452,-0.04578010689996487,27,0.056603602777777574,0.4997789602585872,0.0881720430107527,31,-0.0,0.19329155645768192,-0.13959879495563612,46,-0.1585201948717949,0.07984122141592832,-0.17874396135265702,46,-0.15384615384615385,0.7385544733402452,-0.04578010689996487,27,0.20833333333333334,0.646113081270488,0.05831587884583017,31,0.1724137931034483,0.7227713493184456,0.04871140157800857,27,0.0625,0.878307379972108,0.019480930197663147,31,-0.375,0.2778246565952279,-0.14921474325977332,27,-0.1111111111111111,0.6956910639923113,-0.04967648938718866,31,-0.5833333333333334,0.1659110777667483,-0.1945151603146787,27,-0.4375,0.289157779762258,-0.13769620418994144,31,-0.0,0.08166183358696365,-0.19293653228941468,46,-0.05128205128205128,0.007935087689540689,-0.2877586152057861,46,-0.19444444444444445,0.08521558522830194,-0.1844170866154999,46,-4.0698700213888905,0.02873208144648997,-0.22318840579710147,46,Lanžhot,48.724722,16.9575,158.0
